"metric","individual_id","site_id","latitude","longitude","elevation_m","state","species_id","genus","species","common_name","kingdom","phenophase_id","phenophase_description","period","period_start","period_end","last_yes_date","last_yes_doy","next_no_date","days_next_no","n_series","ended_after"
"offset",937,949,39.816456,-83.858879,314,"OH",100,"Quercus","alba","white oak","Plantae",371,"Breaking leaf buds",1,"2009-01-01","2009-12-31",2009-05-10,130,NA,NA,1,0
"offset",938,949,39.816456,-83.858879,314,"OH",100,"Quercus","alba","white oak","Plantae",371,"Breaking leaf buds",1,"2009-01-01","2009-12-31",2009-05-10,130,NA,NA,1,0
"offset",1054,973,42.285683,-84.128387,309,"MI",101,"Quercus","macrocarpa","bur oak","Plantae",371,"Breaking leaf buds",1,"2009-01-01","2009-12-31",2009-05-08,128,2009-05-20,12,1,0
"offset",1054,973,42.285683,-84.128387,309,"MI",101,"Quercus","macrocarpa","bur oak","Plantae",371,"Breaking leaf buds",4,"2012-01-01","2012-12-31",2012-05-05,126,2012-05-10,5,1,0
"offset",1057,973,42.285683,-84.128387,309,"MI",100,"Quercus","alba","white oak","Plantae",371,"Breaking leaf buds",1,"2009-01-01","2009-12-31",2009-05-25,145,2009-05-28,3,1,0
"offset",1057,973,42.285683,-84.128387,309,"MI",100,"Quercus","alba","white oak","Plantae",371,"Breaking leaf buds",4,"2012-01-01","2012-12-31",2012-05-05,126,NA,NA,2,0
"offset",1290,1074,39.367615,-85.242989,282,"IN",101,"Quercus","macrocarpa","bur oak","Plantae",371,"Breaking leaf buds",4,"2012-01-01","2012-12-31",2012-03-30,90,NA,NA,1,0
"offset",1577,1167,40.096401,-75.970802,249,"PA",100,"Quercus","alba","white oak","Plantae",371,"Breaking leaf buds",1,"2009-01-01","2009-12-31",2009-04-27,117,2009-07-19,83,1,0
"offset",1577,1167,40.096401,-75.970802,249,"PA",100,"Quercus","alba","white oak","Plantae",371,"Breaking leaf buds",2,"2010-01-01","2010-12-31",2010-05-23,143,2010-06-16,24,2,0
"offset",1938,637,44.34095,-72.46122,266,"VT",100,"Quercus","alba","white oak","Plantae",371,"Breaking leaf buds",1,"2009-01-01","2009-12-31",2009-05-24,144,2010-03-21,301,1,0
"offset",1938,637,44.34095,-72.46122,266,"VT",100,"Quercus","alba","white oak","Plantae",371,"Breaking leaf buds",2,"2010-01-01","2010-12-31",2010-05-23,143,2010-05-30,7,1,0
"offset",2199,1386,36.003922,-79.878731,250,"NC",100,"Quercus","alba","white oak","Plantae",371,"Breaking leaf buds",1,"2009-01-01","2009-12-31",2009-04-20,110,NA,NA,1,0
"offset",2217,644,37.32526,-79.055511,307,"VA",100,"Quercus","alba","white oak","Plantae",371,"Breaking leaf buds",1,"2009-01-01","2009-12-31",2009-04-04,94,NA,NA,1,0
"offset",2317,1419,42.011166,-88.503304,280,"IL",101,"Quercus","macrocarpa","bur oak","Plantae",371,"Breaking leaf buds",1,"2009-01-01","2009-12-31",2009-05-07,127,2009-05-10,3,1,0
"offset",2317,1419,42.011166,-88.503304,280,"IL",101,"Quercus","macrocarpa","bur oak","Plantae",371,"Breaking leaf buds",2,"2010-01-01","2010-12-31",2010-04-21,111,2010-04-23,2,1,0
"offset",2317,1419,42.011166,-88.503304,280,"IL",101,"Quercus","macrocarpa","bur oak","Plantae",371,"Breaking leaf buds",3,"2011-01-01","2011-12-31",2011-05-11,131,2011-05-15,4,1,0
"offset",2317,1419,42.011166,-88.503304,280,"IL",101,"Quercus","macrocarpa","bur oak","Plantae",371,"Breaking leaf buds",4,"2012-01-01","2012-12-31",2012-04-19,110,2012-04-26,7,1,0
"offset",2317,1419,42.011166,-88.503304,280,"IL",101,"Quercus","macrocarpa","bur oak","Plantae",371,"Breaking leaf buds",5,"2013-01-01","2013-12-31",2013-05-18,138,2013-05-26,8,1,0
"offset",2317,1419,42.011166,-88.503304,280,"IL",101,"Quercus","macrocarpa","bur oak","Plantae",371,"Breaking leaf buds",6,"2014-01-01","2014-12-31",2014-05-18,138,2014-05-26,8,1,0
"offset",2317,1419,42.011166,-88.503304,280,"IL",101,"Quercus","macrocarpa","bur oak","Plantae",371,"Breaking leaf buds",7,"2015-01-01","2015-12-31",2015-05-02,122,2015-05-10,8,1,0
"offset",2317,1419,42.011166,-88.503304,280,"IL",101,"Quercus","macrocarpa","bur oak","Plantae",371,"Breaking leaf buds",8,"2016-01-01","2016-12-31",2016-05-01,122,2016-05-07,6,1,0
"offset",2317,1419,42.011166,-88.503304,280,"IL",101,"Quercus","macrocarpa","bur oak","Plantae",371,"Breaking leaf buds",9,"2017-01-01","2017-12-31",2017-05-07,127,2017-05-28,21,1,0
"offset",2317,1419,42.011166,-88.503304,280,"IL",101,"Quercus","macrocarpa","bur oak","Plantae",371,"Breaking leaf buds",15,"2023-01-01","2023-12-31",2023-05-05,125,2023-05-15,10,1,0
"offset",2317,1419,42.011166,-88.503304,280,"IL",101,"Quercus","macrocarpa","bur oak","Plantae",371,"Breaking leaf buds",16,"2024-01-01","2024-12-31",2024-04-29,120,2024-05-05,6,1,0
"offset",2317,1419,42.011166,-88.503304,280,"IL",101,"Quercus","macrocarpa","bur oak","Plantae",371,"Breaking leaf buds",18,"2026-01-01","2026-12-31",2026-04-22,112,2026-05-15,23,1,0
"offset",2317,1419,42.011166,-88.503304,280,"IL",101,"Quercus","macrocarpa","bur oak","Plantae",501,"Open flowers",6,"2014-01-01","2014-12-31",2014-05-26,146,2014-06-10,15,1,0
"offset",2317,1419,42.011166,-88.503304,280,"IL",101,"Quercus","macrocarpa","bur oak","Plantae",501,"Open flowers",12,"2020-01-01","2020-12-31",2020-05-29,150,2020-06-01,3,1,0
"offset",2317,1419,42.011166,-88.503304,280,"IL",101,"Quercus","macrocarpa","bur oak","Plantae",501,"Open flowers",15,"2023-01-01","2023-12-31",2023-05-05,125,2023-05-15,10,1,0
"offset",2318,1419,42.011166,-88.503304,280,"IL",101,"Quercus","macrocarpa","bur oak","Plantae",371,"Breaking leaf buds",1,"2009-01-01","2009-12-31",2009-05-22,142,2009-05-23,1,1,0
"offset",2318,1419,42.011166,-88.503304,280,"IL",101,"Quercus","macrocarpa","bur oak","Plantae",371,"Breaking leaf buds",2,"2010-01-01","2010-12-31",2010-04-30,120,2010-05-04,4,1,0
"offset",2318,1419,42.011166,-88.503304,280,"IL",101,"Quercus","macrocarpa","bur oak","Plantae",371,"Breaking leaf buds",3,"2011-01-01","2011-12-31",2011-05-04,124,2011-05-09,5,1,0
"offset",2318,1419,42.011166,-88.503304,280,"IL",101,"Quercus","macrocarpa","bur oak","Plantae",371,"Breaking leaf buds",4,"2012-01-01","2012-12-31",2012-04-29,120,2012-05-04,5,1,0
"offset",2318,1419,42.011166,-88.503304,280,"IL",101,"Quercus","macrocarpa","bur oak","Plantae",371,"Breaking leaf buds",5,"2013-01-01","2013-12-31",2013-05-18,138,2013-05-26,8,1,0
"offset",2804,1559,39.289673,-123.373718,542,"CA",100,"Quercus","alba","white oak","Plantae",371,"Breaking leaf buds",1,"2009-01-01","2009-12-31",2009-10-13,286,NA,NA,2,0
"offset",2804,1559,39.289673,-123.373718,542,"CA",100,"Quercus","alba","white oak","Plantae",371,"Breaking leaf buds",2,"2010-01-01","2010-12-31",2010-04-17,107,2011-02-07,296,1,0
"offset",2804,1559,39.289673,-123.373718,542,"CA",100,"Quercus","alba","white oak","Plantae",371,"Breaking leaf buds",3,"2011-01-01","2011-12-31",2011-04-08,98,NA,NA,1,0
"offset",2804,1559,39.289673,-123.373718,542,"CA",100,"Quercus","alba","white oak","Plantae",371,"Breaking leaf buds",6,"2014-01-01","2014-12-31",2014-05-09,129,NA,NA,1,0
"offset",2804,1559,39.289673,-123.373718,542,"CA",100,"Quercus","alba","white oak","Plantae",371,"Breaking leaf buds",7,"2015-01-01","2015-12-31",2015-05-06,126,NA,NA,1,0
"offset",2804,1559,39.289673,-123.373718,542,"CA",100,"Quercus","alba","white oak","Plantae",371,"Breaking leaf buds",8,"2016-01-01","2016-12-31",2016-03-18,78,NA,NA,1,0
"offset",2804,1559,39.289673,-123.373718,542,"CA",100,"Quercus","alba","white oak","Plantae",371,"Breaking leaf buds",9,"2017-01-01","2017-12-31",2017-05-07,127,NA,NA,1,0
"offset",2804,1559,39.289673,-123.373718,542,"CA",100,"Quercus","alba","white oak","Plantae",371,"Breaking leaf buds",10,"2018-01-01","2018-12-31",2018-03-14,73,NA,NA,1,0
"offset",2804,1559,39.289673,-123.373718,542,"CA",100,"Quercus","alba","white oak","Plantae",371,"Breaking leaf buds",11,"2019-01-01","2019-12-31",2019-05-01,121,NA,NA,1,0
"offset",2804,1559,39.289673,-123.373718,542,"CA",100,"Quercus","alba","white oak","Plantae",501,"Open flowers",6,"2014-01-01","2014-12-31",2014-05-09,129,2015-02-18,285,1,0
"offset",2804,1559,39.289673,-123.373718,542,"CA",100,"Quercus","alba","white oak","Plantae",501,"Open flowers",7,"2015-01-01","2015-12-31",2015-05-06,126,2016-03-18,317,1,0
"offset",2825,1562,42.296295,-83.765404,293,"MI",100,"Quercus","alba","white oak","Plantae",371,"Breaking leaf buds",1,"2009-01-01","2009-12-31",2009-05-06,126,NA,NA,1,0
"offset",3992,1915,41.78344,-73.732552,150,"NY",100,"Quercus","alba","white oak","Plantae",371,"Breaking leaf buds",1,"2009-01-01","2009-12-31",2009-11-02,306,2010-03-22,140,1,0
"offset",3992,1915,41.78344,-73.732552,150,"NY",100,"Quercus","alba","white oak","Plantae",371,"Breaking leaf buds",2,"2010-01-01","2010-12-31",2010-11-08,312,2011-04-11,154,2,0
"offset",3992,1915,41.78344,-73.732552,150,"NY",100,"Quercus","alba","white oak","Plantae",371,"Breaking leaf buds",3,"2011-01-01","2011-12-31",2011-05-16,136,2011-05-23,7,1,0
"offset",3992,1915,41.78344,-73.732552,150,"NY",100,"Quercus","alba","white oak","Plantae",371,"Breaking leaf buds",4,"2012-01-01","2012-12-31",2012-04-25,116,2012-05-07,12,1,0
"offset",3992,1915,41.78344,-73.732552,150,"NY",100,"Quercus","alba","white oak","Plantae",371,"Breaking leaf buds",5,"2013-01-01","2013-12-31",2013-05-06,126,2013-05-10,4,1,0
"offset",3992,1915,41.78344,-73.732552,150,"NY",100,"Quercus","alba","white oak","Plantae",371,"Breaking leaf buds",6,"2014-01-01","2014-12-31",2014-05-13,133,2014-05-19,6,1,0
"offset",3992,1915,41.78344,-73.732552,150,"NY",100,"Quercus","alba","white oak","Plantae",371,"Breaking leaf buds",7,"2015-01-01","2015-12-31",2015-05-07,127,2015-05-11,4,1,0
"offset",3992,1915,41.78344,-73.732552,150,"NY",100,"Quercus","alba","white oak","Plantae",371,"Breaking leaf buds",8,"2016-01-01","2016-12-31",2016-05-09,130,2016-05-18,9,1,0
"offset",3992,1915,41.78344,-73.732552,150,"NY",100,"Quercus","alba","white oak","Plantae",371,"Breaking leaf buds",9,"2017-01-01","2017-12-31",2017-05-12,132,2017-06-01,20,1,0
"offset",3992,1915,41.78344,-73.732552,150,"NY",100,"Quercus","alba","white oak","Plantae",371,"Breaking leaf buds",10,"2018-01-01","2018-12-31",2018-05-04,124,2018-05-11,7,1,0
"offset",3992,1915,41.78344,-73.732552,150,"NY",100,"Quercus","alba","white oak","Plantae",371,"Breaking leaf buds",11,"2019-01-01","2019-12-31",2019-05-08,128,2019-05-20,12,1,0
"offset",3992,1915,41.78344,-73.732552,150,"NY",100,"Quercus","alba","white oak","Plantae",371,"Breaking leaf buds",12,"2020-01-01","2020-12-31",2020-05-12,133,2020-05-19,7,1,0
"offset",3992,1915,41.78344,-73.732552,150,"NY",100,"Quercus","alba","white oak","Plantae",371,"Breaking leaf buds",13,"2021-01-01","2021-12-31",2021-04-28,118,2021-05-11,13,1,0
"offset",3992,1915,41.78344,-73.732552,150,"NY",100,"Quercus","alba","white oak","Plantae",501,"Open flowers",3,"2011-01-01","2011-12-31",2011-05-23,143,2011-05-26,3,1,0
"offset",3992,1915,41.78344,-73.732552,150,"NY",100,"Quercus","alba","white oak","Plantae",501,"Open flowers",4,"2012-01-01","2012-12-31",2012-05-14,135,2012-05-21,7,1,0
"offset",3992,1915,41.78344,-73.732552,150,"NY",100,"Quercus","alba","white oak","Plantae",501,"Open flowers",5,"2013-01-01","2013-12-31",2013-05-10,130,2013-05-16,6,1,0
"offset",3992,1915,41.78344,-73.732552,150,"NY",100,"Quercus","alba","white oak","Plantae",501,"Open flowers",6,"2014-01-01","2014-12-31",2014-05-19,139,2014-05-28,9,1,0
"offset",3992,1915,41.78344,-73.732552,150,"NY",100,"Quercus","alba","white oak","Plantae",501,"Open flowers",7,"2015-01-01","2015-12-31",2015-05-11,131,2015-05-21,10,1,0
"offset",3992,1915,41.78344,-73.732552,150,"NY",100,"Quercus","alba","white oak","Plantae",501,"Open flowers",9,"2017-01-01","2017-12-31",2017-06-01,152,2017-06-09,8,1,0
"offset",3992,1915,41.78344,-73.732552,150,"NY",100,"Quercus","alba","white oak","Plantae",501,"Open flowers",11,"2019-01-01","2019-12-31",2019-05-20,140,2019-06-11,22,1,0
"offset",3992,1915,41.78344,-73.732552,150,"NY",100,"Quercus","alba","white oak","Plantae",501,"Open flowers",13,"2021-01-01","2021-12-31",2021-05-20,140,2021-05-26,6,1,0
"offset",4663,2267,44.923634,-93.228745,254,"MN",100,"Quercus","alba","white oak","Plantae",371,"Breaking leaf buds",2,"2010-01-01","2010-12-31",2010-04-15,105,NA,NA,1,0
"offset",4742,2298,30.525684,-97.603165,212,"TX",101,"Quercus","macrocarpa","bur oak","Plantae",371,"Breaking leaf buds",2,"2010-01-01","2010-12-31",2010-03-27,86,2010-03-30,3,1,0
"offset",5040,1581,42.088829,-70.936188,28,"MA",100,"Quercus","alba","white oak","Plantae",371,"Breaking leaf buds",3,"2011-01-01","2011-12-31",2011-05-09,129,NA,NA,1,0
"offset",5040,1581,42.088829,-70.936188,28,"MA",100,"Quercus","alba","white oak","Plantae",371,"Breaking leaf buds",5,"2013-01-01","2013-12-31",2013-05-01,121,2013-10-14,166,1,0
"offset",5098,2439,40.108791,-88.219818,226,"IL",101,"Quercus","macrocarpa","bur oak","Plantae",371,"Breaking leaf buds",2,"2010-01-01","2010-12-31",2010-05-03,123,2010-05-10,7,1,0
"offset",5103,5951,45.407852,-93.199257,278,"MN",100,"Quercus","alba","white oak","Plantae",371,"Breaking leaf buds",2,"2010-01-01","2010-12-31",2010-06-01,152,2010-06-08,7,1,0
"offset",5103,5951,45.407852,-93.199257,278,"MN",100,"Quercus","alba","white oak","Plantae",371,"Breaking leaf buds",3,"2011-01-01","2011-12-31",2011-05-26,146,2011-05-31,5,1,0
"offset",5103,5951,45.407852,-93.199257,278,"MN",100,"Quercus","alba","white oak","Plantae",371,"Breaking leaf buds",4,"2012-01-01","2012-12-31",2012-05-16,137,2012-05-25,9,1,0
"offset",5103,5951,45.407852,-93.199257,278,"MN",100,"Quercus","alba","white oak","Plantae",371,"Breaking leaf buds",5,"2013-01-01","2013-12-31",2013-06-11,162,2013-06-20,9,1,0
"offset",5103,5951,45.407852,-93.199257,278,"MN",100,"Quercus","alba","white oak","Plantae",371,"Breaking leaf buds",6,"2014-01-01","2014-12-31",2014-05-30,150,2014-06-10,11,1,0
"offset",5103,5951,45.407852,-93.199257,278,"MN",100,"Quercus","alba","white oak","Plantae",371,"Breaking leaf buds",7,"2015-01-01","2015-12-31",2015-05-19,139,2015-06-02,14,1,0
"offset",5103,5951,45.407852,-93.199257,278,"MN",100,"Quercus","alba","white oak","Plantae",371,"Breaking leaf buds",8,"2016-01-01","2016-12-31",2016-05-16,137,2016-06-01,16,1,0
"offset",5103,5951,45.407852,-93.199257,278,"MN",100,"Quercus","alba","white oak","Plantae",371,"Breaking leaf buds",9,"2017-01-01","2017-12-31",2017-05-16,136,2017-05-25,9,1,0
"offset",5103,5951,45.407852,-93.199257,278,"MN",100,"Quercus","alba","white oak","Plantae",371,"Breaking leaf buds",10,"2018-01-01","2018-12-31",2018-05-07,127,2018-05-16,9,1,0
"offset",5103,5951,45.407852,-93.199257,278,"MN",100,"Quercus","alba","white oak","Plantae",371,"Breaking leaf buds",11,"2019-01-01","2019-12-31",2019-05-24,144,2019-05-31,7,1,0
"offset",5103,5951,45.407852,-93.199257,278,"MN",100,"Quercus","alba","white oak","Plantae",371,"Breaking leaf buds",12,"2020-01-01","2020-12-31",2020-05-11,132,2020-05-18,7,1,0
"offset",5103,5951,45.407852,-93.199257,278,"MN",100,"Quercus","alba","white oak","Plantae",371,"Breaking leaf buds",13,"2021-01-01","2021-12-31",2021-05-10,130,2021-05-17,7,1,0
"offset",5103,5951,45.407852,-93.199257,278,"MN",100,"Quercus","alba","white oak","Plantae",371,"Breaking leaf buds",15,"2023-01-01","2023-12-31",2023-05-05,125,2023-05-28,23,1,0
"offset",5103,5951,45.407852,-93.199257,278,"MN",100,"Quercus","alba","white oak","Plantae",371,"Breaking leaf buds",17,"2025-01-01","2025-12-31",2025-09-07,250,2025-09-23,16,4,0
"offset",5103,5951,45.407852,-93.199257,278,"MN",100,"Quercus","alba","white oak","Plantae",371,"Breaking leaf buds",18,"2026-01-01","2026-12-31",2026-06-12,163,NA,NA,1,0
"offset",5103,5951,45.407852,-93.199257,278,"MN",100,"Quercus","alba","white oak","Plantae",501,"Open flowers",7,"2015-01-01","2015-12-31",2015-05-19,139,2015-06-02,14,1,0
"offset",5103,5951,45.407852,-93.199257,278,"MN",100,"Quercus","alba","white oak","Plantae",501,"Open flowers",8,"2016-01-01","2016-12-31",2016-05-09,130,2016-05-16,7,1,0
"offset",5103,5951,45.407852,-93.199257,278,"MN",100,"Quercus","alba","white oak","Plantae",501,"Open flowers",9,"2017-01-01","2017-12-31",2017-05-16,136,2017-05-25,9,1,0
"offset",5103,5951,45.407852,-93.199257,278,"MN",100,"Quercus","alba","white oak","Plantae",501,"Open flowers",10,"2018-01-01","2018-12-31",2018-05-16,136,2018-05-23,7,1,0
"offset",5103,5951,45.407852,-93.199257,278,"MN",100,"Quercus","alba","white oak","Plantae",501,"Open flowers",11,"2019-01-01","2019-12-31",2019-05-31,151,2019-06-07,7,1,0
"offset",5103,5951,45.407852,-93.199257,278,"MN",100,"Quercus","alba","white oak","Plantae",501,"Open flowers",12,"2020-01-01","2020-12-31",2020-06-04,156,2020-06-08,4,1,0
"offset",5103,5951,45.407852,-93.199257,278,"MN",100,"Quercus","alba","white oak","Plantae",501,"Open flowers",16,"2024-01-01","2024-12-31",2024-05-10,131,2024-05-16,6,1,0
"offset",5105,5951,45.407852,-93.199257,278,"MN",100,"Quercus","alba","white oak","Plantae",371,"Breaking leaf buds",2,"2010-01-01","2010-12-31",2010-05-19,139,2010-05-26,7,1,0
"offset",5105,5951,45.407852,-93.199257,278,"MN",100,"Quercus","alba","white oak","Plantae",371,"Breaking leaf buds",3,"2011-01-01","2011-12-31",2011-05-26,146,2011-05-31,5,1,0
"offset",5105,5951,45.407852,-93.199257,278,"MN",100,"Quercus","alba","white oak","Plantae",371,"Breaking leaf buds",4,"2012-01-01","2012-12-31",2012-05-16,137,2012-05-25,9,1,0
"offset",5105,5951,45.407852,-93.199257,278,"MN",100,"Quercus","alba","white oak","Plantae",371,"Breaking leaf buds",5,"2013-01-01","2013-12-31",2013-06-11,162,2013-06-20,9,1,0
"offset",5105,5951,45.407852,-93.199257,278,"MN",100,"Quercus","alba","white oak","Plantae",371,"Breaking leaf buds",6,"2014-01-01","2014-12-31",2014-05-30,150,2014-06-10,11,1,0
"offset",5105,5951,45.407852,-93.199257,278,"MN",100,"Quercus","alba","white oak","Plantae",371,"Breaking leaf buds",7,"2015-01-01","2015-12-31",2015-05-19,139,2015-06-02,14,1,0
"offset",5105,5951,45.407852,-93.199257,278,"MN",100,"Quercus","alba","white oak","Plantae",371,"Breaking leaf buds",8,"2016-01-01","2016-12-31",2016-05-16,137,2016-06-01,16,1,0
"offset",5105,5951,45.407852,-93.199257,278,"MN",100,"Quercus","alba","white oak","Plantae",371,"Breaking leaf buds",9,"2017-01-01","2017-12-31",2017-05-16,136,2017-05-25,9,1,0
"offset",5105,5951,45.407852,-93.199257,278,"MN",100,"Quercus","alba","white oak","Plantae",371,"Breaking leaf buds",10,"2018-01-01","2018-12-31",2018-05-07,127,2018-05-16,9,1,0
"offset",5105,5951,45.407852,-93.199257,278,"MN",100,"Quercus","alba","white oak","Plantae",371,"Breaking leaf buds",11,"2019-01-01","2019-12-31",2019-05-24,144,2019-05-31,7,1,0
"offset",5105,5951,45.407852,-93.199257,278,"MN",100,"Quercus","alba","white oak","Plantae",371,"Breaking leaf buds",12,"2020-01-01","2020-12-31",2020-05-11,132,2020-05-18,7,1,0
"offset",5105,5951,45.407852,-93.199257,278,"MN",100,"Quercus","alba","white oak","Plantae",371,"Breaking leaf buds",13,"2021-01-01","2021-12-31",2021-05-17,137,2021-05-23,6,3,0
"offset",5105,5951,45.407852,-93.199257,278,"MN",100,"Quercus","alba","white oak","Plantae",371,"Breaking leaf buds",14,"2022-01-01","2022-12-31",2022-05-13,133,2022-05-18,5,1,0
"offset",5105,5951,45.407852,-93.199257,278,"MN",100,"Quercus","alba","white oak","Plantae",371,"Breaking leaf buds",15,"2023-01-01","2023-12-31",2023-05-05,125,2023-05-28,23,1,0
"offset",5105,5951,45.407852,-93.199257,278,"MN",100,"Quercus","alba","white oak","Plantae",371,"Breaking leaf buds",17,"2025-01-01","2025-12-31",2025-09-07,250,2025-09-23,16,4,0
"offset",5105,5951,45.407852,-93.199257,278,"MN",100,"Quercus","alba","white oak","Plantae",371,"Breaking leaf buds",18,"2026-01-01","2026-12-31",2026-06-12,163,NA,NA,2,0
"offset",5105,5951,45.407852,-93.199257,278,"MN",100,"Quercus","alba","white oak","Plantae",501,"Open flowers",3,"2011-01-01","2011-12-31",2011-05-26,146,2011-05-31,5,1,0
"offset",5105,5951,45.407852,-93.199257,278,"MN",100,"Quercus","alba","white oak","Plantae",501,"Open flowers",4,"2012-01-01","2012-12-31",2012-05-08,129,2012-05-16,8,1,0
"offset",5105,5951,45.407852,-93.199257,278,"MN",100,"Quercus","alba","white oak","Plantae",501,"Open flowers",5,"2013-01-01","2013-12-31",2013-05-17,137,2013-05-24,7,1,0
"offset",5105,5951,45.407852,-93.199257,278,"MN",100,"Quercus","alba","white oak","Plantae",501,"Open flowers",6,"2014-01-01","2014-12-31",2014-05-22,142,2014-05-30,8,1,0
"offset",5105,5951,45.407852,-93.199257,278,"MN",100,"Quercus","alba","white oak","Plantae",501,"Open flowers",7,"2015-01-01","2015-12-31",2015-05-15,135,2015-05-19,4,1,0
"offset",5105,5951,45.407852,-93.199257,278,"MN",100,"Quercus","alba","white oak","Plantae",501,"Open flowers",8,"2016-01-01","2016-12-31",2016-05-16,137,2016-06-01,16,1,0
"offset",5105,5951,45.407852,-93.199257,278,"MN",100,"Quercus","alba","white oak","Plantae",501,"Open flowers",9,"2017-01-01","2017-12-31",2017-05-16,136,2017-05-25,9,1,0
"offset",5105,5951,45.407852,-93.199257,278,"MN",100,"Quercus","alba","white oak","Plantae",501,"Open flowers",10,"2018-01-01","2018-12-31",2018-05-16,136,2018-05-23,7,1,0
"offset",5105,5951,45.407852,-93.199257,278,"MN",100,"Quercus","alba","white oak","Plantae",501,"Open flowers",11,"2019-01-01","2019-12-31",2019-05-24,144,2019-05-31,7,1,0
"offset",5105,5951,45.407852,-93.199257,278,"MN",100,"Quercus","alba","white oak","Plantae",501,"Open flowers",12,"2020-01-01","2020-12-31",2020-06-04,156,2020-06-08,4,1,0
"offset",5105,5951,45.407852,-93.199257,278,"MN",100,"Quercus","alba","white oak","Plantae",501,"Open flowers",16,"2024-01-01","2024-12-31",2024-05-10,131,2024-05-16,6,1,0
"offset",5105,5951,45.407852,-93.199257,278,"MN",100,"Quercus","alba","white oak","Plantae",501,"Open flowers",17,"2025-01-01","2025-12-31",2025-05-13,133,2025-05-25,12,1,0
"offset",5110,2394,45.425339,-93.186249,278,"MN",100,"Quercus","alba","white oak","Plantae",371,"Breaking leaf buds",2,"2010-01-01","2010-12-31",2010-05-19,139,2010-05-26,7,1,0
"offset",5110,2394,45.425339,-93.186249,278,"MN",100,"Quercus","alba","white oak","Plantae",371,"Breaking leaf buds",3,"2011-01-01","2011-12-31",2011-05-26,146,2011-05-31,5,1,0
"offset",5110,2394,45.425339,-93.186249,278,"MN",100,"Quercus","alba","white oak","Plantae",371,"Breaking leaf buds",4,"2012-01-01","2012-12-31",2012-05-26,147,2012-05-29,3,1,0
"offset",5110,2394,45.425339,-93.186249,278,"MN",100,"Quercus","alba","white oak","Plantae",371,"Breaking leaf buds",5,"2013-01-01","2013-12-31",2013-06-11,162,2013-06-20,9,1,0
"offset",5110,2394,45.425339,-93.186249,278,"MN",100,"Quercus","alba","white oak","Plantae",371,"Breaking leaf buds",6,"2014-01-01","2014-12-31",2014-05-30,150,2014-06-10,11,1,0
"offset",5110,2394,45.425339,-93.186249,278,"MN",100,"Quercus","alba","white oak","Plantae",371,"Breaking leaf buds",7,"2015-01-01","2015-12-31",2015-05-19,139,2015-06-02,14,1,0
"offset",5110,2394,45.425339,-93.186249,278,"MN",100,"Quercus","alba","white oak","Plantae",371,"Breaking leaf buds",8,"2016-01-01","2016-12-31",2016-05-09,130,2016-05-16,7,1,0
"offset",5110,2394,45.425339,-93.186249,278,"MN",100,"Quercus","alba","white oak","Plantae",371,"Breaking leaf buds",9,"2017-01-01","2017-12-31",2017-05-16,136,2017-05-25,9,1,0
"offset",5110,2394,45.425339,-93.186249,278,"MN",100,"Quercus","alba","white oak","Plantae",371,"Breaking leaf buds",10,"2018-01-01","2018-12-31",2018-05-07,127,2018-05-16,9,1,0
"offset",5110,2394,45.425339,-93.186249,278,"MN",100,"Quercus","alba","white oak","Plantae",371,"Breaking leaf buds",12,"2020-01-01","2020-12-31",2020-05-04,125,2020-05-11,7,1,0
"offset",5110,2394,45.425339,-93.186249,278,"MN",100,"Quercus","alba","white oak","Plantae",371,"Breaking leaf buds",13,"2021-01-01","2021-12-31",2021-05-10,130,2021-05-17,7,2,0
"offset",5110,2394,45.425339,-93.186249,278,"MN",100,"Quercus","alba","white oak","Plantae",371,"Breaking leaf buds",14,"2022-01-01","2022-12-31",2022-05-13,133,2022-05-18,5,1,0
"offset",5110,2394,45.425339,-93.186249,278,"MN",100,"Quercus","alba","white oak","Plantae",371,"Breaking leaf buds",15,"2023-01-01","2023-12-31",2023-05-05,125,2023-05-28,23,1,0
"offset",5110,2394,45.425339,-93.186249,278,"MN",100,"Quercus","alba","white oak","Plantae",371,"Breaking leaf buds",16,"2024-01-01","2024-12-31",2024-05-10,131,2024-05-16,6,1,0
"offset",5110,2394,45.425339,-93.186249,278,"MN",100,"Quercus","alba","white oak","Plantae",371,"Breaking leaf buds",17,"2025-01-01","2025-12-31",2025-08-27,239,2025-09-23,27,3,0
"offset",5110,2394,45.425339,-93.186249,278,"MN",100,"Quercus","alba","white oak","Plantae",371,"Breaking leaf buds",18,"2026-01-01","2026-12-31",2026-06-12,163,NA,NA,2,0
"offset",5110,2394,45.425339,-93.186249,278,"MN",100,"Quercus","alba","white oak","Plantae",501,"Open flowers",3,"2011-01-01","2011-12-31",2011-05-26,146,2011-05-31,5,1,0
"offset",5110,2394,45.425339,-93.186249,278,"MN",100,"Quercus","alba","white oak","Plantae",501,"Open flowers",4,"2012-01-01","2012-12-31",2012-05-01,122,2012-05-16,15,1,0
"offset",5110,2394,45.425339,-93.186249,278,"MN",100,"Quercus","alba","white oak","Plantae",501,"Open flowers",5,"2013-01-01","2013-12-31",2013-05-24,144,2013-05-29,5,1,0
"offset",5110,2394,45.425339,-93.186249,278,"MN",100,"Quercus","alba","white oak","Plantae",501,"Open flowers",6,"2014-01-01","2014-12-31",2014-05-30,150,2014-06-10,11,1,0
"offset",5110,2394,45.425339,-93.186249,278,"MN",100,"Quercus","alba","white oak","Plantae",501,"Open flowers",7,"2015-01-01","2015-12-31",2015-05-15,135,2015-06-02,18,1,0
"offset",5110,2394,45.425339,-93.186249,278,"MN",100,"Quercus","alba","white oak","Plantae",501,"Open flowers",8,"2016-01-01","2016-12-31",2016-05-09,130,2016-05-16,7,1,0
"offset",5110,2394,45.425339,-93.186249,278,"MN",100,"Quercus","alba","white oak","Plantae",501,"Open flowers",9,"2017-01-01","2017-12-31",2017-05-16,136,2017-05-25,9,1,0
"offset",5110,2394,45.425339,-93.186249,278,"MN",100,"Quercus","alba","white oak","Plantae",501,"Open flowers",10,"2018-01-01","2018-12-31",2018-05-16,136,2018-05-23,7,1,0
"offset",5110,2394,45.425339,-93.186249,278,"MN",100,"Quercus","alba","white oak","Plantae",501,"Open flowers",11,"2019-01-01","2019-12-31",2019-06-07,158,2019-06-13,6,1,0
"offset",5110,2394,45.425339,-93.186249,278,"MN",100,"Quercus","alba","white oak","Plantae",501,"Open flowers",12,"2020-01-01","2020-12-31",2020-06-04,156,2020-06-08,4,1,0
"offset",5110,2394,45.425339,-93.186249,278,"MN",100,"Quercus","alba","white oak","Plantae",501,"Open flowers",13,"2021-01-01","2021-12-31",2021-05-17,137,2021-05-23,6,1,0
"offset",5110,2394,45.425339,-93.186249,278,"MN",100,"Quercus","alba","white oak","Plantae",501,"Open flowers",16,"2024-01-01","2024-12-31",2024-05-16,137,2024-05-23,7,1,0
"offset",5110,2394,45.425339,-93.186249,278,"MN",100,"Quercus","alba","white oak","Plantae",501,"Open flowers",17,"2025-01-01","2025-12-31",2025-05-13,133,2025-05-25,12,1,0
"offset",5112,2395,45.402004,-93.204147,276,"MN",100,"Quercus","alba","white oak","Plantae",371,"Breaking leaf buds",2,"2010-01-01","2010-12-31",2010-05-19,139,2010-05-26,7,1,0
"offset",5112,2395,45.402004,-93.204147,276,"MN",100,"Quercus","alba","white oak","Plantae",371,"Breaking leaf buds",3,"2011-01-01","2011-12-31",2011-05-26,146,2011-05-31,5,1,0
"offset",5112,2395,45.402004,-93.204147,276,"MN",100,"Quercus","alba","white oak","Plantae",371,"Breaking leaf buds",4,"2012-01-01","2012-12-31",2012-05-25,146,2012-05-29,4,2,0
"offset",5112,2395,45.402004,-93.204147,276,"MN",100,"Quercus","alba","white oak","Plantae",371,"Breaking leaf buds",5,"2013-01-01","2013-12-31",2013-06-07,158,2013-06-11,4,1,0
"offset",5112,2395,45.402004,-93.204147,276,"MN",100,"Quercus","alba","white oak","Plantae",371,"Breaking leaf buds",7,"2015-01-01","2015-12-31",2015-05-19,139,2015-06-02,14,1,0
"offset",5112,2395,45.402004,-93.204147,276,"MN",100,"Quercus","alba","white oak","Plantae",371,"Breaking leaf buds",8,"2016-01-01","2016-12-31",2016-05-09,130,2016-05-16,7,1,0
"offset",5112,2395,45.402004,-93.204147,276,"MN",100,"Quercus","alba","white oak","Plantae",371,"Breaking leaf buds",9,"2017-01-01","2017-12-31",2017-05-16,136,2017-06-01,16,1,0
"offset",5112,2395,45.402004,-93.204147,276,"MN",100,"Quercus","alba","white oak","Plantae",371,"Breaking leaf buds",10,"2018-01-01","2018-12-31",2018-05-07,127,2018-05-16,9,1,0
"offset",5112,2395,45.402004,-93.204147,276,"MN",100,"Quercus","alba","white oak","Plantae",501,"Open flowers",3,"2011-01-01","2011-12-31",2011-05-24,144,2011-05-26,2,1,0
"offset",5112,2395,45.402004,-93.204147,276,"MN",100,"Quercus","alba","white oak","Plantae",501,"Open flowers",5,"2013-01-01","2013-12-31",2013-05-29,149,2013-06-07,9,1,0
"offset",5112,2395,45.402004,-93.204147,276,"MN",100,"Quercus","alba","white oak","Plantae",501,"Open flowers",7,"2015-01-01","2015-12-31",2015-05-15,135,2015-05-19,4,1,0
"offset",5112,2395,45.402004,-93.204147,276,"MN",100,"Quercus","alba","white oak","Plantae",501,"Open flowers",8,"2016-01-01","2016-12-31",2016-05-16,137,2016-06-01,16,1,0
"offset",5112,2395,45.402004,-93.204147,276,"MN",100,"Quercus","alba","white oak","Plantae",501,"Open flowers",9,"2017-01-01","2017-12-31",2017-05-16,136,2017-06-01,16,1,0
"offset",5112,2395,45.402004,-93.204147,276,"MN",100,"Quercus","alba","white oak","Plantae",501,"Open flowers",10,"2018-01-01","2018-12-31",2018-05-16,136,2018-05-23,7,1,0
"offset",5949,2486,42.170059,-88.50972,275,"IL",101,"Quercus","macrocarpa","bur oak","Plantae",371,"Breaking leaf buds",2,"2010-01-01","2010-12-31",2010-04-08,98,NA,NA,1,0
"offset",6105,2524,42.169952,-88.405838,269,"IL",100,"Quercus","alba","white oak","Plantae",371,"Breaking leaf buds",2,"2010-01-01","2010-12-31",2010-03-30,89,NA,NA,1,0
"offset",8592,4881,28.045185,-82.706299,3,"FL",305,"Quercus","virginiana","live oak","Plantae",371,"Breaking leaf buds",3,"2011-01-01","2011-12-31",2011-07-24,205,2011-07-29,5,1,0
"offset",8593,4881,28.045185,-82.706299,3,"FL",305,"Quercus","virginiana","live oak","Plantae",371,"Breaking leaf buds",3,"2011-01-01","2011-12-31",2011-07-24,205,2011-07-29,5,1,0
"offset",9202,5001,44.823818,-71.159248,537,"NH",100,"Quercus","alba","white oak","Plantae",371,"Breaking leaf buds",2,"2010-01-01","2010-12-31",2010-08-13,225,NA,NA,1,0
"offset",10038,5149,30.330112,-97.75518,191,"TX",305,"Quercus","virginiana","live oak","Plantae",371,"Breaking leaf buds",3,"2011-01-01","2011-12-31",2011-02-27,58,NA,NA,1,0
"offset",10159,5185,33.150963,-97.043053,168,"TX",305,"Quercus","virginiana","live oak","Plantae",371,"Breaking leaf buds",3,"2011-01-01","2011-12-31",2011-03-22,81,2011-03-25,3,1,0
"offset",10161,5187,33.19767,-97.149483,192,"TX",305,"Quercus","virginiana","live oak","Plantae",371,"Breaking leaf buds",3,"2011-01-01","2011-12-31",2011-03-02,61,2011-03-04,2,1,0
"offset",10162,5188,33.086292,-96.857719,183,"TX",305,"Quercus","virginiana","live oak","Plantae",371,"Breaking leaf buds",3,"2011-01-01","2011-12-31",2011-03-28,87,2011-04-01,4,1,0
"offset",10273,5229,34.01189,-84.355904,292,"GA",100,"Quercus","alba","white oak","Plantae",371,"Breaking leaf buds",3,"2011-01-01","2011-12-31",2011-04-01,91,2011-04-08,7,1,0
"offset",10273,5229,34.01189,-84.355904,292,"GA",100,"Quercus","alba","white oak","Plantae",371,"Breaking leaf buds",4,"2012-01-01","2012-12-31",2012-03-24,84,2012-03-30,6,1,0
"offset",10280,5229,34.01189,-84.355904,292,"GA",100,"Quercus","alba","white oak","Plantae",371,"Breaking leaf buds",3,"2011-01-01","2011-12-31",2011-04-01,91,2011-04-08,7,1,0
"offset",10280,5229,34.01189,-84.355904,292,"GA",100,"Quercus","alba","white oak","Plantae",371,"Breaking leaf buds",4,"2012-01-01","2012-12-31",2012-03-24,84,2012-03-30,6,1,0
"offset",10280,5229,34.01189,-84.355904,292,"GA",100,"Quercus","alba","white oak","Plantae",371,"Breaking leaf buds",5,"2013-01-01","2013-12-31",2013-04-12,102,2013-05-10,28,1,0
"offset",10446,5281,40.710247,-77.956192,403,"PA",100,"Quercus","alba","white oak","Plantae",371,"Breaking leaf buds",3,"2011-01-01","2011-12-31",2011-05-04,124,2011-05-11,7,1,0
"offset",10446,5281,40.710247,-77.956192,403,"PA",100,"Quercus","alba","white oak","Plantae",371,"Breaking leaf buds",4,"2012-01-01","2012-12-31",2012-05-03,124,2012-05-10,7,2,0
"offset",10446,5281,40.710247,-77.956192,403,"PA",100,"Quercus","alba","white oak","Plantae",501,"Open flowers",3,"2011-01-01","2011-12-31",2011-05-19,139,2011-06-02,14,1,0
"offset",10594,5301,40.797592,-76.040657,352,"PA",100,"Quercus","alba","white oak","Plantae",371,"Breaking leaf buds",3,"2011-01-01","2011-12-31",2011-05-12,132,2011-05-15,3,1,0
"offset",10594,5301,40.797592,-76.040657,352,"PA",100,"Quercus","alba","white oak","Plantae",371,"Breaking leaf buds",4,"2012-01-01","2012-12-31",2012-04-15,106,NA,NA,1,0
"offset",10594,5301,40.797592,-76.040657,352,"PA",100,"Quercus","alba","white oak","Plantae",501,"Open flowers",3,"2011-01-01","2011-12-31",2011-06-04,155,2011-06-09,5,1,0
"offset",10694,5309,33.229744,-97.12867,198,"TX",101,"Quercus","macrocarpa","bur oak","Plantae",371,"Breaking leaf buds",3,"2011-01-01","2011-12-31",2011-04-26,116,NA,NA,1,0
"offset",11417,5431,35.517879,-82.469681,823,"NC",100,"Quercus","alba","white oak","Plantae",371,"Breaking leaf buds",3,"2011-01-01","2011-12-31",2011-04-13,103,2021-10-13,3836,1,0
"offset",11417,5431,35.517879,-82.469681,823,"NC",100,"Quercus","alba","white oak","Plantae",371,"Breaking leaf buds",14,"2022-01-01","2022-12-31",2022-04-19,109,2022-04-27,8,1,0
"offset",11417,5431,35.517879,-82.469681,823,"NC",100,"Quercus","alba","white oak","Plantae",371,"Breaking leaf buds",15,"2023-01-01","2023-12-31",2023-04-09,99,2023-04-26,17,1,0
"offset",11770,5257,34.015724,-81.119118,88,"SC",100,"Quercus","alba","white oak","Plantae",371,"Breaking leaf buds",3,"2011-01-01","2011-12-31",2011-03-21,80,2011-03-23,2,1,0
"offset",13058,5758,28.057789,-82.424065,13,"FL",305,"Quercus","virginiana","live oak","Plantae",371,"Breaking leaf buds",4,"2012-01-01","2012-12-31",2012-12-06,341,2013-01-16,41,2,0
"offset",13058,5758,28.057789,-82.424065,13,"FL",305,"Quercus","virginiana","live oak","Plantae",371,"Breaking leaf buds",5,"2013-01-01","2013-12-31",2013-07-17,198,NA,NA,1,0
"offset",13058,5758,28.057789,-82.424065,13,"FL",305,"Quercus","virginiana","live oak","Plantae",371,"Breaking leaf buds",7,"2015-01-01","2015-12-31",2015-04-14,104,2016-01-28,289,1,0
"offset",13058,5758,28.057789,-82.424065,13,"FL",305,"Quercus","virginiana","live oak","Plantae",371,"Breaking leaf buds",9,"2017-01-01","2017-12-31",2017-10-03,276,2017-10-10,7,1,0
"offset",13058,5758,28.057789,-82.424065,13,"FL",305,"Quercus","virginiana","live oak","Plantae",371,"Breaking leaf buds",10,"2018-01-01","2018-12-31",2018-07-11,192,2018-07-18,7,1,0
"offset",13058,5758,28.057789,-82.424065,13,"FL",305,"Quercus","virginiana","live oak","Plantae",371,"Breaking leaf buds",11,"2019-01-01","2019-12-31",2019-03-22,81,2019-03-29,7,1,0
"offset",13058,5758,28.057789,-82.424065,13,"FL",305,"Quercus","virginiana","live oak","Plantae",501,"Open flowers",7,"2015-01-01","2015-12-31",2015-04-14,104,2016-01-28,289,1,0
"offset",13058,5758,28.057789,-82.424065,13,"FL",305,"Quercus","virginiana","live oak","Plantae",501,"Open flowers",10,"2018-01-01","2018-12-31",2018-10-26,299,2018-11-02,7,1,0
"offset",13058,5758,28.057789,-82.424065,13,"FL",305,"Quercus","virginiana","live oak","Plantae",501,"Open flowers",11,"2019-01-01","2019-12-31",2019-04-27,117,2019-09-10,136,2,0
"offset",13059,5758,28.057789,-82.424065,13,"FL",297,"Quercus","geminata","sand live oak","Plantae",371,"Breaking leaf buds",4,"2012-01-01","2012-12-31",2012-12-06,341,2013-01-16,41,1,0
"offset",13059,5758,28.057789,-82.424065,13,"FL",297,"Quercus","geminata","sand live oak","Plantae",371,"Breaking leaf buds",7,"2015-01-01","2015-12-31",2015-04-14,104,2016-01-28,289,1,0
"offset",13059,5758,28.057789,-82.424065,13,"FL",297,"Quercus","geminata","sand live oak","Plantae",371,"Breaking leaf buds",8,"2016-01-01","2016-12-31",2016-08-02,215,NA,NA,1,0
"offset",13059,5758,28.057789,-82.424065,13,"FL",297,"Quercus","geminata","sand live oak","Plantae",371,"Breaking leaf buds",9,"2017-01-01","2017-12-31",2017-10-03,276,2017-10-10,7,1,0
"offset",13059,5758,28.057789,-82.424065,13,"FL",297,"Quercus","geminata","sand live oak","Plantae",371,"Breaking leaf buds",11,"2019-01-01","2019-12-31",2019-03-29,88,2019-04-19,21,1,0
"offset",13059,5758,28.057789,-82.424065,13,"FL",297,"Quercus","geminata","sand live oak","Plantae",501,"Open flowers",7,"2015-01-01","2015-12-31",2015-04-14,104,2016-01-28,289,1,0
"offset",13065,5758,28.057789,-82.424065,13,"FL",297,"Quercus","geminata","sand live oak","Plantae",371,"Breaking leaf buds",4,"2012-01-01","2012-12-31",2012-03-30,90,2012-05-14,45,1,0
"offset",13222,5754,45.622391,-95.884605,341,"MN",101,"Quercus","macrocarpa","bur oak","Plantae",371,"Breaking leaf buds",8,"2016-01-01","2016-12-31",2016-07-06,188,2016-07-14,8,2,0
"offset",13576,5723,39.502098,-104.79644,1813,"CO",100,"Quercus","alba","white oak","Plantae",371,"Breaking leaf buds",3,"2011-01-01","2011-12-31",2011-06-23,174,2011-08-07,45,1,0
"offset",14126,5934,28.039858,-82.718468,16,"FL",305,"Quercus","virginiana","live oak","Plantae",371,"Breaking leaf buds",4,"2012-01-01","2012-12-31",2012-02-26,57,2012-03-04,7,1,0
"offset",14255,5758,28.057789,-82.424065,13,"FL",297,"Quercus","geminata","sand live oak","Plantae",371,"Breaking leaf buds",4,"2012-01-01","2012-12-31",2012-12-06,341,2013-01-16,41,2,0
"offset",14255,5758,28.057789,-82.424065,13,"FL",297,"Quercus","geminata","sand live oak","Plantae",371,"Breaking leaf buds",7,"2015-01-01","2015-12-31",2015-04-14,104,2016-01-28,289,1,0
"offset",14255,5758,28.057789,-82.424065,13,"FL",297,"Quercus","geminata","sand live oak","Plantae",371,"Breaking leaf buds",9,"2017-01-01","2017-12-31",2017-11-28,332,2018-01-19,52,2,0
"offset",14255,5758,28.057789,-82.424065,13,"FL",297,"Quercus","geminata","sand live oak","Plantae",371,"Breaking leaf buds",11,"2019-01-01","2019-12-31",2019-03-22,81,2019-03-29,7,1,0
"offset",14273,5758,28.057789,-82.424065,13,"FL",305,"Quercus","virginiana","live oak","Plantae",371,"Breaking leaf buds",4,"2012-01-01","2012-12-31",2012-03-30,90,2012-05-14,45,1,0
"offset",14274,5758,28.057789,-82.424065,13,"FL",305,"Quercus","virginiana","live oak","Plantae",371,"Breaking leaf buds",4,"2012-01-01","2012-12-31",2012-03-30,90,2012-05-14,45,1,0
"offset",14301,5758,28.057789,-82.424065,13,"FL",305,"Quercus","virginiana","live oak","Plantae",371,"Breaking leaf buds",4,"2012-01-01","2012-12-31",2012-12-06,341,2013-01-16,41,1,0
"offset",14301,5758,28.057789,-82.424065,13,"FL",305,"Quercus","virginiana","live oak","Plantae",371,"Breaking leaf buds",9,"2017-01-01","2017-12-31",2017-10-18,291,2017-10-24,6,4,0
"offset",14301,5758,28.057789,-82.424065,13,"FL",305,"Quercus","virginiana","live oak","Plantae",371,"Breaking leaf buds",11,"2019-01-01","2019-12-31",2019-03-29,88,2019-04-19,21,1,0
"offset",14301,5758,28.057789,-82.424065,13,"FL",305,"Quercus","virginiana","live oak","Plantae",501,"Open flowers",11,"2019-01-01","2019-12-31",2019-04-27,117,2019-09-10,136,1,0
"offset",14308,5758,28.057789,-82.424065,13,"FL",297,"Quercus","geminata","sand live oak","Plantae",371,"Breaking leaf buds",4,"2012-01-01","2012-12-31",2012-12-06,341,2013-01-16,41,1,0
"offset",14308,5758,28.057789,-82.424065,13,"FL",297,"Quercus","geminata","sand live oak","Plantae",371,"Breaking leaf buds",7,"2015-01-01","2015-12-31",2015-04-14,104,2016-01-28,289,1,0
"offset",14308,5758,28.057789,-82.424065,13,"FL",297,"Quercus","geminata","sand live oak","Plantae",371,"Breaking leaf buds",8,"2016-01-01","2016-12-31",2016-08-02,215,NA,NA,1,0
"offset",14308,5758,28.057789,-82.424065,13,"FL",297,"Quercus","geminata","sand live oak","Plantae",371,"Breaking leaf buds",9,"2017-01-01","2017-12-31",2017-10-31,304,2017-11-07,7,1,0
"offset",14308,5758,28.057789,-82.424065,13,"FL",297,"Quercus","geminata","sand live oak","Plantae",371,"Breaking leaf buds",11,"2019-01-01","2019-12-31",2019-04-27,117,2019-09-10,136,2,0
"offset",14308,5758,28.057789,-82.424065,13,"FL",297,"Quercus","geminata","sand live oak","Plantae",501,"Open flowers",7,"2015-01-01","2015-12-31",2015-04-14,104,2016-01-28,289,1,0
"offset",16176,6144,27.800741,-82.757439,3,"FL",305,"Quercus","virginiana","live oak","Plantae",371,"Breaking leaf buds",5,"2013-01-01","2013-12-31",2013-02-14,45,NA,NA,1,0
"offset",16176,6144,27.800741,-82.757439,3,"FL",305,"Quercus","virginiana","live oak","Plantae",501,"Open flowers",5,"2013-01-01","2013-12-31",2013-02-14,45,NA,NA,1,0
"offset",16239,6160,27.780294,-82.780289,-1,"FL",305,"Quercus","virginiana","live oak","Plantae",371,"Breaking leaf buds",5,"2013-01-01","2013-12-31",2013-02-26,57,NA,NA,1,0
"offset",16311,6173,44.933666,-93.134766,273,"MN",101,"Quercus","macrocarpa","bur oak","Plantae",371,"Breaking leaf buds",4,"2012-01-01","2012-12-31",2012-05-16,137,2012-05-23,7,1,0
"offset",16311,6173,44.933666,-93.134766,273,"MN",101,"Quercus","macrocarpa","bur oak","Plantae",371,"Breaking leaf buds",5,"2013-01-01","2013-12-31",2013-06-14,165,2013-07-03,19,1,0
"offset",16311,6173,44.933666,-93.134766,273,"MN",101,"Quercus","macrocarpa","bur oak","Plantae",501,"Open flowers",4,"2012-01-01","2012-12-31",2012-04-24,115,2012-09-05,134,1,0
"offset",16312,6173,44.933666,-93.134766,273,"MN",101,"Quercus","macrocarpa","bur oak","Plantae",371,"Breaking leaf buds",4,"2012-01-01","2012-12-31",2012-05-16,137,2012-05-23,7,1,0
"offset",16312,6173,44.933666,-93.134766,273,"MN",101,"Quercus","macrocarpa","bur oak","Plantae",371,"Breaking leaf buds",5,"2013-01-01","2013-12-31",2013-06-14,165,2013-07-12,28,1,0
"offset",16312,6173,44.933666,-93.134766,273,"MN",101,"Quercus","macrocarpa","bur oak","Plantae",501,"Open flowers",4,"2012-01-01","2012-12-31",2012-04-24,115,2012-05-23,29,1,0
"offset",16513,5151,41.341278,-88.297935,161,"IL",101,"Quercus","macrocarpa","bur oak","Plantae",371,"Breaking leaf buds",4,"2012-01-01","2012-12-31",2012-03-25,85,2015-04-13,1114,1,0
"offset",16513,5151,41.341278,-88.297935,161,"IL",101,"Quercus","macrocarpa","bur oak","Plantae",371,"Breaking leaf buds",7,"2015-01-01","2015-12-31",2015-04-19,109,2016-03-22,338,1,0
"offset",17128,5994,41.372311,-81.918243,237,"OH",100,"Quercus","alba","white oak","Plantae",371,"Breaking leaf buds",4,"2012-01-01","2012-12-31",2012-03-28,88,2012-04-15,18,1,0
"offset",17133,5174,37.538078,-77.554939,75,"VA",100,"Quercus","alba","white oak","Plantae",371,"Breaking leaf buds",4,"2012-01-01","2012-12-31",2012-03-21,81,2012-03-25,4,1,0
"offset",17133,5174,37.538078,-77.554939,75,"VA",100,"Quercus","alba","white oak","Plantae",371,"Breaking leaf buds",6,"2014-01-01","2014-12-31",2014-04-05,95,NA,NA,1,0
"offset",17133,5174,37.538078,-77.554939,75,"VA",100,"Quercus","alba","white oak","Plantae",501,"Open flowers",4,"2012-01-01","2012-12-31",2012-03-21,81,2012-03-25,4,1,0
"offset",17713,6339,34.054062,-83.123123,200,"GA",100,"Quercus","alba","white oak","Plantae",371,"Breaking leaf buds",4,"2012-01-01","2012-12-31",2012-04-11,102,2012-04-18,7,2,0
"offset",17713,6339,34.054062,-83.123123,200,"GA",100,"Quercus","alba","white oak","Plantae",371,"Breaking leaf buds",5,"2013-01-01","2013-12-31",2013-04-16,106,2013-04-21,5,1,0
"offset",17713,6339,34.054062,-83.123123,200,"GA",100,"Quercus","alba","white oak","Plantae",371,"Breaking leaf buds",6,"2014-01-01","2014-12-31",2014-04-27,117,2014-05-03,6,1,0
"offset",17713,6339,34.054062,-83.123123,200,"GA",100,"Quercus","alba","white oak","Plantae",371,"Breaking leaf buds",7,"2015-01-01","2015-12-31",2015-04-11,101,NA,NA,1,0
"offset",19366,6519,29.513208,-98.915482,315,"TX",305,"Quercus","virginiana","live oak","Plantae",501,"Open flowers",4,"2012-01-01","2012-12-31",2012-03-31,91,2012-04-14,14,1,0
"offset",19492,6285,40.700958,-89.619469,159,"IL",101,"Quercus","macrocarpa","bur oak","Plantae",371,"Breaking leaf buds",4,"2012-01-01","2012-12-31",2012-03-16,76,2012-04-13,28,1,0
"offset",19559,6557,35.178806,-97.447266,346,"OK",101,"Quercus","macrocarpa","bur oak","Plantae",371,"Breaking leaf buds",4,"2012-01-01","2012-12-31",2012-04-05,96,2012-04-10,5,1,0
"offset",20259,5821,41.837933,-69.971687,12,"MA",100,"Quercus","alba","white oak","Plantae",371,"Breaking leaf buds",4,"2012-01-01","2012-12-31",2012-05-17,138,2012-05-21,4,2,0
"offset",20260,5821,41.837933,-69.971687,12,"MA",100,"Quercus","alba","white oak","Plantae",371,"Breaking leaf buds",4,"2012-01-01","2012-12-31",2012-05-24,145,2012-05-28,4,3,0
"offset",20261,5821,41.837933,-69.971687,12,"MA",100,"Quercus","alba","white oak","Plantae",371,"Breaking leaf buds",4,"2012-01-01","2012-12-31",2012-05-24,145,2012-05-28,4,2,0
"offset",20263,6472,41.909195,-69.980156,10,"MA",100,"Quercus","alba","white oak","Plantae",371,"Breaking leaf buds",4,"2012-01-01","2012-12-31",2012-05-04,125,2012-05-07,3,2,0
"offset",20263,6472,41.909195,-69.980156,10,"MA",100,"Quercus","alba","white oak","Plantae",501,"Open flowers",4,"2012-01-01","2012-12-31",2012-04-27,118,2012-04-30,3,1,0
"offset",20264,6472,41.909195,-69.980156,10,"MA",100,"Quercus","alba","white oak","Plantae",371,"Breaking leaf buds",4,"2012-01-01","2012-12-31",2012-05-14,135,2012-05-21,7,2,0
"offset",20265,6472,41.909195,-69.980156,10,"MA",100,"Quercus","alba","white oak","Plantae",371,"Breaking leaf buds",4,"2012-01-01","2012-12-31",2012-05-07,128,2012-05-14,7,2,0
"offset",20265,6472,41.909195,-69.980156,10,"MA",100,"Quercus","alba","white oak","Plantae",501,"Open flowers",4,"2012-01-01","2012-12-31",2012-05-21,142,2012-05-26,5,2,0
"offset",20651,6557,35.178806,-97.447266,346,"OK",101,"Quercus","macrocarpa","bur oak","Plantae",371,"Breaking leaf buds",4,"2012-01-01","2012-12-31",2012-04-10,101,NA,NA,1,0
"offset",20652,6557,35.178806,-97.447266,346,"OK",101,"Quercus","macrocarpa","bur oak","Plantae",371,"Breaking leaf buds",4,"2012-01-01","2012-12-31",2012-04-05,96,2012-04-10,5,1,0
"offset",22677,6538,35.179302,-97.446976,346,"OK",101,"Quercus","macrocarpa","bur oak","Plantae",371,"Breaking leaf buds",4,"2012-01-01","2012-12-31",2012-03-17,77,2012-04-10,24,1,0
"offset",22993,6629,35.203251,-85.916466,543,"TN",100,"Quercus","alba","white oak","Plantae",371,"Breaking leaf buds",4,"2012-01-01","2012-12-31",2012-04-06,97,NA,NA,1,0
"offset",22993,6629,35.203251,-85.916466,543,"TN",100,"Quercus","alba","white oak","Plantae",501,"Open flowers",4,"2012-01-01","2012-12-31",2012-04-06,97,NA,NA,1,0
"offset",22994,6629,35.203251,-85.916466,543,"TN",100,"Quercus","alba","white oak","Plantae",371,"Breaking leaf buds",4,"2012-01-01","2012-12-31",2012-04-06,97,NA,NA,1,0
"offset",22994,6629,35.203251,-85.916466,543,"TN",100,"Quercus","alba","white oak","Plantae",501,"Open flowers",4,"2012-01-01","2012-12-31",2012-04-06,97,NA,NA,1,0
"offset",22998,6630,35.200981,-85.921654,539,"TN",100,"Quercus","alba","white oak","Plantae",371,"Breaking leaf buds",4,"2012-01-01","2012-12-31",2012-04-06,97,NA,NA,1,0
"offset",22998,6630,35.200981,-85.921654,539,"TN",100,"Quercus","alba","white oak","Plantae",501,"Open flowers",4,"2012-01-01","2012-12-31",2012-04-06,97,NA,NA,1,0
"offset",22999,6630,35.200981,-85.921654,539,"TN",100,"Quercus","alba","white oak","Plantae",371,"Breaking leaf buds",4,"2012-01-01","2012-12-31",2012-04-06,97,NA,NA,1,0
"offset",22999,6630,35.200981,-85.921654,539,"TN",100,"Quercus","alba","white oak","Plantae",501,"Open flowers",4,"2012-01-01","2012-12-31",2012-04-06,97,NA,NA,1,0
"offset",23669,8253,40.672852,-111.969254,1333,"UT",101,"Quercus","macrocarpa","bur oak","Plantae",371,"Breaking leaf buds",4,"2012-01-01","2012-12-31",2012-04-24,115,2012-05-01,7,1,0
"offset",23669,8253,40.672852,-111.969254,1333,"UT",101,"Quercus","macrocarpa","bur oak","Plantae",371,"Breaking leaf buds",5,"2013-01-01","2013-12-31",2013-04-07,97,NA,NA,1,0
"offset",23669,8253,40.672852,-111.969254,1333,"UT",101,"Quercus","macrocarpa","bur oak","Plantae",371,"Breaking leaf buds",6,"2014-01-01","2014-12-31",2014-04-18,108,2014-04-23,5,1,0
"offset",23669,8253,40.672852,-111.969254,1333,"UT",101,"Quercus","macrocarpa","bur oak","Plantae",371,"Breaking leaf buds",7,"2015-01-01","2015-12-31",2015-04-18,108,2015-04-30,12,1,0
"offset",23669,8253,40.672852,-111.969254,1333,"UT",101,"Quercus","macrocarpa","bur oak","Plantae",371,"Breaking leaf buds",8,"2016-01-01","2016-12-31",2016-04-22,113,2016-05-08,16,1,0
"offset",23669,8253,40.672852,-111.969254,1333,"UT",101,"Quercus","macrocarpa","bur oak","Plantae",371,"Breaking leaf buds",9,"2017-01-01","2017-12-31",2017-04-17,107,2017-04-30,13,1,0
"offset",23669,8253,40.672852,-111.969254,1333,"UT",101,"Quercus","macrocarpa","bur oak","Plantae",371,"Breaking leaf buds",10,"2018-01-01","2018-12-31",2018-04-22,112,2018-04-25,3,1,0
"offset",23669,8253,40.672852,-111.969254,1333,"UT",101,"Quercus","macrocarpa","bur oak","Plantae",371,"Breaking leaf buds",11,"2019-01-01","2019-12-31",2019-04-19,109,2019-04-21,2,1,0
"offset",23669,8253,40.672852,-111.969254,1333,"UT",101,"Quercus","macrocarpa","bur oak","Plantae",371,"Breaking leaf buds",12,"2020-01-01","2020-12-31",2020-04-28,119,2020-05-09,11,1,0
"offset",23669,8253,40.672852,-111.969254,1333,"UT",101,"Quercus","macrocarpa","bur oak","Plantae",371,"Breaking leaf buds",13,"2021-01-01","2021-12-31",2021-04-22,112,2021-05-04,12,1,0
"offset",23669,8253,40.672852,-111.969254,1333,"UT",101,"Quercus","macrocarpa","bur oak","Plantae",371,"Breaking leaf buds",14,"2022-01-01","2022-12-31",2022-04-28,118,2022-06-17,50,1,0
"offset",23669,8253,40.672852,-111.969254,1333,"UT",101,"Quercus","macrocarpa","bur oak","Plantae",371,"Breaking leaf buds",15,"2023-01-01","2023-12-31",2023-04-30,120,2023-05-03,3,1,0
"offset",23669,8253,40.672852,-111.969254,1333,"UT",101,"Quercus","macrocarpa","bur oak","Plantae",371,"Breaking leaf buds",16,"2024-01-01","2024-12-31",2024-04-18,109,2024-04-24,6,1,0
"offset",23669,8253,40.672852,-111.969254,1333,"UT",101,"Quercus","macrocarpa","bur oak","Plantae",371,"Breaking leaf buds",17,"2025-01-01","2025-12-31",2025-04-17,107,2025-04-27,10,1,0
"offset",23669,8253,40.672852,-111.969254,1333,"UT",101,"Quercus","macrocarpa","bur oak","Plantae",501,"Open flowers",10,"2018-01-01","2018-12-31",2018-04-29,119,2018-05-14,15,1,0
"offset",23669,8253,40.672852,-111.969254,1333,"UT",101,"Quercus","macrocarpa","bur oak","Plantae",501,"Open flowers",13,"2021-01-01","2021-12-31",2021-05-11,131,2021-06-09,29,1,0
"offset",23669,8253,40.672852,-111.969254,1333,"UT",101,"Quercus","macrocarpa","bur oak","Plantae",501,"Open flowers",15,"2023-01-01","2023-12-31",2023-05-10,130,2023-06-22,43,1,0
"offset",23669,8253,40.672852,-111.969254,1333,"UT",101,"Quercus","macrocarpa","bur oak","Plantae",501,"Open flowers",16,"2024-01-01","2024-12-31",2024-04-24,115,2025-03-11,321,1,0
"offset",23669,8253,40.672852,-111.969254,1333,"UT",101,"Quercus","macrocarpa","bur oak","Plantae",501,"Open flowers",17,"2025-01-01","2025-12-31",2025-05-01,121,NA,NA,1,0
"offset",24171,8320,36.275803,-83.838577,351,"TN",100,"Quercus","alba","white oak","Plantae",371,"Breaking leaf buds",4,"2012-01-01","2012-12-31",2012-04-17,108,NA,NA,1,0
"offset",24417,8371,28.345505,-82.609047,13,"FL",305,"Quercus","virginiana","live oak","Plantae",371,"Breaking leaf buds",4,"2012-01-01","2012-12-31",2012-04-27,118,NA,NA,1,0
"offset",24418,8371,28.345505,-82.609047,13,"FL",305,"Quercus","virginiana","live oak","Plantae",371,"Breaking leaf buds",4,"2012-01-01","2012-12-31",2012-04-27,118,NA,NA,1,0
"offset",24659,8371,28.345505,-82.609047,13,"FL",305,"Quercus","virginiana","live oak","Plantae",371,"Breaking leaf buds",4,"2012-01-01","2012-12-31",2012-04-15,106,NA,NA,1,0
"offset",24782,8386,35.179722,-97.445724,346,"OK",101,"Quercus","macrocarpa","bur oak","Plantae",371,"Breaking leaf buds",4,"2012-01-01","2012-12-31",2012-03-27,87,NA,NA,1,0
"offset",24783,8386,35.179722,-97.445724,346,"OK",101,"Quercus","macrocarpa","bur oak","Plantae",371,"Breaking leaf buds",4,"2012-01-01","2012-12-31",2012-03-27,87,NA,NA,1,0
"offset",24784,8386,35.179722,-97.445724,346,"OK",101,"Quercus","macrocarpa","bur oak","Plantae",371,"Breaking leaf buds",4,"2012-01-01","2012-12-31",2012-03-27,87,NA,NA,1,0
"offset",24796,6640,35.179417,-97.447594,346,"OK",305,"Quercus","virginiana","live oak","Plantae",371,"Breaking leaf buds",4,"2012-01-01","2012-12-31",2012-04-10,101,NA,NA,1,0
"offset",24809,6640,35.179417,-97.447594,346,"OK",101,"Quercus","macrocarpa","bur oak","Plantae",371,"Breaking leaf buds",4,"2012-01-01","2012-12-31",2012-04-10,101,NA,NA,1,0
"offset",24852,6640,35.179417,-97.447594,346,"OK",101,"Quercus","macrocarpa","bur oak","Plantae",371,"Breaking leaf buds",4,"2012-01-01","2012-12-31",2012-04-10,101,NA,NA,1,0
"offset",24970,6592,35.222569,-97.439476,354,"OK",100,"Quercus","alba","white oak","Plantae",371,"Breaking leaf buds",4,"2012-01-01","2012-12-31",2012-03-24,84,NA,NA,1,0
"offset",24987,6592,35.222569,-97.439476,354,"OK",101,"Quercus","macrocarpa","bur oak","Plantae",371,"Breaking leaf buds",4,"2012-01-01","2012-12-31",2012-03-24,84,NA,NA,1,0
"offset",24990,6592,35.222569,-97.439476,354,"OK",101,"Quercus","macrocarpa","bur oak","Plantae",371,"Breaking leaf buds",4,"2012-01-01","2012-12-31",2012-03-24,84,NA,NA,1,0
"offset",25010,6592,35.222569,-97.439476,354,"OK",100,"Quercus","alba","white oak","Plantae",371,"Breaking leaf buds",4,"2012-01-01","2012-12-31",2012-03-24,84,NA,NA,1,0
"offset",25039,6641,35.179497,-97.446884,346,"OK",101,"Quercus","macrocarpa","bur oak","Plantae",371,"Breaking leaf buds",4,"2012-01-01","2012-12-31",2012-03-03,63,NA,NA,1,0
"offset",25040,6641,35.179497,-97.446884,346,"OK",101,"Quercus","macrocarpa","bur oak","Plantae",371,"Breaking leaf buds",4,"2012-01-01","2012-12-31",2012-03-03,63,NA,NA,1,0
"offset",25041,6641,35.179497,-97.446884,346,"OK",100,"Quercus","alba","white oak","Plantae",371,"Breaking leaf buds",4,"2012-01-01","2012-12-31",2012-03-03,63,NA,NA,1,0
"offset",25042,6641,35.179497,-97.446884,346,"OK",100,"Quercus","alba","white oak","Plantae",371,"Breaking leaf buds",4,"2012-01-01","2012-12-31",2012-03-03,63,NA,NA,1,0
"offset",25050,8396,35.180058,-97.446617,346,"OK",101,"Quercus","macrocarpa","bur oak","Plantae",371,"Breaking leaf buds",4,"2012-01-01","2012-12-31",2012-03-28,88,NA,NA,1,0
"offset",25052,8396,35.180058,-97.446617,346,"OK",101,"Quercus","macrocarpa","bur oak","Plantae",371,"Breaking leaf buds",4,"2012-01-01","2012-12-31",2012-03-28,88,NA,NA,1,0
"offset",25369,1447,42.176537,-85.892448,234,"MI",100,"Quercus","alba","white oak","Plantae",371,"Breaking leaf buds",4,"2012-01-01","2012-12-31",2012-04-21,112,2012-05-05,14,1,0
"offset",25369,1447,42.176537,-85.892448,234,"MI",100,"Quercus","alba","white oak","Plantae",371,"Breaking leaf buds",5,"2013-01-01","2013-12-31",2013-05-12,132,2013-05-19,7,1,0
"offset",25369,1447,42.176537,-85.892448,234,"MI",100,"Quercus","alba","white oak","Plantae",371,"Breaking leaf buds",6,"2014-01-01","2014-12-31",2014-05-10,130,2016-02-07,638,1,0
"offset",25369,1447,42.176537,-85.892448,234,"MI",100,"Quercus","alba","white oak","Plantae",371,"Breaking leaf buds",8,"2016-01-01","2016-12-31",2016-05-15,136,2016-05-22,7,1,0
"offset",25369,1447,42.176537,-85.892448,234,"MI",100,"Quercus","alba","white oak","Plantae",371,"Breaking leaf buds",9,"2017-01-01","2017-12-31",2017-05-09,129,2018-01-07,243,1,0
"offset",25513,8440,42.283279,-83.771729,284,"MI",100,"Quercus","alba","white oak","Plantae",371,"Breaking leaf buds",4,"2012-01-01","2012-12-31",2012-05-01,122,2012-05-06,5,1,0
"offset",25513,8440,42.283279,-83.771729,284,"MI",100,"Quercus","alba","white oak","Plantae",371,"Breaking leaf buds",5,"2013-01-01","2013-12-31",2013-05-04,124,2013-05-11,7,1,0
"offset",25513,8440,42.283279,-83.771729,284,"MI",100,"Quercus","alba","white oak","Plantae",371,"Breaking leaf buds",6,"2014-01-01","2014-12-31",2014-05-13,133,2014-05-22,9,1,0
"offset",25513,8440,42.283279,-83.771729,284,"MI",100,"Quercus","alba","white oak","Plantae",371,"Breaking leaf buds",7,"2015-01-01","2015-12-31",2015-05-15,135,2015-05-20,5,1,0
"offset",25513,8440,42.283279,-83.771729,284,"MI",100,"Quercus","alba","white oak","Plantae",371,"Breaking leaf buds",8,"2016-01-01","2016-12-31",2016-05-15,136,2016-05-21,6,1,0
"offset",25513,8440,42.283279,-83.771729,284,"MI",100,"Quercus","alba","white oak","Plantae",371,"Breaking leaf buds",9,"2017-01-01","2017-12-31",2017-05-19,139,2017-05-28,9,1,0
"offset",25513,8440,42.283279,-83.771729,284,"MI",100,"Quercus","alba","white oak","Plantae",371,"Breaking leaf buds",10,"2018-01-01","2018-12-31",2018-05-17,137,2018-05-22,5,1,0
"offset",25513,8440,42.283279,-83.771729,284,"MI",100,"Quercus","alba","white oak","Plantae",371,"Breaking leaf buds",11,"2019-01-01","2019-12-31",2019-05-17,137,2019-05-22,5,1,0
"offset",25513,8440,42.283279,-83.771729,284,"MI",100,"Quercus","alba","white oak","Plantae",371,"Breaking leaf buds",12,"2020-01-01","2020-12-31",2020-05-21,142,2020-06-02,12,1,0
"offset",25513,8440,42.283279,-83.771729,284,"MI",100,"Quercus","alba","white oak","Plantae",371,"Breaking leaf buds",13,"2021-01-01","2021-12-31",2021-05-08,128,2021-05-13,5,1,0
"offset",25513,8440,42.283279,-83.771729,284,"MI",100,"Quercus","alba","white oak","Plantae",371,"Breaking leaf buds",14,"2022-01-01","2022-12-31",2022-05-11,131,2022-05-19,8,1,0
"offset",25513,8440,42.283279,-83.771729,284,"MI",100,"Quercus","alba","white oak","Plantae",371,"Breaking leaf buds",15,"2023-01-01","2023-12-31",2023-05-07,127,2023-05-14,7,1,0
"offset",25663,8460,43.09248,-73.591904,66,"NY",100,"Quercus","alba","white oak","Plantae",371,"Breaking leaf buds",4,"2012-01-01","2012-12-31",2012-04-19,110,2012-04-24,5,1,0
"offset",25663,8460,43.09248,-73.591904,66,"NY",100,"Quercus","alba","white oak","Plantae",371,"Breaking leaf buds",5,"2013-01-01","2013-12-31",2013-05-09,129,2013-05-13,4,1,0
"offset",25663,8460,43.09248,-73.591904,66,"NY",100,"Quercus","alba","white oak","Plantae",371,"Breaking leaf buds",6,"2014-01-01","2014-12-31",2014-05-15,135,2014-05-19,4,1,0
"offset",25663,8460,43.09248,-73.591904,66,"NY",100,"Quercus","alba","white oak","Plantae",371,"Breaking leaf buds",7,"2015-01-01","2015-12-31",2015-05-14,134,2015-05-19,5,1,0
"offset",25663,8460,43.09248,-73.591904,66,"NY",100,"Quercus","alba","white oak","Plantae",371,"Breaking leaf buds",8,"2016-01-01","2016-12-31",2016-05-03,124,2016-05-16,13,1,0
"offset",25663,8460,43.09248,-73.591904,66,"NY",100,"Quercus","alba","white oak","Plantae",371,"Breaking leaf buds",9,"2017-01-01","2017-12-31",2017-05-02,122,2017-05-08,6,1,0
"offset",25663,8460,43.09248,-73.591904,66,"NY",100,"Quercus","alba","white oak","Plantae",371,"Breaking leaf buds",10,"2018-01-01","2018-12-31",2018-05-21,141,2018-06-07,17,1,0
"offset",25663,8460,43.09248,-73.591904,66,"NY",100,"Quercus","alba","white oak","Plantae",371,"Breaking leaf buds",11,"2019-01-01","2019-12-31",2019-05-09,129,2019-05-13,4,1,0
"offset",25663,8460,43.09248,-73.591904,66,"NY",100,"Quercus","alba","white oak","Plantae",371,"Breaking leaf buds",13,"2021-01-01","2021-12-31",2021-05-12,132,2021-05-20,8,1,0
"offset",25663,8460,43.09248,-73.591904,66,"NY",100,"Quercus","alba","white oak","Plantae",371,"Breaking leaf buds",14,"2022-01-01","2022-12-31",2022-05-05,125,2022-05-11,6,1,0
"offset",25663,8460,43.09248,-73.591904,66,"NY",100,"Quercus","alba","white oak","Plantae",371,"Breaking leaf buds",15,"2023-01-01","2023-12-31",2023-05-02,122,2023-05-08,6,1,0
"offset",25663,8460,43.09248,-73.591904,66,"NY",100,"Quercus","alba","white oak","Plantae",371,"Breaking leaf buds",16,"2024-01-01","2024-12-31",2024-04-29,120,2024-05-08,9,1,0
"offset",25663,8460,43.09248,-73.591904,66,"NY",100,"Quercus","alba","white oak","Plantae",371,"Breaking leaf buds",18,"2026-01-01","2026-12-31",2026-05-04,124,2026-05-21,17,1,0
"offset",25663,8460,43.09248,-73.591904,66,"NY",100,"Quercus","alba","white oak","Plantae",501,"Open flowers",4,"2012-01-01","2012-12-31",2012-05-16,137,2012-06-06,21,1,0
"offset",25663,8460,43.09248,-73.591904,66,"NY",100,"Quercus","alba","white oak","Plantae",501,"Open flowers",5,"2013-01-01","2013-12-31",2013-05-23,143,2013-05-28,5,1,0
"offset",25663,8460,43.09248,-73.591904,66,"NY",100,"Quercus","alba","white oak","Plantae",501,"Open flowers",6,"2014-01-01","2014-12-31",2014-05-21,141,2014-06-03,13,1,0
"offset",25663,8460,43.09248,-73.591904,66,"NY",100,"Quercus","alba","white oak","Plantae",501,"Open flowers",7,"2015-01-01","2015-12-31",2015-05-26,146,2015-06-02,7,1,0
"offset",25663,8460,43.09248,-73.591904,66,"NY",100,"Quercus","alba","white oak","Plantae",501,"Open flowers",8,"2016-01-01","2016-12-31",2016-05-16,137,2016-06-06,21,1,0
"offset",25663,8460,43.09248,-73.591904,66,"NY",100,"Quercus","alba","white oak","Plantae",501,"Open flowers",9,"2017-01-01","2017-12-31",2017-05-30,150,2017-06-05,6,1,0
"offset",25663,8460,43.09248,-73.591904,66,"NY",100,"Quercus","alba","white oak","Plantae",501,"Open flowers",13,"2021-01-01","2021-12-31",2021-05-26,146,2021-06-03,8,2,0
"offset",25663,8460,43.09248,-73.591904,66,"NY",100,"Quercus","alba","white oak","Plantae",501,"Open flowers",14,"2022-01-01","2022-12-31",2022-05-26,146,2022-06-08,13,1,0
"offset",25663,8460,43.09248,-73.591904,66,"NY",100,"Quercus","alba","white oak","Plantae",501,"Open flowers",15,"2023-01-01","2023-12-31",2023-05-17,137,2023-06-01,15,1,0
"offset",25663,8460,43.09248,-73.591904,66,"NY",100,"Quercus","alba","white oak","Plantae",501,"Open flowers",17,"2025-01-01","2025-12-31",2025-05-12,132,2025-05-28,16,1,0
"offset",25663,8460,43.09248,-73.591904,66,"NY",100,"Quercus","alba","white oak","Plantae",501,"Open flowers",18,"2026-01-01","2026-12-31",2026-05-21,141,NA,NA,1,0
"offset",25664,8460,43.09248,-73.591904,66,"NY",100,"Quercus","alba","white oak","Plantae",371,"Breaking leaf buds",4,"2012-01-01","2012-12-31",2012-04-19,110,2012-04-24,5,1,0
"offset",25664,8460,43.09248,-73.591904,66,"NY",100,"Quercus","alba","white oak","Plantae",371,"Breaking leaf buds",5,"2013-01-01","2013-12-31",2013-05-06,126,2013-05-09,3,1,0
"offset",25664,8460,43.09248,-73.591904,66,"NY",100,"Quercus","alba","white oak","Plantae",371,"Breaking leaf buds",6,"2014-01-01","2014-12-31",2014-05-12,132,2014-05-15,3,1,0
"offset",25664,8460,43.09248,-73.591904,66,"NY",100,"Quercus","alba","white oak","Plantae",371,"Breaking leaf buds",7,"2015-01-01","2015-12-31",2015-05-04,124,2015-05-14,10,1,0
"offset",25664,8460,43.09248,-73.591904,66,"NY",100,"Quercus","alba","white oak","Plantae",371,"Breaking leaf buds",8,"2016-01-01","2016-12-31",2016-05-03,124,2016-05-16,13,1,0
"offset",25664,8460,43.09248,-73.591904,66,"NY",100,"Quercus","alba","white oak","Plantae",371,"Breaking leaf buds",9,"2017-01-01","2017-12-31",2017-05-02,122,2017-05-08,6,1,0
"offset",25664,8460,43.09248,-73.591904,66,"NY",100,"Quercus","alba","white oak","Plantae",371,"Breaking leaf buds",10,"2018-01-01","2018-12-31",2018-05-21,141,2018-06-07,17,1,0
"offset",25664,8460,43.09248,-73.591904,66,"NY",100,"Quercus","alba","white oak","Plantae",371,"Breaking leaf buds",11,"2019-01-01","2019-12-31",2019-05-09,129,2019-05-13,4,1,0
"offset",25664,8460,43.09248,-73.591904,66,"NY",100,"Quercus","alba","white oak","Plantae",371,"Breaking leaf buds",13,"2021-01-01","2021-12-31",2021-05-05,125,2021-05-12,7,1,0
"offset",25664,8460,43.09248,-73.591904,66,"NY",100,"Quercus","alba","white oak","Plantae",371,"Breaking leaf buds",14,"2022-01-01","2022-12-31",2022-05-05,125,2022-05-11,6,1,0
"offset",25664,8460,43.09248,-73.591904,66,"NY",100,"Quercus","alba","white oak","Plantae",371,"Breaking leaf buds",15,"2023-01-01","2023-12-31",2023-04-26,116,2023-05-02,6,1,0
"offset",25664,8460,43.09248,-73.591904,66,"NY",100,"Quercus","alba","white oak","Plantae",371,"Breaking leaf buds",16,"2024-01-01","2024-12-31",2024-04-29,120,2024-05-08,9,1,0
"offset",25664,8460,43.09248,-73.591904,66,"NY",100,"Quercus","alba","white oak","Plantae",371,"Breaking leaf buds",18,"2026-01-01","2026-12-31",2026-05-04,124,2026-05-21,17,1,0
"offset",25664,8460,43.09248,-73.591904,66,"NY",100,"Quercus","alba","white oak","Plantae",501,"Open flowers",4,"2012-01-01","2012-12-31",2012-05-16,137,2012-06-06,21,1,0
"offset",25664,8460,43.09248,-73.591904,66,"NY",100,"Quercus","alba","white oak","Plantae",501,"Open flowers",5,"2013-01-01","2013-12-31",2013-05-23,143,2013-05-28,5,1,0
"offset",25664,8460,43.09248,-73.591904,66,"NY",100,"Quercus","alba","white oak","Plantae",501,"Open flowers",6,"2014-01-01","2014-12-31",2014-05-21,141,2014-06-03,13,1,0
"offset",25664,8460,43.09248,-73.591904,66,"NY",100,"Quercus","alba","white oak","Plantae",501,"Open flowers",7,"2015-01-01","2015-12-31",2015-05-26,146,2015-06-02,7,1,0
"offset",25664,8460,43.09248,-73.591904,66,"NY",100,"Quercus","alba","white oak","Plantae",501,"Open flowers",8,"2016-01-01","2016-12-31",2016-05-16,137,2016-06-06,21,1,0
"offset",25664,8460,43.09248,-73.591904,66,"NY",100,"Quercus","alba","white oak","Plantae",501,"Open flowers",9,"2017-01-01","2017-12-31",2017-05-30,150,2017-06-05,6,1,0
"offset",25664,8460,43.09248,-73.591904,66,"NY",100,"Quercus","alba","white oak","Plantae",501,"Open flowers",13,"2021-01-01","2021-12-31",2021-05-20,140,2021-05-26,6,1,0
"offset",25664,8460,43.09248,-73.591904,66,"NY",100,"Quercus","alba","white oak","Plantae",501,"Open flowers",15,"2023-01-01","2023-12-31",2023-05-17,137,2023-06-01,15,1,0
"offset",25664,8460,43.09248,-73.591904,66,"NY",100,"Quercus","alba","white oak","Plantae",501,"Open flowers",17,"2025-01-01","2025-12-31",2025-05-12,132,2025-05-28,16,1,0
"offset",25664,8460,43.09248,-73.591904,66,"NY",100,"Quercus","alba","white oak","Plantae",501,"Open flowers",18,"2026-01-01","2026-12-31",2026-05-21,141,NA,NA,1,0
"offset",25949,8495,42.020241,-73.908508,49,"NY",100,"Quercus","alba","white oak","Plantae",371,"Breaking leaf buds",4,"2012-01-01","2012-12-31",2012-04-16,107,2012-04-23,7,1,0
"offset",25949,8495,42.020241,-73.908508,49,"NY",100,"Quercus","alba","white oak","Plantae",501,"Open flowers",4,"2012-01-01","2012-12-31",2012-04-23,114,2012-05-06,13,1,0
"offset",25993,8496,46.328629,-96.061256,393,"MN",101,"Quercus","macrocarpa","bur oak","Plantae",371,"Breaking leaf buds",4,"2012-01-01","2012-12-31",2012-05-11,132,2012-05-28,17,1,0
"offset",25993,8496,46.328629,-96.061256,393,"MN",101,"Quercus","macrocarpa","bur oak","Plantae",371,"Breaking leaf buds",5,"2013-01-01","2013-12-31",2013-05-20,140,2013-05-23,3,2,0
"offset",25993,8496,46.328629,-96.061256,393,"MN",101,"Quercus","macrocarpa","bur oak","Plantae",371,"Breaking leaf buds",7,"2015-01-01","2015-12-31",2015-05-01,121,2015-05-07,6,1,0
"offset",25993,8496,46.328629,-96.061256,393,"MN",101,"Quercus","macrocarpa","bur oak","Plantae",371,"Breaking leaf buds",9,"2017-01-01","2017-12-31",2017-05-03,123,2017-05-07,4,1,0
"offset",25993,8496,46.328629,-96.061256,393,"MN",101,"Quercus","macrocarpa","bur oak","Plantae",371,"Breaking leaf buds",10,"2018-01-01","2018-12-31",2018-05-10,130,2018-05-14,4,1,0
"offset",25993,8496,46.328629,-96.061256,393,"MN",101,"Quercus","macrocarpa","bur oak","Plantae",371,"Breaking leaf buds",11,"2019-01-01","2019-12-31",2019-05-18,138,2019-05-26,8,1,0
"offset",25993,8496,46.328629,-96.061256,393,"MN",101,"Quercus","macrocarpa","bur oak","Plantae",371,"Breaking leaf buds",12,"2020-01-01","2020-12-31",2020-05-16,137,2020-05-22,6,1,0
"offset",25993,8496,46.328629,-96.061256,393,"MN",101,"Quercus","macrocarpa","bur oak","Plantae",371,"Breaking leaf buds",13,"2021-01-01","2021-12-31",2021-05-11,131,2021-05-17,6,1,0
"offset",25993,8496,46.328629,-96.061256,393,"MN",101,"Quercus","macrocarpa","bur oak","Plantae",371,"Breaking leaf buds",14,"2022-01-01","2022-12-31",2022-05-12,132,2022-05-25,13,1,0
"offset",25993,8496,46.328629,-96.061256,393,"MN",101,"Quercus","macrocarpa","bur oak","Plantae",501,"Open flowers",4,"2012-01-01","2012-12-31",2012-05-11,132,2012-05-28,17,2,0
"offset",25993,8496,46.328629,-96.061256,393,"MN",101,"Quercus","macrocarpa","bur oak","Plantae",501,"Open flowers",5,"2013-01-01","2013-12-31",2013-06-07,158,2013-06-11,4,2,0
"offset",25993,8496,46.328629,-96.061256,393,"MN",101,"Quercus","macrocarpa","bur oak","Plantae",501,"Open flowers",6,"2014-01-01","2014-12-31",2014-06-02,153,2014-06-08,6,1,0
"offset",25993,8496,46.328629,-96.061256,393,"MN",101,"Quercus","macrocarpa","bur oak","Plantae",501,"Open flowers",7,"2015-01-01","2015-12-31",2015-05-16,136,2015-06-04,19,1,0
"offset",25993,8496,46.328629,-96.061256,393,"MN",101,"Quercus","macrocarpa","bur oak","Plantae",501,"Open flowers",8,"2016-01-01","2016-12-31",2016-05-20,141,2016-05-27,7,1,0
"offset",25993,8496,46.328629,-96.061256,393,"MN",101,"Quercus","macrocarpa","bur oak","Plantae",501,"Open flowers",10,"2018-01-01","2018-12-31",2018-05-31,151,2018-06-08,8,1,0
"offset",25993,8496,46.328629,-96.061256,393,"MN",101,"Quercus","macrocarpa","bur oak","Plantae",501,"Open flowers",11,"2019-01-01","2019-12-31",2019-05-31,151,2019-06-19,19,1,0
"offset",25993,8496,46.328629,-96.061256,393,"MN",101,"Quercus","macrocarpa","bur oak","Plantae",501,"Open flowers",12,"2020-01-01","2020-12-31",2020-05-27,148,2020-05-30,3,1,0
"offset",25993,8496,46.328629,-96.061256,393,"MN",101,"Quercus","macrocarpa","bur oak","Plantae",501,"Open flowers",13,"2021-01-01","2021-12-31",2021-05-22,142,2021-06-04,13,1,0
"offset",25993,8496,46.328629,-96.061256,393,"MN",101,"Quercus","macrocarpa","bur oak","Plantae",501,"Open flowers",14,"2022-01-01","2022-12-31",2022-06-02,153,2023-04-09,311,1,0
"offset",25993,8496,46.328629,-96.061256,393,"MN",101,"Quercus","macrocarpa","bur oak","Plantae",501,"Open flowers",15,"2023-01-01","2023-12-31",2023-05-29,149,2023-06-30,32,2,0
"offset",26102,6557,35.178806,-97.447266,346,"OK",101,"Quercus","macrocarpa","bur oak","Plantae",371,"Breaking leaf buds",4,"2012-01-01","2012-12-31",2012-04-10,101,NA,NA,1,0
"offset",29890,8898,35.688751,-83.501083,633,"TN",100,"Quercus","alba","white oak","Plantae",371,"Breaking leaf buds",7,"2015-01-01","2015-12-31",2015-08-14,226,2015-08-22,8,3,0
"offset",29890,8898,35.688751,-83.501083,633,"TN",100,"Quercus","alba","white oak","Plantae",371,"Breaking leaf buds",8,"2016-01-01","2016-12-31",2016-05-13,134,2016-07-13,61,1,0
"offset",29942,8903,35.463467,-83.433441,664,"NC",100,"Quercus","alba","white oak","Plantae",371,"Breaking leaf buds",6,"2014-01-01","2014-12-31",2014-06-18,169,2014-06-24,6,4,0
"offset",29942,8903,35.463467,-83.433441,664,"NC",100,"Quercus","alba","white oak","Plantae",371,"Breaking leaf buds",7,"2015-01-01","2015-12-31",2015-05-02,122,2015-05-16,14,1,0
"offset",29942,8903,35.463467,-83.433441,664,"NC",100,"Quercus","alba","white oak","Plantae",371,"Breaking leaf buds",8,"2016-01-01","2016-12-31",2016-05-01,122,2016-05-03,2,2,0
"offset",29942,8903,35.463467,-83.433441,664,"NC",100,"Quercus","alba","white oak","Plantae",371,"Breaking leaf buds",9,"2017-01-01","2017-12-31",2017-07-07,188,2018-03-28,264,1,0
"offset",29942,8903,35.463467,-83.433441,664,"NC",100,"Quercus","alba","white oak","Plantae",371,"Breaking leaf buds",10,"2018-01-01","2018-12-31",2018-05-26,146,2018-06-22,27,5,0
"offset",29942,8903,35.463467,-83.433441,664,"NC",100,"Quercus","alba","white oak","Plantae",371,"Breaking leaf buds",13,"2021-01-01","2021-12-31",2021-04-29,119,2021-05-05,6,1,0
"offset",29942,8903,35.463467,-83.433441,664,"NC",100,"Quercus","alba","white oak","Plantae",371,"Breaking leaf buds",14,"2022-01-01","2022-12-31",2022-04-23,113,2022-05-21,28,1,0
"offset",29942,8903,35.463467,-83.433441,664,"NC",100,"Quercus","alba","white oak","Plantae",501,"Open flowers",6,"2014-01-01","2014-12-31",2014-04-10,100,2014-04-13,3,1,0
"offset",33112,8806,35.640625,-83.689034,500,"TN",100,"Quercus","alba","white oak","Plantae",371,"Breaking leaf buds",5,"2013-01-01","2013-12-31",2013-05-28,148,2013-09-20,115,1,0
"offset",33112,8806,35.640625,-83.689034,500,"TN",100,"Quercus","alba","white oak","Plantae",371,"Breaking leaf buds",6,"2014-01-01","2014-12-31",2014-04-25,115,2014-04-29,4,1,0
"offset",33112,8806,35.640625,-83.689034,500,"TN",100,"Quercus","alba","white oak","Plantae",371,"Breaking leaf buds",8,"2016-01-01","2016-12-31",2016-04-20,111,2016-04-28,8,1,0
"offset",33112,8806,35.640625,-83.689034,500,"TN",100,"Quercus","alba","white oak","Plantae",371,"Breaking leaf buds",9,"2017-01-01","2017-12-31",2017-04-13,103,2017-04-21,8,1,0
"offset",33112,8806,35.640625,-83.689034,500,"TN",100,"Quercus","alba","white oak","Plantae",371,"Breaking leaf buds",13,"2021-01-01","2021-12-31",2021-04-16,106,2021-04-22,6,1,0
"offset",33112,8806,35.640625,-83.689034,500,"TN",100,"Quercus","alba","white oak","Plantae",371,"Breaking leaf buds",14,"2022-01-01","2022-12-31",2022-04-12,102,2022-04-21,9,1,0
"offset",33112,8806,35.640625,-83.689034,500,"TN",100,"Quercus","alba","white oak","Plantae",371,"Breaking leaf buds",15,"2023-01-01","2023-12-31",2023-04-04,94,2023-04-15,11,1,0
"offset",33112,8806,35.640625,-83.689034,500,"TN",100,"Quercus","alba","white oak","Plantae",371,"Breaking leaf buds",16,"2024-01-01","2024-12-31",2024-04-02,93,2024-04-12,10,1,0
"offset",33112,8806,35.640625,-83.689034,500,"TN",100,"Quercus","alba","white oak","Plantae",501,"Open flowers",3,"2011-01-01","2011-12-31",2011-04-21,111,2011-05-05,14,1,0
"offset",33160,9342,35.644516,-83.68988,500,"TN",100,"Quercus","alba","white oak","Plantae",371,"Breaking leaf buds",3,"2011-01-01","2011-12-31",2011-04-01,91,2011-11-12,225,1,0
"offset",33160,9342,35.644516,-83.68988,500,"TN",100,"Quercus","alba","white oak","Plantae",371,"Breaking leaf buds",6,"2014-01-01","2014-12-31",2014-04-12,102,2014-04-19,7,1,0
"offset",33160,9342,35.644516,-83.68988,500,"TN",100,"Quercus","alba","white oak","Plantae",371,"Breaking leaf buds",7,"2015-01-01","2015-12-31",2015-04-11,101,2015-04-17,6,1,0
"offset",33160,9342,35.644516,-83.68988,500,"TN",100,"Quercus","alba","white oak","Plantae",371,"Breaking leaf buds",8,"2016-01-01","2016-12-31",2016-04-08,99,2016-04-15,7,1,0
"offset",33160,9342,35.644516,-83.68988,500,"TN",100,"Quercus","alba","white oak","Plantae",371,"Breaking leaf buds",10,"2018-01-01","2018-12-31",2018-04-13,103,2018-04-20,7,1,0
"offset",33160,9342,35.644516,-83.68988,500,"TN",100,"Quercus","alba","white oak","Plantae",371,"Breaking leaf buds",11,"2019-01-01","2019-12-31",2019-04-14,104,2019-08-16,124,2,0
"offset",33160,9342,35.644516,-83.68988,500,"TN",100,"Quercus","alba","white oak","Plantae",371,"Breaking leaf buds",14,"2022-01-01","2022-12-31",2022-04-16,106,2022-04-23,7,1,0
"offset",33160,9342,35.644516,-83.68988,500,"TN",100,"Quercus","alba","white oak","Plantae",371,"Breaking leaf buds",15,"2023-01-01","2023-12-31",2023-04-04,94,2023-04-13,9,1,0
"offset",33160,9342,35.644516,-83.68988,500,"TN",100,"Quercus","alba","white oak","Plantae",371,"Breaking leaf buds",16,"2024-01-01","2024-12-31",2024-04-13,104,2024-04-18,5,1,0
"offset",33160,9342,35.644516,-83.68988,500,"TN",100,"Quercus","alba","white oak","Plantae",371,"Breaking leaf buds",17,"2025-01-01","2025-12-31",2025-04-08,98,2025-04-20,12,1,0
"offset",33160,9342,35.644516,-83.68988,500,"TN",100,"Quercus","alba","white oak","Plantae",371,"Breaking leaf buds",18,"2026-01-01","2026-12-31",2026-04-11,101,2026-04-19,8,1,0
"offset",35061,9482,45.743057,-108.539398,964,"MT",101,"Quercus","macrocarpa","bur oak","Plantae",371,"Breaking leaf buds",5,"2013-01-01","2013-12-31",2013-05-24,144,NA,NA,1,0
"offset",35061,9482,45.743057,-108.539398,964,"MT",101,"Quercus","macrocarpa","bur oak","Plantae",501,"Open flowers",5,"2013-01-01","2013-12-31",2013-05-24,144,NA,NA,1,0
"offset",35992,9621,27.972702,-97.134949,4,"TX",305,"Quercus","virginiana","live oak","Plantae",371,"Breaking leaf buds",5,"2013-01-01","2013-12-31",2013-04-20,110,2013-04-28,8,1,0
"offset",35992,9621,27.972702,-97.134949,4,"TX",305,"Quercus","virginiana","live oak","Plantae",501,"Open flowers",5,"2013-01-01","2013-12-31",2013-04-20,110,2013-04-28,8,1,0
"offset",35993,9621,27.972702,-97.134949,4,"TX",305,"Quercus","virginiana","live oak","Plantae",371,"Breaking leaf buds",5,"2013-01-01","2013-12-31",2013-04-20,110,2013-04-28,8,1,0
"offset",35993,9621,27.972702,-97.134949,4,"TX",305,"Quercus","virginiana","live oak","Plantae",501,"Open flowers",5,"2013-01-01","2013-12-31",2013-04-20,110,2013-04-28,8,1,0
"offset",35994,9621,27.972702,-97.134949,4,"TX",305,"Quercus","virginiana","live oak","Plantae",371,"Breaking leaf buds",5,"2013-01-01","2013-12-31",2013-04-07,97,2013-04-11,4,1,0
"offset",35994,9621,27.972702,-97.134949,4,"TX",305,"Quercus","virginiana","live oak","Plantae",501,"Open flowers",5,"2013-01-01","2013-12-31",2013-04-20,110,2013-04-28,8,1,0
"offset",37205,9813,29.765047,-95.452187,18,"TX",100,"Quercus","alba","white oak","Plantae",371,"Breaking leaf buds",5,"2013-01-01","2013-12-31",2013-03-30,89,2013-05-05,36,1,0
"offset",37205,9813,29.765047,-95.452187,18,"TX",100,"Quercus","alba","white oak","Plantae",501,"Open flowers",5,"2013-01-01","2013-12-31",2013-03-30,89,2013-05-05,36,1,0
"offset",37309,9851,29.766973,-95.452667,18,"TX",101,"Quercus","macrocarpa","bur oak","Plantae",371,"Breaking leaf buds",5,"2013-01-01","2013-12-31",2013-03-17,76,NA,NA,1,0
"offset",37309,9851,29.766973,-95.452667,18,"TX",101,"Quercus","macrocarpa","bur oak","Plantae",501,"Open flowers",5,"2013-01-01","2013-12-31",2013-03-17,76,NA,NA,1,0
"offset",37332,9860,35.179035,-97.446968,338,"OK",101,"Quercus","macrocarpa","bur oak","Plantae",371,"Breaking leaf buds",5,"2013-01-01","2013-12-31",2013-04-09,99,NA,NA,1,0
"offset",37332,9860,35.179035,-97.446968,338,"OK",101,"Quercus","macrocarpa","bur oak","Plantae",371,"Breaking leaf buds",6,"2014-01-01","2014-12-31",2014-04-11,101,NA,NA,1,0
"offset",37345,9860,35.179035,-97.446968,338,"OK",101,"Quercus","macrocarpa","bur oak","Plantae",371,"Breaking leaf buds",5,"2013-01-01","2013-12-31",2013-04-07,97,NA,NA,1,0
"offset",37345,9860,35.179035,-97.446968,338,"OK",101,"Quercus","macrocarpa","bur oak","Plantae",371,"Breaking leaf buds",6,"2014-01-01","2014-12-31",2014-04-11,101,NA,NA,1,0
"offset",37345,9860,35.179035,-97.446968,338,"OK",101,"Quercus","macrocarpa","bur oak","Plantae",501,"Open flowers",5,"2013-01-01","2013-12-31",2013-04-06,96,2013-04-07,1,2,0
"offset",37574,9860,35.179035,-97.446968,338,"OK",101,"Quercus","macrocarpa","bur oak","Plantae",371,"Breaking leaf buds",5,"2013-01-01","2013-12-31",2013-04-07,97,2013-04-08,1,1,0
"offset",37574,9860,35.179035,-97.446968,338,"OK",101,"Quercus","macrocarpa","bur oak","Plantae",371,"Breaking leaf buds",6,"2014-01-01","2014-12-31",2014-04-10,100,NA,NA,2,0
"offset",37575,9860,35.179035,-97.446968,338,"OK",101,"Quercus","macrocarpa","bur oak","Plantae",371,"Breaking leaf buds",5,"2013-01-01","2013-12-31",2013-04-07,97,2014-03-07,334,1,0
"offset",37575,9860,35.179035,-97.446968,338,"OK",101,"Quercus","macrocarpa","bur oak","Plantae",371,"Breaking leaf buds",6,"2014-01-01","2014-12-31",2014-04-10,100,NA,NA,1,0
"offset",37577,9860,35.179035,-97.446968,338,"OK",101,"Quercus","macrocarpa","bur oak","Plantae",371,"Breaking leaf buds",5,"2013-01-01","2013-12-31",2013-04-08,98,2014-02-27,325,3,0
"offset",37577,9860,35.179035,-97.446968,338,"OK",101,"Quercus","macrocarpa","bur oak","Plantae",371,"Breaking leaf buds",6,"2014-01-01","2014-12-31",2014-04-10,100,NA,NA,2,0
"offset",37686,9609,41.324959,-73.401146,182,"CT",100,"Quercus","alba","white oak","Plantae",371,"Breaking leaf buds",5,"2013-01-01","2013-12-31",2013-05-01,121,2013-05-10,9,1,0
"offset",37687,9609,41.324959,-73.401146,182,"CT",100,"Quercus","alba","white oak","Plantae",371,"Breaking leaf buds",5,"2013-01-01","2013-12-31",2013-05-01,121,2013-05-10,9,1,0
"offset",37688,9609,41.324959,-73.401146,182,"CT",100,"Quercus","alba","white oak","Plantae",371,"Breaking leaf buds",5,"2013-01-01","2013-12-31",2013-05-01,121,2013-05-10,9,1,0
"offset",37902,9930,31.580486,-97.324806,171,"TX",101,"Quercus","macrocarpa","bur oak","Plantae",371,"Breaking leaf buds",5,"2013-01-01","2013-12-31",2013-05-17,137,2013-06-15,29,1,0
"offset",38533,10060,42.73381,-90.48497,301,"WI",101,"Quercus","macrocarpa","bur oak","Plantae",371,"Breaking leaf buds",5,"2013-01-01","2013-12-31",2013-05-13,133,NA,NA,1,0
"offset",38551,9052,42.73381,-90.48497,301,"WI",100,"Quercus","alba","white oak","Plantae",371,"Breaking leaf buds",5,"2013-01-01","2013-12-31",2013-05-10,130,NA,NA,1,0
"offset",38564,9930,31.580486,-97.324806,171,"TX",101,"Quercus","macrocarpa","bur oak","Plantae",371,"Breaking leaf buds",5,"2013-01-01","2013-12-31",2013-07-12,193,2013-08-04,23,2,0
"offset",38565,9930,31.580486,-97.324806,171,"TX",101,"Quercus","macrocarpa","bur oak","Plantae",371,"Breaking leaf buds",5,"2013-01-01","2013-12-31",2013-05-17,137,2013-05-30,13,1,0
"offset",38577,2120,40.863445,-73.876656,25,"NY",100,"Quercus","alba","white oak","Plantae",371,"Breaking leaf buds",5,"2013-01-01","2013-12-31",2013-04-27,117,2014-04-03,341,1,0
"offset",38577,2120,40.863445,-73.876656,25,"NY",100,"Quercus","alba","white oak","Plantae",371,"Breaking leaf buds",6,"2014-01-01","2014-12-31",2014-05-02,122,2014-05-07,5,1,0
"offset",38577,2120,40.863445,-73.876656,25,"NY",100,"Quercus","alba","white oak","Plantae",371,"Breaking leaf buds",7,"2015-01-01","2015-12-31",2015-04-30,120,2015-05-06,6,2,0
"offset",38577,2120,40.863445,-73.876656,25,"NY",100,"Quercus","alba","white oak","Plantae",371,"Breaking leaf buds",8,"2016-01-01","2016-12-31",2016-05-11,132,2016-05-19,8,5,0
"offset",38577,2120,40.863445,-73.876656,25,"NY",100,"Quercus","alba","white oak","Plantae",371,"Breaking leaf buds",9,"2017-01-01","2017-12-31",2017-04-28,118,2017-05-04,6,2,0
"offset",38577,2120,40.863445,-73.876656,25,"NY",100,"Quercus","alba","white oak","Plantae",371,"Breaking leaf buds",10,"2018-01-01","2018-12-31",2018-05-02,122,2018-05-05,3,4,0
"offset",38577,2120,40.863445,-73.876656,25,"NY",100,"Quercus","alba","white oak","Plantae",371,"Breaking leaf buds",11,"2019-01-01","2019-12-31",2019-05-02,122,2019-05-06,4,3,0
"offset",38577,2120,40.863445,-73.876656,25,"NY",100,"Quercus","alba","white oak","Plantae",371,"Breaking leaf buds",14,"2022-01-01","2022-12-31",2022-05-13,133,2022-05-20,7,1,0
"offset",38577,2120,40.863445,-73.876656,25,"NY",100,"Quercus","alba","white oak","Plantae",371,"Breaking leaf buds",15,"2023-01-01","2023-12-31",2023-05-26,146,2023-06-02,7,3,0
"offset",38577,2120,40.863445,-73.876656,25,"NY",100,"Quercus","alba","white oak","Plantae",371,"Breaking leaf buds",16,"2024-01-01","2024-12-31",2024-04-27,118,2024-04-30,3,2,0
"offset",38577,2120,40.863445,-73.876656,25,"NY",100,"Quercus","alba","white oak","Plantae",371,"Breaking leaf buds",17,"2025-01-01","2025-12-31",2025-06-06,157,2025-06-11,5,4,0
"offset",38577,2120,40.863445,-73.876656,25,"NY",100,"Quercus","alba","white oak","Plantae",371,"Breaking leaf buds",18,"2026-01-01","2026-12-31",2026-04-24,114,2026-04-28,4,1,0
"offset",38577,2120,40.863445,-73.876656,25,"NY",100,"Quercus","alba","white oak","Plantae",501,"Open flowers",5,"2013-01-01","2013-12-31",2013-04-24,114,2014-04-03,344,1,0
"offset",38577,2120,40.863445,-73.876656,25,"NY",100,"Quercus","alba","white oak","Plantae",501,"Open flowers",6,"2014-01-01","2014-12-31",2014-05-15,135,2014-05-22,7,1,0
"offset",38577,2120,40.863445,-73.876656,25,"NY",100,"Quercus","alba","white oak","Plantae",501,"Open flowers",7,"2015-01-01","2015-12-31",2015-05-20,140,2015-05-27,7,3,0
"offset",38577,2120,40.863445,-73.876656,25,"NY",100,"Quercus","alba","white oak","Plantae",501,"Open flowers",10,"2018-01-01","2018-12-31",2018-05-17,137,2018-05-23,6,1,0
"offset",38577,2120,40.863445,-73.876656,25,"NY",100,"Quercus","alba","white oak","Plantae",501,"Open flowers",11,"2019-01-01","2019-12-31",2019-05-02,122,2019-05-06,4,1,0
"offset",38577,2120,40.863445,-73.876656,25,"NY",100,"Quercus","alba","white oak","Plantae",501,"Open flowers",15,"2023-01-01","2023-12-31",2023-05-26,146,2023-06-02,7,2,0
"offset",38577,2120,40.863445,-73.876656,25,"NY",100,"Quercus","alba","white oak","Plantae",501,"Open flowers",17,"2025-01-01","2025-12-31",2025-05-02,122,2025-05-08,6,1,0
"offset",38577,2120,40.863445,-73.876656,25,"NY",100,"Quercus","alba","white oak","Plantae",501,"Open flowers",18,"2026-01-01","2026-12-31",2026-04-24,114,2026-04-28,4,1,0
"offset",38637,10091,42.734161,-90.478462,301,"WI",101,"Quercus","macrocarpa","bur oak","Plantae",371,"Breaking leaf buds",5,"2013-01-01","2013-12-31",2013-05-07,127,NA,NA,1,0
"offset",38660,10099,42.734161,-90.478462,301,"WI",100,"Quercus","alba","white oak","Plantae",371,"Breaking leaf buds",5,"2013-01-01","2013-12-31",2013-05-06,126,NA,NA,1,0
"offset",38729,9871,37.224602,-80.419739,640,"VA",100,"Quercus","alba","white oak","Plantae",371,"Breaking leaf buds",5,"2013-01-01","2013-12-31",2013-05-05,125,NA,NA,1,0
"offset",38987,8418,32.363758,-94.873947,115,"TX",100,"Quercus","alba","white oak","Plantae",371,"Breaking leaf buds",5,"2013-01-01","2013-12-31",2013-03-31,90,2013-04-03,3,1,0
"offset",38987,8418,32.363758,-94.873947,115,"TX",100,"Quercus","alba","white oak","Plantae",371,"Breaking leaf buds",6,"2014-01-01","2014-12-31",2014-04-06,96,2014-04-09,3,1,0
"offset",38987,8418,32.363758,-94.873947,115,"TX",100,"Quercus","alba","white oak","Plantae",371,"Breaking leaf buds",7,"2015-01-01","2015-12-31",2015-04-15,105,2015-04-19,4,1,0
"offset",38987,8418,32.363758,-94.873947,115,"TX",100,"Quercus","alba","white oak","Plantae",371,"Breaking leaf buds",8,"2016-01-01","2016-12-31",2016-05-29,150,2016-06-01,3,3,0
"offset",38987,8418,32.363758,-94.873947,115,"TX",100,"Quercus","alba","white oak","Plantae",371,"Breaking leaf buds",9,"2017-01-01","2017-12-31",2017-03-22,81,2017-03-26,4,1,0
"offset",38987,8418,32.363758,-94.873947,115,"TX",100,"Quercus","alba","white oak","Plantae",371,"Breaking leaf buds",10,"2018-01-01","2018-12-31",2018-04-01,91,2018-04-04,3,1,0
"offset",38987,8418,32.363758,-94.873947,115,"TX",100,"Quercus","alba","white oak","Plantae",371,"Breaking leaf buds",11,"2019-01-01","2019-12-31",2019-04-17,107,2019-04-21,4,1,0
"offset",38987,8418,32.363758,-94.873947,115,"TX",100,"Quercus","alba","white oak","Plantae",371,"Breaking leaf buds",12,"2020-01-01","2020-12-31",2020-03-29,89,2023-01-01,1008,1,0
"offset",38987,8418,32.363758,-94.873947,115,"TX",100,"Quercus","alba","white oak","Plantae",371,"Breaking leaf buds",15,"2023-01-01","2023-12-31",2023-03-17,76,2023-03-20,3,1,0
"offset",38987,8418,32.363758,-94.873947,115,"TX",100,"Quercus","alba","white oak","Plantae",371,"Breaking leaf buds",16,"2024-01-01","2024-12-31",2024-03-24,84,2024-03-28,4,1,0
"offset",38987,8418,32.363758,-94.873947,115,"TX",100,"Quercus","alba","white oak","Plantae",371,"Breaking leaf buds",17,"2025-01-01","2025-12-31",2025-04-09,99,2025-04-13,4,2,0
"offset",38987,8418,32.363758,-94.873947,115,"TX",100,"Quercus","alba","white oak","Plantae",371,"Breaking leaf buds",18,"2026-01-01","2026-12-31",2026-03-18,77,2026-03-22,4,2,0
"offset",38987,8418,32.363758,-94.873947,115,"TX",100,"Quercus","alba","white oak","Plantae",501,"Open flowers",5,"2013-01-01","2013-12-31",2013-04-06,96,2013-04-10,4,1,0
"offset",38987,8418,32.363758,-94.873947,115,"TX",100,"Quercus","alba","white oak","Plantae",501,"Open flowers",6,"2014-01-01","2014-12-31",2014-04-16,106,2014-04-20,4,1,0
"offset",38987,8418,32.363758,-94.873947,115,"TX",100,"Quercus","alba","white oak","Plantae",501,"Open flowers",7,"2015-01-01","2015-12-31",2015-04-12,102,2015-04-15,3,1,0
"offset",38987,8418,32.363758,-94.873947,115,"TX",100,"Quercus","alba","white oak","Plantae",501,"Open flowers",8,"2016-01-01","2016-12-31",2016-04-03,94,2016-04-06,3,1,0
"offset",38987,8418,32.363758,-94.873947,115,"TX",100,"Quercus","alba","white oak","Plantae",501,"Open flowers",9,"2017-01-01","2017-12-31",2017-03-26,85,2017-03-29,3,1,0
"offset",38987,8418,32.363758,-94.873947,115,"TX",100,"Quercus","alba","white oak","Plantae",501,"Open flowers",10,"2018-01-01","2018-12-31",2018-04-01,91,2018-04-04,3,1,0
"offset",38987,8418,32.363758,-94.873947,115,"TX",100,"Quercus","alba","white oak","Plantae",501,"Open flowers",11,"2019-01-01","2019-12-31",2019-04-10,100,2019-04-17,7,1,0
"offset",38987,8418,32.363758,-94.873947,115,"TX",100,"Quercus","alba","white oak","Plantae",501,"Open flowers",12,"2020-01-01","2020-12-31",2020-03-29,89,2023-01-01,1008,1,0
"offset",38987,8418,32.363758,-94.873947,115,"TX",100,"Quercus","alba","white oak","Plantae",501,"Open flowers",15,"2023-01-01","2023-12-31",2023-03-20,79,2023-03-23,3,1,0
"offset",38987,8418,32.363758,-94.873947,115,"TX",100,"Quercus","alba","white oak","Plantae",501,"Open flowers",16,"2024-01-01","2024-12-31",2024-03-31,91,2024-04-04,4,1,0
"offset",38987,8418,32.363758,-94.873947,115,"TX",100,"Quercus","alba","white oak","Plantae",501,"Open flowers",17,"2025-01-01","2025-12-31",2025-04-06,96,2025-04-09,3,1,0
"offset",38987,8418,32.363758,-94.873947,115,"TX",100,"Quercus","alba","white oak","Plantae",501,"Open flowers",18,"2026-01-01","2026-12-31",2026-04-12,102,2026-04-19,7,1,0
"offset",39000,10154,43.784439,-88.787865,306,"WI",100,"Quercus","alba","white oak","Plantae",371,"Breaking leaf buds",5,"2013-01-01","2013-12-31",2013-05-09,129,NA,NA,1,0
"offset",39504,10219,44.989334,-93.197121,282,"MN",100,"Quercus","alba","white oak","Plantae",371,"Breaking leaf buds",5,"2013-01-01","2013-12-31",2013-05-12,132,NA,NA,1,0
"offset",39504,10219,44.989334,-93.197121,282,"MN",100,"Quercus","alba","white oak","Plantae",501,"Open flowers",5,"2013-01-01","2013-12-31",2013-05-22,142,NA,NA,1,0
"offset",39582,5523,43.692337,-70.270424,21,"ME",100,"Quercus","alba","white oak","Plantae",371,"Breaking leaf buds",5,"2013-01-01","2013-12-31",2013-05-21,141,2013-05-24,3,1,0
"offset",39582,5523,43.692337,-70.270424,21,"ME",100,"Quercus","alba","white oak","Plantae",371,"Breaking leaf buds",6,"2014-01-01","2014-12-31",2014-08-12,224,2014-08-15,3,1,0
"offset",39582,5523,43.692337,-70.270424,21,"ME",100,"Quercus","alba","white oak","Plantae",371,"Breaking leaf buds",7,"2015-01-01","2015-12-31",2015-09-21,264,2015-09-23,2,1,0
"offset",39582,5523,43.692337,-70.270424,21,"ME",100,"Quercus","alba","white oak","Plantae",371,"Breaking leaf buds",8,"2016-01-01","2016-12-31",2016-06-23,175,2016-06-30,7,1,0
"offset",39582,5523,43.692337,-70.270424,21,"ME",100,"Quercus","alba","white oak","Plantae",371,"Breaking leaf buds",10,"2018-01-01","2018-12-31",2018-06-12,163,2018-06-16,4,1,0
"offset",39582,5523,43.692337,-70.270424,21,"ME",100,"Quercus","alba","white oak","Plantae",371,"Breaking leaf buds",11,"2019-01-01","2019-12-31",2019-06-06,157,2019-06-10,4,1,0
"offset",39582,5523,43.692337,-70.270424,21,"ME",100,"Quercus","alba","white oak","Plantae",371,"Breaking leaf buds",12,"2020-01-01","2020-12-31",2020-05-31,152,2020-06-04,4,1,0
"offset",39582,5523,43.692337,-70.270424,21,"ME",100,"Quercus","alba","white oak","Plantae",371,"Breaking leaf buds",13,"2021-01-01","2021-12-31",2021-06-05,156,2021-06-08,3,1,0
"offset",39582,5523,43.692337,-70.270424,21,"ME",100,"Quercus","alba","white oak","Plantae",371,"Breaking leaf buds",14,"2022-01-01","2022-12-31",2022-05-31,151,2022-06-04,4,1,0
"offset",39582,5523,43.692337,-70.270424,21,"ME",100,"Quercus","alba","white oak","Plantae",371,"Breaking leaf buds",15,"2023-01-01","2023-12-31",2023-06-01,152,2023-06-22,21,1,0
"offset",39582,5523,43.692337,-70.270424,21,"ME",100,"Quercus","alba","white oak","Plantae",371,"Breaking leaf buds",16,"2024-01-01","2024-12-31",2024-05-10,131,2024-06-13,34,1,0
"offset",39582,5523,43.692337,-70.270424,21,"ME",100,"Quercus","alba","white oak","Plantae",371,"Breaking leaf buds",17,"2025-01-01","2025-12-31",2025-05-15,135,2025-08-15,92,1,0
"offset",39582,5523,43.692337,-70.270424,21,"ME",100,"Quercus","alba","white oak","Plantae",371,"Breaking leaf buds",18,"2026-01-01","2026-12-31",2026-06-04,155,NA,NA,1,0
"offset",39582,5523,43.692337,-70.270424,21,"ME",100,"Quercus","alba","white oak","Plantae",501,"Open flowers",5,"2013-01-01","2013-12-31",2013-06-17,168,2013-06-24,7,1,0
"offset",39582,5523,43.692337,-70.270424,21,"ME",100,"Quercus","alba","white oak","Plantae",501,"Open flowers",6,"2014-01-01","2014-12-31",2014-06-09,160,2014-06-13,4,2,0
"offset",39582,5523,43.692337,-70.270424,21,"ME",100,"Quercus","alba","white oak","Plantae",501,"Open flowers",7,"2015-01-01","2015-12-31",2015-05-26,146,2015-06-11,16,1,0
"offset",39582,5523,43.692337,-70.270424,21,"ME",100,"Quercus","alba","white oak","Plantae",501,"Open flowers",8,"2016-01-01","2016-12-31",2016-06-09,161,2016-06-16,7,2,0
"offset",39582,5523,43.692337,-70.270424,21,"ME",100,"Quercus","alba","white oak","Plantae",501,"Open flowers",10,"2018-01-01","2018-12-31",2018-06-12,163,2018-06-16,4,1,0
"offset",39582,5523,43.692337,-70.270424,21,"ME",100,"Quercus","alba","white oak","Plantae",501,"Open flowers",11,"2019-01-01","2019-12-31",2019-06-06,157,2019-06-10,4,1,0
"offset",39582,5523,43.692337,-70.270424,21,"ME",100,"Quercus","alba","white oak","Plantae",501,"Open flowers",12,"2020-01-01","2020-12-31",2020-05-31,152,2020-06-04,4,1,0
"offset",39582,5523,43.692337,-70.270424,21,"ME",100,"Quercus","alba","white oak","Plantae",501,"Open flowers",13,"2021-01-01","2021-12-31",2021-06-11,162,2021-08-31,81,1,0
"offset",39582,5523,43.692337,-70.270424,21,"ME",100,"Quercus","alba","white oak","Plantae",501,"Open flowers",14,"2022-01-01","2022-12-31",2022-06-04,155,2022-07-14,40,1,0
"offset",39582,5523,43.692337,-70.270424,21,"ME",100,"Quercus","alba","white oak","Plantae",501,"Open flowers",16,"2024-01-01","2024-12-31",2024-06-27,179,2024-07-01,4,1,0
"offset",39582,5523,43.692337,-70.270424,21,"ME",100,"Quercus","alba","white oak","Plantae",501,"Open flowers",17,"2025-01-01","2025-12-31",2025-05-15,135,2025-08-15,92,1,0
"offset",39582,5523,43.692337,-70.270424,21,"ME",100,"Quercus","alba","white oak","Plantae",501,"Open flowers",18,"2026-01-01","2026-12-31",2026-06-04,155,NA,NA,1,0
"offset",39620,10219,44.989334,-93.197121,282,"MN",100,"Quercus","alba","white oak","Plantae",371,"Breaking leaf buds",5,"2013-01-01","2013-12-31",2013-05-12,132,NA,NA,1,0
"offset",39620,10219,44.989334,-93.197121,282,"MN",100,"Quercus","alba","white oak","Plantae",501,"Open flowers",5,"2013-01-01","2013-12-31",2013-05-22,142,NA,NA,1,0
"offset",39621,10219,44.989334,-93.197121,282,"MN",100,"Quercus","alba","white oak","Plantae",371,"Breaking leaf buds",5,"2013-01-01","2013-12-31",2013-05-12,132,NA,NA,1,0
"offset",39621,10219,44.989334,-93.197121,282,"MN",100,"Quercus","alba","white oak","Plantae",501,"Open flowers",5,"2013-01-01","2013-12-31",2013-05-22,142,NA,NA,1,0
"offset",39622,10219,44.989334,-93.197121,282,"MN",100,"Quercus","alba","white oak","Plantae",371,"Breaking leaf buds",5,"2013-01-01","2013-12-31",2013-05-12,132,NA,NA,1,0
"offset",39622,10219,44.989334,-93.197121,282,"MN",100,"Quercus","alba","white oak","Plantae",501,"Open flowers",5,"2013-01-01","2013-12-31",2013-05-22,142,NA,NA,1,0
"offset",39623,10219,44.989334,-93.197121,282,"MN",100,"Quercus","alba","white oak","Plantae",371,"Breaking leaf buds",5,"2013-01-01","2013-12-31",2013-05-12,132,NA,NA,1,0
"offset",39623,10219,44.989334,-93.197121,282,"MN",100,"Quercus","alba","white oak","Plantae",501,"Open flowers",5,"2013-01-01","2013-12-31",2013-05-22,142,NA,NA,1,0
"offset",39624,10219,44.989334,-93.197121,282,"MN",100,"Quercus","alba","white oak","Plantae",371,"Breaking leaf buds",5,"2013-01-01","2013-12-31",2013-05-12,132,NA,NA,1,0
"offset",39624,10219,44.989334,-93.197121,282,"MN",100,"Quercus","alba","white oak","Plantae",501,"Open flowers",5,"2013-01-01","2013-12-31",2013-05-22,142,NA,NA,1,0
"offset",39753,10276,38.98407,-74.93502,5,"NJ",100,"Quercus","alba","white oak","Plantae",371,"Breaking leaf buds",5,"2013-01-01","2013-12-31",2013-04-12,102,NA,NA,1,0
"offset",40084,10316,37.228489,-80.422836,639,"VA",101,"Quercus","macrocarpa","bur oak","Plantae",371,"Breaking leaf buds",5,"2013-01-01","2013-12-31",2013-04-15,105,2013-04-22,7,1,0
"offset",41033,10457,43.0774,-70.910919,19,"NH",100,"Quercus","alba","white oak","Plantae",371,"Breaking leaf buds",5,"2013-01-01","2013-12-31",2013-05-09,129,2013-05-16,7,1,0
"offset",43726,9797,35.17942,-97.447586,338,"OK",101,"Quercus","macrocarpa","bur oak","Plantae",371,"Breaking leaf buds",5,"2013-01-01","2013-12-31",2013-04-15,105,NA,NA,1,0
"offset",43727,9797,35.17942,-97.447586,338,"OK",101,"Quercus","macrocarpa","bur oak","Plantae",371,"Breaking leaf buds",5,"2013-01-01","2013-12-31",2013-04-15,105,NA,NA,1,0
"offset",43730,9797,35.17942,-97.447586,338,"OK",101,"Quercus","macrocarpa","bur oak","Plantae",371,"Breaking leaf buds",5,"2013-01-01","2013-12-31",2013-04-15,105,NA,NA,2,0
"offset",45088,11107,43.096924,-70.950233,17,"NH",100,"Quercus","alba","white oak","Plantae",371,"Breaking leaf buds",5,"2013-01-01","2013-12-31",2013-05-02,122,2013-05-09,7,1,0
"offset",45094,11108,43.115292,-70.885231,18,"NH",100,"Quercus","alba","white oak","Plantae",371,"Breaking leaf buds",5,"2013-01-01","2013-12-31",2013-05-02,122,2013-05-09,7,1,0
"offset",45140,9083,40.178272,-77.116959,157,"PA",100,"Quercus","alba","white oak","Plantae",371,"Breaking leaf buds",5,"2013-01-01","2013-12-31",2013-05-30,150,2013-05-31,1,1,0
"offset",45140,9083,40.178272,-77.116959,157,"PA",100,"Quercus","alba","white oak","Plantae",371,"Breaking leaf buds",6,"2014-01-01","2014-12-31",2014-05-21,141,2014-06-09,19,1,0
"offset",45140,9083,40.178272,-77.116959,157,"PA",100,"Quercus","alba","white oak","Plantae",371,"Breaking leaf buds",7,"2015-01-01","2015-12-31",2015-05-14,134,2015-05-20,6,1,0
"offset",45140,9083,40.178272,-77.116959,157,"PA",100,"Quercus","alba","white oak","Plantae",371,"Breaking leaf buds",8,"2016-01-01","2016-12-31",2016-05-18,139,2016-08-25,99,2,0
"offset",45140,9083,40.178272,-77.116959,157,"PA",100,"Quercus","alba","white oak","Plantae",371,"Breaking leaf buds",9,"2017-01-01","2017-12-31",2017-05-03,123,2017-08-24,113,1,0
"offset",45140,9083,40.178272,-77.116959,157,"PA",100,"Quercus","alba","white oak","Plantae",371,"Breaking leaf buds",10,"2018-01-01","2018-12-31",2018-04-25,115,2018-09-06,134,1,0
"offset",45140,9083,40.178272,-77.116959,157,"PA",100,"Quercus","alba","white oak","Plantae",371,"Breaking leaf buds",15,"2023-01-01","2023-12-31",2023-04-17,107,2023-10-04,170,1,0
"offset",45140,9083,40.178272,-77.116959,157,"PA",100,"Quercus","alba","white oak","Plantae",501,"Open flowers",7,"2015-01-01","2015-12-31",2015-05-20,140,2015-08-27,99,1,0
"offset",45140,9083,40.178272,-77.116959,157,"PA",100,"Quercus","alba","white oak","Plantae",501,"Open flowers",8,"2016-01-01","2016-12-31",2016-05-18,139,2016-08-25,99,1,0
"offset",45422,11153,33.966507,-83.381767,213,"GA",100,"Quercus","alba","white oak","Plantae",371,"Breaking leaf buds",5,"2013-01-01","2013-12-31",2013-05-20,140,NA,NA,1,0
"offset",45467,11154,38.799816,-94.690666,311,"KS",101,"Quercus","macrocarpa","bur oak","Plantae",371,"Breaking leaf buds",7,"2015-01-01","2015-12-31",2015-04-22,112,2015-04-29,7,1,0
"offset",45467,11154,38.799816,-94.690666,311,"KS",101,"Quercus","macrocarpa","bur oak","Plantae",501,"Open flowers",7,"2015-01-01","2015-12-31",2015-10-09,282,2015-10-21,12,2,0
"offset",45471,11154,38.799816,-94.690666,311,"KS",101,"Quercus","macrocarpa","bur oak","Plantae",371,"Breaking leaf buds",7,"2015-01-01","2015-12-31",2015-04-22,112,2015-04-29,7,1,0
"offset",46160,11209,42.307365,-71.120773,25,"MA",100,"Quercus","alba","white oak","Plantae",371,"Breaking leaf buds",5,"2013-01-01","2013-12-31",2013-05-04,124,NA,NA,1,0
"offset",46160,11209,42.307365,-71.120773,25,"MA",100,"Quercus","alba","white oak","Plantae",501,"Open flowers",5,"2013-01-01","2013-12-31",2013-05-04,124,NA,NA,1,0
"offset",50003,11896,35.460716,-83.811615,564,"NC",100,"Quercus","alba","white oak","Plantae",371,"Breaking leaf buds",8,"2016-01-01","2016-12-31",2016-04-24,115,2016-04-26,2,1,0
"offset",50003,11896,35.460716,-83.811615,564,"NC",100,"Quercus","alba","white oak","Plantae",371,"Breaking leaf buds",10,"2018-01-01","2018-12-31",2018-04-27,117,2018-05-07,10,1,0
"offset",50003,11896,35.460716,-83.811615,564,"NC",100,"Quercus","alba","white oak","Plantae",371,"Breaking leaf buds",13,"2021-01-01","2021-12-31",2021-04-19,109,2021-05-01,12,2,0
"offset",50003,11896,35.460716,-83.811615,564,"NC",100,"Quercus","alba","white oak","Plantae",371,"Breaking leaf buds",14,"2022-01-01","2022-12-31",2022-04-20,110,2022-05-02,12,2,0
"offset",50003,11896,35.460716,-83.811615,564,"NC",100,"Quercus","alba","white oak","Plantae",371,"Breaking leaf buds",15,"2023-01-01","2023-12-31",2023-04-17,107,2023-05-02,15,1,0
"offset",50003,11896,35.460716,-83.811615,564,"NC",100,"Quercus","alba","white oak","Plantae",501,"Open flowers",8,"2016-01-01","2016-12-31",2016-04-26,117,2016-05-01,5,2,0
"offset",50003,11896,35.460716,-83.811615,564,"NC",100,"Quercus","alba","white oak","Plantae",501,"Open flowers",13,"2021-01-01","2021-12-31",2021-04-19,109,2021-05-01,12,1,0
"offset",50004,11896,35.460716,-83.811615,564,"NC",100,"Quercus","alba","white oak","Plantae",371,"Breaking leaf buds",8,"2016-01-01","2016-12-31",2016-04-24,115,2016-04-26,2,2,0
"offset",50004,11896,35.460716,-83.811615,564,"NC",100,"Quercus","alba","white oak","Plantae",371,"Breaking leaf buds",10,"2018-01-01","2018-12-31",2018-04-27,117,2018-05-07,10,1,0
"offset",50004,11896,35.460716,-83.811615,564,"NC",100,"Quercus","alba","white oak","Plantae",371,"Breaking leaf buds",14,"2022-01-01","2022-12-31",2022-04-06,96,2022-04-20,14,2,0
"offset",50004,11896,35.460716,-83.811615,564,"NC",100,"Quercus","alba","white oak","Plantae",371,"Breaking leaf buds",16,"2024-01-01","2024-12-31",2024-04-15,106,NA,NA,1,0
"offset",50004,11896,35.460716,-83.811615,564,"NC",100,"Quercus","alba","white oak","Plantae",501,"Open flowers",10,"2018-01-01","2018-12-31",2018-04-27,117,2018-05-07,10,1,0
"offset",50006,11896,35.460716,-83.811615,564,"NC",100,"Quercus","alba","white oak","Plantae",371,"Breaking leaf buds",8,"2016-01-01","2016-12-31",2016-04-26,117,2016-05-01,5,1,0
"offset",50006,11896,35.460716,-83.811615,564,"NC",100,"Quercus","alba","white oak","Plantae",371,"Breaking leaf buds",10,"2018-01-01","2018-12-31",2018-04-27,117,2018-05-07,10,1,0
"offset",50006,11896,35.460716,-83.811615,564,"NC",100,"Quercus","alba","white oak","Plantae",371,"Breaking leaf buds",13,"2021-01-01","2021-12-31",2021-04-19,109,2021-05-01,12,1,0
"offset",50006,11896,35.460716,-83.811615,564,"NC",100,"Quercus","alba","white oak","Plantae",371,"Breaking leaf buds",14,"2022-01-01","2022-12-31",2022-03-27,86,2022-04-04,8,1,0
"offset",50006,11896,35.460716,-83.811615,564,"NC",100,"Quercus","alba","white oak","Plantae",501,"Open flowers",13,"2021-01-01","2021-12-31",2021-03-20,79,2021-03-22,2,1,0
"offset",50008,11896,35.460716,-83.811615,564,"NC",100,"Quercus","alba","white oak","Plantae",371,"Breaking leaf buds",8,"2016-01-01","2016-12-31",2016-04-24,115,2016-04-26,2,1,0
"offset",50008,11896,35.460716,-83.811615,564,"NC",100,"Quercus","alba","white oak","Plantae",371,"Breaking leaf buds",10,"2018-01-01","2018-12-31",2018-04-27,117,2018-05-07,10,1,0
"offset",50008,11896,35.460716,-83.811615,564,"NC",100,"Quercus","alba","white oak","Plantae",371,"Breaking leaf buds",14,"2022-01-01","2022-12-31",2022-04-20,110,2022-05-02,12,2,0
"offset",50008,11896,35.460716,-83.811615,564,"NC",100,"Quercus","alba","white oak","Plantae",501,"Open flowers",8,"2016-01-01","2016-12-31",2016-04-26,117,2016-05-01,5,2,0
"offset",50016,11896,35.460716,-83.811615,564,"NC",100,"Quercus","alba","white oak","Plantae",371,"Breaking leaf buds",8,"2016-01-01","2016-12-31",2016-04-26,117,2016-05-01,5,1,0
"offset",50016,11896,35.460716,-83.811615,564,"NC",100,"Quercus","alba","white oak","Plantae",371,"Breaking leaf buds",10,"2018-01-01","2018-12-31",2018-04-27,117,2018-05-07,10,1,0
"offset",50016,11896,35.460716,-83.811615,564,"NC",100,"Quercus","alba","white oak","Plantae",371,"Breaking leaf buds",14,"2022-01-01","2022-12-31",2022-04-06,96,2022-04-20,14,2,0
"offset",50016,11896,35.460716,-83.811615,564,"NC",100,"Quercus","alba","white oak","Plantae",501,"Open flowers",8,"2016-01-01","2016-12-31",2016-03-19,79,2016-03-23,4,1,0
"offset",50017,11896,35.460716,-83.811615,564,"NC",100,"Quercus","alba","white oak","Plantae",371,"Breaking leaf buds",8,"2016-01-01","2016-12-31",2016-04-24,115,2016-04-26,2,1,0
"offset",50017,11896,35.460716,-83.811615,564,"NC",100,"Quercus","alba","white oak","Plantae",371,"Breaking leaf buds",9,"2017-01-01","2017-12-31",2017-03-08,67,2017-03-18,10,1,0
"offset",50017,11896,35.460716,-83.811615,564,"NC",100,"Quercus","alba","white oak","Plantae",371,"Breaking leaf buds",10,"2018-01-01","2018-12-31",2018-04-27,117,2018-05-07,10,1,0
"offset",50017,11896,35.460716,-83.811615,564,"NC",100,"Quercus","alba","white oak","Plantae",501,"Open flowers",8,"2016-01-01","2016-12-31",2016-04-26,117,2016-05-01,5,2,0
"offset",50309,11526,45.031456,-93.175041,276,"MN",101,"Quercus","macrocarpa","bur oak","Plantae",371,"Breaking leaf buds",11,"2019-01-01","2019-12-31",2019-05-16,136,2019-10-12,149,1,0
"offset",50309,11526,45.031456,-93.175041,276,"MN",101,"Quercus","macrocarpa","bur oak","Plantae",371,"Breaking leaf buds",12,"2020-01-01","2020-12-31",2020-05-10,131,2020-05-17,7,1,0
"offset",50309,11526,45.031456,-93.175041,276,"MN",101,"Quercus","macrocarpa","bur oak","Plantae",371,"Breaking leaf buds",15,"2023-01-01","2023-12-31",2023-05-15,135,2023-06-06,22,1,0
"offset",50309,11526,45.031456,-93.175041,276,"MN",101,"Quercus","macrocarpa","bur oak","Plantae",371,"Breaking leaf buds",17,"2025-01-01","2025-12-31",2025-05-04,124,2025-05-08,4,1,0
"offset",50309,11526,45.031456,-93.175041,276,"MN",101,"Quercus","macrocarpa","bur oak","Plantae",501,"Open flowers",9,"2017-01-01","2017-12-31",2017-05-10,130,2018-09-28,506,1,0
"offset",50309,11526,45.031456,-93.175041,276,"MN",101,"Quercus","macrocarpa","bur oak","Plantae",501,"Open flowers",16,"2024-01-01","2024-12-31",2024-05-14,135,2024-08-17,95,1,0
"offset",50675,11999,35.603413,-83.782997,648,"TN",100,"Quercus","alba","white oak","Plantae",371,"Breaking leaf buds",6,"2014-01-01","2014-12-31",2014-07-21,202,2015-03-14,236,2,0
"offset",50675,11999,35.603413,-83.782997,648,"TN",100,"Quercus","alba","white oak","Plantae",371,"Breaking leaf buds",7,"2015-01-01","2015-12-31",2015-04-30,120,2015-05-17,17,4,0
"offset",50675,11999,35.603413,-83.782997,648,"TN",100,"Quercus","alba","white oak","Plantae",371,"Breaking leaf buds",8,"2016-01-01","2016-12-31",2016-11-11,316,2016-11-14,3,6,0
"offset",50675,11999,35.603413,-83.782997,648,"TN",100,"Quercus","alba","white oak","Plantae",371,"Breaking leaf buds",9,"2017-01-01","2017-12-31",2017-06-28,179,2017-07-22,24,6,0
"offset",50675,11999,35.603413,-83.782997,648,"TN",100,"Quercus","alba","white oak","Plantae",371,"Breaking leaf buds",10,"2018-01-01","2018-12-31",2018-06-22,173,2018-06-23,1,5,0
"offset",50675,11999,35.603413,-83.782997,648,"TN",100,"Quercus","alba","white oak","Plantae",371,"Breaking leaf buds",11,"2019-01-01","2019-12-31",2019-04-27,117,2019-05-07,10,3,0
"offset",50675,11999,35.603413,-83.782997,648,"TN",100,"Quercus","alba","white oak","Plantae",371,"Breaking leaf buds",13,"2021-01-01","2021-12-31",2021-05-24,144,2021-05-26,2,4,0
"offset",50675,11999,35.603413,-83.782997,648,"TN",100,"Quercus","alba","white oak","Plantae",371,"Breaking leaf buds",14,"2022-01-01","2022-12-31",2022-04-29,119,2022-05-04,5,1,0
"offset",50675,11999,35.603413,-83.782997,648,"TN",100,"Quercus","alba","white oak","Plantae",371,"Breaking leaf buds",15,"2023-01-01","2023-12-31",2023-04-28,118,2023-05-01,3,2,0
"offset",50675,11999,35.603413,-83.782997,648,"TN",100,"Quercus","alba","white oak","Plantae",371,"Breaking leaf buds",16,"2024-01-01","2024-12-31",2024-04-28,119,2024-05-01,3,1,0
"offset",50675,11999,35.603413,-83.782997,648,"TN",100,"Quercus","alba","white oak","Plantae",371,"Breaking leaf buds",17,"2025-01-01","2025-12-31",2025-05-06,126,2025-05-10,4,1,0
"offset",50675,11999,35.603413,-83.782997,648,"TN",100,"Quercus","alba","white oak","Plantae",371,"Breaking leaf buds",18,"2026-01-01","2026-12-31",2026-04-24,114,2026-05-01,7,2,0
"offset",50675,11999,35.603413,-83.782997,648,"TN",100,"Quercus","alba","white oak","Plantae",501,"Open flowers",6,"2014-01-01","2014-12-31",2014-05-12,132,2014-06-23,42,1,0
"offset",50675,11999,35.603413,-83.782997,648,"TN",100,"Quercus","alba","white oak","Plantae",501,"Open flowers",7,"2015-01-01","2015-12-31",2015-04-13,103,2015-04-14,1,1,0
"offset",50675,11999,35.603413,-83.782997,648,"TN",100,"Quercus","alba","white oak","Plantae",501,"Open flowers",8,"2016-01-01","2016-12-31",2016-05-02,123,2016-05-05,3,2,0
"offset",50675,11999,35.603413,-83.782997,648,"TN",100,"Quercus","alba","white oak","Plantae",501,"Open flowers",9,"2017-01-01","2017-12-31",2017-05-14,134,2017-05-16,2,1,0
"offset",50675,11999,35.603413,-83.782997,648,"TN",100,"Quercus","alba","white oak","Plantae",501,"Open flowers",11,"2019-01-01","2019-12-31",2019-06-07,158,2019-06-11,4,1,0
"offset",50675,11999,35.603413,-83.782997,648,"TN",100,"Quercus","alba","white oak","Plantae",501,"Open flowers",15,"2023-01-01","2023-12-31",2023-04-28,118,2023-05-01,3,1,0
"offset",50684,11999,35.603413,-83.782997,648,"TN",100,"Quercus","alba","white oak","Plantae",371,"Breaking leaf buds",6,"2014-01-01","2014-12-31",2014-07-21,202,2015-03-14,236,2,0
"offset",50684,11999,35.603413,-83.782997,648,"TN",100,"Quercus","alba","white oak","Plantae",371,"Breaking leaf buds",7,"2015-01-01","2015-12-31",2015-06-23,174,2015-07-13,20,5,0
"offset",50684,11999,35.603413,-83.782997,648,"TN",100,"Quercus","alba","white oak","Plantae",371,"Breaking leaf buds",8,"2016-01-01","2016-12-31",2016-11-11,316,2016-11-14,3,7,0
"offset",50684,11999,35.603413,-83.782997,648,"TN",100,"Quercus","alba","white oak","Plantae",371,"Breaking leaf buds",9,"2017-01-01","2017-12-31",2017-06-17,168,2017-07-22,35,7,0
"offset",50684,11999,35.603413,-83.782997,648,"TN",100,"Quercus","alba","white oak","Plantae",371,"Breaking leaf buds",10,"2018-01-01","2018-12-31",2018-06-22,173,2018-06-23,1,4,0
"offset",50684,11999,35.603413,-83.782997,648,"TN",100,"Quercus","alba","white oak","Plantae",371,"Breaking leaf buds",11,"2019-01-01","2019-12-31",2019-04-27,117,2019-05-07,10,2,0
"offset",50684,11999,35.603413,-83.782997,648,"TN",100,"Quercus","alba","white oak","Plantae",371,"Breaking leaf buds",13,"2021-01-01","2021-12-31",2021-05-24,144,2021-05-26,2,5,0
"offset",50684,11999,35.603413,-83.782997,648,"TN",100,"Quercus","alba","white oak","Plantae",371,"Breaking leaf buds",15,"2023-01-01","2023-12-31",2023-04-20,110,2023-04-22,2,2,0
"offset",50684,11999,35.603413,-83.782997,648,"TN",100,"Quercus","alba","white oak","Plantae",371,"Breaking leaf buds",16,"2024-01-01","2024-12-31",2024-04-23,114,2024-04-26,3,1,0
"offset",50684,11999,35.603413,-83.782997,648,"TN",100,"Quercus","alba","white oak","Plantae",371,"Breaking leaf buds",17,"2025-01-01","2025-12-31",2025-04-15,105,2025-04-27,12,1,0
"offset",50684,11999,35.603413,-83.782997,648,"TN",100,"Quercus","alba","white oak","Plantae",371,"Breaking leaf buds",18,"2026-01-01","2026-12-31",2026-04-14,104,2026-04-24,10,2,0
"offset",50684,11999,35.603413,-83.782997,648,"TN",100,"Quercus","alba","white oak","Plantae",501,"Open flowers",7,"2015-01-01","2015-12-31",2015-05-14,134,2015-05-17,3,2,0
"offset",50684,11999,35.603413,-83.782997,648,"TN",100,"Quercus","alba","white oak","Plantae",501,"Open flowers",8,"2016-01-01","2016-12-31",2016-05-10,131,2016-05-19,9,3,0
"offset",50684,11999,35.603413,-83.782997,648,"TN",100,"Quercus","alba","white oak","Plantae",501,"Open flowers",11,"2019-01-01","2019-12-31",2019-04-27,117,2019-05-07,10,1,0
"offset",50684,11999,35.603413,-83.782997,648,"TN",100,"Quercus","alba","white oak","Plantae",501,"Open flowers",14,"2022-01-01","2022-12-31",2022-05-04,124,2022-05-09,5,1,0
"offset",50685,11999,35.603413,-83.782997,648,"TN",100,"Quercus","alba","white oak","Plantae",371,"Breaking leaf buds",6,"2014-01-01","2014-12-31",2014-07-21,202,2015-03-14,236,2,0
"offset",50685,11999,35.603413,-83.782997,648,"TN",100,"Quercus","alba","white oak","Plantae",371,"Breaking leaf buds",7,"2015-01-01","2015-12-31",2015-05-03,123,2015-05-14,11,4,0
"offset",50685,11999,35.603413,-83.782997,648,"TN",100,"Quercus","alba","white oak","Plantae",371,"Breaking leaf buds",8,"2016-01-01","2016-12-31",2016-11-11,316,2016-11-14,3,6,0
"offset",50685,11999,35.603413,-83.782997,648,"TN",100,"Quercus","alba","white oak","Plantae",371,"Breaking leaf buds",9,"2017-01-01","2017-12-31",2017-05-25,145,2017-05-31,6,7,0
"offset",50685,11999,35.603413,-83.782997,648,"TN",100,"Quercus","alba","white oak","Plantae",371,"Breaking leaf buds",10,"2018-01-01","2018-12-31",2018-06-22,173,2018-06-23,1,4,0
"offset",50685,11999,35.603413,-83.782997,648,"TN",100,"Quercus","alba","white oak","Plantae",371,"Breaking leaf buds",11,"2019-01-01","2019-12-31",2019-04-27,117,2019-05-07,10,3,0
"offset",50685,11999,35.603413,-83.782997,648,"TN",100,"Quercus","alba","white oak","Plantae",371,"Breaking leaf buds",13,"2021-01-01","2021-12-31",2021-05-24,144,2021-05-26,2,3,0
"offset",50685,11999,35.603413,-83.782997,648,"TN",100,"Quercus","alba","white oak","Plantae",371,"Breaking leaf buds",14,"2022-01-01","2022-12-31",2022-04-29,119,2022-05-04,5,1,0
"offset",50685,11999,35.603413,-83.782997,648,"TN",100,"Quercus","alba","white oak","Plantae",371,"Breaking leaf buds",15,"2023-01-01","2023-12-31",2023-05-01,121,2023-05-06,5,2,0
"offset",50685,11999,35.603413,-83.782997,648,"TN",100,"Quercus","alba","white oak","Plantae",371,"Breaking leaf buds",16,"2024-01-01","2024-12-31",2024-04-28,119,2024-05-01,3,1,0
"offset",50685,11999,35.603413,-83.782997,648,"TN",100,"Quercus","alba","white oak","Plantae",371,"Breaking leaf buds",17,"2025-01-01","2025-12-31",2025-04-28,118,2025-05-06,8,1,0
"offset",50685,11999,35.603413,-83.782997,648,"TN",100,"Quercus","alba","white oak","Plantae",371,"Breaking leaf buds",18,"2026-01-01","2026-12-31",2026-04-24,114,2026-05-01,7,1,0
"offset",50685,11999,35.603413,-83.782997,648,"TN",100,"Quercus","alba","white oak","Plantae",501,"Open flowers",7,"2015-01-01","2015-12-31",2015-05-14,134,2015-05-17,3,2,0
"offset",50685,11999,35.603413,-83.782997,648,"TN",100,"Quercus","alba","white oak","Plantae",501,"Open flowers",8,"2016-01-01","2016-12-31",2016-05-10,131,2016-05-19,9,4,0
"offset",50685,11999,35.603413,-83.782997,648,"TN",100,"Quercus","alba","white oak","Plantae",501,"Open flowers",9,"2017-01-01","2017-12-31",2017-05-14,134,2017-05-16,2,2,0
"offset",50685,11999,35.603413,-83.782997,648,"TN",100,"Quercus","alba","white oak","Plantae",501,"Open flowers",11,"2019-01-01","2019-12-31",2019-04-27,117,2019-05-07,10,1,0
"offset",50730,12055,35.696671,-83.609718,890,"TN",100,"Quercus","alba","white oak","Plantae",371,"Breaking leaf buds",6,"2014-01-01","2014-12-31",2014-07-23,204,NA,NA,2,0
"offset",50730,12055,35.696671,-83.609718,890,"TN",100,"Quercus","alba","white oak","Plantae",371,"Breaking leaf buds",7,"2015-01-01","2015-12-31",2015-05-14,134,2015-05-20,6,1,0
"offset",50730,12055,35.696671,-83.609718,890,"TN",100,"Quercus","alba","white oak","Plantae",501,"Open flowers",7,"2015-01-01","2015-12-31",2015-05-14,134,2015-05-20,6,2,0
"offset",50802,12079,44.987164,-93.185486,286,"MN",101,"Quercus","macrocarpa","bur oak","Plantae",371,"Breaking leaf buds",6,"2014-01-01","2014-12-31",2014-04-29,119,NA,NA,1,0
"offset",50947,12129,37.2215,-80.414398,650,"VA",100,"Quercus","alba","white oak","Plantae",371,"Breaking leaf buds",5,"2013-01-01","2013-12-31",2013-09-20,263,2013-09-29,9,1,0
"offset",52582,12249,42.518417,-76.556999,165,"NY",101,"Quercus","macrocarpa","bur oak","Plantae",371,"Breaking leaf buds",7,"2015-01-01","2015-12-31",2015-05-05,125,2015-05-07,2,1,0
"offset",52582,12249,42.518417,-76.556999,165,"NY",101,"Quercus","macrocarpa","bur oak","Plantae",371,"Breaking leaf buds",9,"2017-01-01","2017-12-31",2017-07-10,191,2017-07-20,10,2,0
"offset",52582,12249,42.518417,-76.556999,165,"NY",101,"Quercus","macrocarpa","bur oak","Plantae",371,"Breaking leaf buds",10,"2018-01-01","2018-12-31",2018-05-14,134,2018-05-29,15,1,0
"offset",52582,12249,42.518417,-76.556999,165,"NY",101,"Quercus","macrocarpa","bur oak","Plantae",371,"Breaking leaf buds",12,"2020-01-01","2020-12-31",2020-05-23,144,2020-05-30,7,2,0
"offset",52582,12249,42.518417,-76.556999,165,"NY",101,"Quercus","macrocarpa","bur oak","Plantae",371,"Breaking leaf buds",13,"2021-01-01","2021-12-31",2021-05-08,128,2021-05-20,12,1,0
"offset",52582,12249,42.518417,-76.556999,165,"NY",101,"Quercus","macrocarpa","bur oak","Plantae",371,"Breaking leaf buds",14,"2022-01-01","2022-12-31",2022-05-09,129,2022-05-16,7,1,0
"offset",52582,12249,42.518417,-76.556999,165,"NY",101,"Quercus","macrocarpa","bur oak","Plantae",371,"Breaking leaf buds",15,"2023-01-01","2023-12-31",2023-05-01,121,2023-05-08,7,1,0
"offset",52582,12249,42.518417,-76.556999,165,"NY",101,"Quercus","macrocarpa","bur oak","Plantae",371,"Breaking leaf buds",16,"2024-01-01","2024-12-31",2024-04-30,121,2024-05-04,4,1,0
"offset",52582,12249,42.518417,-76.556999,165,"NY",101,"Quercus","macrocarpa","bur oak","Plantae",371,"Breaking leaf buds",17,"2025-01-01","2025-12-31",2025-05-01,121,2025-05-05,4,1,0
"offset",52582,12249,42.518417,-76.556999,165,"NY",101,"Quercus","macrocarpa","bur oak","Plantae",371,"Breaking leaf buds",18,"2026-01-01","2026-12-31",2026-05-11,131,2026-05-18,7,1,0
"offset",52582,12249,42.518417,-76.556999,165,"NY",101,"Quercus","macrocarpa","bur oak","Plantae",501,"Open flowers",7,"2015-01-01","2015-12-31",2015-05-21,141,2015-06-16,26,1,0
"offset",52582,12249,42.518417,-76.556999,165,"NY",101,"Quercus","macrocarpa","bur oak","Plantae",501,"Open flowers",10,"2018-01-01","2018-12-31",2018-05-29,149,2018-06-28,30,1,0
"offset",52582,12249,42.518417,-76.556999,165,"NY",101,"Quercus","macrocarpa","bur oak","Plantae",501,"Open flowers",11,"2019-01-01","2019-12-31",2019-05-23,143,2019-06-02,10,1,0
"offset",52582,12249,42.518417,-76.556999,165,"NY",101,"Quercus","macrocarpa","bur oak","Plantae",501,"Open flowers",12,"2020-01-01","2020-12-31",2020-05-23,144,2020-05-30,7,1,0
"offset",52582,12249,42.518417,-76.556999,165,"NY",101,"Quercus","macrocarpa","bur oak","Plantae",501,"Open flowers",13,"2021-01-01","2021-12-31",2021-05-20,140,2021-06-05,16,1,0
"offset",52582,12249,42.518417,-76.556999,165,"NY",101,"Quercus","macrocarpa","bur oak","Plantae",501,"Open flowers",14,"2022-01-01","2022-12-31",2022-05-16,136,2022-05-23,7,1,0
"offset",52582,12249,42.518417,-76.556999,165,"NY",101,"Quercus","macrocarpa","bur oak","Plantae",501,"Open flowers",16,"2024-01-01","2024-12-31",2024-05-13,134,2024-05-20,7,1,0
"offset",52582,12249,42.518417,-76.556999,165,"NY",101,"Quercus","macrocarpa","bur oak","Plantae",501,"Open flowers",17,"2025-01-01","2025-12-31",2025-05-12,132,2025-05-19,7,1,0
"offset",52582,12249,42.518417,-76.556999,165,"NY",101,"Quercus","macrocarpa","bur oak","Plantae",501,"Open flowers",18,"2026-01-01","2026-12-31",2026-05-18,138,2026-05-25,7,1,0
"offset",52984,11605,44.881065,-93.290176,261,"MN",101,"Quercus","macrocarpa","bur oak","Plantae",371,"Breaking leaf buds",7,"2015-01-01","2015-12-31",2015-04-29,119,2015-05-06,7,1,0
"offset",52984,11605,44.881065,-93.290176,261,"MN",101,"Quercus","macrocarpa","bur oak","Plantae",371,"Breaking leaf buds",9,"2017-01-01","2017-12-31",2017-04-30,120,2017-05-03,3,1,0
"offset",52984,11605,44.881065,-93.290176,261,"MN",101,"Quercus","macrocarpa","bur oak","Plantae",371,"Breaking leaf buds",10,"2018-01-01","2018-12-31",2018-05-03,123,2018-05-06,3,1,0
"offset",52984,11605,44.881065,-93.290176,261,"MN",101,"Quercus","macrocarpa","bur oak","Plantae",371,"Breaking leaf buds",11,"2019-01-01","2019-12-31",2019-05-14,134,2019-05-17,3,1,0
"offset",52984,11605,44.881065,-93.290176,261,"MN",101,"Quercus","macrocarpa","bur oak","Plantae",371,"Breaking leaf buds",12,"2020-01-01","2020-12-31",2020-05-14,135,2020-05-21,7,1,0
"offset",52984,11605,44.881065,-93.290176,261,"MN",101,"Quercus","macrocarpa","bur oak","Plantae",501,"Open flowers",7,"2015-01-01","2015-12-31",2015-05-27,147,2015-06-04,8,1,0
"offset",52984,11605,44.881065,-93.290176,261,"MN",101,"Quercus","macrocarpa","bur oak","Plantae",501,"Open flowers",9,"2017-01-01","2017-12-31",2017-05-13,133,2017-05-26,13,1,0
"offset",52984,11605,44.881065,-93.290176,261,"MN",101,"Quercus","macrocarpa","bur oak","Plantae",501,"Open flowers",12,"2020-01-01","2020-12-31",2020-05-21,142,2020-05-28,7,1,0
"offset",60259,12722,40.860519,-73.878189,26,"NY",100,"Quercus","alba","white oak","Plantae",371,"Breaking leaf buds",5,"2013-01-01","2013-12-31",2013-04-23,113,2013-05-14,21,1,0
"offset",60272,16270,40.86668,-73.878731,29,"NY",100,"Quercus","alba","white oak","Plantae",371,"Breaking leaf buds",5,"2013-01-01","2013-12-31",2013-06-05,156,2013-06-27,22,1,0
"offset",60272,16270,40.86668,-73.878731,29,"NY",100,"Quercus","alba","white oak","Plantae",501,"Open flowers",5,"2013-01-01","2013-12-31",2013-05-16,136,2013-06-27,42,1,0
"offset",60644,2772,36.440838,-84.323586,554,"TN",100,"Quercus","alba","white oak","Plantae",371,"Breaking leaf buds",6,"2014-01-01","2014-12-31",2014-04-25,115,2014-04-26,1,1,0
"offset",60644,2772,36.440838,-84.323586,554,"TN",100,"Quercus","alba","white oak","Plantae",371,"Breaking leaf buds",7,"2015-01-01","2015-12-31",2015-04-29,119,2015-04-30,1,3,0
"offset",60644,2772,36.440838,-84.323586,554,"TN",100,"Quercus","alba","white oak","Plantae",371,"Breaking leaf buds",8,"2016-01-01","2016-12-31",2016-04-26,117,2016-04-27,1,2,0
"offset",60644,2772,36.440838,-84.323586,554,"TN",100,"Quercus","alba","white oak","Plantae",371,"Breaking leaf buds",9,"2017-01-01","2017-12-31",2017-04-26,116,2017-04-28,2,2,0
"offset",60644,2772,36.440838,-84.323586,554,"TN",100,"Quercus","alba","white oak","Plantae",371,"Breaking leaf buds",10,"2018-01-01","2018-12-31",2018-05-04,124,2018-05-05,1,1,0
"offset",60644,2772,36.440838,-84.323586,554,"TN",100,"Quercus","alba","white oak","Plantae",371,"Breaking leaf buds",11,"2019-01-01","2019-12-31",2019-04-20,110,2019-04-22,2,1,0
"offset",60644,2772,36.440838,-84.323586,554,"TN",100,"Quercus","alba","white oak","Plantae",371,"Breaking leaf buds",12,"2020-01-01","2020-12-31",2020-04-22,113,2020-04-24,2,1,0
"offset",60644,2772,36.440838,-84.323586,554,"TN",100,"Quercus","alba","white oak","Plantae",371,"Breaking leaf buds",13,"2021-01-01","2021-12-31",2021-04-30,120,2021-05-02,2,1,0
"offset",60644,2772,36.440838,-84.323586,554,"TN",100,"Quercus","alba","white oak","Plantae",371,"Breaking leaf buds",14,"2022-01-01","2022-12-31",2022-04-28,118,2023-02-26,304,1,0
"offset",60661,16295,27.929228,-82.725639,4,"FL",305,"Quercus","virginiana","live oak","Plantae",371,"Breaking leaf buds",6,"2014-01-01","2014-12-31",2014-03-29,88,2014-04-11,13,1,0
"offset",60661,16295,27.929228,-82.725639,4,"FL",305,"Quercus","virginiana","live oak","Plantae",371,"Breaking leaf buds",7,"2015-01-01","2015-12-31",2015-03-25,84,2015-04-02,8,1,0
"offset",60661,16295,27.929228,-82.725639,4,"FL",305,"Quercus","virginiana","live oak","Plantae",371,"Breaking leaf buds",8,"2016-01-01","2016-12-31",2016-04-12,103,2016-04-22,10,1,0
"offset",60661,16295,27.929228,-82.725639,4,"FL",305,"Quercus","virginiana","live oak","Plantae",371,"Breaking leaf buds",9,"2017-01-01","2017-12-31",2017-03-23,82,2017-03-30,7,1,0
"offset",60661,16295,27.929228,-82.725639,4,"FL",305,"Quercus","virginiana","live oak","Plantae",371,"Breaking leaf buds",10,"2018-01-01","2018-12-31",2018-06-14,165,2018-06-21,7,2,0
"offset",60661,16295,27.929228,-82.725639,4,"FL",305,"Quercus","virginiana","live oak","Plantae",371,"Breaking leaf buds",11,"2019-01-01","2019-12-31",2019-08-17,229,2019-08-24,7,2,0
"offset",60661,16295,27.929228,-82.725639,4,"FL",305,"Quercus","virginiana","live oak","Plantae",371,"Breaking leaf buds",12,"2020-01-01","2020-12-31",2020-06-27,179,2020-07-04,7,2,0
"offset",60661,16295,27.929228,-82.725639,4,"FL",305,"Quercus","virginiana","live oak","Plantae",371,"Breaking leaf buds",13,"2021-01-01","2021-12-31",2021-03-20,79,2021-03-27,7,1,0
"offset",60661,16295,27.929228,-82.725639,4,"FL",305,"Quercus","virginiana","live oak","Plantae",371,"Breaking leaf buds",14,"2022-01-01","2022-12-31",2022-03-19,78,2022-04-02,14,1,0
"offset",60661,16295,27.929228,-82.725639,4,"FL",305,"Quercus","virginiana","live oak","Plantae",501,"Open flowers",7,"2015-01-01","2015-12-31",2015-03-25,84,2015-04-02,8,1,0
"offset",60661,16295,27.929228,-82.725639,4,"FL",305,"Quercus","virginiana","live oak","Plantae",501,"Open flowers",11,"2019-01-01","2019-12-31",2019-03-09,68,2019-03-30,21,1,0
"offset",60661,16295,27.929228,-82.725639,4,"FL",305,"Quercus","virginiana","live oak","Plantae",501,"Open flowers",12,"2020-01-01","2020-12-31",2020-03-21,81,2020-03-28,7,1,0
"offset",60661,16295,27.929228,-82.725639,4,"FL",305,"Quercus","virginiana","live oak","Plantae",501,"Open flowers",13,"2021-01-01","2021-12-31",2021-03-20,79,2021-03-27,7,1,0
"offset",60661,16295,27.929228,-82.725639,4,"FL",305,"Quercus","virginiana","live oak","Plantae",501,"Open flowers",14,"2022-01-01","2022-12-31",2022-03-19,78,2022-04-02,14,1,0
"offset",60662,16295,27.929228,-82.725639,4,"FL",305,"Quercus","virginiana","live oak","Plantae",371,"Breaking leaf buds",6,"2014-01-01","2014-12-31",2014-04-29,119,2014-05-06,7,1,0
"offset",60662,16295,27.929228,-82.725639,4,"FL",305,"Quercus","virginiana","live oak","Plantae",371,"Breaking leaf buds",7,"2015-01-01","2015-12-31",2015-03-11,70,2015-03-20,9,1,0
"offset",60662,16295,27.929228,-82.725639,4,"FL",305,"Quercus","virginiana","live oak","Plantae",371,"Breaking leaf buds",8,"2016-01-01","2016-12-31",2016-04-01,92,2016-04-12,11,1,0
"offset",60662,16295,27.929228,-82.725639,4,"FL",305,"Quercus","virginiana","live oak","Plantae",371,"Breaking leaf buds",9,"2017-01-01","2017-12-31",2017-04-20,110,2017-04-27,7,3,0
"offset",60662,16295,27.929228,-82.725639,4,"FL",305,"Quercus","virginiana","live oak","Plantae",371,"Breaking leaf buds",10,"2018-01-01","2018-12-31",2018-03-22,81,2018-03-29,7,1,0
"offset",60662,16295,27.929228,-82.725639,4,"FL",305,"Quercus","virginiana","live oak","Plantae",371,"Breaking leaf buds",11,"2019-01-01","2019-12-31",2019-08-24,236,2019-08-31,7,3,0
"offset",60662,16295,27.929228,-82.725639,4,"FL",305,"Quercus","virginiana","live oak","Plantae",371,"Breaking leaf buds",12,"2020-01-01","2020-12-31",2020-07-04,186,2020-07-11,7,2,0
"offset",60662,16295,27.929228,-82.725639,4,"FL",305,"Quercus","virginiana","live oak","Plantae",371,"Breaking leaf buds",13,"2021-01-01","2021-12-31",2021-03-20,79,2021-03-27,7,1,0
"offset",60662,16295,27.929228,-82.725639,4,"FL",305,"Quercus","virginiana","live oak","Plantae",371,"Breaking leaf buds",14,"2022-01-01","2022-12-31",2022-03-19,78,2022-04-02,14,1,0
"offset",60662,16295,27.929228,-82.725639,4,"FL",305,"Quercus","virginiana","live oak","Plantae",501,"Open flowers",7,"2015-01-01","2015-12-31",2015-03-11,70,2015-03-20,9,1,0
"offset",60662,16295,27.929228,-82.725639,4,"FL",305,"Quercus","virginiana","live oak","Plantae",501,"Open flowers",11,"2019-01-01","2019-12-31",2019-03-30,89,2019-04-13,14,1,0
"offset",60662,16295,27.929228,-82.725639,4,"FL",305,"Quercus","virginiana","live oak","Plantae",501,"Open flowers",12,"2020-01-01","2020-12-31",2020-03-21,81,2020-03-28,7,1,0
"offset",60662,16295,27.929228,-82.725639,4,"FL",305,"Quercus","virginiana","live oak","Plantae",501,"Open flowers",13,"2021-01-01","2021-12-31",2021-03-13,72,2021-03-20,7,1,0
"offset",60662,16295,27.929228,-82.725639,4,"FL",305,"Quercus","virginiana","live oak","Plantae",501,"Open flowers",14,"2022-01-01","2022-12-31",2022-02-26,57,2022-03-19,21,1,0
"offset",61040,16356,45.317341,-93.821838,289,"MN",101,"Quercus","macrocarpa","bur oak","Plantae",371,"Breaking leaf buds",7,"2015-01-01","2015-12-31",2015-05-08,128,2015-05-09,1,1,0
"offset",61040,16356,45.317341,-93.821838,289,"MN",101,"Quercus","macrocarpa","bur oak","Plantae",371,"Breaking leaf buds",8,"2016-01-01","2016-12-31",2016-05-14,135,2016-05-17,3,1,0
"offset",61040,16356,45.317341,-93.821838,289,"MN",101,"Quercus","macrocarpa","bur oak","Plantae",371,"Breaking leaf buds",9,"2017-01-01","2017-12-31",2017-05-09,129,2017-05-12,3,1,0
"offset",61040,16356,45.317341,-93.821838,289,"MN",101,"Quercus","macrocarpa","bur oak","Plantae",371,"Breaking leaf buds",10,"2018-01-01","2018-12-31",2018-05-28,148,2018-05-31,3,1,0
"offset",61040,16356,45.317341,-93.821838,289,"MN",101,"Quercus","macrocarpa","bur oak","Plantae",371,"Breaking leaf buds",11,"2019-01-01","2019-12-31",2019-07-27,208,2019-08-23,27,1,0
"offset",61040,16356,45.317341,-93.821838,289,"MN",101,"Quercus","macrocarpa","bur oak","Plantae",501,"Open flowers",7,"2015-01-01","2015-12-31",2015-05-17,137,2015-05-20,3,1,0
"offset",61040,16356,45.317341,-93.821838,289,"MN",101,"Quercus","macrocarpa","bur oak","Plantae",501,"Open flowers",8,"2016-01-01","2016-12-31",2016-05-14,135,2016-05-17,3,1,0
"offset",61040,16356,45.317341,-93.821838,289,"MN",101,"Quercus","macrocarpa","bur oak","Plantae",501,"Open flowers",9,"2017-01-01","2017-12-31",2017-05-15,135,2017-05-17,2,1,0
"offset",61040,16356,45.317341,-93.821838,289,"MN",101,"Quercus","macrocarpa","bur oak","Plantae",501,"Open flowers",10,"2018-01-01","2018-12-31",2018-05-25,145,2018-05-26,1,1,0
"offset",61040,16356,45.317341,-93.821838,289,"MN",101,"Quercus","macrocarpa","bur oak","Plantae",501,"Open flowers",11,"2019-01-01","2019-12-31",2019-05-26,146,2019-06-04,9,1,0
"offset",61253,16361,40.860531,-73.878441,26,"NY",100,"Quercus","alba","white oak","Plantae",371,"Breaking leaf buds",5,"2013-01-01","2013-12-31",2013-04-20,110,2013-09-26,159,1,0
"offset",61313,2119,40.862221,-73.875191,24,"NY",100,"Quercus","alba","white oak","Plantae",371,"Breaking leaf buds",4,"2012-01-01","2012-12-31",2012-03-27,87,2013-02-23,333,1,0
"offset",61313,2119,40.862221,-73.875191,24,"NY",100,"Quercus","alba","white oak","Plantae",371,"Breaking leaf buds",5,"2013-01-01","2013-12-31",2013-04-18,108,2014-01-04,261,1,0
"offset",61313,2119,40.862221,-73.875191,24,"NY",100,"Quercus","alba","white oak","Plantae",371,"Breaking leaf buds",6,"2014-01-01","2014-12-31",2014-05-06,126,2014-05-13,7,2,0
"offset",61313,2119,40.862221,-73.875191,24,"NY",100,"Quercus","alba","white oak","Plantae",371,"Breaking leaf buds",7,"2015-01-01","2015-12-31",2015-04-27,117,2015-04-29,2,1,0
"offset",61313,2119,40.862221,-73.875191,24,"NY",100,"Quercus","alba","white oak","Plantae",371,"Breaking leaf buds",8,"2016-01-01","2016-12-31",2016-04-29,120,2016-05-01,2,4,0
"offset",61313,2119,40.862221,-73.875191,24,"NY",100,"Quercus","alba","white oak","Plantae",371,"Breaking leaf buds",9,"2017-01-01","2017-12-31",2017-04-28,118,2017-05-04,6,3,0
"offset",61313,2119,40.862221,-73.875191,24,"NY",100,"Quercus","alba","white oak","Plantae",371,"Breaking leaf buds",10,"2018-01-01","2018-12-31",2018-05-31,151,2018-06-07,7,2,0
"offset",61313,2119,40.862221,-73.875191,24,"NY",100,"Quercus","alba","white oak","Plantae",371,"Breaking leaf buds",11,"2019-01-01","2019-12-31",2019-05-11,131,2019-05-13,2,6,0
"offset",61313,2119,40.862221,-73.875191,24,"NY",100,"Quercus","alba","white oak","Plantae",371,"Breaking leaf buds",12,"2020-01-01","2020-12-31",2020-03-14,74,2020-09-28,198,3,0
"offset",61313,2119,40.862221,-73.875191,24,"NY",100,"Quercus","alba","white oak","Plantae",371,"Breaking leaf buds",14,"2022-01-01","2022-12-31",2022-05-11,131,2022-05-18,7,4,0
"offset",61313,2119,40.862221,-73.875191,24,"NY",100,"Quercus","alba","white oak","Plantae",371,"Breaking leaf buds",15,"2023-01-01","2023-12-31",2023-04-21,111,2023-04-25,4,2,0
"offset",61313,2119,40.862221,-73.875191,24,"NY",100,"Quercus","alba","white oak","Plantae",371,"Breaking leaf buds",16,"2024-01-01","2024-12-31",2024-04-28,119,2024-05-03,5,4,0
"offset",61313,2119,40.862221,-73.875191,24,"NY",100,"Quercus","alba","white oak","Plantae",371,"Breaking leaf buds",17,"2025-01-01","2025-12-31",2025-04-17,107,2025-04-23,6,1,0
"offset",61313,2119,40.862221,-73.875191,24,"NY",100,"Quercus","alba","white oak","Plantae",371,"Breaking leaf buds",18,"2026-01-01","2026-12-31",2026-04-18,108,2026-06-02,45,1,0
"offset",61313,2119,40.862221,-73.875191,24,"NY",100,"Quercus","alba","white oak","Plantae",501,"Open flowers",4,"2012-01-01","2012-12-31",2012-04-10,101,2013-02-23,319,1,0
"offset",61313,2119,40.862221,-73.875191,24,"NY",100,"Quercus","alba","white oak","Plantae",501,"Open flowers",6,"2014-01-01","2014-12-31",2014-05-16,136,2014-05-19,3,2,0
"offset",61313,2119,40.862221,-73.875191,24,"NY",100,"Quercus","alba","white oak","Plantae",501,"Open flowers",7,"2015-01-01","2015-12-31",2015-05-07,127,2015-05-14,7,2,0
"offset",61313,2119,40.862221,-73.875191,24,"NY",100,"Quercus","alba","white oak","Plantae",501,"Open flowers",8,"2016-01-01","2016-12-31",2016-05-15,136,2016-05-19,4,3,0
"offset",61313,2119,40.862221,-73.875191,24,"NY",100,"Quercus","alba","white oak","Plantae",501,"Open flowers",11,"2019-01-01","2019-12-31",2019-05-30,150,2019-06-01,2,1,0
"offset",61313,2119,40.862221,-73.875191,24,"NY",100,"Quercus","alba","white oak","Plantae",501,"Open flowers",15,"2023-01-01","2023-12-31",2023-04-18,108,2023-04-21,3,1,0
"offset",61313,2119,40.862221,-73.875191,24,"NY",100,"Quercus","alba","white oak","Plantae",501,"Open flowers",17,"2025-01-01","2025-12-31",2025-04-29,119,2025-05-10,11,1,0
"offset",61424,16400,41.272411,-95.98822,352,"NE",101,"Quercus","macrocarpa","bur oak","Plantae",371,"Breaking leaf buds",6,"2014-01-01","2014-12-31",2014-05-07,127,NA,NA,1,0
"offset",62008,16449,40.865597,-73.879211,29,"NY",100,"Quercus","alba","white oak","Plantae",501,"Open flowers",5,"2013-01-01","2013-12-31",2013-05-23,143,2013-05-29,6,1,0
"offset",62040,16456,40.863785,-73.878464,27,"NY",100,"Quercus","alba","white oak","Plantae",371,"Breaking leaf buds",5,"2013-01-01","2013-12-31",2013-05-02,122,2013-10-09,160,1,0
"offset",63267,16657,37.229572,-80.41394,629,"VA",101,"Quercus","macrocarpa","bur oak","Plantae",371,"Breaking leaf buds",6,"2014-01-01","2014-12-31",2014-04-21,111,NA,NA,1,0
"offset",63466,16707,37.22897,-80.420212,640,"VA",101,"Quercus","macrocarpa","bur oak","Plantae",371,"Breaking leaf buds",6,"2014-01-01","2014-12-31",2014-04-15,105,2014-04-21,6,1,0
"offset",63537,16637,37.254807,-79.963844,313,"VA",1212,"Quercus","montana","chestnut oak","Plantae",371,"Breaking leaf buds",6,"2014-01-01","2014-12-31",2014-04-24,114,2014-05-02,8,1,0
"offset",63537,16637,37.254807,-79.963844,313,"VA",1212,"Quercus","montana","chestnut oak","Plantae",501,"Open flowers",6,"2014-01-01","2014-12-31",2014-05-02,122,2014-05-08,6,1,0
"offset",63538,16637,37.254807,-79.963844,313,"VA",100,"Quercus","alba","white oak","Plantae",371,"Breaking leaf buds",6,"2014-01-01","2014-12-31",2014-04-24,114,2014-05-02,8,1,0
"offset",63538,16637,37.254807,-79.963844,313,"VA",100,"Quercus","alba","white oak","Plantae",501,"Open flowers",6,"2014-01-01","2014-12-31",2014-05-02,122,2014-05-08,6,1,0
"offset",64549,16295,27.929228,-82.725639,4,"FL",305,"Quercus","virginiana","live oak","Plantae",371,"Breaking leaf buds",6,"2014-01-01","2014-12-31",2014-05-06,126,2014-05-13,7,1,0
"offset",64549,16295,27.929228,-82.725639,4,"FL",305,"Quercus","virginiana","live oak","Plantae",371,"Breaking leaf buds",7,"2015-01-01","2015-12-31",2015-03-25,84,2015-04-02,8,1,0
"offset",64549,16295,27.929228,-82.725639,4,"FL",305,"Quercus","virginiana","live oak","Plantae",371,"Breaking leaf buds",8,"2016-01-01","2016-12-31",2016-04-01,92,2016-04-12,11,1,0
"offset",64549,16295,27.929228,-82.725639,4,"FL",305,"Quercus","virginiana","live oak","Plantae",371,"Breaking leaf buds",9,"2017-01-01","2017-12-31",2017-03-23,82,2017-03-30,7,1,0
"offset",64549,16295,27.929228,-82.725639,4,"FL",305,"Quercus","virginiana","live oak","Plantae",371,"Breaking leaf buds",10,"2018-01-01","2018-12-31",2018-04-26,116,2018-05-03,7,1,0
"offset",64549,16295,27.929228,-82.725639,4,"FL",305,"Quercus","virginiana","live oak","Plantae",371,"Breaking leaf buds",11,"2019-01-01","2019-12-31",2019-08-17,229,2019-08-24,7,3,0
"offset",64549,16295,27.929228,-82.725639,4,"FL",305,"Quercus","virginiana","live oak","Plantae",371,"Breaking leaf buds",12,"2020-01-01","2020-12-31",2020-03-21,81,2020-03-28,7,1,0
"offset",64549,16295,27.929228,-82.725639,4,"FL",305,"Quercus","virginiana","live oak","Plantae",371,"Breaking leaf buds",13,"2021-01-01","2021-12-31",2021-05-01,121,2021-05-15,14,2,0
"offset",64549,16295,27.929228,-82.725639,4,"FL",305,"Quercus","virginiana","live oak","Plantae",371,"Breaking leaf buds",14,"2022-01-01","2022-12-31",2022-03-19,78,2022-04-02,14,1,0
"offset",64549,16295,27.929228,-82.725639,4,"FL",305,"Quercus","virginiana","live oak","Plantae",501,"Open flowers",7,"2015-01-01","2015-12-31",2015-03-20,79,2015-04-02,13,1,0
"offset",64549,16295,27.929228,-82.725639,4,"FL",305,"Quercus","virginiana","live oak","Plantae",501,"Open flowers",11,"2019-01-01","2019-12-31",2019-04-13,103,2019-04-20,7,1,0
"offset",64549,16295,27.929228,-82.725639,4,"FL",305,"Quercus","virginiana","live oak","Plantae",501,"Open flowers",12,"2020-01-01","2020-12-31",2020-03-07,67,2020-03-21,14,1,0
"offset",64549,16295,27.929228,-82.725639,4,"FL",305,"Quercus","virginiana","live oak","Plantae",501,"Open flowers",13,"2021-01-01","2021-12-31",2021-03-13,72,2021-03-20,7,1,0
"offset",64549,16295,27.929228,-82.725639,4,"FL",305,"Quercus","virginiana","live oak","Plantae",501,"Open flowers",14,"2022-01-01","2022-12-31",2022-03-19,78,2022-04-02,14,1,0
"offset",64558,16295,27.929228,-82.725639,4,"FL",305,"Quercus","virginiana","live oak","Plantae",371,"Breaking leaf buds",6,"2014-01-01","2014-12-31",2014-04-29,119,2014-05-06,7,1,0
"offset",64558,16295,27.929228,-82.725639,4,"FL",305,"Quercus","virginiana","live oak","Plantae",371,"Breaking leaf buds",7,"2015-01-01","2015-12-31",2015-05-12,132,2015-05-20,8,2,0
"offset",64558,16295,27.929228,-82.725639,4,"FL",305,"Quercus","virginiana","live oak","Plantae",371,"Breaking leaf buds",8,"2016-01-01","2016-12-31",2016-04-01,92,2016-04-12,11,1,0
"offset",64558,16295,27.929228,-82.725639,4,"FL",305,"Quercus","virginiana","live oak","Plantae",371,"Breaking leaf buds",9,"2017-01-01","2017-12-31",2017-03-30,89,2017-04-14,15,1,0
"offset",64558,16295,27.929228,-82.725639,4,"FL",305,"Quercus","virginiana","live oak","Plantae",371,"Breaking leaf buds",10,"2018-01-01","2018-12-31",2018-05-03,123,2018-05-10,7,1,0
"offset",64558,16295,27.929228,-82.725639,4,"FL",305,"Quercus","virginiana","live oak","Plantae",371,"Breaking leaf buds",11,"2019-01-01","2019-12-31",2019-03-30,89,2019-04-20,21,1,0
"offset",64558,16295,27.929228,-82.725639,4,"FL",305,"Quercus","virginiana","live oak","Plantae",371,"Breaking leaf buds",12,"2020-01-01","2020-12-31",2020-05-23,144,2020-05-30,7,2,0
"offset",64558,16295,27.929228,-82.725639,4,"FL",305,"Quercus","virginiana","live oak","Plantae",371,"Breaking leaf buds",13,"2021-01-01","2021-12-31",2021-08-21,233,2021-09-11,21,2,0
"offset",64558,16295,27.929228,-82.725639,4,"FL",305,"Quercus","virginiana","live oak","Plantae",371,"Breaking leaf buds",14,"2022-01-01","2022-12-31",2022-04-02,92,2022-04-16,14,1,0
"offset",64558,16295,27.929228,-82.725639,4,"FL",305,"Quercus","virginiana","live oak","Plantae",501,"Open flowers",7,"2015-01-01","2015-12-31",2015-03-25,84,2015-04-02,8,1,0
"offset",64558,16295,27.929228,-82.725639,4,"FL",305,"Quercus","virginiana","live oak","Plantae",501,"Open flowers",11,"2019-01-01","2019-12-31",2019-03-30,89,2019-04-13,14,1,0
"offset",64558,16295,27.929228,-82.725639,4,"FL",305,"Quercus","virginiana","live oak","Plantae",501,"Open flowers",12,"2020-01-01","2020-12-31",2020-04-04,95,2020-04-11,7,1,0
"offset",64558,16295,27.929228,-82.725639,4,"FL",305,"Quercus","virginiana","live oak","Plantae",501,"Open flowers",13,"2021-01-01","2021-12-31",2021-04-03,93,2021-04-17,14,1,0
"offset",64558,16295,27.929228,-82.725639,4,"FL",305,"Quercus","virginiana","live oak","Plantae",501,"Open flowers",14,"2022-01-01","2022-12-31",2022-03-19,78,2022-04-02,14,1,0
"offset",64658,16873,37.309994,-79.895317,319,"VA",100,"Quercus","alba","white oak","Plantae",371,"Breaking leaf buds",6,"2014-01-01","2014-12-31",2014-04-16,106,2014-05-10,24,1,0
"offset",65161,17069,30.468864,-90.182861,8,"LA",305,"Quercus","virginiana","live oak","Plantae",371,"Breaking leaf buds",6,"2014-01-01","2014-12-31",2014-04-08,98,NA,NA,1,0
"offset",65162,17069,30.468864,-90.182861,8,"LA",305,"Quercus","virginiana","live oak","Plantae",371,"Breaking leaf buds",6,"2014-01-01","2014-12-31",2014-03-19,78,NA,NA,1,0
"offset",66925,17405,35.273144,-82.453087,675,"NC",100,"Quercus","alba","white oak","Plantae",371,"Breaking leaf buds",8,"2016-01-01","2016-12-31",2016-04-28,119,2016-05-03,5,1,0
"offset",66925,17405,35.273144,-82.453087,675,"NC",100,"Quercus","alba","white oak","Plantae",501,"Open flowers",7,"2015-01-01","2015-12-31",2015-05-19,139,2015-06-05,17,1,0
"offset",66925,17405,35.273144,-82.453087,675,"NC",100,"Quercus","alba","white oak","Plantae",501,"Open flowers",8,"2016-01-01","2016-12-31",2016-04-06,97,2016-04-14,8,1,0
"offset",67522,11734,40.148293,-77.125366,147,"PA",100,"Quercus","alba","white oak","Plantae",371,"Breaking leaf buds",7,"2015-01-01","2015-12-31",2015-04-30,120,2015-05-13,13,1,0
"offset",67522,11734,40.148293,-77.125366,147,"PA",100,"Quercus","alba","white oak","Plantae",371,"Breaking leaf buds",8,"2016-01-01","2016-12-31",2016-04-25,116,2016-05-16,21,1,0
"offset",67522,11734,40.148293,-77.125366,147,"PA",100,"Quercus","alba","white oak","Plantae",501,"Open flowers",7,"2015-01-01","2015-12-31",2015-05-22,142,2015-06-08,17,1,0
"offset",67522,11734,40.148293,-77.125366,147,"PA",100,"Quercus","alba","white oak","Plantae",501,"Open flowers",8,"2016-01-01","2016-12-31",2016-05-16,137,2016-06-23,38,1,0
"offset",67647,17576,34.477066,-81.633675,128,"SC",100,"Quercus","alba","white oak","Plantae",371,"Breaking leaf buds",6,"2014-01-01","2014-12-31",2014-04-10,100,NA,NA,1,0
"offset",67654,5281,40.710247,-77.956192,403,"PA",100,"Quercus","alba","white oak","Plantae",371,"Breaking leaf buds",4,"2012-01-01","2012-12-31",2012-05-03,124,2012-05-10,7,1,0
"offset",67655,5281,40.710247,-77.956192,403,"PA",100,"Quercus","alba","white oak","Plantae",371,"Breaking leaf buds",4,"2012-01-01","2012-12-31",2012-05-03,124,2012-05-10,7,1,0
"offset",67656,5281,40.710247,-77.956192,403,"PA",100,"Quercus","alba","white oak","Plantae",371,"Breaking leaf buds",4,"2012-01-01","2012-12-31",2012-05-03,124,2012-05-10,7,1,0
"offset",67657,5281,40.710247,-77.956192,403,"PA",100,"Quercus","alba","white oak","Plantae",371,"Breaking leaf buds",4,"2012-01-01","2012-12-31",2012-05-10,131,2012-05-17,7,1,0
"offset",67658,5281,40.710247,-77.956192,403,"PA",100,"Quercus","alba","white oak","Plantae",371,"Breaking leaf buds",4,"2012-01-01","2012-12-31",2012-05-10,131,2012-05-17,7,1,0
"offset",67659,5281,40.710247,-77.956192,403,"PA",100,"Quercus","alba","white oak","Plantae",371,"Breaking leaf buds",4,"2012-01-01","2012-12-31",2012-05-03,124,2012-05-10,7,2,0
"offset",67660,5281,40.710247,-77.956192,403,"PA",100,"Quercus","alba","white oak","Plantae",371,"Breaking leaf buds",4,"2012-01-01","2012-12-31",2012-05-03,124,2012-05-10,7,2,0
"offset",67723,17582,35.770512,-83.111603,639,"TN",1212,"Quercus","montana","chestnut oak","Plantae",371,"Breaking leaf buds",7,"2015-01-01","2015-12-31",2015-05-14,134,2015-06-28,45,2,0
"offset",67723,17582,35.770512,-83.111603,639,"TN",1212,"Quercus","montana","chestnut oak","Plantae",371,"Breaking leaf buds",8,"2016-01-01","2016-12-31",2016-04-20,111,2016-04-21,1,2,0
"offset",67723,17582,35.770512,-83.111603,639,"TN",1212,"Quercus","montana","chestnut oak","Plantae",371,"Breaking leaf buds",9,"2017-01-01","2017-12-31",2017-04-20,110,2017-04-21,1,1,0
"offset",67723,17582,35.770512,-83.111603,639,"TN",1212,"Quercus","montana","chestnut oak","Plantae",371,"Breaking leaf buds",10,"2018-01-01","2018-12-31",2018-04-16,106,2018-05-01,15,1,0
"offset",67723,17582,35.770512,-83.111603,639,"TN",1212,"Quercus","montana","chestnut oak","Plantae",371,"Breaking leaf buds",11,"2019-01-01","2019-12-31",2019-04-17,107,2019-04-18,1,1,0
"offset",67723,17582,35.770512,-83.111603,639,"TN",1212,"Quercus","montana","chestnut oak","Plantae",371,"Breaking leaf buds",13,"2021-01-01","2021-12-31",2021-05-22,142,2021-06-06,15,2,0
"offset",67723,17582,35.770512,-83.111603,639,"TN",1212,"Quercus","montana","chestnut oak","Plantae",371,"Breaking leaf buds",14,"2022-01-01","2022-12-31",2022-04-25,115,2022-05-02,7,2,0
"offset",67723,17582,35.770512,-83.111603,639,"TN",1212,"Quercus","montana","chestnut oak","Plantae",371,"Breaking leaf buds",15,"2023-01-01","2023-12-31",2023-05-01,121,2023-05-02,1,2,0
"offset",67723,17582,35.770512,-83.111603,639,"TN",1212,"Quercus","montana","chestnut oak","Plantae",371,"Breaking leaf buds",16,"2024-01-01","2024-12-31",2024-04-30,121,2024-05-24,24,1,0
"offset",67723,17582,35.770512,-83.111603,639,"TN",1212,"Quercus","montana","chestnut oak","Plantae",501,"Open flowers",8,"2016-01-01","2016-12-31",2016-04-13,104,2016-04-14,1,1,0
"offset",67723,17582,35.770512,-83.111603,639,"TN",1212,"Quercus","montana","chestnut oak","Plantae",501,"Open flowers",11,"2019-01-01","2019-12-31",2019-05-19,139,2019-05-23,4,1,0
"offset",67723,17582,35.770512,-83.111603,639,"TN",1212,"Quercus","montana","chestnut oak","Plantae",501,"Open flowers",13,"2021-01-01","2021-12-31",2021-03-23,82,2021-03-24,1,1,0
"offset",67896,17574,40.863052,-73.881592,30,"NY",101,"Quercus","macrocarpa","bur oak","Plantae",371,"Breaking leaf buds",6,"2014-01-01","2014-12-31",2014-07-02,183,2014-07-10,8,2,0
"offset",67896,17574,40.863052,-73.881592,30,"NY",101,"Quercus","macrocarpa","bur oak","Plantae",371,"Breaking leaf buds",7,"2015-01-01","2015-12-31",2015-05-21,141,2015-05-28,7,2,0
"offset",67896,17574,40.863052,-73.881592,30,"NY",101,"Quercus","macrocarpa","bur oak","Plantae",371,"Breaking leaf buds",8,"2016-01-01","2016-12-31",2016-05-14,135,2016-06-01,18,2,0
"offset",67896,17574,40.863052,-73.881592,30,"NY",101,"Quercus","macrocarpa","bur oak","Plantae",371,"Breaking leaf buds",9,"2017-01-01","2017-12-31",2017-07-23,204,2017-08-12,20,2,0
"offset",67896,17574,40.863052,-73.881592,30,"NY",101,"Quercus","macrocarpa","bur oak","Plantae",371,"Breaking leaf buds",10,"2018-01-01","2018-12-31",2018-04-26,116,2018-05-22,26,1,0
"offset",67896,17574,40.863052,-73.881592,30,"NY",101,"Quercus","macrocarpa","bur oak","Plantae",371,"Breaking leaf buds",11,"2019-01-01","2019-12-31",2019-04-28,118,2019-05-18,20,1,0
"offset",67896,17574,40.863052,-73.881592,30,"NY",101,"Quercus","macrocarpa","bur oak","Plantae",371,"Breaking leaf buds",14,"2022-01-01","2022-12-31",2022-05-20,140,2022-05-22,2,2,0
"offset",67896,17574,40.863052,-73.881592,30,"NY",101,"Quercus","macrocarpa","bur oak","Plantae",371,"Breaking leaf buds",15,"2023-01-01","2023-12-31",2023-05-07,127,2023-05-10,3,1,0
"offset",67896,17574,40.863052,-73.881592,30,"NY",101,"Quercus","macrocarpa","bur oak","Plantae",371,"Breaking leaf buds",16,"2024-01-01","2024-12-31",2024-05-07,128,2024-05-11,4,1,0
"offset",67896,17574,40.863052,-73.881592,30,"NY",101,"Quercus","macrocarpa","bur oak","Plantae",371,"Breaking leaf buds",17,"2025-01-01","2025-12-31",2025-04-27,117,2025-05-01,4,1,0
"offset",67896,17574,40.863052,-73.881592,30,"NY",101,"Quercus","macrocarpa","bur oak","Plantae",371,"Breaking leaf buds",18,"2026-01-01","2026-12-31",2026-05-16,136,2026-05-31,15,1,0
"offset",67896,17574,40.863052,-73.881592,30,"NY",101,"Quercus","macrocarpa","bur oak","Plantae",501,"Open flowers",16,"2024-01-01","2024-12-31",2024-05-11,132,2024-05-16,5,1,0
"offset",67982,16917,37.241226,-79.942352,425,"VA",100,"Quercus","alba","white oak","Plantae",371,"Breaking leaf buds",6,"2014-01-01","2014-12-31",2014-04-10,100,2014-04-14,4,1,0
"offset",67982,16917,37.241226,-79.942352,425,"VA",100,"Quercus","alba","white oak","Plantae",501,"Open flowers",6,"2014-01-01","2014-12-31",2014-04-21,111,NA,NA,1,0
"offset",68456,17680,44.924969,-92.789955,240,"MN",101,"Quercus","macrocarpa","bur oak","Plantae",371,"Breaking leaf buds",6,"2014-01-01","2014-12-31",2014-05-07,127,2014-10-27,173,1,0
"offset",68456,17680,44.924969,-92.789955,240,"MN",101,"Quercus","macrocarpa","bur oak","Plantae",371,"Breaking leaf buds",8,"2016-01-01","2016-12-31",2016-05-09,130,2016-06-09,31,1,0
"offset",68456,17680,44.924969,-92.789955,240,"MN",101,"Quercus","macrocarpa","bur oak","Plantae",371,"Breaking leaf buds",9,"2017-01-01","2017-12-31",2017-05-04,124,2017-05-09,5,1,0
"offset",68456,17680,44.924969,-92.789955,240,"MN",101,"Quercus","macrocarpa","bur oak","Plantae",371,"Breaking leaf buds",10,"2018-01-01","2018-12-31",2018-05-03,123,2018-05-18,15,1,0
"offset",68456,17680,44.924969,-92.789955,240,"MN",101,"Quercus","macrocarpa","bur oak","Plantae",501,"Open flowers",10,"2018-01-01","2018-12-31",2018-05-18,138,2018-09-07,112,1,0
"offset",68666,16733,35.121456,-81.238503,223,"SC",100,"Quercus","alba","white oak","Plantae",371,"Breaking leaf buds",6,"2014-01-01","2014-12-31",2014-04-22,112,2014-10-28,189,1,0
"offset",68891,16639,37.238335,-79.94516,425,"VA",1212,"Quercus","montana","chestnut oak","Plantae",371,"Breaking leaf buds",6,"2014-01-01","2014-12-31",2014-04-14,104,2014-04-27,13,1,0
"offset",68891,16639,37.238335,-79.94516,425,"VA",1212,"Quercus","montana","chestnut oak","Plantae",501,"Open flowers",6,"2014-01-01","2014-12-31",2014-04-21,111,2014-04-24,3,1,0
"offset",68894,16639,37.238335,-79.94516,425,"VA",100,"Quercus","alba","white oak","Plantae",371,"Breaking leaf buds",6,"2014-01-01","2014-12-31",2014-04-18,108,2014-04-24,6,1,0
"offset",68894,16639,37.238335,-79.94516,425,"VA",100,"Quercus","alba","white oak","Plantae",501,"Open flowers",6,"2014-01-01","2014-12-31",2014-04-27,117,NA,NA,1,0
"offset",68931,16635,37.286224,-79.996513,311,"VA",100,"Quercus","alba","white oak","Plantae",371,"Breaking leaf buds",6,"2014-01-01","2014-12-31",2014-04-18,108,NA,NA,1,0
"offset",68968,17599,35.781132,-83.965218,267,"TN",100,"Quercus","alba","white oak","Plantae",371,"Breaking leaf buds",6,"2014-01-01","2014-12-31",2014-04-10,100,2014-05-08,28,1,0
"offset",68970,17600,35.84922,-83.937325,304,"TN",100,"Quercus","alba","white oak","Plantae",371,"Breaking leaf buds",6,"2014-01-01","2014-12-31",2014-04-10,100,2014-05-08,28,1,0
"offset",69158,6579,43.078892,-85.627914,224,"MI",100,"Quercus","alba","white oak","Plantae",371,"Breaking leaf buds",6,"2014-01-01","2014-12-31",2014-06-01,152,2014-07-07,36,1,0
"offset",69158,6579,43.078892,-85.627914,224,"MI",100,"Quercus","alba","white oak","Plantae",371,"Breaking leaf buds",7,"2015-01-01","2015-12-31",2015-05-25,145,2015-06-06,12,1,0
"offset",69158,6579,43.078892,-85.627914,224,"MI",100,"Quercus","alba","white oak","Plantae",371,"Breaking leaf buds",8,"2016-01-01","2016-12-31",2016-05-31,152,2016-06-06,6,1,0
"offset",69158,6579,43.078892,-85.627914,224,"MI",100,"Quercus","alba","white oak","Plantae",371,"Breaking leaf buds",9,"2017-01-01","2017-12-31",2017-05-30,150,2017-08-04,66,1,0
"offset",69158,6579,43.078892,-85.627914,224,"MI",100,"Quercus","alba","white oak","Plantae",371,"Breaking leaf buds",11,"2019-01-01","2019-12-31",2019-06-02,153,2019-09-25,115,1,0
"offset",69158,6579,43.078892,-85.627914,224,"MI",100,"Quercus","alba","white oak","Plantae",501,"Open flowers",6,"2014-01-01","2014-12-31",2014-06-01,152,2014-07-07,36,1,0
"offset",69158,6579,43.078892,-85.627914,224,"MI",100,"Quercus","alba","white oak","Plantae",501,"Open flowers",7,"2015-01-01","2015-12-31",2015-05-16,136,2015-05-25,9,1,0
"offset",69158,6579,43.078892,-85.627914,224,"MI",100,"Quercus","alba","white oak","Plantae",501,"Open flowers",8,"2016-01-01","2016-12-31",2016-05-25,146,2016-05-31,6,1,0
"offset",69158,6579,43.078892,-85.627914,224,"MI",100,"Quercus","alba","white oak","Plantae",501,"Open flowers",9,"2017-01-01","2017-12-31",2017-05-30,150,2017-08-04,66,1,0
"offset",69158,6579,43.078892,-85.627914,224,"MI",100,"Quercus","alba","white oak","Plantae",501,"Open flowers",10,"2018-01-01","2018-12-31",2018-05-03,123,2018-05-29,26,1,0
"offset",69418,16257,41.211025,-73.826889,129,"NY",100,"Quercus","alba","white oak","Plantae",371,"Breaking leaf buds",6,"2014-01-01","2014-12-31",2014-05-12,132,2014-05-14,2,1,0
"offset",69418,16257,41.211025,-73.826889,129,"NY",100,"Quercus","alba","white oak","Plantae",371,"Breaking leaf buds",7,"2015-01-01","2015-12-31",2015-05-06,126,2015-05-13,7,1,0
"offset",69418,16257,41.211025,-73.826889,129,"NY",100,"Quercus","alba","white oak","Plantae",371,"Breaking leaf buds",8,"2016-01-01","2016-12-31",2016-05-05,126,2016-05-26,21,1,0
"offset",69418,16257,41.211025,-73.826889,129,"NY",100,"Quercus","alba","white oak","Plantae",371,"Breaking leaf buds",10,"2018-01-01","2018-12-31",2018-05-04,124,2018-05-25,21,1,0
"offset",69418,16257,41.211025,-73.826889,129,"NY",100,"Quercus","alba","white oak","Plantae",371,"Breaking leaf buds",11,"2019-01-01","2019-12-31",2019-04-30,120,2019-05-09,9,1,0
"offset",69418,16257,41.211025,-73.826889,129,"NY",100,"Quercus","alba","white oak","Plantae",371,"Breaking leaf buds",12,"2020-01-01","2020-12-31",2020-05-14,135,2020-05-21,7,2,0
"offset",69418,16257,41.211025,-73.826889,129,"NY",100,"Quercus","alba","white oak","Plantae",371,"Breaking leaf buds",13,"2021-01-01","2021-12-31",2021-05-06,126,2021-05-13,7,1,0
"offset",69418,16257,41.211025,-73.826889,129,"NY",100,"Quercus","alba","white oak","Plantae",371,"Breaking leaf buds",14,"2022-01-01","2022-12-31",2022-05-26,146,2022-06-02,7,2,0
"offset",69418,16257,41.211025,-73.826889,129,"NY",100,"Quercus","alba","white oak","Plantae",371,"Breaking leaf buds",15,"2023-01-01","2023-12-31",2023-05-17,137,2023-06-03,17,1,0
"offset",69418,16257,41.211025,-73.826889,129,"NY",100,"Quercus","alba","white oak","Plantae",371,"Breaking leaf buds",16,"2024-01-01","2024-12-31",2024-04-28,119,2024-05-04,6,1,0
"offset",69418,16257,41.211025,-73.826889,129,"NY",100,"Quercus","alba","white oak","Plantae",371,"Breaking leaf buds",18,"2026-01-01","2026-12-31",2026-04-17,107,2026-04-24,7,1,0
"offset",69418,16257,41.211025,-73.826889,129,"NY",100,"Quercus","alba","white oak","Plantae",501,"Open flowers",6,"2014-01-01","2014-12-31",2014-05-14,134,2014-05-20,6,1,0
"offset",69418,16257,41.211025,-73.826889,129,"NY",100,"Quercus","alba","white oak","Plantae",501,"Open flowers",11,"2019-01-01","2019-12-31",2019-05-21,141,2019-06-14,24,1,0
"offset",69418,16257,41.211025,-73.826889,129,"NY",100,"Quercus","alba","white oak","Plantae",501,"Open flowers",13,"2021-01-01","2021-12-31",2021-06-09,160,2021-07-01,22,1,0
"offset",69418,16257,41.211025,-73.826889,129,"NY",100,"Quercus","alba","white oak","Plantae",501,"Open flowers",15,"2023-01-01","2023-12-31",2023-05-06,126,2023-05-17,11,1,0
"offset",69418,16257,41.211025,-73.826889,129,"NY",100,"Quercus","alba","white oak","Plantae",501,"Open flowers",16,"2024-01-01","2024-12-31",2024-05-11,132,2024-05-25,14,1,0
"offset",69421,16257,41.211025,-73.826889,129,"NY",100,"Quercus","alba","white oak","Plantae",371,"Breaking leaf buds",6,"2014-01-01","2014-12-31",2014-05-12,132,2014-05-14,2,1,0
"offset",69421,16257,41.211025,-73.826889,129,"NY",100,"Quercus","alba","white oak","Plantae",371,"Breaking leaf buds",7,"2015-01-01","2015-12-31",2015-05-13,133,2015-05-21,8,1,0
"offset",69421,16257,41.211025,-73.826889,129,"NY",100,"Quercus","alba","white oak","Plantae",371,"Breaking leaf buds",8,"2016-01-01","2016-12-31",2016-05-05,126,2016-05-26,21,1,0
"offset",69421,16257,41.211025,-73.826889,129,"NY",100,"Quercus","alba","white oak","Plantae",371,"Breaking leaf buds",10,"2018-01-01","2018-12-31",2018-05-04,124,2018-05-25,21,1,0
"offset",69421,16257,41.211025,-73.826889,129,"NY",100,"Quercus","alba","white oak","Plantae",371,"Breaking leaf buds",11,"2019-01-01","2019-12-31",2019-04-30,120,2019-05-09,9,1,0
"offset",69421,16257,41.211025,-73.826889,129,"NY",100,"Quercus","alba","white oak","Plantae",371,"Breaking leaf buds",12,"2020-01-01","2020-12-31",2020-05-14,135,2020-05-21,7,1,0
"offset",69421,16257,41.211025,-73.826889,129,"NY",100,"Quercus","alba","white oak","Plantae",371,"Breaking leaf buds",13,"2021-01-01","2021-12-31",2021-05-06,126,2021-05-13,7,1,0
"offset",69421,16257,41.211025,-73.826889,129,"NY",100,"Quercus","alba","white oak","Plantae",371,"Breaking leaf buds",14,"2022-01-01","2022-12-31",2022-05-26,146,2022-06-02,7,2,0
"offset",69421,16257,41.211025,-73.826889,129,"NY",100,"Quercus","alba","white oak","Plantae",371,"Breaking leaf buds",15,"2023-01-01","2023-12-31",2023-05-17,137,2023-06-03,17,1,0
"offset",69421,16257,41.211025,-73.826889,129,"NY",100,"Quercus","alba","white oak","Plantae",371,"Breaking leaf buds",16,"2024-01-01","2024-12-31",2024-05-04,125,2024-05-11,7,1,0
"offset",69421,16257,41.211025,-73.826889,129,"NY",100,"Quercus","alba","white oak","Plantae",371,"Breaking leaf buds",18,"2026-01-01","2026-12-31",2026-04-17,107,2026-04-24,7,1,0
"offset",69421,16257,41.211025,-73.826889,129,"NY",100,"Quercus","alba","white oak","Plantae",501,"Open flowers",6,"2014-01-01","2014-12-31",2014-05-14,134,2014-05-20,6,1,0
"offset",69421,16257,41.211025,-73.826889,129,"NY",100,"Quercus","alba","white oak","Plantae",501,"Open flowers",13,"2021-01-01","2021-12-31",2021-06-09,160,2021-07-01,22,1,0
"offset",69421,16257,41.211025,-73.826889,129,"NY",100,"Quercus","alba","white oak","Plantae",501,"Open flowers",14,"2022-01-01","2022-12-31",2022-05-19,139,2022-05-26,7,1,0
"offset",69421,16257,41.211025,-73.826889,129,"NY",100,"Quercus","alba","white oak","Plantae",501,"Open flowers",15,"2023-01-01","2023-12-31",2023-05-06,126,2023-05-12,6,1,0
"offset",69421,16257,41.211025,-73.826889,129,"NY",100,"Quercus","alba","white oak","Plantae",501,"Open flowers",16,"2024-01-01","2024-12-31",2024-05-11,132,2024-05-19,8,1,0
"offset",69421,16257,41.211025,-73.826889,129,"NY",100,"Quercus","alba","white oak","Plantae",501,"Open flowers",18,"2026-01-01","2026-12-31",2026-05-05,125,2026-05-08,3,1,0
"offset",69431,16257,41.211025,-73.826889,129,"NY",100,"Quercus","alba","white oak","Plantae",371,"Breaking leaf buds",6,"2014-01-01","2014-12-31",2014-05-14,134,2014-05-20,6,1,0
"offset",69431,16257,41.211025,-73.826889,129,"NY",100,"Quercus","alba","white oak","Plantae",371,"Breaking leaf buds",7,"2015-01-01","2015-12-31",2015-05-08,128,2015-05-13,5,1,0
"offset",69431,16257,41.211025,-73.826889,129,"NY",100,"Quercus","alba","white oak","Plantae",371,"Breaking leaf buds",8,"2016-01-01","2016-12-31",2016-05-05,126,2016-05-26,21,1,0
"offset",69431,16257,41.211025,-73.826889,129,"NY",100,"Quercus","alba","white oak","Plantae",371,"Breaking leaf buds",9,"2017-01-01","2017-12-31",2017-04-18,108,2017-05-24,36,1,0
"offset",69431,16257,41.211025,-73.826889,129,"NY",100,"Quercus","alba","white oak","Plantae",371,"Breaking leaf buds",10,"2018-01-01","2018-12-31",2018-05-04,124,2018-05-09,5,1,0
"offset",69431,16257,41.211025,-73.826889,129,"NY",100,"Quercus","alba","white oak","Plantae",371,"Breaking leaf buds",11,"2019-01-01","2019-12-31",2019-05-09,129,2019-05-15,6,1,0
"offset",69431,16257,41.211025,-73.826889,129,"NY",100,"Quercus","alba","white oak","Plantae",371,"Breaking leaf buds",12,"2020-01-01","2020-12-31",2020-05-14,135,2020-05-21,7,1,0
"offset",69431,16257,41.211025,-73.826889,129,"NY",100,"Quercus","alba","white oak","Plantae",371,"Breaking leaf buds",13,"2021-01-01","2021-12-31",2021-05-06,126,2021-05-13,7,1,0
"offset",69431,16257,41.211025,-73.826889,129,"NY",100,"Quercus","alba","white oak","Plantae",371,"Breaking leaf buds",14,"2022-01-01","2022-12-31",2022-05-19,139,2022-05-26,7,2,0
"offset",69431,16257,41.211025,-73.826889,129,"NY",100,"Quercus","alba","white oak","Plantae",371,"Breaking leaf buds",15,"2023-01-01","2023-12-31",2023-05-17,137,2023-06-03,17,1,0
"offset",69431,16257,41.211025,-73.826889,129,"NY",100,"Quercus","alba","white oak","Plantae",371,"Breaking leaf buds",16,"2024-01-01","2024-12-31",2024-05-04,125,2024-05-11,7,1,0
"offset",69431,16257,41.211025,-73.826889,129,"NY",100,"Quercus","alba","white oak","Plantae",501,"Open flowers",6,"2014-01-01","2014-12-31",2014-05-14,134,2014-05-20,6,1,0
"offset",69431,16257,41.211025,-73.826889,129,"NY",100,"Quercus","alba","white oak","Plantae",501,"Open flowers",13,"2021-01-01","2021-12-31",2021-06-09,160,2021-06-23,14,1,0
"offset",69431,16257,41.211025,-73.826889,129,"NY",100,"Quercus","alba","white oak","Plantae",501,"Open flowers",14,"2022-01-01","2022-12-31",2022-05-19,139,2022-05-26,7,1,0
"offset",69431,16257,41.211025,-73.826889,129,"NY",100,"Quercus","alba","white oak","Plantae",501,"Open flowers",15,"2023-01-01","2023-12-31",2023-04-28,118,2023-05-12,14,1,0
"offset",69743,16149,42.084396,-71.045303,51,"MA",100,"Quercus","alba","white oak","Plantae",371,"Breaking leaf buds",6,"2014-01-01","2014-12-31",2014-05-11,131,2014-05-24,13,1,0
"offset",69891,17825,39.259186,-77.766342,246,"WV",100,"Quercus","alba","white oak","Plantae",371,"Breaking leaf buds",13,"2021-01-01","2021-12-31",2021-07-10,191,NA,NA,1,0
"offset",70000,16639,37.238335,-79.94516,425,"VA",100,"Quercus","alba","white oak","Plantae",501,"Open flowers",6,"2014-01-01","2014-12-31",2014-04-27,117,NA,NA,1,0
"offset",72518,18133,40.130169,-74.214233,32,"NJ",1212,"Quercus","montana","chestnut oak","Plantae",371,"Breaking leaf buds",7,"2015-01-01","2015-12-31",2015-04-08,98,NA,NA,1,0
"offset",72519,18133,40.130169,-74.214233,32,"NJ",1212,"Quercus","montana","chestnut oak","Plantae",371,"Breaking leaf buds",7,"2015-01-01","2015-12-31",2015-04-08,98,NA,NA,1,0
"offset",72972,18483,42.14682,-73.378174,206,"MA",100,"Quercus","alba","white oak","Plantae",371,"Breaking leaf buds",7,"2015-01-01","2015-12-31",2015-05-06,126,2015-05-22,16,1,0
"offset",72972,18483,42.14682,-73.378174,206,"MA",100,"Quercus","alba","white oak","Plantae",371,"Breaking leaf buds",8,"2016-01-01","2016-12-31",2016-05-14,135,2016-05-17,3,1,0
"offset",72972,18483,42.14682,-73.378174,206,"MA",100,"Quercus","alba","white oak","Plantae",371,"Breaking leaf buds",9,"2017-01-01","2017-12-31",2017-05-11,131,2017-05-22,11,1,0
"offset",72972,18483,42.14682,-73.378174,206,"MA",100,"Quercus","alba","white oak","Plantae",371,"Breaking leaf buds",10,"2018-01-01","2018-12-31",2018-05-12,132,2018-05-17,5,1,0
"offset",72973,18483,42.14682,-73.378174,206,"MA",100,"Quercus","alba","white oak","Plantae",371,"Breaking leaf buds",7,"2015-01-01","2015-12-31",2015-05-06,126,2015-05-22,16,1,0
"offset",72973,18483,42.14682,-73.378174,206,"MA",100,"Quercus","alba","white oak","Plantae",371,"Breaking leaf buds",8,"2016-01-01","2016-12-31",2016-05-14,135,2016-05-17,3,1,0
"offset",72973,18483,42.14682,-73.378174,206,"MA",100,"Quercus","alba","white oak","Plantae",371,"Breaking leaf buds",9,"2017-01-01","2017-12-31",2017-05-11,131,2017-05-14,3,1,0
"offset",72973,18483,42.14682,-73.378174,206,"MA",100,"Quercus","alba","white oak","Plantae",371,"Breaking leaf buds",10,"2018-01-01","2018-12-31",2018-05-12,132,2018-05-17,5,1,0
"offset",73246,18524,40.860325,-73.878471,26,"NY",100,"Quercus","alba","white oak","Plantae",371,"Breaking leaf buds",8,"2016-01-01","2016-12-31",2016-04-27,118,2016-05-11,14,1,0
"offset",73246,18524,40.860325,-73.878471,26,"NY",100,"Quercus","alba","white oak","Plantae",501,"Open flowers",8,"2016-01-01","2016-12-31",2016-04-14,105,2016-04-20,6,1,0
"offset",73265,18525,40.86039,-73.878471,26,"NY",100,"Quercus","alba","white oak","Plantae",371,"Breaking leaf buds",8,"2016-01-01","2016-12-31",2016-06-30,182,2016-07-06,6,6,0
"offset",73265,18525,40.86039,-73.878471,26,"NY",100,"Quercus","alba","white oak","Plantae",371,"Breaking leaf buds",9,"2017-01-01","2017-12-31",2017-08-16,228,2017-08-17,1,4,0
"offset",73265,18525,40.86039,-73.878471,26,"NY",100,"Quercus","alba","white oak","Plantae",371,"Breaking leaf buds",10,"2018-01-01","2018-12-31",2018-10-03,276,2018-10-11,8,10,0
"offset",73265,18525,40.86039,-73.878471,26,"NY",100,"Quercus","alba","white oak","Plantae",371,"Breaking leaf buds",11,"2019-01-01","2019-12-31",2019-05-09,129,2019-05-15,6,3,0
"offset",73265,18525,40.86039,-73.878471,26,"NY",100,"Quercus","alba","white oak","Plantae",371,"Breaking leaf buds",13,"2021-01-01","2021-12-31",2021-07-30,211,2021-07-31,1,1,0
"offset",73265,18525,40.86039,-73.878471,26,"NY",100,"Quercus","alba","white oak","Plantae",371,"Breaking leaf buds",14,"2022-01-01","2022-12-31",2022-05-13,133,2022-05-18,5,2,0
"offset",73265,18525,40.86039,-73.878471,26,"NY",100,"Quercus","alba","white oak","Plantae",371,"Breaking leaf buds",15,"2023-01-01","2023-12-31",2023-04-14,104,2023-04-21,7,1,0
"offset",73265,18525,40.86039,-73.878471,26,"NY",100,"Quercus","alba","white oak","Plantae",371,"Breaking leaf buds",16,"2024-01-01","2024-12-31",2024-04-12,103,2024-04-17,5,1,0
"offset",73265,18525,40.86039,-73.878471,26,"NY",100,"Quercus","alba","white oak","Plantae",371,"Breaking leaf buds",17,"2025-01-01","2025-12-31",2025-05-23,143,2025-05-30,7,4,0
"offset",73265,18525,40.86039,-73.878471,26,"NY",100,"Quercus","alba","white oak","Plantae",371,"Breaking leaf buds",18,"2026-01-01","2026-12-31",2026-04-17,107,2026-04-23,6,1,0
"offset",73265,18525,40.86039,-73.878471,26,"NY",100,"Quercus","alba","white oak","Plantae",501,"Open flowers",8,"2016-01-01","2016-12-31",2016-04-20,111,2016-04-22,2,1,0
"offset",73265,18525,40.86039,-73.878471,26,"NY",100,"Quercus","alba","white oak","Plantae",501,"Open flowers",9,"2017-01-01","2017-12-31",2017-05-03,123,2017-05-11,8,1,0
"offset",73265,18525,40.86039,-73.878471,26,"NY",100,"Quercus","alba","white oak","Plantae",501,"Open flowers",10,"2018-01-01","2018-12-31",2018-05-10,130,2018-05-15,5,1,0
"offset",73265,18525,40.86039,-73.878471,26,"NY",100,"Quercus","alba","white oak","Plantae",501,"Open flowers",11,"2019-01-01","2019-12-31",2019-05-17,137,2019-05-18,1,2,0
"offset",73265,18525,40.86039,-73.878471,26,"NY",100,"Quercus","alba","white oak","Plantae",501,"Open flowers",14,"2022-01-01","2022-12-31",2022-05-20,140,2022-05-24,4,2,0
"offset",73265,18525,40.86039,-73.878471,26,"NY",100,"Quercus","alba","white oak","Plantae",501,"Open flowers",15,"2023-01-01","2023-12-31",2023-05-19,139,2023-05-26,7,1,0
"offset",73265,18525,40.86039,-73.878471,26,"NY",100,"Quercus","alba","white oak","Plantae",501,"Open flowers",16,"2024-01-01","2024-12-31",2024-05-03,124,2024-05-08,5,1,0
"offset",73265,18525,40.86039,-73.878471,26,"NY",100,"Quercus","alba","white oak","Plantae",501,"Open flowers",17,"2025-01-01","2025-12-31",2025-05-02,122,2025-05-08,6,1,0
"offset",73265,18525,40.86039,-73.878471,26,"NY",100,"Quercus","alba","white oak","Plantae",501,"Open flowers",18,"2026-01-01","2026-12-31",2026-05-29,149,2026-06-04,6,3,0
"offset",73362,18534,40.865566,-73.874001,23,"NY",101,"Quercus","macrocarpa","bur oak","Plantae",371,"Breaking leaf buds",8,"2016-01-01","2016-12-31",2016-05-06,127,2018-04-24,718,1,0
"offset",73362,18534,40.865566,-73.874001,23,"NY",101,"Quercus","macrocarpa","bur oak","Plantae",501,"Open flowers",10,"2018-01-01","2018-12-31",2018-05-17,137,2018-05-23,6,1,0
"offset",73372,18535,40.861065,-73.879005,27,"NY",100,"Quercus","alba","white oak","Plantae",371,"Breaking leaf buds",8,"2016-01-01","2016-12-31",2016-04-02,93,2016-04-10,8,1,0
"offset",73372,18535,40.861065,-73.879005,27,"NY",100,"Quercus","alba","white oak","Plantae",371,"Breaking leaf buds",10,"2018-01-01","2018-12-31",2018-05-10,130,2018-05-15,5,1,0
"offset",73372,18535,40.861065,-73.879005,27,"NY",100,"Quercus","alba","white oak","Plantae",371,"Breaking leaf buds",11,"2019-01-01","2019-12-31",2019-07-03,184,2019-07-11,8,9,0
"offset",73372,18535,40.861065,-73.879005,27,"NY",100,"Quercus","alba","white oak","Plantae",371,"Breaking leaf buds",14,"2022-01-01","2022-12-31",2022-05-13,133,2022-05-18,5,1,0
"offset",73372,18535,40.861065,-73.879005,27,"NY",100,"Quercus","alba","white oak","Plantae",371,"Breaking leaf buds",15,"2023-01-01","2023-12-31",2023-04-14,104,2023-04-21,7,1,0
"offset",73372,18535,40.861065,-73.879005,27,"NY",100,"Quercus","alba","white oak","Plantae",371,"Breaking leaf buds",16,"2024-01-01","2024-12-31",2024-04-05,96,2024-04-12,7,2,0
"offset",73372,18535,40.861065,-73.879005,27,"NY",100,"Quercus","alba","white oak","Plantae",371,"Breaking leaf buds",17,"2025-01-01","2025-12-31",2025-05-02,122,2025-05-23,21,2,0
"offset",73372,18535,40.861065,-73.879005,27,"NY",100,"Quercus","alba","white oak","Plantae",371,"Breaking leaf buds",18,"2026-01-01","2026-12-31",2026-04-24,114,2026-05-08,14,1,0
"offset",73372,18535,40.861065,-73.879005,27,"NY",100,"Quercus","alba","white oak","Plantae",501,"Open flowers",8,"2016-01-01","2016-12-31",2016-04-30,121,2018-02-15,656,1,0
"offset",73372,18535,40.861065,-73.879005,27,"NY",100,"Quercus","alba","white oak","Plantae",501,"Open flowers",10,"2018-01-01","2018-12-31",2018-05-15,135,2018-05-16,1,1,0
"offset",73372,18535,40.861065,-73.879005,27,"NY",100,"Quercus","alba","white oak","Plantae",501,"Open flowers",11,"2019-01-01","2019-12-31",2019-06-27,178,2019-07-03,6,3,0
"offset",73372,18535,40.861065,-73.879005,27,"NY",100,"Quercus","alba","white oak","Plantae",501,"Open flowers",14,"2022-01-01","2022-12-31",2022-06-03,154,2022-06-09,6,4,0
"offset",73372,18535,40.861065,-73.879005,27,"NY",100,"Quercus","alba","white oak","Plantae",501,"Open flowers",15,"2023-01-01","2023-12-31",2023-05-12,132,2023-05-19,7,1,0
"offset",73372,18535,40.861065,-73.879005,27,"NY",100,"Quercus","alba","white oak","Plantae",501,"Open flowers",16,"2024-01-01","2024-12-31",2024-06-08,160,2024-06-14,6,2,0
"offset",73372,18535,40.861065,-73.879005,27,"NY",100,"Quercus","alba","white oak","Plantae",501,"Open flowers",17,"2025-01-01","2025-12-31",2025-04-29,119,2025-05-02,3,1,0
"offset",73372,18535,40.861065,-73.879005,27,"NY",100,"Quercus","alba","white oak","Plantae",501,"Open flowers",18,"2026-01-01","2026-12-31",2026-06-05,156,2026-06-12,7,2,0
"offset",73385,18536,40.866119,-73.879341,29,"NY",100,"Quercus","alba","white oak","Plantae",371,"Breaking leaf buds",6,"2014-01-01","2014-12-31",2014-05-02,122,2014-05-06,4,1,0
"offset",73385,18536,40.866119,-73.879341,29,"NY",100,"Quercus","alba","white oak","Plantae",371,"Breaking leaf buds",7,"2015-01-01","2015-12-31",2015-04-29,119,2015-05-06,7,2,0
"offset",73385,18536,40.866119,-73.879341,29,"NY",100,"Quercus","alba","white oak","Plantae",371,"Breaking leaf buds",8,"2016-01-01","2016-12-31",2016-05-06,127,2016-05-20,14,2,0
"offset",73385,18536,40.866119,-73.879341,29,"NY",100,"Quercus","alba","white oak","Plantae",371,"Breaking leaf buds",9,"2017-01-01","2017-12-31",2017-04-28,118,2017-05-04,6,1,0
"offset",73385,18536,40.866119,-73.879341,29,"NY",100,"Quercus","alba","white oak","Plantae",371,"Breaking leaf buds",10,"2018-01-01","2018-12-31",2018-05-02,122,2018-05-08,6,2,0
"offset",73385,18536,40.866119,-73.879341,29,"NY",100,"Quercus","alba","white oak","Plantae",371,"Breaking leaf buds",11,"2019-01-01","2019-12-31",2019-04-23,113,2019-05-01,8,2,0
"offset",73385,18536,40.866119,-73.879341,29,"NY",100,"Quercus","alba","white oak","Plantae",371,"Breaking leaf buds",14,"2022-01-01","2022-12-31",2022-06-30,181,2022-07-17,17,3,0
"offset",73385,18536,40.866119,-73.879341,29,"NY",100,"Quercus","alba","white oak","Plantae",371,"Breaking leaf buds",15,"2023-01-01","2023-12-31",2023-04-23,113,2023-04-26,3,3,0
"offset",73385,18536,40.866119,-73.879341,29,"NY",100,"Quercus","alba","white oak","Plantae",371,"Breaking leaf buds",16,"2024-01-01","2024-12-31",2024-04-28,119,2024-05-07,9,1,0
"offset",73385,18536,40.866119,-73.879341,29,"NY",100,"Quercus","alba","white oak","Plantae",371,"Breaking leaf buds",17,"2025-01-01","2025-12-31",2025-06-01,152,2025-06-04,3,3,0
"offset",73385,18536,40.866119,-73.879341,29,"NY",100,"Quercus","alba","white oak","Plantae",371,"Breaking leaf buds",18,"2026-01-01","2026-12-31",2026-05-13,133,2026-05-16,3,4,0
"offset",73385,18536,40.866119,-73.879341,29,"NY",100,"Quercus","alba","white oak","Plantae",501,"Open flowers",7,"2015-01-01","2015-12-31",2015-05-13,133,2015-05-21,8,2,0
"offset",73385,18536,40.866119,-73.879341,29,"NY",100,"Quercus","alba","white oak","Plantae",501,"Open flowers",8,"2016-01-01","2016-12-31",2016-05-13,134,2016-05-20,7,1,0
"offset",73385,18536,40.866119,-73.879341,29,"NY",100,"Quercus","alba","white oak","Plantae",501,"Open flowers",9,"2017-01-01","2017-12-31",2017-05-09,129,2017-05-23,14,2,0
"offset",73385,18536,40.866119,-73.879341,29,"NY",100,"Quercus","alba","white oak","Plantae",501,"Open flowers",10,"2018-01-01","2018-12-31",2018-05-17,137,2018-05-23,6,1,0
"offset",73385,18536,40.866119,-73.879341,29,"NY",100,"Quercus","alba","white oak","Plantae",501,"Open flowers",11,"2019-01-01","2019-12-31",2019-05-16,136,2019-05-20,4,1,0
"offset",73385,18536,40.866119,-73.879341,29,"NY",100,"Quercus","alba","white oak","Plantae",501,"Open flowers",16,"2024-01-01","2024-12-31",2024-05-16,137,2024-05-19,3,1,0
"offset",73385,18536,40.866119,-73.879341,29,"NY",100,"Quercus","alba","white oak","Plantae",501,"Open flowers",18,"2026-01-01","2026-12-31",2026-05-03,123,2026-05-07,4,1,0
"offset",74466,11430,44.986961,-93.185822,282,"MN",101,"Quercus","macrocarpa","bur oak","Plantae",371,"Breaking leaf buds",8,"2016-01-01","2016-12-31",2016-04-20,111,2016-10-06,169,1,0
"offset",74466,11430,44.986961,-93.185822,282,"MN",101,"Quercus","macrocarpa","bur oak","Plantae",371,"Breaking leaf buds",9,"2017-01-01","2017-12-31",2017-04-26,116,2017-10-10,167,1,0
"offset",74466,11430,44.986961,-93.185822,282,"MN",101,"Quercus","macrocarpa","bur oak","Plantae",371,"Breaking leaf buds",10,"2018-01-01","2018-12-31",2018-05-02,122,2018-09-28,149,1,0
"offset",74466,11430,44.986961,-93.185822,282,"MN",101,"Quercus","macrocarpa","bur oak","Plantae",371,"Breaking leaf buds",11,"2019-01-01","2019-12-31",2019-05-09,129,2019-06-06,28,1,0
"offset",74466,11430,44.986961,-93.185822,282,"MN",101,"Quercus","macrocarpa","bur oak","Plantae",371,"Breaking leaf buds",13,"2021-01-01","2021-12-31",2021-04-27,117,NA,NA,1,0
"offset",74466,11430,44.986961,-93.185822,282,"MN",101,"Quercus","macrocarpa","bur oak","Plantae",501,"Open flowers",7,"2015-01-01","2015-12-31",2015-04-21,111,2015-09-15,147,1,0
"offset",74466,11430,44.986961,-93.185822,282,"MN",101,"Quercus","macrocarpa","bur oak","Plantae",501,"Open flowers",8,"2016-01-01","2016-12-31",2016-04-20,111,2016-10-06,169,1,0
"offset",74466,11430,44.986961,-93.185822,282,"MN",101,"Quercus","macrocarpa","bur oak","Plantae",501,"Open flowers",9,"2017-01-01","2017-12-31",2017-04-26,116,2017-10-10,167,1,0
"offset",74466,11430,44.986961,-93.185822,282,"MN",101,"Quercus","macrocarpa","bur oak","Plantae",501,"Open flowers",11,"2019-01-01","2019-12-31",2019-05-09,129,2019-06-06,28,1,0
"offset",74466,11430,44.986961,-93.185822,282,"MN",101,"Quercus","macrocarpa","bur oak","Plantae",501,"Open flowers",13,"2021-01-01","2021-12-31",2021-04-27,117,NA,NA,1,0
"offset",74474,18740,30.335663,-91.974129,6,"LA",305,"Quercus","virginiana","live oak","Plantae",371,"Breaking leaf buds",6,"2014-01-01","2014-12-31",2014-12-01,335,NA,NA,1,0
"offset",74519,18762,37.228218,-80.423065,639,"VA",101,"Quercus","macrocarpa","bur oak","Plantae",371,"Breaking leaf buds",6,"2014-01-01","2014-12-31",2014-10-02,275,NA,NA,1,0
"offset",74519,18762,37.228218,-80.423065,639,"VA",101,"Quercus","macrocarpa","bur oak","Plantae",501,"Open flowers",6,"2014-01-01","2014-12-31",2014-10-02,275,NA,NA,1,0
"offset",74521,18762,37.228218,-80.423065,639,"VA",100,"Quercus","alba","white oak","Plantae",371,"Breaking leaf buds",6,"2014-01-01","2014-12-31",2014-09-25,268,2014-10-02,7,1,0
"offset",74717,18829,37.214645,-80.447639,617,"VA",305,"Quercus","virginiana","live oak","Plantae",371,"Breaking leaf buds",6,"2014-01-01","2014-12-31",2014-11-16,320,2014-11-19,3,1,0
"offset",74741,18834,44.013351,-96.325378,524,"MN",101,"Quercus","macrocarpa","bur oak","Plantae",371,"Breaking leaf buds",6,"2014-01-01","2014-12-31",2014-05-09,129,2014-05-19,10,1,0
"offset",74741,18834,44.013351,-96.325378,524,"MN",101,"Quercus","macrocarpa","bur oak","Plantae",371,"Breaking leaf buds",7,"2015-01-01","2015-12-31",2015-05-08,128,2015-05-15,7,1,0
"offset",74741,18834,44.013351,-96.325378,524,"MN",101,"Quercus","macrocarpa","bur oak","Plantae",371,"Breaking leaf buds",8,"2016-01-01","2016-12-31",2016-05-20,141,2016-05-27,7,2,0
"offset",74741,18834,44.013351,-96.325378,524,"MN",101,"Quercus","macrocarpa","bur oak","Plantae",371,"Breaking leaf buds",9,"2017-01-01","2017-12-31",2017-05-05,125,2017-05-12,7,1,0
"offset",74741,18834,44.013351,-96.325378,524,"MN",101,"Quercus","macrocarpa","bur oak","Plantae",371,"Breaking leaf buds",10,"2018-01-01","2018-12-31",2018-05-21,141,2018-05-25,4,1,0
"offset",74741,18834,44.013351,-96.325378,524,"MN",101,"Quercus","macrocarpa","bur oak","Plantae",501,"Open flowers",6,"2014-01-01","2014-12-31",2014-07-18,199,2014-07-25,7,1,0
"offset",74741,18834,44.013351,-96.325378,524,"MN",101,"Quercus","macrocarpa","bur oak","Plantae",501,"Open flowers",7,"2015-01-01","2015-12-31",2015-05-15,135,2015-06-12,28,1,0
"offset",74741,18834,44.013351,-96.325378,524,"MN",101,"Quercus","macrocarpa","bur oak","Plantae",501,"Open flowers",8,"2016-01-01","2016-12-31",2016-05-20,141,2016-05-27,7,1,0
"offset",74741,18834,44.013351,-96.325378,524,"MN",101,"Quercus","macrocarpa","bur oak","Plantae",501,"Open flowers",9,"2017-01-01","2017-12-31",2017-05-19,139,2017-05-26,7,1,0
"offset",74778,18939,42.365437,-71.258598,36,"MA",100,"Quercus","alba","white oak","Plantae",371,"Breaking leaf buds",14,"2022-01-01","2022-12-31",2022-03-22,81,NA,NA,1,0
"offset",74779,18939,42.365437,-71.258598,36,"MA",100,"Quercus","alba","white oak","Plantae",371,"Breaking leaf buds",16,"2024-01-01","2024-12-31",2024-09-22,266,NA,NA,1,0
"offset",75100,18939,42.365437,-71.258598,36,"MA",100,"Quercus","alba","white oak","Plantae",371,"Breaking leaf buds",6,"2014-01-01","2014-12-31",2014-09-25,268,2014-09-26,1,1,0
"offset",75837,9340,35.642353,-83.687431,513,"TN",1212,"Quercus","montana","chestnut oak","Plantae",371,"Breaking leaf buds",3,"2011-01-01","2011-12-31",2011-04-14,104,2011-11-07,207,1,0
"offset",75837,9340,35.642353,-83.687431,513,"TN",1212,"Quercus","montana","chestnut oak","Plantae",371,"Breaking leaf buds",4,"2012-01-01","2012-12-31",2012-03-31,91,2012-10-25,208,1,0
"offset",75837,9340,35.642353,-83.687431,513,"TN",1212,"Quercus","montana","chestnut oak","Plantae",371,"Breaking leaf buds",5,"2013-01-01","2013-12-31",2013-04-13,103,2013-04-20,7,1,0
"offset",75837,9340,35.642353,-83.687431,513,"TN",1212,"Quercus","montana","chestnut oak","Plantae",371,"Breaking leaf buds",6,"2014-01-01","2014-12-31",2014-04-26,116,2014-05-03,7,1,0
"offset",75837,9340,35.642353,-83.687431,513,"TN",1212,"Quercus","montana","chestnut oak","Plantae",371,"Breaking leaf buds",7,"2015-01-01","2015-12-31",2015-04-17,107,2015-04-24,7,1,0
"offset",75837,9340,35.642353,-83.687431,513,"TN",1212,"Quercus","montana","chestnut oak","Plantae",371,"Breaking leaf buds",8,"2016-01-01","2016-12-31",2016-04-15,106,2016-04-23,8,1,0
"offset",75837,9340,35.642353,-83.687431,513,"TN",1212,"Quercus","montana","chestnut oak","Plantae",371,"Breaking leaf buds",9,"2017-01-01","2017-12-31",2017-04-15,105,2017-04-21,6,1,0
"offset",75837,9340,35.642353,-83.687431,513,"TN",1212,"Quercus","montana","chestnut oak","Plantae",371,"Breaking leaf buds",10,"2018-01-01","2018-12-31",2018-04-27,117,2018-05-04,7,1,0
"offset",75837,9340,35.642353,-83.687431,513,"TN",1212,"Quercus","montana","chestnut oak","Plantae",371,"Breaking leaf buds",11,"2019-01-01","2019-12-31",2019-04-14,104,2019-05-05,21,2,0
"offset",75837,9340,35.642353,-83.687431,513,"TN",1212,"Quercus","montana","chestnut oak","Plantae",371,"Breaking leaf buds",13,"2021-01-01","2021-12-31",2021-04-25,115,2021-05-01,6,1,0
"offset",75837,9340,35.642353,-83.687431,513,"TN",1212,"Quercus","montana","chestnut oak","Plantae",371,"Breaking leaf buds",14,"2022-01-01","2022-12-31",2022-04-23,113,2022-04-30,7,1,0
"offset",75837,9340,35.642353,-83.687431,513,"TN",1212,"Quercus","montana","chestnut oak","Plantae",371,"Breaking leaf buds",16,"2024-01-01","2024-12-31",2024-04-14,105,2024-10-22,191,1,0
"offset",75837,9340,35.642353,-83.687431,513,"TN",1212,"Quercus","montana","chestnut oak","Plantae",371,"Breaking leaf buds",17,"2025-01-01","2025-12-31",2025-04-20,110,2025-04-28,8,1,0
"offset",75837,9340,35.642353,-83.687431,513,"TN",1212,"Quercus","montana","chestnut oak","Plantae",371,"Breaking leaf buds",18,"2026-01-01","2026-12-31",2026-04-11,101,2026-04-19,8,1,0
"offset",75837,9340,35.642353,-83.687431,513,"TN",1212,"Quercus","montana","chestnut oak","Plantae",501,"Open flowers",3,"2011-01-01","2011-12-31",2011-04-14,104,2011-05-05,21,1,0
"offset",75837,9340,35.642353,-83.687431,513,"TN",1212,"Quercus","montana","chestnut oak","Plantae",501,"Open flowers",4,"2012-01-01","2012-12-31",2012-03-09,69,2012-03-21,12,1,0
"offset",75837,9340,35.642353,-83.687431,513,"TN",1212,"Quercus","montana","chestnut oak","Plantae",501,"Open flowers",7,"2015-01-01","2015-12-31",2015-04-24,114,2015-05-02,8,1,0
"offset",75837,9340,35.642353,-83.687431,513,"TN",1212,"Quercus","montana","chestnut oak","Plantae",501,"Open flowers",8,"2016-01-01","2016-12-31",2016-04-23,114,2016-04-30,7,1,0
"offset",75837,9340,35.642353,-83.687431,513,"TN",1212,"Quercus","montana","chestnut oak","Plantae",501,"Open flowers",17,"2025-01-01","2025-12-31",2025-04-28,118,2025-05-06,8,1,0
"offset",75838,9340,35.642353,-83.687431,513,"TN",1212,"Quercus","montana","chestnut oak","Plantae",371,"Breaking leaf buds",5,"2013-01-01","2013-12-31",2013-04-13,103,2013-04-20,7,1,0
"offset",75838,9340,35.642353,-83.687431,513,"TN",1212,"Quercus","montana","chestnut oak","Plantae",371,"Breaking leaf buds",6,"2014-01-01","2014-12-31",2014-04-12,102,2014-04-19,7,1,0
"offset",75838,9340,35.642353,-83.687431,513,"TN",1212,"Quercus","montana","chestnut oak","Plantae",371,"Breaking leaf buds",7,"2015-01-01","2015-12-31",2015-04-11,101,2015-04-17,6,1,0
"offset",75838,9340,35.642353,-83.687431,513,"TN",1212,"Quercus","montana","chestnut oak","Plantae",371,"Breaking leaf buds",8,"2016-01-01","2016-12-31",2016-04-15,106,2016-04-23,8,1,0
"offset",75838,9340,35.642353,-83.687431,513,"TN",1212,"Quercus","montana","chestnut oak","Plantae",371,"Breaking leaf buds",9,"2017-01-01","2017-12-31",2017-04-08,98,2017-04-15,7,1,0
"offset",75838,9340,35.642353,-83.687431,513,"TN",1212,"Quercus","montana","chestnut oak","Plantae",371,"Breaking leaf buds",10,"2018-01-01","2018-12-31",2018-04-13,103,2018-04-20,7,1,0
"offset",75838,9340,35.642353,-83.687431,513,"TN",1212,"Quercus","montana","chestnut oak","Plantae",371,"Breaking leaf buds",11,"2019-01-01","2019-12-31",2019-04-14,104,2019-05-05,21,2,0
"offset",75838,9340,35.642353,-83.687431,513,"TN",1212,"Quercus","montana","chestnut oak","Plantae",371,"Breaking leaf buds",13,"2021-01-01","2021-12-31",2021-04-17,107,2021-04-25,8,1,0
"offset",75838,9340,35.642353,-83.687431,513,"TN",1212,"Quercus","montana","chestnut oak","Plantae",371,"Breaking leaf buds",14,"2022-01-01","2022-12-31",2022-04-23,113,2022-04-30,7,1,0
"offset",75838,9340,35.642353,-83.687431,513,"TN",1212,"Quercus","montana","chestnut oak","Plantae",371,"Breaking leaf buds",16,"2024-01-01","2024-12-31",2024-04-14,105,2024-10-22,191,2,0
"offset",75838,9340,35.642353,-83.687431,513,"TN",1212,"Quercus","montana","chestnut oak","Plantae",371,"Breaking leaf buds",18,"2026-01-01","2026-12-31",2026-04-11,101,2026-04-19,8,1,0
"offset",75838,9340,35.642353,-83.687431,513,"TN",1212,"Quercus","montana","chestnut oak","Plantae",501,"Open flowers",2,"2010-01-01","2010-12-31",2010-09-01,244,2010-11-24,84,1,0
"offset",75838,9340,35.642353,-83.687431,513,"TN",1212,"Quercus","montana","chestnut oak","Plantae",501,"Open flowers",3,"2011-01-01","2011-12-31",2011-04-14,104,2011-05-05,21,1,0
"offset",75838,9340,35.642353,-83.687431,513,"TN",1212,"Quercus","montana","chestnut oak","Plantae",501,"Open flowers",4,"2012-01-01","2012-12-31",2012-03-09,69,2012-03-21,12,1,0
"offset",75838,9340,35.642353,-83.687431,513,"TN",1212,"Quercus","montana","chestnut oak","Plantae",501,"Open flowers",17,"2025-01-01","2025-12-31",2025-04-20,110,2025-04-28,8,1,0
"offset",77049,19214,35.534603,-82.976784,844,"NC",1212,"Quercus","montana","chestnut oak","Plantae",371,"Breaking leaf buds",13,"2021-01-01","2021-12-31",2021-04-12,102,NA,NA,1,0
"offset",77524,16302,36.137142,-81.109833,354,"NC",100,"Quercus","alba","white oak","Plantae",371,"Breaking leaf buds",7,"2015-01-01","2015-12-31",2015-03-31,90,NA,NA,1,0
"offset",78029,12002,35.633415,-83.941086,635,"TN",1212,"Quercus","montana","chestnut oak","Plantae",371,"Breaking leaf buds",6,"2014-01-01","2014-12-31",2014-04-16,106,2014-05-13,27,1,0
"offset",78029,12002,35.633415,-83.941086,635,"TN",1212,"Quercus","montana","chestnut oak","Plantae",371,"Breaking leaf buds",7,"2015-01-01","2015-12-31",2015-05-05,125,2015-05-06,1,1,0
"offset",78029,12002,35.633415,-83.941086,635,"TN",1212,"Quercus","montana","chestnut oak","Plantae",371,"Breaking leaf buds",8,"2016-01-01","2016-12-31",2016-11-11,316,2016-11-22,11,5,0
"offset",78029,12002,35.633415,-83.941086,635,"TN",1212,"Quercus","montana","chestnut oak","Plantae",371,"Breaking leaf buds",9,"2017-01-01","2017-12-31",2017-04-28,118,2017-05-07,9,4,0
"offset",78029,12002,35.633415,-83.941086,635,"TN",1212,"Quercus","montana","chestnut oak","Plantae",371,"Breaking leaf buds",10,"2018-01-01","2018-12-31",2018-05-05,125,2018-05-12,7,4,0
"offset",78029,12002,35.633415,-83.941086,635,"TN",1212,"Quercus","montana","chestnut oak","Plantae",371,"Breaking leaf buds",13,"2021-01-01","2021-12-31",2021-04-28,118,2021-05-12,14,3,0
"offset",78029,12002,35.633415,-83.941086,635,"TN",1212,"Quercus","montana","chestnut oak","Plantae",371,"Breaking leaf buds",15,"2023-01-01","2023-12-31",2023-04-20,110,2023-05-10,20,1,0
"offset",78029,12002,35.633415,-83.941086,635,"TN",1212,"Quercus","montana","chestnut oak","Plantae",371,"Breaking leaf buds",16,"2024-01-01","2024-12-31",2024-05-19,140,2024-09-18,122,2,0
"offset",78029,12002,35.633415,-83.941086,635,"TN",1212,"Quercus","montana","chestnut oak","Plantae",371,"Breaking leaf buds",17,"2025-01-01","2025-12-31",2025-04-21,111,2025-05-04,13,1,0
"offset",78029,12002,35.633415,-83.941086,635,"TN",1212,"Quercus","montana","chestnut oak","Plantae",371,"Breaking leaf buds",18,"2026-01-01","2026-12-31",2026-04-15,105,NA,NA,1,0
"offset",78029,12002,35.633415,-83.941086,635,"TN",1212,"Quercus","montana","chestnut oak","Plantae",501,"Open flowers",6,"2014-01-01","2014-12-31",2014-04-02,92,2014-04-13,11,1,0
"offset",78029,12002,35.633415,-83.941086,635,"TN",1212,"Quercus","montana","chestnut oak","Plantae",501,"Open flowers",7,"2015-01-01","2015-12-31",2015-04-21,111,2015-04-24,3,2,0
"offset",78030,12002,35.633415,-83.941086,635,"TN",1212,"Quercus","montana","chestnut oak","Plantae",371,"Breaking leaf buds",6,"2014-01-01","2014-12-31",2014-04-16,106,2014-05-13,27,1,0
"offset",78030,12002,35.633415,-83.941086,635,"TN",1212,"Quercus","montana","chestnut oak","Plantae",371,"Breaking leaf buds",7,"2015-01-01","2015-12-31",2015-05-12,132,2015-05-19,7,3,0
"offset",78030,12002,35.633415,-83.941086,635,"TN",1212,"Quercus","montana","chestnut oak","Plantae",371,"Breaking leaf buds",8,"2016-01-01","2016-12-31",2016-11-11,316,2016-11-22,11,4,0
"offset",78030,12002,35.633415,-83.941086,635,"TN",1212,"Quercus","montana","chestnut oak","Plantae",371,"Breaking leaf buds",9,"2017-01-01","2017-12-31",2017-04-28,118,2017-05-07,9,2,0
"offset",78030,12002,35.633415,-83.941086,635,"TN",1212,"Quercus","montana","chestnut oak","Plantae",371,"Breaking leaf buds",10,"2018-01-01","2018-12-31",2018-04-09,99,2018-04-14,5,3,0
"offset",78030,12002,35.633415,-83.941086,635,"TN",1212,"Quercus","montana","chestnut oak","Plantae",371,"Breaking leaf buds",11,"2019-01-01","2019-12-31",2019-04-13,103,2019-04-27,14,1,0
"offset",78030,12002,35.633415,-83.941086,635,"TN",1212,"Quercus","montana","chestnut oak","Plantae",371,"Breaking leaf buds",13,"2021-01-01","2021-12-31",2021-04-28,118,2021-05-12,14,2,0
"offset",78030,12002,35.633415,-83.941086,635,"TN",1212,"Quercus","montana","chestnut oak","Plantae",371,"Breaking leaf buds",15,"2023-01-01","2023-12-31",2023-04-20,110,2023-05-10,20,2,0
"offset",78030,12002,35.633415,-83.941086,635,"TN",1212,"Quercus","montana","chestnut oak","Plantae",371,"Breaking leaf buds",16,"2024-01-01","2024-12-31",2024-05-19,140,2024-09-18,122,2,0
"offset",78030,12002,35.633415,-83.941086,635,"TN",1212,"Quercus","montana","chestnut oak","Plantae",371,"Breaking leaf buds",17,"2025-01-01","2025-12-31",2025-04-21,111,2025-05-04,13,2,0
"offset",78030,12002,35.633415,-83.941086,635,"TN",1212,"Quercus","montana","chestnut oak","Plantae",371,"Breaking leaf buds",18,"2026-01-01","2026-12-31",2026-04-15,105,NA,NA,1,0
"offset",78030,12002,35.633415,-83.941086,635,"TN",1212,"Quercus","montana","chestnut oak","Plantae",501,"Open flowers",7,"2015-01-01","2015-12-31",2015-04-21,111,2015-04-24,3,1,0
"offset",78260,16645,37.189873,-80.088455,578,"VA",100,"Quercus","alba","white oak","Plantae",371,"Breaking leaf buds",6,"2014-01-01","2014-12-31",2014-04-22,112,2014-04-28,6,1,0
"offset",78260,16645,37.189873,-80.088455,578,"VA",100,"Quercus","alba","white oak","Plantae",501,"Open flowers",6,"2014-01-01","2014-12-31",2014-05-02,122,2014-05-22,20,1,0
"offset",78262,16645,37.189873,-80.088455,578,"VA",100,"Quercus","alba","white oak","Plantae",371,"Breaking leaf buds",6,"2014-01-01","2014-12-31",2014-04-28,118,2014-05-02,4,1,0
"offset",78262,16645,37.189873,-80.088455,578,"VA",100,"Quercus","alba","white oak","Plantae",501,"Open flowers",6,"2014-01-01","2014-12-31",2014-05-02,122,2014-05-22,20,1,0
"offset",78440,19505,37.230183,-80.419189,645,"VA",100,"Quercus","alba","white oak","Plantae",371,"Breaking leaf buds",6,"2014-01-01","2014-12-31",2014-10-12,285,2014-10-15,3,1,0
"offset",78527,18867,38.216927,-85.762497,140,"KY",100,"Quercus","alba","white oak","Plantae",371,"Breaking leaf buds",7,"2015-01-01","2015-12-31",2015-04-15,105,2015-04-16,1,1,0
"offset",78527,18867,38.216927,-85.762497,140,"KY",100,"Quercus","alba","white oak","Plantae",371,"Breaking leaf buds",8,"2016-01-01","2016-12-31",2016-11-15,320,2016-11-16,1,5,0
"offset",78527,18867,38.216927,-85.762497,140,"KY",100,"Quercus","alba","white oak","Plantae",371,"Breaking leaf buds",9,"2017-01-01","2017-12-31",2017-11-14,318,2018-02-13,91,3,0
"offset",78527,18867,38.216927,-85.762497,140,"KY",100,"Quercus","alba","white oak","Plantae",371,"Breaking leaf buds",10,"2018-01-01","2018-12-31",2018-02-14,45,2018-02-15,1,1,0
"offset",78527,18867,38.216927,-85.762497,140,"KY",100,"Quercus","alba","white oak","Plantae",501,"Open flowers",7,"2015-01-01","2015-12-31",2015-04-16,106,2015-10-26,193,1,0
"offset",78532,18867,38.216927,-85.762497,140,"KY",1212,"Quercus","montana","chestnut oak","Plantae",371,"Breaking leaf buds",7,"2015-01-01","2015-12-31",2015-04-17,107,2015-07-06,80,1,0
"offset",78532,18867,38.216927,-85.762497,140,"KY",1212,"Quercus","montana","chestnut oak","Plantae",371,"Breaking leaf buds",8,"2016-01-01","2016-12-31",2016-10-04,278,2016-10-06,2,3,0
"offset",78532,18867,38.216927,-85.762497,140,"KY",1212,"Quercus","montana","chestnut oak","Plantae",371,"Breaking leaf buds",9,"2017-01-01","2017-12-31",2017-09-29,272,2017-10-13,14,4,0
"offset",78532,18867,38.216927,-85.762497,140,"KY",1212,"Quercus","montana","chestnut oak","Plantae",501,"Open flowers",7,"2015-01-01","2015-12-31",2015-04-15,105,2015-04-16,1,2,0
"offset",78532,18867,38.216927,-85.762497,140,"KY",1212,"Quercus","montana","chestnut oak","Plantae",501,"Open flowers",9,"2017-01-01","2017-12-31",2017-03-31,90,2017-04-05,5,1,0
"offset",79196,19649,30.292294,-95.320061,52,"TX",100,"Quercus","alba","white oak","Plantae",501,"Open flowers",7,"2015-01-01","2015-12-31",2015-03-19,78,NA,NA,1,0
"offset",80259,19185,39.733765,-104.87014,1643,"CO",101,"Quercus","macrocarpa","bur oak","Plantae",371,"Breaking leaf buds",7,"2015-01-01","2015-12-31",2015-04-22,112,2019-03-26,1434,1,0
"offset",81207,19775,37.220814,-80.416328,630,"VA",100,"Quercus","alba","white oak","Plantae",371,"Breaking leaf buds",7,"2015-01-01","2015-12-31",2015-04-19,109,NA,NA,1,0
"offset",82747,1559,39.289673,-123.373718,542,"CA",100,"Quercus","alba","white oak","Plantae",371,"Breaking leaf buds",7,"2015-01-01","2015-12-31",2015-05-06,126,NA,NA,1,0
"offset",82747,1559,39.289673,-123.373718,542,"CA",100,"Quercus","alba","white oak","Plantae",371,"Breaking leaf buds",9,"2017-01-01","2017-12-31",2017-05-07,127,NA,NA,1,0
"offset",82747,1559,39.289673,-123.373718,542,"CA",100,"Quercus","alba","white oak","Plantae",371,"Breaking leaf buds",10,"2018-01-01","2018-12-31",2018-03-14,73,NA,NA,1,0
"offset",82747,1559,39.289673,-123.373718,542,"CA",100,"Quercus","alba","white oak","Plantae",371,"Breaking leaf buds",11,"2019-01-01","2019-12-31",2019-05-01,121,NA,NA,1,0
"offset",82747,1559,39.289673,-123.373718,542,"CA",100,"Quercus","alba","white oak","Plantae",501,"Open flowers",7,"2015-01-01","2015-12-31",2015-05-06,126,2017-03-14,678,1,0
"offset",85212,17405,35.273144,-82.453087,675,"NC",100,"Quercus","alba","white oak","Plantae",371,"Breaking leaf buds",8,"2016-01-01","2016-12-31",2016-04-28,119,2016-05-03,5,1,0
"offset",85212,17405,35.273144,-82.453087,675,"NC",100,"Quercus","alba","white oak","Plantae",501,"Open flowers",8,"2016-01-01","2016-12-31",2016-04-06,97,2016-04-14,8,1,0
"offset",85635,8460,43.09248,-73.591904,66,"NY",100,"Quercus","alba","white oak","Plantae",371,"Breaking leaf buds",7,"2015-01-01","2015-12-31",2015-05-04,124,2015-05-14,10,1,0
"offset",85635,8460,43.09248,-73.591904,66,"NY",100,"Quercus","alba","white oak","Plantae",371,"Breaking leaf buds",8,"2016-01-01","2016-12-31",2016-05-03,124,2016-05-16,13,1,0
"offset",85635,8460,43.09248,-73.591904,66,"NY",100,"Quercus","alba","white oak","Plantae",371,"Breaking leaf buds",9,"2017-01-01","2017-12-31",2017-05-17,137,2017-05-23,6,2,0
"offset",85635,8460,43.09248,-73.591904,66,"NY",100,"Quercus","alba","white oak","Plantae",371,"Breaking leaf buds",10,"2018-01-01","2018-12-31",2018-05-21,141,2018-06-07,17,1,0
"offset",85635,8460,43.09248,-73.591904,66,"NY",100,"Quercus","alba","white oak","Plantae",371,"Breaking leaf buds",11,"2019-01-01","2019-12-31",2019-05-09,129,2019-05-13,4,1,0
"offset",85635,8460,43.09248,-73.591904,66,"NY",100,"Quercus","alba","white oak","Plantae",371,"Breaking leaf buds",13,"2021-01-01","2021-12-31",2021-05-12,132,2021-05-20,8,1,0
"offset",85635,8460,43.09248,-73.591904,66,"NY",100,"Quercus","alba","white oak","Plantae",371,"Breaking leaf buds",14,"2022-01-01","2022-12-31",2022-05-05,125,2022-05-11,6,1,0
"offset",85635,8460,43.09248,-73.591904,66,"NY",100,"Quercus","alba","white oak","Plantae",371,"Breaking leaf buds",15,"2023-01-01","2023-12-31",2023-05-02,122,2023-05-08,6,1,0
"offset",85635,8460,43.09248,-73.591904,66,"NY",100,"Quercus","alba","white oak","Plantae",371,"Breaking leaf buds",16,"2024-01-01","2024-12-31",2024-04-29,120,2024-05-08,9,1,0
"offset",85635,8460,43.09248,-73.591904,66,"NY",100,"Quercus","alba","white oak","Plantae",501,"Open flowers",7,"2015-01-01","2015-12-31",2015-05-26,146,2015-06-02,7,1,0
"offset",85635,8460,43.09248,-73.591904,66,"NY",100,"Quercus","alba","white oak","Plantae",501,"Open flowers",8,"2016-01-01","2016-12-31",2016-05-16,137,2016-06-06,21,1,0
"offset",85635,8460,43.09248,-73.591904,66,"NY",100,"Quercus","alba","white oak","Plantae",501,"Open flowers",9,"2017-01-01","2017-12-31",2017-05-30,150,2017-06-05,6,1,0
"offset",85635,8460,43.09248,-73.591904,66,"NY",100,"Quercus","alba","white oak","Plantae",501,"Open flowers",13,"2021-01-01","2021-12-31",2021-05-26,146,2021-06-03,8,2,0
"offset",85635,8460,43.09248,-73.591904,66,"NY",100,"Quercus","alba","white oak","Plantae",501,"Open flowers",14,"2022-01-01","2022-12-31",2022-05-26,146,2022-06-08,13,1,0
"offset",85635,8460,43.09248,-73.591904,66,"NY",100,"Quercus","alba","white oak","Plantae",501,"Open flowers",15,"2023-01-01","2023-12-31",2023-05-17,137,2023-06-01,15,1,0
"offset",85635,8460,43.09248,-73.591904,66,"NY",100,"Quercus","alba","white oak","Plantae",501,"Open flowers",17,"2025-01-01","2025-12-31",2025-05-12,132,2025-05-28,16,1,0
"offset",86827,18867,38.216927,-85.762497,140,"KY",100,"Quercus","alba","white oak","Plantae",371,"Breaking leaf buds",7,"2015-01-01","2015-12-31",2015-04-16,106,2015-07-06,81,1,0
"offset",86827,18867,38.216927,-85.762497,140,"KY",100,"Quercus","alba","white oak","Plantae",371,"Breaking leaf buds",8,"2016-01-01","2016-12-31",2016-10-27,301,2016-11-02,6,3,0
"offset",86827,18867,38.216927,-85.762497,140,"KY",100,"Quercus","alba","white oak","Plantae",371,"Breaking leaf buds",9,"2017-01-01","2017-12-31",2017-11-14,318,2017-11-15,1,5,0
"offset",86827,18867,38.216927,-85.762497,140,"KY",100,"Quercus","alba","white oak","Plantae",371,"Breaking leaf buds",10,"2018-01-01","2018-12-31",2018-04-02,92,2018-04-03,1,2,0
"offset",86827,18867,38.216927,-85.762497,140,"KY",100,"Quercus","alba","white oak","Plantae",501,"Open flowers",7,"2015-01-01","2015-12-31",2015-04-16,106,2015-07-06,81,1,0
"offset",86827,18867,38.216927,-85.762497,140,"KY",100,"Quercus","alba","white oak","Plantae",501,"Open flowers",8,"2016-01-01","2016-12-31",2016-11-15,320,2016-11-16,1,1,0
"offset",86827,18867,38.216927,-85.762497,140,"KY",100,"Quercus","alba","white oak","Plantae",501,"Open flowers",9,"2017-01-01","2017-12-31",2017-03-29,88,2017-03-30,1,2,0
"offset",86827,18867,38.216927,-85.762497,140,"KY",100,"Quercus","alba","white oak","Plantae",501,"Open flowers",10,"2018-01-01","2018-12-31",2018-06-19,170,NA,NA,1,0
"offset",87363,20508,38.217278,-85.75795,139,"KY",1212,"Quercus","montana","chestnut oak","Plantae",371,"Breaking leaf buds",7,"2015-01-01","2015-12-31",2015-04-13,103,NA,NA,1,0
"offset",87756,20223,42.296417,-71.128052,48,"MA",100,"Quercus","alba","white oak","Plantae",371,"Breaking leaf buds",8,"2016-01-01","2016-12-31",2016-06-02,154,2016-06-07,5,4,0
"offset",87756,20223,42.296417,-71.128052,48,"MA",100,"Quercus","alba","white oak","Plantae",371,"Breaking leaf buds",9,"2017-01-01","2017-12-31",2017-05-07,127,2017-05-11,4,5,0
"offset",87756,20223,42.296417,-71.128052,48,"MA",100,"Quercus","alba","white oak","Plantae",371,"Breaking leaf buds",10,"2018-01-01","2018-12-31",2018-05-05,125,2018-05-09,4,1,0
"offset",87756,20223,42.296417,-71.128052,48,"MA",100,"Quercus","alba","white oak","Plantae",371,"Breaking leaf buds",11,"2019-01-01","2019-12-31",2019-08-17,229,2019-08-21,4,5,0
"offset",87756,20223,42.296417,-71.128052,48,"MA",100,"Quercus","alba","white oak","Plantae",371,"Breaking leaf buds",12,"2020-01-01","2020-12-31",2020-05-20,141,2020-05-21,1,2,0
"offset",87756,20223,42.296417,-71.128052,48,"MA",100,"Quercus","alba","white oak","Plantae",371,"Breaking leaf buds",13,"2021-01-01","2021-12-31",2021-05-10,130,2021-05-17,7,1,0
"offset",87756,20223,42.296417,-71.128052,48,"MA",100,"Quercus","alba","white oak","Plantae",371,"Breaking leaf buds",14,"2022-01-01","2022-12-31",2022-05-20,140,2022-05-23,3,4,0
"offset",87756,20223,42.296417,-71.128052,48,"MA",100,"Quercus","alba","white oak","Plantae",371,"Breaking leaf buds",15,"2023-01-01","2023-12-31",2023-04-27,117,2023-05-09,12,2,0
"offset",87756,20223,42.296417,-71.128052,48,"MA",100,"Quercus","alba","white oak","Plantae",371,"Breaking leaf buds",16,"2024-01-01","2024-12-31",2024-05-06,127,2024-05-09,3,1,0
"offset",87756,20223,42.296417,-71.128052,48,"MA",100,"Quercus","alba","white oak","Plantae",371,"Breaking leaf buds",17,"2025-01-01","2025-12-31",2025-05-06,126,2025-05-12,6,2,0
"offset",87756,20223,42.296417,-71.128052,48,"MA",100,"Quercus","alba","white oak","Plantae",371,"Breaking leaf buds",18,"2026-01-01","2026-12-31",2026-05-07,127,NA,NA,1,0
"offset",87756,20223,42.296417,-71.128052,48,"MA",100,"Quercus","alba","white oak","Plantae",501,"Open flowers",8,"2016-01-01","2016-12-31",2016-05-22,143,2016-05-26,4,3,0
"offset",87756,20223,42.296417,-71.128052,48,"MA",100,"Quercus","alba","white oak","Plantae",501,"Open flowers",9,"2017-01-01","2017-12-31",2017-06-01,152,2017-06-04,3,1,0
"offset",87756,20223,42.296417,-71.128052,48,"MA",100,"Quercus","alba","white oak","Plantae",501,"Open flowers",10,"2018-01-01","2018-12-31",2018-06-21,172,2018-06-22,1,2,0
"offset",87756,20223,42.296417,-71.128052,48,"MA",100,"Quercus","alba","white oak","Plantae",501,"Open flowers",14,"2022-01-01","2022-12-31",2022-05-23,143,2022-06-02,10,1,0
"offset",87758,20343,42.300278,-71.124771,43,"MA",100,"Quercus","alba","white oak","Plantae",371,"Breaking leaf buds",8,"2016-01-01","2016-12-31",2016-05-09,130,2016-05-21,12,1,0
"offset",87758,20343,42.300278,-71.124771,43,"MA",100,"Quercus","alba","white oak","Plantae",371,"Breaking leaf buds",9,"2017-01-01","2017-12-31",2017-05-20,140,2017-05-21,1,4,0
"offset",87758,20343,42.300278,-71.124771,43,"MA",100,"Quercus","alba","white oak","Plantae",371,"Breaking leaf buds",10,"2018-01-01","2018-12-31",2018-05-03,123,2018-05-06,3,1,0
"offset",87758,20343,42.300278,-71.124771,43,"MA",100,"Quercus","alba","white oak","Plantae",371,"Breaking leaf buds",11,"2019-01-01","2019-12-31",2019-05-11,131,2019-05-16,5,2,0
"offset",87758,20343,42.300278,-71.124771,43,"MA",100,"Quercus","alba","white oak","Plantae",501,"Open flowers",8,"2016-01-01","2016-12-31",2016-05-27,148,2016-09-24,120,1,0
"offset",87758,20343,42.300278,-71.124771,43,"MA",100,"Quercus","alba","white oak","Plantae",501,"Open flowers",9,"2017-01-01","2017-12-31",2017-05-28,148,2017-06-01,4,3,0
"offset",87758,20343,42.300278,-71.124771,43,"MA",100,"Quercus","alba","white oak","Plantae",501,"Open flowers",10,"2018-01-01","2018-12-31",2018-05-19,139,2018-05-25,6,1,0
"offset",87758,20343,42.300278,-71.124771,43,"MA",100,"Quercus","alba","white oak","Plantae",501,"Open flowers",11,"2019-01-01","2019-12-31",2019-06-27,178,2019-07-02,5,4,0
"offset",87759,20343,42.300278,-71.124771,43,"MA",100,"Quercus","alba","white oak","Plantae",371,"Breaking leaf buds",8,"2016-01-01","2016-12-31",2016-05-09,130,2016-05-21,12,1,0
"offset",87759,20343,42.300278,-71.124771,43,"MA",100,"Quercus","alba","white oak","Plantae",371,"Breaking leaf buds",9,"2017-01-01","2017-12-31",2017-05-09,129,2017-05-17,8,2,0
"offset",87759,20343,42.300278,-71.124771,43,"MA",100,"Quercus","alba","white oak","Plantae",371,"Breaking leaf buds",10,"2018-01-01","2018-12-31",2018-05-03,123,2018-05-06,3,1,0
"offset",87759,20343,42.300278,-71.124771,43,"MA",100,"Quercus","alba","white oak","Plantae",371,"Breaking leaf buds",11,"2019-01-01","2019-12-31",2019-05-11,131,2019-05-16,5,2,0
"offset",87759,20343,42.300278,-71.124771,43,"MA",100,"Quercus","alba","white oak","Plantae",501,"Open flowers",8,"2016-01-01","2016-12-31",2016-05-21,142,2016-05-29,8,1,0
"offset",87759,20343,42.300278,-71.124771,43,"MA",100,"Quercus","alba","white oak","Plantae",501,"Open flowers",9,"2017-01-01","2017-12-31",2017-05-28,148,2017-06-10,13,2,0
"offset",87759,20343,42.300278,-71.124771,43,"MA",100,"Quercus","alba","white oak","Plantae",501,"Open flowers",10,"2018-01-01","2018-12-31",2018-05-19,139,2018-05-25,6,1,0
"offset",87759,20343,42.300278,-71.124771,43,"MA",100,"Quercus","alba","white oak","Plantae",501,"Open flowers",11,"2019-01-01","2019-12-31",2019-06-07,158,2019-06-10,3,3,0
"offset",87761,20343,42.300278,-71.124771,43,"MA",100,"Quercus","alba","white oak","Plantae",371,"Breaking leaf buds",8,"2016-01-01","2016-12-31",2016-05-09,130,2016-05-21,12,1,0
"offset",87761,20343,42.300278,-71.124771,43,"MA",100,"Quercus","alba","white oak","Plantae",371,"Breaking leaf buds",9,"2017-01-01","2017-12-31",2017-05-26,146,2017-05-27,1,2,0
"offset",87761,20343,42.300278,-71.124771,43,"MA",100,"Quercus","alba","white oak","Plantae",371,"Breaking leaf buds",10,"2018-01-01","2018-12-31",2018-05-15,135,2018-05-16,1,2,0
"offset",87761,20343,42.300278,-71.124771,43,"MA",100,"Quercus","alba","white oak","Plantae",371,"Breaking leaf buds",11,"2019-01-01","2019-12-31",2019-05-18,138,2019-05-25,7,3,0
"offset",87761,20343,42.300278,-71.124771,43,"MA",100,"Quercus","alba","white oak","Plantae",371,"Breaking leaf buds",12,"2020-01-01","2020-12-31",2020-05-17,138,2020-08-31,106,1,0
"offset",87761,20343,42.300278,-71.124771,43,"MA",100,"Quercus","alba","white oak","Plantae",371,"Breaking leaf buds",13,"2021-01-01","2021-12-31",2021-04-26,116,2021-05-28,32,1,0
"offset",87761,20343,42.300278,-71.124771,43,"MA",100,"Quercus","alba","white oak","Plantae",371,"Breaking leaf buds",14,"2022-01-01","2022-12-31",2022-05-16,136,2022-09-15,122,1,0
"offset",87761,20343,42.300278,-71.124771,43,"MA",100,"Quercus","alba","white oak","Plantae",371,"Breaking leaf buds",16,"2024-01-01","2024-12-31",2024-05-13,134,2024-05-26,13,1,0
"offset",87761,20343,42.300278,-71.124771,43,"MA",100,"Quercus","alba","white oak","Plantae",371,"Breaking leaf buds",17,"2025-01-01","2025-12-31",2025-05-07,127,2025-05-15,8,1,0
"offset",87761,20343,42.300278,-71.124771,43,"MA",100,"Quercus","alba","white oak","Plantae",371,"Breaking leaf buds",18,"2026-01-01","2026-12-31",2026-05-11,131,2026-05-21,10,1,0
"offset",87761,20343,42.300278,-71.124771,43,"MA",100,"Quercus","alba","white oak","Plantae",501,"Open flowers",10,"2018-01-01","2018-12-31",2018-05-17,137,2018-05-18,1,1,0
"offset",87761,20343,42.300278,-71.124771,43,"MA",100,"Quercus","alba","white oak","Plantae",501,"Open flowers",11,"2019-01-01","2019-12-31",2019-05-31,151,2019-06-07,7,1,0
"offset",87811,20611,43.128765,-89.363533,273,"WI",100,"Quercus","alba","white oak","Plantae",371,"Breaking leaf buds",7,"2015-01-01","2015-12-31",2015-04-28,118,NA,NA,1,0
"offset",87817,20608,43.126411,-89.367859,269,"WI",101,"Quercus","macrocarpa","bur oak","Plantae",371,"Breaking leaf buds",7,"2015-01-01","2015-12-31",2015-04-28,118,NA,NA,1,0
"offset",88311,20343,42.300278,-71.124771,43,"MA",100,"Quercus","alba","white oak","Plantae",371,"Breaking leaf buds",8,"2016-01-01","2016-12-31",2016-05-09,130,2016-05-21,12,1,0
"offset",88311,20343,42.300278,-71.124771,43,"MA",100,"Quercus","alba","white oak","Plantae",371,"Breaking leaf buds",9,"2017-01-01","2017-12-31",2017-05-11,131,2017-05-17,6,2,0
"offset",88311,20343,42.300278,-71.124771,43,"MA",100,"Quercus","alba","white oak","Plantae",371,"Breaking leaf buds",10,"2018-01-01","2018-12-31",2018-05-11,131,2018-05-15,4,2,0
"offset",88311,20343,42.300278,-71.124771,43,"MA",100,"Quercus","alba","white oak","Plantae",371,"Breaking leaf buds",11,"2019-01-01","2019-12-31",2019-05-16,136,2019-05-18,2,2,0
"offset",88311,20343,42.300278,-71.124771,43,"MA",100,"Quercus","alba","white oak","Plantae",371,"Breaking leaf buds",13,"2021-01-01","2021-12-31",2021-05-11,131,2021-05-23,12,1,0
"offset",88311,20343,42.300278,-71.124771,43,"MA",100,"Quercus","alba","white oak","Plantae",371,"Breaking leaf buds",16,"2024-01-01","2024-12-31",2024-05-13,134,2024-05-26,13,1,0
"offset",88311,20343,42.300278,-71.124771,43,"MA",100,"Quercus","alba","white oak","Plantae",501,"Open flowers",8,"2016-01-01","2016-12-31",2016-05-21,142,2016-05-29,8,1,0
"offset",88311,20343,42.300278,-71.124771,43,"MA",100,"Quercus","alba","white oak","Plantae",501,"Open flowers",9,"2017-01-01","2017-12-31",2017-05-28,148,2017-06-11,14,2,0
"offset",88311,20343,42.300278,-71.124771,43,"MA",100,"Quercus","alba","white oak","Plantae",501,"Open flowers",10,"2018-01-01","2018-12-31",2018-05-19,139,2018-05-25,6,1,0
"offset",88311,20343,42.300278,-71.124771,43,"MA",100,"Quercus","alba","white oak","Plantae",501,"Open flowers",11,"2019-01-01","2019-12-31",2019-05-31,151,2019-06-05,5,1,0
"offset",88311,20343,42.300278,-71.124771,43,"MA",100,"Quercus","alba","white oak","Plantae",501,"Open flowers",13,"2021-01-01","2021-12-31",2021-05-11,131,2021-05-23,12,1,0
"offset",88541,20779,42.53529,-88.007423,222,"WI",101,"Quercus","macrocarpa","bur oak","Plantae",371,"Breaking leaf buds",7,"2015-01-01","2015-12-31",2015-04-30,120,NA,NA,1,0
"offset",90764,21069,42.15942,-71.911346,203,"MA",100,"Quercus","alba","white oak","Plantae",371,"Breaking leaf buds",7,"2015-01-01","2015-12-31",2015-07-22,203,2015-07-28,6,1,0
"offset",93072,21294,42.092777,-71.951324,188,"MA",1212,"Quercus","montana","chestnut oak","Plantae",371,"Breaking leaf buds",7,"2015-01-01","2015-12-31",2015-07-30,211,NA,NA,1,0
"offset",93093,21349,42.118385,-71.915535,220,"MA",305,"Quercus","virginiana","live oak","Plantae",371,"Breaking leaf buds",7,"2015-01-01","2015-12-31",2015-07-29,210,2015-07-30,1,6,0
"offset",93093,21349,42.118385,-71.915535,220,"MA",305,"Quercus","virginiana","live oak","Plantae",501,"Open flowers",7,"2015-01-01","2015-12-31",2015-07-29,210,2015-07-30,1,6,0
"offset",93124,17893,43.629707,-70.280785,15,"ME",100,"Quercus","alba","white oak","Plantae",371,"Breaking leaf buds",7,"2015-01-01","2015-12-31",2015-10-13,286,2015-10-14,1,1,0
"offset",93124,17893,43.629707,-70.280785,15,"ME",100,"Quercus","alba","white oak","Plantae",501,"Open flowers",7,"2015-01-01","2015-12-31",2015-10-19,292,2015-10-20,1,1,0
"offset",93210,21365,41.674755,-93.704475,263,"IA",100,"Quercus","alba","white oak","Plantae",371,"Breaking leaf buds",7,"2015-01-01","2015-12-31",2015-10-26,299,NA,NA,1,0
"offset",93211,21365,41.674755,-93.704475,263,"IA",101,"Quercus","macrocarpa","bur oak","Plantae",371,"Breaking leaf buds",7,"2015-01-01","2015-12-31",2015-10-26,299,NA,NA,1,0
"offset",94352,21525,41.597977,-93.627502,252,"IA",101,"Quercus","macrocarpa","bur oak","Plantae",371,"Breaking leaf buds",7,"2015-01-01","2015-12-31",2015-09-10,253,2015-09-15,5,1,0
"offset",94352,21525,41.597977,-93.627502,252,"IA",101,"Quercus","macrocarpa","bur oak","Plantae",371,"Breaking leaf buds",8,"2016-01-01","2016-12-31",2016-10-12,286,2016-10-25,13,2,0
"offset",94352,21525,41.597977,-93.627502,252,"IA",101,"Quercus","macrocarpa","bur oak","Plantae",501,"Open flowers",7,"2015-01-01","2015-12-31",2015-10-10,283,2015-10-14,4,2,0
"offset",94357,21527,41.591492,-93.284142,268,"IA",101,"Quercus","macrocarpa","bur oak","Plantae",371,"Breaking leaf buds",10,"2018-01-01","2018-12-31",2018-09-30,273,2018-10-02,2,1,0
"offset",94357,21527,41.591492,-93.284142,268,"IA",101,"Quercus","macrocarpa","bur oak","Plantae",501,"Open flowers",8,"2016-01-01","2016-12-31",2016-09-27,271,2016-11-03,37,1,0
"offset",94358,21526,41.569942,-93.661819,245,"IA",101,"Quercus","macrocarpa","bur oak","Plantae",371,"Breaking leaf buds",7,"2015-01-01","2015-12-31",2015-11-01,305,2016-09-24,328,1,0
"offset",95191,21508,41.597977,-93.627502,252,"IA",101,"Quercus","macrocarpa","bur oak","Plantae",371,"Breaking leaf buds",7,"2015-01-01","2015-12-31",2015-09-10,253,NA,NA,1,0
"offset",95191,21508,41.597977,-93.627502,252,"IA",101,"Quercus","macrocarpa","bur oak","Plantae",501,"Open flowers",7,"2015-01-01","2015-12-31",2015-09-10,253,NA,NA,1,0
"offset",95192,21719,41.558643,-93.267967,268,"IA",101,"Quercus","macrocarpa","bur oak","Plantae",371,"Breaking leaf buds",7,"2015-01-01","2015-12-31",2015-09-15,258,NA,NA,1,0
"offset",96274,9086,37.381329,-80.088806,476,"VA",1212,"Quercus","montana","chestnut oak","Plantae",371,"Breaking leaf buds",9,"2017-01-01","2017-12-31",2017-04-21,111,2017-05-05,14,1,0
"offset",96274,9086,37.381329,-80.088806,476,"VA",1212,"Quercus","montana","chestnut oak","Plantae",371,"Breaking leaf buds",10,"2018-01-01","2018-12-31",2018-05-04,124,2018-09-13,132,1,0
"offset",96304,9086,37.381329,-80.088806,476,"VA",1212,"Quercus","montana","chestnut oak","Plantae",371,"Breaking leaf buds",9,"2017-01-01","2017-12-31",2017-04-14,104,2017-09-18,157,1,0
"offset",96305,9086,37.381329,-80.088806,476,"VA",1212,"Quercus","montana","chestnut oak","Plantae",371,"Breaking leaf buds",9,"2017-01-01","2017-12-31",2017-04-21,111,2017-05-05,14,1,0
"offset",96305,9086,37.381329,-80.088806,476,"VA",1212,"Quercus","montana","chestnut oak","Plantae",371,"Breaking leaf buds",10,"2018-01-01","2018-12-31",2018-05-04,124,2018-09-13,132,1,0
"offset",96306,9086,37.381329,-80.088806,476,"VA",1212,"Quercus","montana","chestnut oak","Plantae",371,"Breaking leaf buds",9,"2017-01-01","2017-12-31",2017-04-21,111,2017-05-05,14,1,0
"offset",96306,9086,37.381329,-80.088806,476,"VA",1212,"Quercus","montana","chestnut oak","Plantae",371,"Breaking leaf buds",10,"2018-01-01","2018-12-31",2018-05-04,124,2018-09-13,132,1,0
"offset",96312,9086,37.381329,-80.088806,476,"VA",100,"Quercus","alba","white oak","Plantae",371,"Breaking leaf buds",8,"2016-01-01","2016-12-31",2016-04-29,120,2016-09-19,143,1,0
"offset",96312,9086,37.381329,-80.088806,476,"VA",100,"Quercus","alba","white oak","Plantae",371,"Breaking leaf buds",9,"2017-01-01","2017-12-31",2017-04-21,111,2017-05-05,14,1,0
"offset",96312,9086,37.381329,-80.088806,476,"VA",100,"Quercus","alba","white oak","Plantae",371,"Breaking leaf buds",10,"2018-01-01","2018-12-31",2018-04-27,117,2018-05-04,7,2,0
"offset",96313,9086,37.381329,-80.088806,476,"VA",100,"Quercus","alba","white oak","Plantae",371,"Breaking leaf buds",8,"2016-01-01","2016-12-31",2016-04-29,120,2016-09-19,143,1,0
"offset",96313,9086,37.381329,-80.088806,476,"VA",100,"Quercus","alba","white oak","Plantae",371,"Breaking leaf buds",9,"2017-01-01","2017-12-31",2017-04-21,111,2017-05-05,14,1,0
"offset",96313,9086,37.381329,-80.088806,476,"VA",100,"Quercus","alba","white oak","Plantae",371,"Breaking leaf buds",10,"2018-01-01","2018-12-31",2018-05-04,124,2018-09-13,132,2,0
"offset",96828,22017,35.497227,-82.608856,671,"NC",100,"Quercus","alba","white oak","Plantae",371,"Breaking leaf buds",7,"2015-01-01","2015-12-31",2015-05-13,133,2015-05-20,7,1,0
"offset",96828,22017,35.497227,-82.608856,671,"NC",100,"Quercus","alba","white oak","Plantae",371,"Breaking leaf buds",8,"2016-01-01","2016-12-31",2016-04-27,118,2016-05-04,7,2,0
"offset",96828,22017,35.497227,-82.608856,671,"NC",100,"Quercus","alba","white oak","Plantae",371,"Breaking leaf buds",9,"2017-01-01","2017-12-31",2017-04-20,110,2017-04-26,6,1,0
"offset",96828,22017,35.497227,-82.608856,671,"NC",100,"Quercus","alba","white oak","Plantae",371,"Breaking leaf buds",10,"2018-01-01","2018-12-31",2018-05-02,122,2018-05-09,7,1,0
"offset",96828,22017,35.497227,-82.608856,671,"NC",100,"Quercus","alba","white oak","Plantae",371,"Breaking leaf buds",11,"2019-01-01","2019-12-31",2019-05-01,121,2019-05-05,4,2,0
"offset",96828,22017,35.497227,-82.608856,671,"NC",100,"Quercus","alba","white oak","Plantae",371,"Breaking leaf buds",12,"2020-01-01","2020-12-31",2020-03-25,85,2020-03-30,5,4,0
"offset",96828,22017,35.497227,-82.608856,671,"NC",100,"Quercus","alba","white oak","Plantae",371,"Breaking leaf buds",13,"2021-01-01","2021-12-31",2021-04-28,118,2021-05-05,7,1,0
"offset",96828,22017,35.497227,-82.608856,671,"NC",100,"Quercus","alba","white oak","Plantae",371,"Breaking leaf buds",14,"2022-01-01","2022-12-31",2022-04-27,117,2022-05-04,7,1,0
"offset",96828,22017,35.497227,-82.608856,671,"NC",100,"Quercus","alba","white oak","Plantae",371,"Breaking leaf buds",16,"2024-01-01","2024-12-31",2024-04-25,116,2024-05-02,7,1,0
"offset",96828,22017,35.497227,-82.608856,671,"NC",100,"Quercus","alba","white oak","Plantae",371,"Breaking leaf buds",17,"2025-01-01","2025-12-31",2025-04-27,117,2025-05-01,4,1,0
"offset",96828,22017,35.497227,-82.608856,671,"NC",100,"Quercus","alba","white oak","Plantae",501,"Open flowers",8,"2016-01-01","2016-12-31",2016-04-27,118,2016-05-04,7,1,0
"offset",96828,22017,35.497227,-82.608856,671,"NC",100,"Quercus","alba","white oak","Plantae",501,"Open flowers",10,"2018-01-01","2018-12-31",2018-05-02,122,2018-05-09,7,4,0
"offset",96828,22017,35.497227,-82.608856,671,"NC",100,"Quercus","alba","white oak","Plantae",501,"Open flowers",11,"2019-01-01","2019-12-31",2019-04-23,113,2019-04-24,1,1,0
"offset",96834,22017,35.497227,-82.608856,671,"NC",100,"Quercus","alba","white oak","Plantae",371,"Breaking leaf buds",7,"2015-01-01","2015-12-31",2015-05-13,133,2015-05-20,7,1,0
"offset",96834,22017,35.497227,-82.608856,671,"NC",100,"Quercus","alba","white oak","Plantae",371,"Breaking leaf buds",8,"2016-01-01","2016-12-31",2016-04-20,111,2016-04-27,7,1,0
"offset",96834,22017,35.497227,-82.608856,671,"NC",100,"Quercus","alba","white oak","Plantae",371,"Breaking leaf buds",9,"2017-01-01","2017-12-31",2017-04-20,110,2017-04-26,6,1,0
"offset",96834,22017,35.497227,-82.608856,671,"NC",100,"Quercus","alba","white oak","Plantae",371,"Breaking leaf buds",10,"2018-01-01","2018-12-31",2018-04-27,117,2018-04-30,3,1,0
"offset",96834,22017,35.497227,-82.608856,671,"NC",100,"Quercus","alba","white oak","Plantae",371,"Breaking leaf buds",11,"2019-01-01","2019-12-31",2019-08-12,224,2019-08-13,1,3,0
"offset",96834,22017,35.497227,-82.608856,671,"NC",100,"Quercus","alba","white oak","Plantae",371,"Breaking leaf buds",12,"2020-01-01","2020-12-31",2020-03-30,90,2020-06-11,73,3,0
"offset",96834,22017,35.497227,-82.608856,671,"NC",100,"Quercus","alba","white oak","Plantae",371,"Breaking leaf buds",13,"2021-01-01","2021-12-31",2021-04-28,118,2021-05-05,7,1,0
"offset",96834,22017,35.497227,-82.608856,671,"NC",100,"Quercus","alba","white oak","Plantae",371,"Breaking leaf buds",14,"2022-01-01","2022-12-31",2022-04-20,110,2022-04-27,7,1,0
"offset",96834,22017,35.497227,-82.608856,671,"NC",100,"Quercus","alba","white oak","Plantae",371,"Breaking leaf buds",16,"2024-01-01","2024-12-31",2024-04-18,109,2024-04-25,7,1,0
"offset",96834,22017,35.497227,-82.608856,671,"NC",100,"Quercus","alba","white oak","Plantae",371,"Breaking leaf buds",17,"2025-01-01","2025-12-31",2025-04-17,107,2025-04-27,10,2,0
"offset",96834,22017,35.497227,-82.608856,671,"NC",100,"Quercus","alba","white oak","Plantae",501,"Open flowers",8,"2016-01-01","2016-12-31",2016-04-27,118,2016-05-04,7,1,0
"offset",96834,22017,35.497227,-82.608856,671,"NC",100,"Quercus","alba","white oak","Plantae",501,"Open flowers",9,"2017-01-01","2017-12-31",2017-04-26,116,2017-05-04,8,1,0
"offset",96834,22017,35.497227,-82.608856,671,"NC",100,"Quercus","alba","white oak","Plantae",501,"Open flowers",10,"2018-01-01","2018-12-31",2018-05-02,122,2018-05-09,7,1,0
"offset",96834,22017,35.497227,-82.608856,671,"NC",100,"Quercus","alba","white oak","Plantae",501,"Open flowers",11,"2019-01-01","2019-12-31",2019-04-22,112,2019-04-23,1,1,0
"offset",96834,22017,35.497227,-82.608856,671,"NC",100,"Quercus","alba","white oak","Plantae",501,"Open flowers",17,"2025-01-01","2025-12-31",2025-04-17,107,2025-04-27,10,1,0
"offset",98032,22127,35.149792,-79.368179,115,"NC",100,"Quercus","alba","white oak","Plantae",371,"Breaking leaf buds",8,"2016-01-01","2016-12-31",2016-04-11,102,NA,NA,1,0
"offset",98032,22127,35.149792,-79.368179,115,"NC",100,"Quercus","alba","white oak","Plantae",501,"Open flowers",8,"2016-01-01","2016-12-31",2016-04-11,102,NA,NA,1,0
"offset",98049,22130,35.152592,-79.369591,115,"NC",100,"Quercus","alba","white oak","Plantae",371,"Breaking leaf buds",8,"2016-01-01","2016-12-31",2016-04-11,102,NA,NA,1,0
"offset",100082,22539,30.335663,-91.974129,9,"LA",100,"Quercus","alba","white oak","Plantae",371,"Breaking leaf buds",8,"2016-01-01","2016-12-31",2016-02-15,46,NA,NA,1,0
"offset",101001,22547,30.805164,-88.442879,40,"MS",305,"Quercus","virginiana","live oak","Plantae",371,"Breaking leaf buds",8,"2016-01-01","2016-12-31",2016-04-14,105,2016-04-20,6,1,0
"offset",101001,22547,30.805164,-88.442879,40,"MS",305,"Quercus","virginiana","live oak","Plantae",501,"Open flowers",8,"2016-01-01","2016-12-31",2016-04-20,111,2016-04-29,9,1,0
"offset",101002,22547,30.805164,-88.442879,40,"MS",305,"Quercus","virginiana","live oak","Plantae",371,"Breaking leaf buds",8,"2016-01-01","2016-12-31",2016-03-23,83,2016-03-30,7,1,0
"offset",102154,17348,44.046768,-92.460548,301,"MN",101,"Quercus","macrocarpa","bur oak","Plantae",371,"Breaking leaf buds",8,"2016-01-01","2016-12-31",2016-04-16,107,NA,NA,1,0
"offset",102170,22043,44.423725,-93.344765,320,"MN",101,"Quercus","macrocarpa","bur oak","Plantae",371,"Breaking leaf buds",8,"2016-01-01","2016-12-31",2016-05-07,128,NA,NA,1,0
"offset",102183,17103,47.033489,-94.447609,420,"MN",101,"Quercus","macrocarpa","bur oak","Plantae",371,"Breaking leaf buds",8,"2016-01-01","2016-12-31",2016-05-13,134,2016-05-27,14,1,0
"offset",102997,22851,46.917908,-94.897476,439,"MN",101,"Quercus","macrocarpa","bur oak","Plantae",501,"Open flowers",8,"2016-01-01","2016-12-31",2016-04-20,111,2017-08-07,474,1,0
"offset",103308,22872,39.980976,-82.411469,293,"OH",1212,"Quercus","montana","chestnut oak","Plantae",371,"Breaking leaf buds",8,"2016-01-01","2016-12-31",2016-04-19,110,2016-05-16,27,1,0
"offset",103308,22872,39.980976,-82.411469,293,"OH",1212,"Quercus","montana","chestnut oak","Plantae",501,"Open flowers",8,"2016-01-01","2016-12-31",2016-05-17,138,2016-09-22,128,1,0
"offset",103312,22872,39.980976,-82.411469,293,"OH",100,"Quercus","alba","white oak","Plantae",371,"Breaking leaf buds",8,"2016-01-01","2016-12-31",2016-05-17,138,2016-09-22,128,1,0
"offset",103313,22872,39.980976,-82.411469,293,"OH",100,"Quercus","alba","white oak","Plantae",371,"Breaking leaf buds",8,"2016-01-01","2016-12-31",2016-05-17,138,2016-09-22,128,1,0
"offset",103732,22955,42.296288,-71.129082,32,"MA",100,"Quercus","alba","white oak","Plantae",371,"Breaking leaf buds",10,"2018-01-01","2018-12-31",2018-05-19,139,2018-05-24,5,2,0
"offset",103732,22955,42.296288,-71.129082,32,"MA",100,"Quercus","alba","white oak","Plantae",501,"Open flowers",10,"2018-01-01","2018-12-31",2018-05-04,124,2018-05-07,3,1,0
"offset",104236,23016,39.247299,-77.340401,157,"MD",1212,"Quercus","montana","chestnut oak","Plantae",371,"Breaking leaf buds",8,"2016-01-01","2016-12-31",2016-05-02,123,2017-02-11,285,1,0
"offset",104236,23016,39.247299,-77.340401,157,"MD",1212,"Quercus","montana","chestnut oak","Plantae",371,"Breaking leaf buds",9,"2017-01-01","2017-12-31",2017-04-23,113,2019-02-22,670,1,0
"offset",104236,23016,39.247299,-77.340401,157,"MD",1212,"Quercus","montana","chestnut oak","Plantae",371,"Breaking leaf buds",11,"2019-01-01","2019-12-31",2019-04-17,107,2020-02-22,311,1,0
"offset",104842,23061,33.223484,-97.128609,197,"TX",305,"Quercus","virginiana","live oak","Plantae",371,"Breaking leaf buds",8,"2016-01-01","2016-12-31",2016-05-02,123,NA,NA,6,0
"offset",104842,23061,33.223484,-97.128609,197,"TX",305,"Quercus","virginiana","live oak","Plantae",501,"Open flowers",8,"2016-01-01","2016-12-31",2016-04-28,119,2016-05-02,4,5,0
"offset",105023,23077,39.08073,-77.008125,122,"MD",100,"Quercus","alba","white oak","Plantae",371,"Breaking leaf buds",8,"2016-01-01","2016-12-31",2016-04-10,101,NA,NA,1,0
"offset",105439,23112,38.212112,-85.763649,141,"KY",1212,"Quercus","montana","chestnut oak","Plantae",371,"Breaking leaf buds",8,"2016-01-01","2016-12-31",2016-04-04,95,NA,NA,1,0
"offset",107169,23303,35.643738,-82.302879,830,"NC",100,"Quercus","alba","white oak","Plantae",371,"Breaking leaf buds",8,"2016-01-01","2016-12-31",2016-04-10,101,NA,NA,1,0
"offset",107636,22979,41.556442,-93.267807,267,"IA",101,"Quercus","macrocarpa","bur oak","Plantae",371,"Breaking leaf buds",10,"2018-01-01","2018-12-31",2018-05-10,130,2018-05-17,7,1,0
"offset",107636,22979,41.556442,-93.267807,267,"IA",101,"Quercus","macrocarpa","bur oak","Plantae",371,"Breaking leaf buds",11,"2019-01-01","2019-12-31",2019-05-08,128,2019-05-16,8,1,0
"offset",107636,22979,41.556442,-93.267807,267,"IA",101,"Quercus","macrocarpa","bur oak","Plantae",371,"Breaking leaf buds",12,"2020-01-01","2020-12-31",2020-04-27,118,2020-05-07,10,2,0
"offset",107636,22979,41.556442,-93.267807,267,"IA",101,"Quercus","macrocarpa","bur oak","Plantae",371,"Breaking leaf buds",13,"2021-01-01","2021-12-31",2021-05-04,124,2021-05-12,8,1,0
"offset",107636,22979,41.556442,-93.267807,267,"IA",101,"Quercus","macrocarpa","bur oak","Plantae",371,"Breaking leaf buds",14,"2022-01-01","2022-12-31",2022-05-16,136,2022-05-26,10,1,0
"offset",107636,22979,41.556442,-93.267807,267,"IA",101,"Quercus","macrocarpa","bur oak","Plantae",371,"Breaking leaf buds",15,"2023-01-01","2023-12-31",2023-05-17,137,2023-05-24,7,2,0
"offset",107636,22979,41.556442,-93.267807,267,"IA",101,"Quercus","macrocarpa","bur oak","Plantae",371,"Breaking leaf buds",16,"2024-01-01","2024-12-31",2024-05-15,136,2024-05-22,7,2,0
"offset",107636,22979,41.556442,-93.267807,267,"IA",101,"Quercus","macrocarpa","bur oak","Plantae",371,"Breaking leaf buds",17,"2025-01-01","2025-12-31",2025-04-28,118,2025-05-07,9,1,0
"offset",107636,22979,41.556442,-93.267807,267,"IA",101,"Quercus","macrocarpa","bur oak","Plantae",371,"Breaking leaf buds",18,"2026-01-01","2026-12-31",2026-04-27,117,2026-05-09,12,1,0
"offset",107636,22979,41.556442,-93.267807,267,"IA",101,"Quercus","macrocarpa","bur oak","Plantae",501,"Open flowers",10,"2018-01-01","2018-12-31",2018-05-30,150,2018-06-05,6,1,0
"offset",107636,22979,41.556442,-93.267807,267,"IA",101,"Quercus","macrocarpa","bur oak","Plantae",501,"Open flowers",12,"2020-01-01","2020-12-31",2020-05-12,133,2020-05-21,9,1,0
"offset",107636,22979,41.556442,-93.267807,267,"IA",101,"Quercus","macrocarpa","bur oak","Plantae",501,"Open flowers",13,"2021-01-01","2021-12-31",2021-05-19,139,2021-05-26,7,1,0
"offset",107636,22979,41.556442,-93.267807,267,"IA",101,"Quercus","macrocarpa","bur oak","Plantae",501,"Open flowers",14,"2022-01-01","2022-12-31",2022-06-06,157,2022-06-16,10,1,0
"offset",107636,22979,41.556442,-93.267807,267,"IA",101,"Quercus","macrocarpa","bur oak","Plantae",501,"Open flowers",15,"2023-01-01","2023-12-31",2023-05-31,151,2023-06-14,14,1,0
"offset",107636,22979,41.556442,-93.267807,267,"IA",101,"Quercus","macrocarpa","bur oak","Plantae",501,"Open flowers",16,"2024-01-01","2024-12-31",2024-05-15,136,2024-05-22,7,1,0
"offset",107636,22979,41.556442,-93.267807,267,"IA",101,"Quercus","macrocarpa","bur oak","Plantae",501,"Open flowers",17,"2025-01-01","2025-12-31",2025-06-23,174,2025-07-02,9,2,0
"offset",107636,22979,41.556442,-93.267807,267,"IA",101,"Quercus","macrocarpa","bur oak","Plantae",501,"Open flowers",18,"2026-01-01","2026-12-31",2026-05-09,129,2026-05-16,7,1,0
"offset",107876,23417,41.866013,-73.953369,36,"NY",100,"Quercus","alba","white oak","Plantae",371,"Breaking leaf buds",9,"2017-01-01","2017-12-31",2017-04-28,118,2017-05-03,5,1,0
"offset",107876,23417,41.866013,-73.953369,36,"NY",100,"Quercus","alba","white oak","Plantae",371,"Breaking leaf buds",10,"2018-01-01","2018-12-31",2018-05-04,124,2018-05-11,7,1,0
"offset",107876,23417,41.866013,-73.953369,36,"NY",100,"Quercus","alba","white oak","Plantae",371,"Breaking leaf buds",13,"2021-01-01","2021-12-31",2021-07-23,204,2022-06-23,335,1,0
"offset",107876,23417,41.866013,-73.953369,36,"NY",100,"Quercus","alba","white oak","Plantae",501,"Open flowers",9,"2017-01-01","2017-12-31",2017-05-03,123,2017-05-15,12,1,0
"offset",107877,23417,41.866013,-73.953369,36,"NY",100,"Quercus","alba","white oak","Plantae",371,"Breaking leaf buds",9,"2017-01-01","2017-12-31",2017-04-28,118,2017-05-03,5,1,0
"offset",107877,23417,41.866013,-73.953369,36,"NY",100,"Quercus","alba","white oak","Plantae",371,"Breaking leaf buds",10,"2018-01-01","2018-12-31",2018-05-04,124,2018-05-11,7,2,0
"offset",107877,23417,41.866013,-73.953369,36,"NY",100,"Quercus","alba","white oak","Plantae",371,"Breaking leaf buds",11,"2019-01-01","2019-12-31",2019-04-22,112,2019-05-04,12,1,0
"offset",107877,23417,41.866013,-73.953369,36,"NY",100,"Quercus","alba","white oak","Plantae",371,"Breaking leaf buds",13,"2021-01-01","2021-12-31",2021-07-23,204,2022-06-23,335,1,0
"offset",107877,23417,41.866013,-73.953369,36,"NY",100,"Quercus","alba","white oak","Plantae",501,"Open flowers",9,"2017-01-01","2017-12-31",2017-05-03,123,2017-05-15,12,1,0
"offset",107878,23417,41.866013,-73.953369,36,"NY",100,"Quercus","alba","white oak","Plantae",371,"Breaking leaf buds",9,"2017-01-01","2017-12-31",2017-04-28,118,2017-05-03,5,1,0
"offset",107878,23417,41.866013,-73.953369,36,"NY",100,"Quercus","alba","white oak","Plantae",371,"Breaking leaf buds",10,"2018-01-01","2018-12-31",2018-05-11,131,2018-05-31,20,1,0
"offset",107878,23417,41.866013,-73.953369,36,"NY",100,"Quercus","alba","white oak","Plantae",371,"Breaking leaf buds",13,"2021-01-01","2021-12-31",2021-07-23,204,NA,NA,1,0
"offset",108075,19763,36.483219,-94.133804,374,"AR",100,"Quercus","alba","white oak","Plantae",371,"Breaking leaf buds",8,"2016-01-01","2016-12-31",2016-04-18,109,NA,NA,1,0
"offset",108626,22627,44.937263,-92.734512,260,"WI",101,"Quercus","macrocarpa","bur oak","Plantae",371,"Breaking leaf buds",8,"2016-01-01","2016-12-31",2016-04-30,121,NA,NA,1,0
"offset",110266,23592,42.316795,-71.084755,23,"MA",101,"Quercus","macrocarpa","bur oak","Plantae",371,"Breaking leaf buds",8,"2016-01-01","2016-12-31",2016-05-11,132,NA,NA,1,0
"offset",111110,23641,44.718273,-93.628853,236,"MN",101,"Quercus","macrocarpa","bur oak","Plantae",371,"Breaking leaf buds",11,"2019-01-01","2019-12-31",2019-10-10,283,2019-10-26,16,7,0
"offset",111110,23641,44.718273,-93.628853,236,"MN",101,"Quercus","macrocarpa","bur oak","Plantae",371,"Breaking leaf buds",12,"2020-01-01","2020-12-31",2020-05-14,135,2020-05-20,6,1,0
"offset",111110,23641,44.718273,-93.628853,236,"MN",101,"Quercus","macrocarpa","bur oak","Plantae",371,"Breaking leaf buds",13,"2021-01-01","2021-12-31",2021-05-18,138,2021-05-28,10,3,0
"offset",111110,23641,44.718273,-93.628853,236,"MN",101,"Quercus","macrocarpa","bur oak","Plantae",501,"Open flowers",12,"2020-01-01","2020-12-31",2020-05-14,135,2020-05-20,6,1,0
"offset",111110,23641,44.718273,-93.628853,236,"MN",101,"Quercus","macrocarpa","bur oak","Plantae",501,"Open flowers",13,"2021-01-01","2021-12-31",2021-05-13,133,2021-05-18,5,1,0
"offset",111111,23641,44.718273,-93.628853,236,"MN",101,"Quercus","macrocarpa","bur oak","Plantae",371,"Breaking leaf buds",9,"2017-01-01","2017-12-31",2017-04-21,111,2017-04-28,7,1,0
"offset",111111,23641,44.718273,-93.628853,236,"MN",101,"Quercus","macrocarpa","bur oak","Plantae",371,"Breaking leaf buds",10,"2018-01-01","2018-12-31",2018-05-06,126,2018-06-10,35,1,0
"offset",111111,23641,44.718273,-93.628853,236,"MN",101,"Quercus","macrocarpa","bur oak","Plantae",371,"Breaking leaf buds",11,"2019-01-01","2019-12-31",2019-10-10,283,2019-10-26,16,9,0
"offset",111111,23641,44.718273,-93.628853,236,"MN",101,"Quercus","macrocarpa","bur oak","Plantae",371,"Breaking leaf buds",12,"2020-01-01","2020-12-31",2020-05-14,135,2020-05-20,6,1,0
"offset",111111,23641,44.718273,-93.628853,236,"MN",101,"Quercus","macrocarpa","bur oak","Plantae",371,"Breaking leaf buds",13,"2021-01-01","2021-12-31",2021-04-29,119,2021-05-07,8,1,0
"offset",111111,23641,44.718273,-93.628853,236,"MN",101,"Quercus","macrocarpa","bur oak","Plantae",501,"Open flowers",11,"2019-01-01","2019-12-31",2019-06-01,152,2019-06-08,7,2,0
"offset",111111,23641,44.718273,-93.628853,236,"MN",101,"Quercus","macrocarpa","bur oak","Plantae",501,"Open flowers",12,"2020-01-01","2020-12-31",2020-05-14,135,2020-05-20,6,1,0
"offset",111111,23641,44.718273,-93.628853,236,"MN",101,"Quercus","macrocarpa","bur oak","Plantae",501,"Open flowers",13,"2021-01-01","2021-12-31",2021-05-13,133,2021-05-18,5,1,0
"offset",111112,23641,44.718273,-93.628853,236,"MN",101,"Quercus","macrocarpa","bur oak","Plantae",371,"Breaking leaf buds",9,"2017-01-01","2017-12-31",2017-05-09,129,NA,NA,1,0
"offset",111112,23641,44.718273,-93.628853,236,"MN",101,"Quercus","macrocarpa","bur oak","Plantae",371,"Breaking leaf buds",10,"2018-01-01","2018-12-31",2018-05-01,121,2018-06-10,40,1,0
"offset",111112,23641,44.718273,-93.628853,236,"MN",101,"Quercus","macrocarpa","bur oak","Plantae",371,"Breaking leaf buds",11,"2019-01-01","2019-12-31",2019-10-10,283,2019-10-26,16,6,0
"offset",111112,23641,44.718273,-93.628853,236,"MN",101,"Quercus","macrocarpa","bur oak","Plantae",371,"Breaking leaf buds",12,"2020-01-01","2020-12-31",2020-04-30,121,2020-05-08,8,1,0
"offset",111112,23641,44.718273,-93.628853,236,"MN",101,"Quercus","macrocarpa","bur oak","Plantae",371,"Breaking leaf buds",13,"2021-01-01","2021-12-31",2021-04-29,119,2021-05-07,8,1,0
"offset",111112,23641,44.718273,-93.628853,236,"MN",101,"Quercus","macrocarpa","bur oak","Plantae",501,"Open flowers",12,"2020-01-01","2020-12-31",2020-05-14,135,2020-05-20,6,1,0
"offset",111112,23641,44.718273,-93.628853,236,"MN",101,"Quercus","macrocarpa","bur oak","Plantae",501,"Open flowers",13,"2021-01-01","2021-12-31",2021-05-13,133,2021-05-18,5,1,0
"offset",111139,23419,42.309734,-71.115143,23,"MA",100,"Quercus","alba","white oak","Plantae",371,"Breaking leaf buds",9,"2017-01-01","2017-12-31",2017-05-10,130,2017-05-28,18,1,0
"offset",111823,23713,41.960316,-87.797913,196,"IL",101,"Quercus","macrocarpa","bur oak","Plantae",371,"Breaking leaf buds",11,"2019-01-01","2019-12-31",2019-04-23,113,NA,NA,1,0
"offset",114545,24164,40.665085,-73.963432,17,"NY",101,"Quercus","macrocarpa","bur oak","Plantae",371,"Breaking leaf buds",9,"2017-01-01","2017-12-31",2017-04-11,101,2017-09-21,163,1,0
"offset",114545,24164,40.665085,-73.963432,17,"NY",101,"Quercus","macrocarpa","bur oak","Plantae",371,"Breaking leaf buds",10,"2018-01-01","2018-12-31",2018-04-21,111,2018-07-12,82,1,0
"offset",114545,24164,40.665085,-73.963432,17,"NY",101,"Quercus","macrocarpa","bur oak","Plantae",371,"Breaking leaf buds",11,"2019-01-01","2019-12-31",2019-05-07,127,2019-05-16,9,1,0
"offset",114545,24164,40.665085,-73.963432,17,"NY",101,"Quercus","macrocarpa","bur oak","Plantae",371,"Breaking leaf buds",15,"2023-01-01","2023-12-31",2023-05-03,123,2023-05-05,2,1,0
"offset",114545,24164,40.665085,-73.963432,17,"NY",101,"Quercus","macrocarpa","bur oak","Plantae",371,"Breaking leaf buds",18,"2026-01-01","2026-12-31",2026-04-10,100,2026-05-12,32,1,0
"offset",114545,24164,40.665085,-73.963432,17,"NY",101,"Quercus","macrocarpa","bur oak","Plantae",501,"Open flowers",15,"2023-01-01","2023-12-31",2023-05-11,131,2023-05-18,7,1,0
"offset",114721,23676,46.996738,-94.696556,426,"MN",101,"Quercus","macrocarpa","bur oak","Plantae",371,"Breaking leaf buds",9,"2017-01-01","2017-12-31",2017-05-23,143,2018-04-24,336,1,0
"offset",114721,23676,46.996738,-94.696556,426,"MN",101,"Quercus","macrocarpa","bur oak","Plantae",371,"Breaking leaf buds",10,"2018-01-01","2018-12-31",2018-05-27,147,2018-10-29,155,1,0
"offset",114721,23676,46.996738,-94.696556,426,"MN",101,"Quercus","macrocarpa","bur oak","Plantae",371,"Breaking leaf buds",11,"2019-01-01","2019-12-31",2019-05-28,148,NA,NA,1,0
"offset",114721,23676,46.996738,-94.696556,426,"MN",101,"Quercus","macrocarpa","bur oak","Plantae",501,"Open flowers",9,"2017-01-01","2017-12-31",2017-05-30,150,2018-05-13,348,1,0
"offset",114721,23676,46.996738,-94.696556,426,"MN",101,"Quercus","macrocarpa","bur oak","Plantae",501,"Open flowers",10,"2018-01-01","2018-12-31",2018-06-03,154,2018-10-29,148,1,0
"offset",115178,24311,35.788307,-82.035561,458,"NC",100,"Quercus","alba","white oak","Plantae",371,"Breaking leaf buds",9,"2017-01-01","2017-12-31",2017-04-28,118,2017-05-05,7,1,0
"offset",116015,24444,42.309204,-88.458191,292,"IL",101,"Quercus","macrocarpa","bur oak","Plantae",371,"Breaking leaf buds",8,"2016-01-01","2016-12-31",2016-10-14,288,NA,NA,1,0
"offset",116295,24566,44.859833,-93.216568,234,"MN",101,"Quercus","macrocarpa","bur oak","Plantae",371,"Breaking leaf buds",10,"2018-01-01","2018-12-31",2018-05-10,130,2018-05-17,7,1,0
"offset",116295,24566,44.859833,-93.216568,234,"MN",101,"Quercus","macrocarpa","bur oak","Plantae",371,"Breaking leaf buds",11,"2019-01-01","2019-12-31",2019-05-06,126,2019-05-10,4,1,0
"offset",116295,24566,44.859833,-93.216568,234,"MN",101,"Quercus","macrocarpa","bur oak","Plantae",371,"Breaking leaf buds",12,"2020-01-01","2020-12-31",2020-05-18,139,2020-05-21,3,2,0
"offset",116295,24566,44.859833,-93.216568,234,"MN",101,"Quercus","macrocarpa","bur oak","Plantae",371,"Breaking leaf buds",13,"2021-01-01","2021-12-31",2021-04-29,119,2021-05-06,7,2,0
"offset",116295,24566,44.859833,-93.216568,234,"MN",101,"Quercus","macrocarpa","bur oak","Plantae",501,"Open flowers",12,"2020-01-01","2020-12-31",2020-05-18,139,2020-05-21,3,1,0
"offset",116295,24566,44.859833,-93.216568,234,"MN",101,"Quercus","macrocarpa","bur oak","Plantae",501,"Open flowers",13,"2021-01-01","2021-12-31",2021-05-13,133,2021-05-19,6,2,0
"offset",116297,24566,44.859833,-93.216568,234,"MN",101,"Quercus","macrocarpa","bur oak","Plantae",371,"Breaking leaf buds",10,"2018-01-01","2018-12-31",2018-05-10,130,2018-05-17,7,1,0
"offset",116297,24566,44.859833,-93.216568,234,"MN",101,"Quercus","macrocarpa","bur oak","Plantae",371,"Breaking leaf buds",11,"2019-01-01","2019-12-31",2019-05-10,130,2019-05-20,10,2,0
"offset",116297,24566,44.859833,-93.216568,234,"MN",101,"Quercus","macrocarpa","bur oak","Plantae",371,"Breaking leaf buds",12,"2020-01-01","2020-12-31",2020-05-07,128,2020-05-11,4,2,0
"offset",116297,24566,44.859833,-93.216568,234,"MN",101,"Quercus","macrocarpa","bur oak","Plantae",371,"Breaking leaf buds",13,"2021-01-01","2021-12-31",2021-04-15,105,2021-04-16,1,1,0
"offset",116297,24566,44.859833,-93.216568,234,"MN",101,"Quercus","macrocarpa","bur oak","Plantae",501,"Open flowers",10,"2018-01-01","2018-12-31",2018-05-24,144,2018-05-31,7,2,0
"offset",116297,24566,44.859833,-93.216568,234,"MN",101,"Quercus","macrocarpa","bur oak","Plantae",501,"Open flowers",11,"2019-01-01","2019-12-31",2019-05-20,140,2019-05-23,3,1,0
"offset",116297,24566,44.859833,-93.216568,234,"MN",101,"Quercus","macrocarpa","bur oak","Plantae",501,"Open flowers",12,"2020-01-01","2020-12-31",2020-05-14,135,2020-05-18,4,1,0
"offset",116297,24566,44.859833,-93.216568,234,"MN",101,"Quercus","macrocarpa","bur oak","Plantae",501,"Open flowers",13,"2021-01-01","2021-12-31",2021-04-16,106,2021-04-29,13,1,0
"offset",116299,24566,44.859833,-93.216568,234,"MN",101,"Quercus","macrocarpa","bur oak","Plantae",371,"Breaking leaf buds",10,"2018-01-01","2018-12-31",2018-05-10,130,2018-05-17,7,1,0
"offset",116299,24566,44.859833,-93.216568,234,"MN",101,"Quercus","macrocarpa","bur oak","Plantae",371,"Breaking leaf buds",11,"2019-01-01","2019-12-31",2019-05-05,125,2019-05-06,1,2,0
"offset",116299,24566,44.859833,-93.216568,234,"MN",101,"Quercus","macrocarpa","bur oak","Plantae",371,"Breaking leaf buds",12,"2020-01-01","2020-12-31",2020-05-07,128,2020-05-11,4,2,0
"offset",116299,24566,44.859833,-93.216568,234,"MN",101,"Quercus","macrocarpa","bur oak","Plantae",371,"Breaking leaf buds",13,"2021-01-01","2021-12-31",2021-04-29,119,2021-05-06,7,1,0
"offset",116299,24566,44.859833,-93.216568,234,"MN",101,"Quercus","macrocarpa","bur oak","Plantae",501,"Open flowers",10,"2018-01-01","2018-12-31",2018-05-24,144,2018-05-31,7,1,0
"offset",116299,24566,44.859833,-93.216568,234,"MN",101,"Quercus","macrocarpa","bur oak","Plantae",501,"Open flowers",12,"2020-01-01","2020-12-31",2020-05-14,135,2020-05-18,4,1,0
"offset",116611,12002,35.633415,-83.941086,635,"TN",1212,"Quercus","montana","chestnut oak","Plantae",371,"Breaking leaf buds",8,"2016-01-01","2016-12-31",2016-11-11,316,2016-11-22,11,1,0
"offset",116611,12002,35.633415,-83.941086,635,"TN",1212,"Quercus","montana","chestnut oak","Plantae",371,"Breaking leaf buds",9,"2017-01-01","2017-12-31",2017-04-19,109,2017-04-28,9,5,0
"offset",116611,12002,35.633415,-83.941086,635,"TN",1212,"Quercus","montana","chestnut oak","Plantae",371,"Breaking leaf buds",10,"2018-01-01","2018-12-31",2018-04-28,118,2018-05-05,7,4,0
"offset",116611,12002,35.633415,-83.941086,635,"TN",1212,"Quercus","montana","chestnut oak","Plantae",371,"Breaking leaf buds",11,"2019-01-01","2019-12-31",2019-04-13,103,2019-04-27,14,1,0
"offset",116611,12002,35.633415,-83.941086,635,"TN",1212,"Quercus","montana","chestnut oak","Plantae",371,"Breaking leaf buds",12,"2020-01-01","2020-12-31",2020-10-30,304,2020-11-09,10,1,0
"offset",116611,12002,35.633415,-83.941086,635,"TN",1212,"Quercus","montana","chestnut oak","Plantae",371,"Breaking leaf buds",13,"2021-01-01","2021-12-31",2021-04-28,118,2021-05-12,14,3,0
"offset",116611,12002,35.633415,-83.941086,635,"TN",1212,"Quercus","montana","chestnut oak","Plantae",371,"Breaking leaf buds",14,"2022-01-01","2022-12-31",2022-04-15,105,2022-08-12,119,1,0
"offset",116611,12002,35.633415,-83.941086,635,"TN",1212,"Quercus","montana","chestnut oak","Plantae",371,"Breaking leaf buds",15,"2023-01-01","2023-12-31",2023-04-20,110,2023-05-10,20,2,0
"offset",116611,12002,35.633415,-83.941086,635,"TN",1212,"Quercus","montana","chestnut oak","Plantae",371,"Breaking leaf buds",16,"2024-01-01","2024-12-31",2024-05-19,140,2024-09-18,122,2,0
"offset",116611,12002,35.633415,-83.941086,635,"TN",1212,"Quercus","montana","chestnut oak","Plantae",371,"Breaking leaf buds",17,"2025-01-01","2025-12-31",2025-05-02,122,2025-05-04,2,1,0
"offset",116611,12002,35.633415,-83.941086,635,"TN",1212,"Quercus","montana","chestnut oak","Plantae",371,"Breaking leaf buds",18,"2026-01-01","2026-12-31",2026-04-15,105,NA,NA,1,0
"offset",116611,12002,35.633415,-83.941086,635,"TN",1212,"Quercus","montana","chestnut oak","Plantae",501,"Open flowers",11,"2019-01-01","2019-12-31",2019-04-27,117,2019-05-07,10,1,0
"offset",116611,12002,35.633415,-83.941086,635,"TN",1212,"Quercus","montana","chestnut oak","Plantae",501,"Open flowers",13,"2021-01-01","2021-12-31",2021-04-28,118,2021-05-12,14,1,0
"offset",116613,12002,35.633415,-83.941086,635,"TN",100,"Quercus","alba","white oak","Plantae",371,"Breaking leaf buds",8,"2016-01-01","2016-12-31",2016-11-11,316,2016-11-22,11,1,0
"offset",116613,12002,35.633415,-83.941086,635,"TN",100,"Quercus","alba","white oak","Plantae",371,"Breaking leaf buds",9,"2017-01-01","2017-12-31",2017-04-19,109,2017-04-28,9,6,0
"offset",116613,12002,35.633415,-83.941086,635,"TN",100,"Quercus","alba","white oak","Plantae",371,"Breaking leaf buds",10,"2018-01-01","2018-12-31",2018-04-09,99,2018-04-14,5,3,0
"offset",116613,12002,35.633415,-83.941086,635,"TN",100,"Quercus","alba","white oak","Plantae",371,"Breaking leaf buds",11,"2019-01-01","2019-12-31",2019-04-13,103,2019-04-27,14,3,0
"offset",116613,12002,35.633415,-83.941086,635,"TN",100,"Quercus","alba","white oak","Plantae",371,"Breaking leaf buds",13,"2021-01-01","2021-12-31",2021-04-28,118,2021-05-12,14,3,0
"offset",116613,12002,35.633415,-83.941086,635,"TN",100,"Quercus","alba","white oak","Plantae",371,"Breaking leaf buds",14,"2022-01-01","2022-12-31",2022-04-15,105,2022-08-12,119,1,0
"offset",116613,12002,35.633415,-83.941086,635,"TN",100,"Quercus","alba","white oak","Plantae",371,"Breaking leaf buds",15,"2023-01-01","2023-12-31",2023-04-20,110,2023-05-10,20,2,0
"offset",116613,12002,35.633415,-83.941086,635,"TN",100,"Quercus","alba","white oak","Plantae",371,"Breaking leaf buds",16,"2024-01-01","2024-12-31",2024-05-19,140,2024-09-18,122,2,0
"offset",116613,12002,35.633415,-83.941086,635,"TN",100,"Quercus","alba","white oak","Plantae",371,"Breaking leaf buds",17,"2025-01-01","2025-12-31",2025-04-21,111,2025-05-04,13,1,0
"offset",116613,12002,35.633415,-83.941086,635,"TN",100,"Quercus","alba","white oak","Plantae",371,"Breaking leaf buds",18,"2026-01-01","2026-12-31",2026-04-15,105,NA,NA,1,0
"offset",116613,12002,35.633415,-83.941086,635,"TN",100,"Quercus","alba","white oak","Plantae",501,"Open flowers",13,"2021-01-01","2021-12-31",2021-04-28,118,2021-05-12,14,1,0
"offset",116614,12002,35.633415,-83.941086,635,"TN",100,"Quercus","alba","white oak","Plantae",371,"Breaking leaf buds",8,"2016-01-01","2016-12-31",2016-11-11,316,2016-11-22,11,1,0
"offset",116614,12002,35.633415,-83.941086,635,"TN",100,"Quercus","alba","white oak","Plantae",371,"Breaking leaf buds",9,"2017-01-01","2017-12-31",2017-04-28,118,2017-05-07,9,5,0
"offset",116614,12002,35.633415,-83.941086,635,"TN",100,"Quercus","alba","white oak","Plantae",371,"Breaking leaf buds",10,"2018-01-01","2018-12-31",2018-04-28,118,2018-05-05,7,3,0
"offset",116614,12002,35.633415,-83.941086,635,"TN",100,"Quercus","alba","white oak","Plantae",371,"Breaking leaf buds",11,"2019-01-01","2019-12-31",2019-04-13,103,2019-04-27,14,2,0
"offset",116614,12002,35.633415,-83.941086,635,"TN",100,"Quercus","alba","white oak","Plantae",371,"Breaking leaf buds",13,"2021-01-01","2021-12-31",2021-05-15,135,2021-05-26,11,2,0
"offset",116614,12002,35.633415,-83.941086,635,"TN",100,"Quercus","alba","white oak","Plantae",371,"Breaking leaf buds",14,"2022-01-01","2022-12-31",2022-04-15,105,2022-08-12,119,1,0
"offset",116614,12002,35.633415,-83.941086,635,"TN",100,"Quercus","alba","white oak","Plantae",371,"Breaking leaf buds",15,"2023-01-01","2023-12-31",2023-04-20,110,2023-05-10,20,1,0
"offset",116614,12002,35.633415,-83.941086,635,"TN",100,"Quercus","alba","white oak","Plantae",371,"Breaking leaf buds",16,"2024-01-01","2024-12-31",2024-05-19,140,2024-09-18,122,2,0
"offset",116614,12002,35.633415,-83.941086,635,"TN",100,"Quercus","alba","white oak","Plantae",371,"Breaking leaf buds",17,"2025-01-01","2025-12-31",2025-04-21,111,2025-09-09,141,1,0
"offset",116614,12002,35.633415,-83.941086,635,"TN",100,"Quercus","alba","white oak","Plantae",371,"Breaking leaf buds",18,"2026-01-01","2026-12-31",2026-04-15,105,NA,NA,1,0
"offset",116615,12002,35.633415,-83.941086,635,"TN",100,"Quercus","alba","white oak","Plantae",371,"Breaking leaf buds",8,"2016-01-01","2016-12-31",2016-11-11,316,2016-11-22,11,1,0
"offset",116615,12002,35.633415,-83.941086,635,"TN",100,"Quercus","alba","white oak","Plantae",371,"Breaking leaf buds",9,"2017-01-01","2017-12-31",2017-04-28,118,2017-05-07,9,3,0
"offset",116615,12002,35.633415,-83.941086,635,"TN",100,"Quercus","alba","white oak","Plantae",371,"Breaking leaf buds",10,"2018-01-01","2018-12-31",2018-04-09,99,2018-04-14,5,3,0
"offset",116615,12002,35.633415,-83.941086,635,"TN",100,"Quercus","alba","white oak","Plantae",371,"Breaking leaf buds",13,"2021-01-01","2021-12-31",2021-04-28,118,2021-05-15,17,2,0
"offset",116615,12002,35.633415,-83.941086,635,"TN",100,"Quercus","alba","white oak","Plantae",371,"Breaking leaf buds",15,"2023-01-01","2023-12-31",2023-04-20,110,2023-05-10,20,1,0
"offset",116615,12002,35.633415,-83.941086,635,"TN",100,"Quercus","alba","white oak","Plantae",371,"Breaking leaf buds",16,"2024-01-01","2024-12-31",2024-05-19,140,2024-09-18,122,2,0
"offset",116615,12002,35.633415,-83.941086,635,"TN",100,"Quercus","alba","white oak","Plantae",371,"Breaking leaf buds",17,"2025-01-01","2025-12-31",2025-04-21,111,2025-09-09,141,1,0
"offset",116615,12002,35.633415,-83.941086,635,"TN",100,"Quercus","alba","white oak","Plantae",371,"Breaking leaf buds",18,"2026-01-01","2026-12-31",2026-04-15,105,NA,NA,1,0
"offset",116615,12002,35.633415,-83.941086,635,"TN",100,"Quercus","alba","white oak","Plantae",501,"Open flowers",13,"2021-01-01","2021-12-31",2021-04-28,118,2021-05-12,14,1,0
"offset",116616,12002,35.633415,-83.941086,635,"TN",100,"Quercus","alba","white oak","Plantae",371,"Breaking leaf buds",8,"2016-01-01","2016-12-31",2016-11-11,316,2016-11-22,11,1,0
"offset",116616,12002,35.633415,-83.941086,635,"TN",100,"Quercus","alba","white oak","Plantae",371,"Breaking leaf buds",9,"2017-01-01","2017-12-31",2017-04-28,118,2017-05-07,9,4,0
"offset",116616,12002,35.633415,-83.941086,635,"TN",100,"Quercus","alba","white oak","Plantae",371,"Breaking leaf buds",10,"2018-01-01","2018-12-31",2018-04-09,99,2018-04-14,5,3,0
"offset",116616,12002,35.633415,-83.941086,635,"TN",100,"Quercus","alba","white oak","Plantae",371,"Breaking leaf buds",11,"2019-01-01","2019-12-31",2019-04-13,103,2019-04-27,14,2,0
"offset",116616,12002,35.633415,-83.941086,635,"TN",100,"Quercus","alba","white oak","Plantae",371,"Breaking leaf buds",13,"2021-01-01","2021-12-31",2021-04-28,118,2021-05-12,14,2,0
"offset",116616,12002,35.633415,-83.941086,635,"TN",100,"Quercus","alba","white oak","Plantae",371,"Breaking leaf buds",14,"2022-01-01","2022-12-31",2022-04-15,105,2022-08-12,119,1,0
"offset",116616,12002,35.633415,-83.941086,635,"TN",100,"Quercus","alba","white oak","Plantae",371,"Breaking leaf buds",15,"2023-01-01","2023-12-31",2023-04-20,110,2023-05-10,20,1,0
"offset",116616,12002,35.633415,-83.941086,635,"TN",100,"Quercus","alba","white oak","Plantae",371,"Breaking leaf buds",16,"2024-01-01","2024-12-31",2024-05-19,140,2024-09-18,122,2,0
"offset",116616,12002,35.633415,-83.941086,635,"TN",100,"Quercus","alba","white oak","Plantae",371,"Breaking leaf buds",17,"2025-01-01","2025-12-31",2025-04-21,111,2025-09-09,141,1,0
"offset",116616,12002,35.633415,-83.941086,635,"TN",100,"Quercus","alba","white oak","Plantae",371,"Breaking leaf buds",18,"2026-01-01","2026-12-31",2026-04-15,105,NA,NA,1,0
"offset",116616,12002,35.633415,-83.941086,635,"TN",100,"Quercus","alba","white oak","Plantae",501,"Open flowers",13,"2021-01-01","2021-12-31",2021-04-28,118,2021-05-12,14,1,0
"offset",116617,12002,35.633415,-83.941086,635,"TN",100,"Quercus","alba","white oak","Plantae",371,"Breaking leaf buds",8,"2016-01-01","2016-12-31",2016-11-11,316,2016-11-22,11,1,0
"offset",116617,12002,35.633415,-83.941086,635,"TN",100,"Quercus","alba","white oak","Plantae",371,"Breaking leaf buds",9,"2017-01-01","2017-12-31",2017-04-28,118,2017-05-07,9,4,0
"offset",116617,12002,35.633415,-83.941086,635,"TN",100,"Quercus","alba","white oak","Plantae",371,"Breaking leaf buds",10,"2018-01-01","2018-12-31",2018-04-28,118,2018-05-05,7,3,0
"offset",116617,12002,35.633415,-83.941086,635,"TN",100,"Quercus","alba","white oak","Plantae",371,"Breaking leaf buds",11,"2019-01-01","2019-12-31",2019-04-13,103,2019-04-27,14,2,0
"offset",116617,12002,35.633415,-83.941086,635,"TN",100,"Quercus","alba","white oak","Plantae",371,"Breaking leaf buds",12,"2020-01-01","2020-12-31",2020-05-11,132,2020-06-01,21,1,0
"offset",116617,12002,35.633415,-83.941086,635,"TN",100,"Quercus","alba","white oak","Plantae",371,"Breaking leaf buds",13,"2021-01-01","2021-12-31",2021-04-28,118,2021-05-15,17,2,0
"offset",116617,12002,35.633415,-83.941086,635,"TN",100,"Quercus","alba","white oak","Plantae",371,"Breaking leaf buds",14,"2022-01-01","2022-12-31",2022-04-15,105,2022-08-12,119,1,0
"offset",116617,12002,35.633415,-83.941086,635,"TN",100,"Quercus","alba","white oak","Plantae",371,"Breaking leaf buds",15,"2023-01-01","2023-12-31",2023-04-20,110,2023-05-10,20,1,0
"offset",116617,12002,35.633415,-83.941086,635,"TN",100,"Quercus","alba","white oak","Plantae",371,"Breaking leaf buds",16,"2024-01-01","2024-12-31",2024-05-19,140,2024-09-18,122,1,0
"offset",116617,12002,35.633415,-83.941086,635,"TN",100,"Quercus","alba","white oak","Plantae",371,"Breaking leaf buds",17,"2025-01-01","2025-12-31",2025-04-21,111,2025-09-09,141,2,0
"offset",116617,12002,35.633415,-83.941086,635,"TN",100,"Quercus","alba","white oak","Plantae",371,"Breaking leaf buds",18,"2026-01-01","2026-12-31",2026-04-15,105,NA,NA,1,0
"offset",116620,12002,35.633415,-83.941086,635,"TN",1212,"Quercus","montana","chestnut oak","Plantae",371,"Breaking leaf buds",8,"2016-01-01","2016-12-31",2016-11-11,316,2016-11-22,11,1,0
"offset",116620,12002,35.633415,-83.941086,635,"TN",1212,"Quercus","montana","chestnut oak","Plantae",371,"Breaking leaf buds",9,"2017-01-01","2017-12-31",2017-04-19,109,2017-04-28,9,5,0
"offset",116620,12002,35.633415,-83.941086,635,"TN",1212,"Quercus","montana","chestnut oak","Plantae",371,"Breaking leaf buds",10,"2018-01-01","2018-12-31",2018-04-09,99,2018-04-14,5,3,0
"offset",116620,12002,35.633415,-83.941086,635,"TN",1212,"Quercus","montana","chestnut oak","Plantae",371,"Breaking leaf buds",11,"2019-01-01","2019-12-31",2019-04-13,103,2019-04-27,14,4,0
"offset",116620,12002,35.633415,-83.941086,635,"TN",1212,"Quercus","montana","chestnut oak","Plantae",371,"Breaking leaf buds",13,"2021-01-01","2021-12-31",2021-04-28,118,2021-05-12,14,3,0
"offset",116620,12002,35.633415,-83.941086,635,"TN",1212,"Quercus","montana","chestnut oak","Plantae",371,"Breaking leaf buds",14,"2022-01-01","2022-12-31",2022-04-15,105,2022-08-12,119,1,0
"offset",116620,12002,35.633415,-83.941086,635,"TN",1212,"Quercus","montana","chestnut oak","Plantae",371,"Breaking leaf buds",15,"2023-01-01","2023-12-31",2023-04-20,110,2023-05-10,20,1,0
"offset",116620,12002,35.633415,-83.941086,635,"TN",1212,"Quercus","montana","chestnut oak","Plantae",371,"Breaking leaf buds",16,"2024-01-01","2024-12-31",2024-05-19,140,2024-09-18,122,2,0
"offset",116620,12002,35.633415,-83.941086,635,"TN",1212,"Quercus","montana","chestnut oak","Plantae",371,"Breaking leaf buds",17,"2025-01-01","2025-12-31",2025-04-21,111,2025-05-04,13,1,0
"offset",116620,12002,35.633415,-83.941086,635,"TN",1212,"Quercus","montana","chestnut oak","Plantae",371,"Breaking leaf buds",18,"2026-01-01","2026-12-31",2026-04-15,105,NA,NA,1,0
"offset",116620,12002,35.633415,-83.941086,635,"TN",1212,"Quercus","montana","chestnut oak","Plantae",501,"Open flowers",11,"2019-01-01","2019-12-31",2019-04-27,117,2019-05-07,10,1,0
"offset",116620,12002,35.633415,-83.941086,635,"TN",1212,"Quercus","montana","chestnut oak","Plantae",501,"Open flowers",13,"2021-01-01","2021-12-31",2021-04-28,118,2021-05-12,14,1,0
"offset",116620,12002,35.633415,-83.941086,635,"TN",1212,"Quercus","montana","chestnut oak","Plantae",501,"Open flowers",16,"2024-01-01","2024-12-31",2024-05-01,122,2024-05-19,18,1,0
"offset",116987,24692,44.846142,-93.232079,253,"MN",101,"Quercus","macrocarpa","bur oak","Plantae",371,"Breaking leaf buds",9,"2017-01-01","2017-12-31",2017-05-08,128,2017-05-15,7,1,0
"offset",116987,24692,44.846142,-93.232079,253,"MN",101,"Quercus","macrocarpa","bur oak","Plantae",371,"Breaking leaf buds",10,"2018-01-01","2018-12-31",2018-05-10,130,2018-05-21,11,1,0
"offset",116987,24692,44.846142,-93.232079,253,"MN",101,"Quercus","macrocarpa","bur oak","Plantae",371,"Breaking leaf buds",11,"2019-01-01","2019-12-31",2019-05-06,126,2019-05-13,7,1,0
"offset",116987,24692,44.846142,-93.232079,253,"MN",101,"Quercus","macrocarpa","bur oak","Plantae",371,"Breaking leaf buds",12,"2020-01-01","2020-12-31",2020-05-26,147,2020-06-01,6,5,0
"offset",116987,24692,44.846142,-93.232079,253,"MN",101,"Quercus","macrocarpa","bur oak","Plantae",371,"Breaking leaf buds",13,"2021-01-01","2021-12-31",2021-05-29,149,2021-06-04,6,2,0
"offset",116987,24692,44.846142,-93.232079,253,"MN",101,"Quercus","macrocarpa","bur oak","Plantae",501,"Open flowers",9,"2017-01-01","2017-12-31",2017-05-15,135,2017-05-25,10,1,0
"offset",116987,24692,44.846142,-93.232079,253,"MN",101,"Quercus","macrocarpa","bur oak","Plantae",501,"Open flowers",10,"2018-01-01","2018-12-31",2018-05-10,130,2018-05-31,21,1,0
"offset",116987,24692,44.846142,-93.232079,253,"MN",101,"Quercus","macrocarpa","bur oak","Plantae",501,"Open flowers",11,"2019-01-01","2019-12-31",2019-05-06,126,2019-05-20,14,1,0
"offset",116987,24692,44.846142,-93.232079,253,"MN",101,"Quercus","macrocarpa","bur oak","Plantae",501,"Open flowers",12,"2020-01-01","2020-12-31",2020-05-22,143,2020-05-26,4,3,0
"offset",116987,24692,44.846142,-93.232079,253,"MN",101,"Quercus","macrocarpa","bur oak","Plantae",501,"Open flowers",13,"2021-01-01","2021-12-31",2021-05-03,123,2021-05-21,18,1,0
"offset",116988,24692,44.846142,-93.232079,253,"MN",101,"Quercus","macrocarpa","bur oak","Plantae",371,"Breaking leaf buds",9,"2017-01-01","2017-12-31",2017-05-08,128,2017-05-15,7,1,0
"offset",116988,24692,44.846142,-93.232079,253,"MN",101,"Quercus","macrocarpa","bur oak","Plantae",371,"Breaking leaf buds",10,"2018-01-01","2018-12-31",2018-05-07,127,2018-05-10,3,1,0
"offset",116988,24692,44.846142,-93.232079,253,"MN",101,"Quercus","macrocarpa","bur oak","Plantae",371,"Breaking leaf buds",11,"2019-01-01","2019-12-31",2019-05-02,122,2019-05-06,4,1,0
"offset",116988,24692,44.846142,-93.232079,253,"MN",101,"Quercus","macrocarpa","bur oak","Plantae",371,"Breaking leaf buds",12,"2020-01-01","2020-12-31",2020-05-26,147,2020-06-01,6,5,0
"offset",116988,24692,44.846142,-93.232079,253,"MN",101,"Quercus","macrocarpa","bur oak","Plantae",371,"Breaking leaf buds",13,"2021-01-01","2021-12-31",2021-04-30,120,NA,NA,1,0
"offset",116988,24692,44.846142,-93.232079,253,"MN",101,"Quercus","macrocarpa","bur oak","Plantae",501,"Open flowers",9,"2017-01-01","2017-12-31",2017-05-15,135,2017-05-25,10,1,0
"offset",116988,24692,44.846142,-93.232079,253,"MN",101,"Quercus","macrocarpa","bur oak","Plantae",501,"Open flowers",10,"2018-01-01","2018-12-31",2018-05-10,130,2018-05-31,21,1,0
"offset",116988,24692,44.846142,-93.232079,253,"MN",101,"Quercus","macrocarpa","bur oak","Plantae",501,"Open flowers",11,"2019-01-01","2019-12-31",2019-05-06,126,2019-05-13,7,1,0
"offset",116988,24692,44.846142,-93.232079,253,"MN",101,"Quercus","macrocarpa","bur oak","Plantae",501,"Open flowers",12,"2020-01-01","2020-12-31",2020-05-22,143,2020-05-26,4,3,0
"offset",116989,24692,44.846142,-93.232079,253,"MN",101,"Quercus","macrocarpa","bur oak","Plantae",371,"Breaking leaf buds",9,"2017-01-01","2017-12-31",2017-05-08,128,2017-05-15,7,1,0
"offset",116989,24692,44.846142,-93.232079,253,"MN",101,"Quercus","macrocarpa","bur oak","Plantae",371,"Breaking leaf buds",10,"2018-01-01","2018-12-31",2018-05-07,127,2018-05-21,14,1,0
"offset",116989,24692,44.846142,-93.232079,253,"MN",101,"Quercus","macrocarpa","bur oak","Plantae",371,"Breaking leaf buds",11,"2019-01-01","2019-12-31",2019-05-06,126,2019-05-13,7,2,0
"offset",116989,24692,44.846142,-93.232079,253,"MN",101,"Quercus","macrocarpa","bur oak","Plantae",371,"Breaking leaf buds",12,"2020-01-01","2020-12-31",2020-05-26,147,2020-06-01,6,4,0
"offset",116989,24692,44.846142,-93.232079,253,"MN",101,"Quercus","macrocarpa","bur oak","Plantae",371,"Breaking leaf buds",13,"2021-01-01","2021-12-31",2021-05-29,149,2021-06-01,3,3,0
"offset",116989,24692,44.846142,-93.232079,253,"MN",101,"Quercus","macrocarpa","bur oak","Plantae",501,"Open flowers",9,"2017-01-01","2017-12-31",2017-05-15,135,2017-05-25,10,1,0
"offset",116989,24692,44.846142,-93.232079,253,"MN",101,"Quercus","macrocarpa","bur oak","Plantae",501,"Open flowers",12,"2020-01-01","2020-12-31",2020-05-11,132,2020-05-16,5,2,0
"offset",116989,24692,44.846142,-93.232079,253,"MN",101,"Quercus","macrocarpa","bur oak","Plantae",501,"Open flowers",13,"2021-01-01","2021-12-31",2021-05-11,131,2021-05-17,6,2,0
"offset",118062,24867,38.216564,-85.759163,141,"KY",1212,"Quercus","montana","chestnut oak","Plantae",371,"Breaking leaf buds",8,"2016-01-01","2016-12-31",2016-10-06,280,2016-10-18,12,1,0
"offset",119552,25093,47.000977,-94.697235,426,"MN",101,"Quercus","macrocarpa","bur oak","Plantae",371,"Breaking leaf buds",9,"2017-01-01","2017-12-31",2017-05-22,142,2018-01-02,225,1,0
"offset",119552,25093,47.000977,-94.697235,426,"MN",101,"Quercus","macrocarpa","bur oak","Plantae",371,"Breaking leaf buds",10,"2018-01-01","2018-12-31",2018-05-17,137,2019-04-25,343,1,0
"offset",119552,25093,47.000977,-94.697235,426,"MN",101,"Quercus","macrocarpa","bur oak","Plantae",501,"Open flowers",9,"2017-01-01","2017-12-31",2017-05-30,150,2018-05-17,352,1,0
"offset",119552,25093,47.000977,-94.697235,426,"MN",101,"Quercus","macrocarpa","bur oak","Plantae",501,"Open flowers",10,"2018-01-01","2018-12-31",2018-06-07,158,NA,NA,1,0
"offset",119722,9240,35.517784,-82.46981,886,"NC",1212,"Quercus","montana","chestnut oak","Plantae",371,"Breaking leaf buds",12,"2020-01-01","2020-12-31",2020-05-02,123,NA,NA,1,0
"offset",119722,9240,35.517784,-82.46981,886,"NC",1212,"Quercus","montana","chestnut oak","Plantae",501,"Open flowers",12,"2020-01-01","2020-12-31",2020-05-02,123,NA,NA,1,0
"offset",120716,25066,33.667664,-79.830627,17,"SC",305,"Quercus","virginiana","live oak","Plantae",371,"Breaking leaf buds",9,"2017-01-01","2017-12-31",2017-04-08,98,2017-05-13,35,1,0
"offset",121724,25325,37.401405,-79.887527,464,"VA",100,"Quercus","alba","white oak","Plantae",371,"Breaking leaf buds",9,"2017-01-01","2017-12-31",2017-04-21,111,2017-05-01,10,1,0
"offset",121724,25325,37.401405,-79.887527,464,"VA",100,"Quercus","alba","white oak","Plantae",371,"Breaking leaf buds",10,"2018-01-01","2018-12-31",2018-05-12,132,2018-05-13,1,1,0
"offset",121724,25325,37.401405,-79.887527,464,"VA",100,"Quercus","alba","white oak","Plantae",371,"Breaking leaf buds",11,"2019-01-01","2019-12-31",2019-05-05,125,2019-10-17,165,1,0
"offset",121725,25325,37.401405,-79.887527,464,"VA",100,"Quercus","alba","white oak","Plantae",371,"Breaking leaf buds",9,"2017-01-01","2017-12-31",2017-04-21,111,2017-05-01,10,1,0
"offset",121725,25325,37.401405,-79.887527,464,"VA",100,"Quercus","alba","white oak","Plantae",371,"Breaking leaf buds",10,"2018-01-01","2018-12-31",2018-05-12,132,2018-05-13,1,1,0
"offset",121725,25325,37.401405,-79.887527,464,"VA",100,"Quercus","alba","white oak","Plantae",371,"Breaking leaf buds",11,"2019-01-01","2019-12-31",2019-05-05,125,2019-10-17,165,1,0
"offset",121725,25325,37.401405,-79.887527,464,"VA",100,"Quercus","alba","white oak","Plantae",371,"Breaking leaf buds",13,"2021-01-01","2021-12-31",2021-03-14,73,NA,NA,1,0
"offset",122289,25257,27.664827,-81.515755,31,"FL",305,"Quercus","virginiana","live oak","Plantae",371,"Breaking leaf buds",9,"2017-01-01","2017-12-31",2017-04-06,96,2017-04-20,14,1,0
"offset",122290,25257,27.664827,-81.515755,31,"FL",305,"Quercus","virginiana","live oak","Plantae",371,"Breaking leaf buds",9,"2017-01-01","2017-12-31",2017-04-20,110,NA,NA,1,0
"offset",122290,25257,27.664827,-81.515755,31,"FL",305,"Quercus","virginiana","live oak","Plantae",501,"Open flowers",9,"2017-01-01","2017-12-31",2017-02-28,59,2017-03-17,17,1,0
"offset",122291,25257,27.664827,-81.515755,31,"FL",305,"Quercus","virginiana","live oak","Plantae",371,"Breaking leaf buds",9,"2017-01-01","2017-12-31",2017-04-20,110,NA,NA,1,0
"offset",122724,25424,42.286526,-72.653793,51,"MA",101,"Quercus","macrocarpa","bur oak","Plantae",371,"Breaking leaf buds",9,"2017-01-01","2017-12-31",2017-04-28,118,2017-05-01,3,1,0
"offset",122724,25424,42.286526,-72.653793,51,"MA",101,"Quercus","macrocarpa","bur oak","Plantae",371,"Breaking leaf buds",10,"2018-01-01","2018-12-31",2018-05-02,122,2018-08-19,109,1,0
"offset",122724,25424,42.286526,-72.653793,51,"MA",101,"Quercus","macrocarpa","bur oak","Plantae",371,"Breaking leaf buds",11,"2019-01-01","2019-12-31",2019-04-23,113,2020-03-21,333,1,0
"offset",122724,25424,42.286526,-72.653793,51,"MA",101,"Quercus","macrocarpa","bur oak","Plantae",371,"Breaking leaf buds",12,"2020-01-01","2020-12-31",2020-05-12,133,2020-05-14,2,1,0
"offset",122724,25424,42.286526,-72.653793,51,"MA",101,"Quercus","macrocarpa","bur oak","Plantae",371,"Breaking leaf buds",13,"2021-01-01","2021-12-31",2021-04-30,120,2021-05-03,3,1,0
"offset",122724,25424,42.286526,-72.653793,51,"MA",101,"Quercus","macrocarpa","bur oak","Plantae",371,"Breaking leaf buds",14,"2022-01-01","2022-12-31",2022-05-10,130,2022-05-13,3,1,0
"offset",122724,25424,42.286526,-72.653793,51,"MA",101,"Quercus","macrocarpa","bur oak","Plantae",371,"Breaking leaf buds",15,"2023-01-01","2023-12-31",2023-05-02,122,2023-05-07,5,1,0
"offset",122724,25424,42.286526,-72.653793,51,"MA",101,"Quercus","macrocarpa","bur oak","Plantae",501,"Open flowers",9,"2017-01-01","2017-12-31",2017-05-15,135,2017-05-18,3,1,0
"offset",122724,25424,42.286526,-72.653793,51,"MA",101,"Quercus","macrocarpa","bur oak","Plantae",501,"Open flowers",10,"2018-01-01","2018-12-31",2018-05-10,130,2018-05-23,13,1,0
"offset",122724,25424,42.286526,-72.653793,51,"MA",101,"Quercus","macrocarpa","bur oak","Plantae",501,"Open flowers",12,"2020-01-01","2020-12-31",2020-05-31,152,2020-06-02,2,1,0
"offset",122724,25424,42.286526,-72.653793,51,"MA",101,"Quercus","macrocarpa","bur oak","Plantae",501,"Open flowers",15,"2023-01-01","2023-12-31",2023-05-07,127,2023-05-11,4,1,0
"offset",122790,9695,29.371792,-95.19973,8,"TX",305,"Quercus","virginiana","live oak","Plantae",371,"Breaking leaf buds",9,"2017-01-01","2017-12-31",2017-03-07,66,NA,NA,1,0
"offset",122790,9695,29.371792,-95.19973,8,"TX",305,"Quercus","virginiana","live oak","Plantae",501,"Open flowers",9,"2017-01-01","2017-12-31",2017-03-07,66,NA,NA,2,0
"offset",123579,25524,33.761486,-84.277054,293,"GA",100,"Quercus","alba","white oak","Plantae",371,"Breaking leaf buds",11,"2019-01-01","2019-12-31",2019-03-11,70,2019-05-14,64,1,0
"offset",123996,25565,43.34066,-83.164528,256,"MI",101,"Quercus","macrocarpa","bur oak","Plantae",371,"Breaking leaf buds",9,"2017-01-01","2017-12-31",2017-05-01,121,2017-05-11,10,1,0
"offset",123996,25565,43.34066,-83.164528,256,"MI",101,"Quercus","macrocarpa","bur oak","Plantae",371,"Breaking leaf buds",10,"2018-01-01","2018-12-31",2018-05-17,137,2018-05-23,6,1,0
"offset",123996,25565,43.34066,-83.164528,256,"MI",101,"Quercus","macrocarpa","bur oak","Plantae",371,"Breaking leaf buds",11,"2019-01-01","2019-12-31",2019-05-06,126,2019-05-16,10,1,0
"offset",123996,25565,43.34066,-83.164528,256,"MI",101,"Quercus","macrocarpa","bur oak","Plantae",501,"Open flowers",9,"2017-01-01","2017-12-31",2017-05-24,144,2017-06-01,8,1,0
"offset",123996,25565,43.34066,-83.164528,256,"MI",101,"Quercus","macrocarpa","bur oak","Plantae",501,"Open flowers",10,"2018-01-01","2018-12-31",2018-05-24,144,2018-06-06,13,1,0
"offset",123996,25565,43.34066,-83.164528,256,"MI",101,"Quercus","macrocarpa","bur oak","Plantae",501,"Open flowers",11,"2019-01-01","2019-12-31",2019-05-23,143,2019-06-05,13,1,0
"offset",127430,25852,35.733105,-78.853477,133,"NC",100,"Quercus","alba","white oak","Plantae",371,"Breaking leaf buds",9,"2017-01-01","2017-12-31",2017-04-10,100,2017-04-18,8,1,0
"offset",127549,25901,30.05377,-89.880486,0,"LA",305,"Quercus","virginiana","live oak","Plantae",371,"Breaking leaf buds",9,"2017-01-01","2017-12-31",2017-03-23,82,2017-04-04,12,1,0
"offset",127549,25901,30.05377,-89.880486,0,"LA",305,"Quercus","virginiana","live oak","Plantae",371,"Breaking leaf buds",10,"2018-01-01","2018-12-31",2018-03-14,73,2018-03-20,6,1,0
"offset",127549,25901,30.05377,-89.880486,0,"LA",305,"Quercus","virginiana","live oak","Plantae",371,"Breaking leaf buds",11,"2019-01-01","2019-12-31",2019-03-26,85,2019-04-03,8,1,0
"offset",127549,25901,30.05377,-89.880486,0,"LA",305,"Quercus","virginiana","live oak","Plantae",371,"Breaking leaf buds",12,"2020-01-01","2020-12-31",2020-12-30,365,2021-01-04,5,3,0
"offset",127549,25901,30.05377,-89.880486,0,"LA",305,"Quercus","virginiana","live oak","Plantae",371,"Breaking leaf buds",13,"2021-01-01","2021-12-31",2021-04-12,102,2021-04-19,7,3,0
"offset",127549,25901,30.05377,-89.880486,0,"LA",305,"Quercus","virginiana","live oak","Plantae",371,"Breaking leaf buds",14,"2022-01-01","2022-12-31",2022-03-30,89,2022-04-16,17,2,0
"offset",127549,25901,30.05377,-89.880486,0,"LA",305,"Quercus","virginiana","live oak","Plantae",371,"Breaking leaf buds",15,"2023-01-01","2023-12-31",2023-04-14,104,2023-04-26,12,2,0
"offset",127549,25901,30.05377,-89.880486,0,"LA",305,"Quercus","virginiana","live oak","Plantae",371,"Breaking leaf buds",16,"2024-01-01","2024-12-31",2024-04-24,115,2024-08-15,113,1,0
"offset",127549,25901,30.05377,-89.880486,0,"LA",305,"Quercus","virginiana","live oak","Plantae",371,"Breaking leaf buds",17,"2025-01-01","2025-12-31",2025-03-27,86,2025-05-10,44,1,0
"offset",127549,25901,30.05377,-89.880486,0,"LA",305,"Quercus","virginiana","live oak","Plantae",501,"Open flowers",9,"2017-01-01","2017-12-31",2017-03-23,82,2017-04-04,12,1,0
"offset",127549,25901,30.05377,-89.880486,0,"LA",305,"Quercus","virginiana","live oak","Plantae",501,"Open flowers",10,"2018-01-01","2018-12-31",2018-03-20,79,2018-03-28,8,1,0
"offset",127549,25901,30.05377,-89.880486,0,"LA",305,"Quercus","virginiana","live oak","Plantae",501,"Open flowers",11,"2019-01-01","2019-12-31",2019-03-26,85,2019-04-03,8,1,0
"offset",127549,25901,30.05377,-89.880486,0,"LA",305,"Quercus","virginiana","live oak","Plantae",501,"Open flowers",12,"2020-01-01","2020-12-31",2020-03-20,80,2020-06-01,73,1,0
"offset",127549,25901,30.05377,-89.880486,0,"LA",305,"Quercus","virginiana","live oak","Plantae",501,"Open flowers",13,"2021-01-01","2021-12-31",2021-10-31,304,2021-11-07,7,2,0
"offset",127549,25901,30.05377,-89.880486,0,"LA",305,"Quercus","virginiana","live oak","Plantae",501,"Open flowers",14,"2022-01-01","2022-12-31",2022-03-30,89,2022-04-16,17,3,0
"offset",127549,25901,30.05377,-89.880486,0,"LA",305,"Quercus","virginiana","live oak","Plantae",501,"Open flowers",15,"2023-01-01","2023-12-31",2023-03-15,74,2023-03-22,7,1,0
"offset",127549,25901,30.05377,-89.880486,0,"LA",305,"Quercus","virginiana","live oak","Plantae",501,"Open flowers",16,"2024-01-01","2024-12-31",2024-03-27,87,2024-04-24,28,1,0
"offset",127549,25901,30.05377,-89.880486,0,"LA",305,"Quercus","virginiana","live oak","Plantae",501,"Open flowers",17,"2025-01-01","2025-12-31",2025-03-27,86,2025-05-10,44,1,0
"offset",127550,25901,30.05377,-89.880486,0,"LA",305,"Quercus","virginiana","live oak","Plantae",371,"Breaking leaf buds",9,"2017-01-01","2017-12-31",2017-03-23,82,2017-04-04,12,1,0
"offset",127550,25901,30.05377,-89.880486,0,"LA",305,"Quercus","virginiana","live oak","Plantae",371,"Breaking leaf buds",10,"2018-01-01","2018-12-31",2018-03-06,65,2018-03-14,8,1,0
"offset",127550,25901,30.05377,-89.880486,0,"LA",305,"Quercus","virginiana","live oak","Plantae",371,"Breaking leaf buds",11,"2019-01-01","2019-12-31",2019-03-12,71,2019-03-20,8,1,0
"offset",127550,25901,30.05377,-89.880486,0,"LA",305,"Quercus","virginiana","live oak","Plantae",371,"Breaking leaf buds",12,"2020-01-01","2020-12-31",2020-12-30,365,2021-01-04,5,3,0
"offset",127550,25901,30.05377,-89.880486,0,"LA",305,"Quercus","virginiana","live oak","Plantae",371,"Breaking leaf buds",13,"2021-01-01","2021-12-31",2021-04-12,102,2021-04-19,7,4,0
"offset",127550,25901,30.05377,-89.880486,0,"LA",305,"Quercus","virginiana","live oak","Plantae",371,"Breaking leaf buds",14,"2022-01-01","2022-12-31",2022-03-30,89,2022-04-16,17,3,0
"offset",127550,25901,30.05377,-89.880486,0,"LA",305,"Quercus","virginiana","live oak","Plantae",371,"Breaking leaf buds",15,"2023-01-01","2023-12-31",2023-04-14,104,2023-04-26,12,3,0
"offset",127550,25901,30.05377,-89.880486,0,"LA",305,"Quercus","virginiana","live oak","Plantae",371,"Breaking leaf buds",16,"2024-01-01","2024-12-31",2024-03-27,87,2024-04-24,28,1,0
"offset",127550,25901,30.05377,-89.880486,0,"LA",305,"Quercus","virginiana","live oak","Plantae",371,"Breaking leaf buds",17,"2025-01-01","2025-12-31",2025-03-27,86,2025-05-10,44,1,0
"offset",127550,25901,30.05377,-89.880486,0,"LA",305,"Quercus","virginiana","live oak","Plantae",501,"Open flowers",9,"2017-01-01","2017-12-31",2017-03-15,74,2017-03-23,8,1,0
"offset",127550,25901,30.05377,-89.880486,0,"LA",305,"Quercus","virginiana","live oak","Plantae",501,"Open flowers",10,"2018-01-01","2018-12-31",2018-03-20,79,2018-03-28,8,2,0
"offset",127550,25901,30.05377,-89.880486,0,"LA",305,"Quercus","virginiana","live oak","Plantae",501,"Open flowers",11,"2019-01-01","2019-12-31",2019-03-12,71,2019-03-20,8,1,0
"offset",127550,25901,30.05377,-89.880486,0,"LA",305,"Quercus","virginiana","live oak","Plantae",501,"Open flowers",12,"2020-01-01","2020-12-31",2020-03-12,72,2020-03-20,8,2,0
"offset",127550,25901,30.05377,-89.880486,0,"LA",305,"Quercus","virginiana","live oak","Plantae",501,"Open flowers",13,"2021-01-01","2021-12-31",2021-03-24,83,2021-03-31,7,1,0
"offset",127550,25901,30.05377,-89.880486,0,"LA",305,"Quercus","virginiana","live oak","Plantae",501,"Open flowers",14,"2022-01-01","2022-12-31",2022-03-30,89,2022-04-16,17,1,0
"offset",127550,25901,30.05377,-89.880486,0,"LA",305,"Quercus","virginiana","live oak","Plantae",501,"Open flowers",15,"2023-01-01","2023-12-31",2023-03-15,74,2023-03-22,7,1,0
"offset",127550,25901,30.05377,-89.880486,0,"LA",305,"Quercus","virginiana","live oak","Plantae",501,"Open flowers",16,"2024-01-01","2024-12-31",2024-03-27,87,2024-04-24,28,1,0
"offset",127550,25901,30.05377,-89.880486,0,"LA",305,"Quercus","virginiana","live oak","Plantae",501,"Open flowers",17,"2025-01-01","2025-12-31",2025-03-27,86,2025-05-10,44,1,0
"offset",127550,25901,30.05377,-89.880486,0,"LA",305,"Quercus","virginiana","live oak","Plantae",501,"Open flowers",18,"2026-01-01","2026-12-31",2026-02-25,56,NA,NA,1,0
"offset",128508,25972,39.974331,-86.093376,240,"IN",100,"Quercus","alba","white oak","Plantae",371,"Breaking leaf buds",9,"2017-01-01","2017-12-31",2017-04-19,109,2017-05-09,20,1,0
"offset",128508,25972,39.974331,-86.093376,240,"IN",100,"Quercus","alba","white oak","Plantae",371,"Breaking leaf buds",10,"2018-01-01","2018-12-31",2018-05-04,124,2018-09-07,126,1,0
"offset",128508,25972,39.974331,-86.093376,240,"IN",100,"Quercus","alba","white oak","Plantae",371,"Breaking leaf buds",11,"2019-01-01","2019-12-31",2019-04-21,111,2019-05-08,17,1,0
"offset",128508,25972,39.974331,-86.093376,240,"IN",100,"Quercus","alba","white oak","Plantae",501,"Open flowers",9,"2017-01-01","2017-12-31",2017-04-19,109,2017-05-09,20,1,0
"offset",128508,25972,39.974331,-86.093376,240,"IN",100,"Quercus","alba","white oak","Plantae",501,"Open flowers",10,"2018-01-01","2018-12-31",2018-05-04,124,2018-09-07,126,1,0
"offset",128508,25972,39.974331,-86.093376,240,"IN",100,"Quercus","alba","white oak","Plantae",501,"Open flowers",11,"2019-01-01","2019-12-31",2019-04-21,111,2019-05-08,17,1,0
"offset",129396,25662,34.254848,-84.138611,381,"GA",1212,"Quercus","montana","chestnut oak","Plantae",371,"Breaking leaf buds",9,"2017-01-01","2017-12-31",2017-04-12,102,2017-04-19,7,1,0
"offset",129412,25972,39.974331,-86.093376,240,"IN",100,"Quercus","alba","white oak","Plantae",371,"Breaking leaf buds",11,"2019-01-01","2019-12-31",2019-05-08,128,2019-06-22,45,1,0
"offset",129941,25968,38.863987,-77.687134,219,"VA",1212,"Quercus","montana","chestnut oak","Plantae",371,"Breaking leaf buds",9,"2017-01-01","2017-12-31",2017-04-08,98,NA,NA,1,0
"offset",131337,26217,30.126005,-92.077187,7,"LA",305,"Quercus","virginiana","live oak","Plantae",501,"Open flowers",9,"2017-01-01","2017-12-31",2017-03-24,83,NA,NA,1,0
"offset",131610,26048,44.825459,-93.176857,263,"MN",100,"Quercus","alba","white oak","Plantae",371,"Breaking leaf buds",9,"2017-01-01","2017-12-31",2017-04-17,107,2017-04-24,7,1,0
"offset",131610,26048,44.825459,-93.176857,263,"MN",100,"Quercus","alba","white oak","Plantae",371,"Breaking leaf buds",10,"2018-01-01","2018-12-31",2018-05-09,129,2018-05-15,6,1,0
"offset",131610,26048,44.825459,-93.176857,263,"MN",100,"Quercus","alba","white oak","Plantae",371,"Breaking leaf buds",11,"2019-01-01","2019-12-31",2019-05-11,131,2019-05-22,11,1,0
"offset",131610,26048,44.825459,-93.176857,263,"MN",100,"Quercus","alba","white oak","Plantae",371,"Breaking leaf buds",12,"2020-01-01","2020-12-31",2020-05-09,130,2020-05-16,7,1,0
"offset",131610,26048,44.825459,-93.176857,263,"MN",100,"Quercus","alba","white oak","Plantae",371,"Breaking leaf buds",13,"2021-01-01","2021-12-31",2021-04-29,119,2021-05-06,7,1,0
"offset",131610,26048,44.825459,-93.176857,263,"MN",100,"Quercus","alba","white oak","Plantae",371,"Breaking leaf buds",14,"2022-01-01","2022-12-31",2022-05-11,131,2022-05-20,9,1,0
"offset",131610,26048,44.825459,-93.176857,263,"MN",100,"Quercus","alba","white oak","Plantae",501,"Open flowers",12,"2020-01-01","2020-12-31",2020-05-16,137,2020-05-25,9,1,0
"offset",131610,26048,44.825459,-93.176857,263,"MN",100,"Quercus","alba","white oak","Plantae",501,"Open flowers",13,"2021-01-01","2021-12-31",2021-05-13,133,2021-05-19,6,1,0
"offset",131610,26048,44.825459,-93.176857,263,"MN",100,"Quercus","alba","white oak","Plantae",501,"Open flowers",15,"2023-01-01","2023-12-31",2023-05-12,132,2023-05-22,10,1,0
"offset",131674,26272,38.216236,-85.757736,141,"KY",100,"Quercus","alba","white oak","Plantae",371,"Breaking leaf buds",9,"2017-01-01","2017-12-31",2017-03-28,87,NA,NA,1,0
"offset",131674,26272,38.216236,-85.757736,141,"KY",100,"Quercus","alba","white oak","Plantae",501,"Open flowers",9,"2017-01-01","2017-12-31",2017-03-28,87,NA,NA,1,0
"offset",132166,26278,38.215794,-85.761429,140,"KY",1212,"Quercus","montana","chestnut oak","Plantae",371,"Breaking leaf buds",9,"2017-01-01","2017-12-31",2017-03-29,88,NA,NA,1,0
"offset",132268,26389,42.346191,-72.501717,76,"MA",100,"Quercus","alba","white oak","Plantae",371,"Breaking leaf buds",9,"2017-01-01","2017-12-31",2017-04-27,117,NA,NA,1,0
"offset",132779,26433,38.216854,-85.758888,141,"KY",100,"Quercus","alba","white oak","Plantae",371,"Breaking leaf buds",9,"2017-01-01","2017-12-31",2017-03-28,87,NA,NA,1,0
"offset",132847,26202,41.814045,-88.050323,228,"IL",1212,"Quercus","montana","chestnut oak","Plantae",371,"Breaking leaf buds",9,"2017-01-01","2017-12-31",2017-04-28,118,2017-05-05,7,1,0
"offset",132847,26202,41.814045,-88.050323,228,"IL",1212,"Quercus","montana","chestnut oak","Plantae",371,"Breaking leaf buds",10,"2018-01-01","2018-12-31",2018-05-17,137,2018-05-24,7,1,0
"offset",132847,26202,41.814045,-88.050323,228,"IL",1212,"Quercus","montana","chestnut oak","Plantae",371,"Breaking leaf buds",11,"2019-01-01","2019-12-31",2019-05-14,134,2019-05-21,7,1,0
"offset",132847,26202,41.814045,-88.050323,228,"IL",1212,"Quercus","montana","chestnut oak","Plantae",501,"Open flowers",9,"2017-01-01","2017-12-31",2017-05-17,137,2017-05-26,9,1,0
"offset",132847,26202,41.814045,-88.050323,228,"IL",1212,"Quercus","montana","chestnut oak","Plantae",501,"Open flowers",10,"2018-01-01","2018-12-31",2018-05-17,137,2018-05-24,7,1,0
"offset",132847,26202,41.814045,-88.050323,228,"IL",1212,"Quercus","montana","chestnut oak","Plantae",501,"Open flowers",11,"2019-01-01","2019-12-31",2019-05-28,148,2019-06-04,7,1,0
"offset",132849,26202,41.814045,-88.050323,228,"IL",101,"Quercus","macrocarpa","bur oak","Plantae",371,"Breaking leaf buds",9,"2017-01-01","2017-12-31",2017-05-17,137,2017-05-26,9,1,0
"offset",132849,26202,41.814045,-88.050323,228,"IL",101,"Quercus","macrocarpa","bur oak","Plantae",371,"Breaking leaf buds",10,"2018-01-01","2018-12-31",2018-05-11,131,2018-05-17,6,1,0
"offset",132849,26202,41.814045,-88.050323,228,"IL",101,"Quercus","macrocarpa","bur oak","Plantae",371,"Breaking leaf buds",11,"2019-01-01","2019-12-31",2019-05-13,133,2019-05-20,7,1,0
"offset",132849,26202,41.814045,-88.050323,228,"IL",101,"Quercus","macrocarpa","bur oak","Plantae",371,"Breaking leaf buds",13,"2021-01-01","2021-12-31",2021-04-30,120,2021-05-07,7,1,0
"offset",132849,26202,41.814045,-88.050323,228,"IL",101,"Quercus","macrocarpa","bur oak","Plantae",501,"Open flowers",9,"2017-01-01","2017-12-31",2017-06-09,160,2017-06-16,7,1,0
"offset",132849,26202,41.814045,-88.050323,228,"IL",101,"Quercus","macrocarpa","bur oak","Plantae",501,"Open flowers",10,"2018-01-01","2018-12-31",2018-05-18,138,2018-05-25,7,1,0
"offset",132849,26202,41.814045,-88.050323,228,"IL",101,"Quercus","macrocarpa","bur oak","Plantae",501,"Open flowers",11,"2019-01-01","2019-12-31",2019-05-13,133,2019-05-20,7,1,0
"offset",132856,26202,41.814045,-88.050323,228,"IL",100,"Quercus","alba","white oak","Plantae",371,"Breaking leaf buds",9,"2017-01-01","2017-12-31",2017-05-17,137,2017-05-26,9,1,0
"offset",132856,26202,41.814045,-88.050323,228,"IL",100,"Quercus","alba","white oak","Plantae",371,"Breaking leaf buds",10,"2018-01-01","2018-12-31",2018-05-24,144,2018-05-31,7,1,0
"offset",132856,26202,41.814045,-88.050323,228,"IL",100,"Quercus","alba","white oak","Plantae",371,"Breaking leaf buds",11,"2019-01-01","2019-12-31",2019-05-14,134,2019-05-21,7,1,0
"offset",132856,26202,41.814045,-88.050323,228,"IL",100,"Quercus","alba","white oak","Plantae",501,"Open flowers",9,"2017-01-01","2017-12-31",2017-06-01,152,2017-06-09,8,1,0
"offset",132856,26202,41.814045,-88.050323,228,"IL",100,"Quercus","alba","white oak","Plantae",501,"Open flowers",10,"2018-01-01","2018-12-31",2018-05-17,137,2018-05-24,7,1,0
"offset",132856,26202,41.814045,-88.050323,228,"IL",100,"Quercus","alba","white oak","Plantae",501,"Open flowers",11,"2019-01-01","2019-12-31",2019-05-28,148,2019-06-04,7,1,0
"offset",132858,26202,41.814045,-88.050323,228,"IL",100,"Quercus","alba","white oak","Plantae",371,"Breaking leaf buds",9,"2017-01-01","2017-12-31",2017-05-17,137,2017-05-26,9,1,0
"offset",132858,26202,41.814045,-88.050323,228,"IL",100,"Quercus","alba","white oak","Plantae",371,"Breaking leaf buds",10,"2018-01-01","2018-12-31",2018-05-02,122,2018-05-10,8,1,0
"offset",132858,26202,41.814045,-88.050323,228,"IL",100,"Quercus","alba","white oak","Plantae",371,"Breaking leaf buds",11,"2019-01-01","2019-12-31",2019-05-13,133,2019-05-28,15,1,0
"offset",132858,26202,41.814045,-88.050323,228,"IL",100,"Quercus","alba","white oak","Plantae",371,"Breaking leaf buds",13,"2021-01-01","2021-12-31",2021-05-03,123,2021-05-10,7,1,0
"offset",132858,26202,41.814045,-88.050323,228,"IL",100,"Quercus","alba","white oak","Plantae",501,"Open flowers",9,"2017-01-01","2017-12-31",2017-05-17,137,2017-05-26,9,1,0
"offset",132858,26202,41.814045,-88.050323,228,"IL",100,"Quercus","alba","white oak","Plantae",501,"Open flowers",11,"2019-01-01","2019-12-31",2019-05-13,133,2019-05-28,15,1,0
"offset",132858,26202,41.814045,-88.050323,228,"IL",100,"Quercus","alba","white oak","Plantae",501,"Open flowers",13,"2021-01-01","2021-12-31",2021-05-24,144,2021-06-03,10,1,0
"offset",132860,26202,41.814045,-88.050323,228,"IL",100,"Quercus","alba","white oak","Plantae",371,"Breaking leaf buds",9,"2017-01-01","2017-12-31",2017-04-24,114,2017-05-08,14,1,0
"offset",132860,26202,41.814045,-88.050323,228,"IL",100,"Quercus","alba","white oak","Plantae",371,"Breaking leaf buds",10,"2018-01-01","2018-12-31",2018-05-19,139,2018-06-04,16,1,0
"offset",132860,26202,41.814045,-88.050323,228,"IL",100,"Quercus","alba","white oak","Plantae",371,"Breaking leaf buds",11,"2019-01-01","2019-12-31",2019-05-15,135,2019-05-21,6,1,0
"offset",132860,26202,41.814045,-88.050323,228,"IL",100,"Quercus","alba","white oak","Plantae",371,"Breaking leaf buds",13,"2021-01-01","2021-12-31",2021-04-30,120,2021-05-06,6,1,0
"offset",132860,26202,41.814045,-88.050323,228,"IL",100,"Quercus","alba","white oak","Plantae",501,"Open flowers",9,"2017-01-01","2017-12-31",2017-05-22,142,2017-05-29,7,1,0
"offset",132860,26202,41.814045,-88.050323,228,"IL",100,"Quercus","alba","white oak","Plantae",501,"Open flowers",10,"2018-01-01","2018-12-31",2018-05-19,139,2018-06-04,16,1,0
"offset",132860,26202,41.814045,-88.050323,228,"IL",100,"Quercus","alba","white oak","Plantae",501,"Open flowers",11,"2019-01-01","2019-12-31",2019-05-21,141,2019-10-02,134,1,0
"offset",132870,26202,41.814045,-88.050323,228,"IL",1212,"Quercus","montana","chestnut oak","Plantae",371,"Breaking leaf buds",9,"2017-01-01","2017-12-31",2017-05-15,135,2017-05-22,7,1,0
"offset",132870,26202,41.814045,-88.050323,228,"IL",1212,"Quercus","montana","chestnut oak","Plantae",371,"Breaking leaf buds",10,"2018-01-01","2018-12-31",2018-05-10,130,2018-05-18,8,1,0
"offset",132870,26202,41.814045,-88.050323,228,"IL",1212,"Quercus","montana","chestnut oak","Plantae",371,"Breaking leaf buds",11,"2019-01-01","2019-12-31",2019-05-14,134,2019-05-20,6,1,0
"offset",132870,26202,41.814045,-88.050323,228,"IL",1212,"Quercus","montana","chestnut oak","Plantae",371,"Breaking leaf buds",13,"2021-01-01","2021-12-31",2021-05-02,122,2021-05-09,7,1,0
"offset",132870,26202,41.814045,-88.050323,228,"IL",1212,"Quercus","montana","chestnut oak","Plantae",501,"Open flowers",9,"2017-01-01","2017-12-31",2017-04-24,114,2017-05-01,7,1,0
"offset",132870,26202,41.814045,-88.050323,228,"IL",1212,"Quercus","montana","chestnut oak","Plantae",501,"Open flowers",10,"2018-01-01","2018-12-31",2018-06-01,152,2018-06-06,5,1,0
"offset",132871,26202,41.814045,-88.050323,228,"IL",1212,"Quercus","montana","chestnut oak","Plantae",371,"Breaking leaf buds",9,"2017-01-01","2017-12-31",2017-05-08,128,2017-05-15,7,2,0
"offset",132871,26202,41.814045,-88.050323,228,"IL",1212,"Quercus","montana","chestnut oak","Plantae",371,"Breaking leaf buds",10,"2018-01-01","2018-12-31",2018-05-11,131,2018-05-18,7,1,0
"offset",132871,26202,41.814045,-88.050323,228,"IL",1212,"Quercus","montana","chestnut oak","Plantae",371,"Breaking leaf buds",11,"2019-01-01","2019-12-31",2019-05-13,133,2019-05-20,7,1,0
"offset",132871,26202,41.814045,-88.050323,228,"IL",1212,"Quercus","montana","chestnut oak","Plantae",371,"Breaking leaf buds",13,"2021-01-01","2021-12-31",2021-04-30,120,2021-05-07,7,1,0
"offset",132871,26202,41.814045,-88.050323,228,"IL",1212,"Quercus","montana","chestnut oak","Plantae",501,"Open flowers",9,"2017-01-01","2017-12-31",2017-05-15,135,2017-05-22,7,1,0
"offset",132871,26202,41.814045,-88.050323,228,"IL",1212,"Quercus","montana","chestnut oak","Plantae",501,"Open flowers",10,"2018-01-01","2018-12-31",2018-05-18,138,2018-05-25,7,1,0
"offset",132871,26202,41.814045,-88.050323,228,"IL",1212,"Quercus","montana","chestnut oak","Plantae",501,"Open flowers",11,"2019-01-01","2019-12-31",2019-05-20,140,2019-05-29,9,1,0
"offset",132871,26202,41.814045,-88.050323,228,"IL",1212,"Quercus","montana","chestnut oak","Plantae",501,"Open flowers",13,"2021-01-01","2021-12-31",2021-05-14,134,2021-05-21,7,1,0
"offset",132877,26202,41.814045,-88.050323,228,"IL",101,"Quercus","macrocarpa","bur oak","Plantae",371,"Breaking leaf buds",9,"2017-01-01","2017-12-31",2017-05-08,128,2017-05-15,7,1,0
"offset",132877,26202,41.814045,-88.050323,228,"IL",101,"Quercus","macrocarpa","bur oak","Plantae",501,"Open flowers",9,"2017-01-01","2017-12-31",2017-05-08,128,2017-05-15,7,1,0
"offset",132878,26202,41.814045,-88.050323,228,"IL",101,"Quercus","macrocarpa","bur oak","Plantae",371,"Breaking leaf buds",9,"2017-01-01","2017-12-31",2017-05-08,128,2017-05-15,7,1,0
"offset",132878,26202,41.814045,-88.050323,228,"IL",101,"Quercus","macrocarpa","bur oak","Plantae",371,"Breaking leaf buds",10,"2018-01-01","2018-12-31",2018-05-09,129,2018-05-17,8,1,0
"offset",132878,26202,41.814045,-88.050323,228,"IL",101,"Quercus","macrocarpa","bur oak","Plantae",371,"Breaking leaf buds",11,"2019-01-01","2019-12-31",2019-05-19,139,2019-05-24,5,1,0
"offset",132878,26202,41.814045,-88.050323,228,"IL",101,"Quercus","macrocarpa","bur oak","Plantae",371,"Breaking leaf buds",13,"2021-01-01","2021-12-31",2021-05-18,138,2021-05-23,5,3,0
"offset",132878,26202,41.814045,-88.050323,228,"IL",101,"Quercus","macrocarpa","bur oak","Plantae",501,"Open flowers",9,"2017-01-01","2017-12-31",2017-04-24,114,2017-05-01,7,1,0
"offset",132878,26202,41.814045,-88.050323,228,"IL",101,"Quercus","macrocarpa","bur oak","Plantae",501,"Open flowers",13,"2021-01-01","2021-12-31",2021-05-18,138,2021-05-23,5,1,0
"offset",133790,26450,44.839218,-93.355995,268,"MN",101,"Quercus","macrocarpa","bur oak","Plantae",371,"Breaking leaf buds",9,"2017-01-01","2017-12-31",2017-04-15,105,2017-09-10,148,1,0
"offset",133790,26450,44.839218,-93.355995,268,"MN",101,"Quercus","macrocarpa","bur oak","Plantae",371,"Breaking leaf buds",10,"2018-01-01","2018-12-31",2018-05-06,126,NA,NA,1,0
"offset",133791,26450,44.839218,-93.355995,268,"MN",100,"Quercus","alba","white oak","Plantae",371,"Breaking leaf buds",9,"2017-01-01","2017-12-31",2017-04-15,105,2017-09-15,153,1,0
"offset",133791,26450,44.839218,-93.355995,268,"MN",100,"Quercus","alba","white oak","Plantae",371,"Breaking leaf buds",10,"2018-01-01","2018-12-31",2018-05-06,126,NA,NA,1,0
"offset",133967,26467,46.907448,-98.70649,450,"ND",100,"Quercus","alba","white oak","Plantae",371,"Breaking leaf buds",9,"2017-01-01","2017-12-31",2017-04-17,107,2017-04-24,7,1,0
"offset",134010,26465,44.160717,-92.089828,356,"MN",100,"Quercus","alba","white oak","Plantae",371,"Breaking leaf buds",9,"2017-01-01","2017-12-31",2017-05-01,121,NA,NA,1,0
"offset",135954,26810,29.06127,-81.229851,15,"FL",305,"Quercus","virginiana","live oak","Plantae",371,"Breaking leaf buds",9,"2017-01-01","2017-12-31",2017-04-16,106,NA,NA,2,0
"offset",135954,26810,29.06127,-81.229851,15,"FL",305,"Quercus","virginiana","live oak","Plantae",501,"Open flowers",9,"2017-01-01","2017-12-31",2017-04-04,94,2017-04-16,12,1,0
"offset",135958,26810,29.06127,-81.229851,15,"FL",305,"Quercus","virginiana","live oak","Plantae",371,"Breaking leaf buds",9,"2017-01-01","2017-12-31",2017-04-04,94,2017-04-16,12,2,0
"offset",135958,26810,29.06127,-81.229851,15,"FL",305,"Quercus","virginiana","live oak","Plantae",501,"Open flowers",9,"2017-01-01","2017-12-31",2017-04-04,94,2017-04-16,12,1,0
"offset",135959,26810,29.06127,-81.229851,15,"FL",305,"Quercus","virginiana","live oak","Plantae",371,"Breaking leaf buds",9,"2017-01-01","2017-12-31",2017-04-16,106,NA,NA,1,0
"offset",136087,26847,29.036613,-81.303291,18,"FL",305,"Quercus","virginiana","live oak","Plantae",371,"Breaking leaf buds",9,"2017-01-01","2017-12-31",2017-04-14,104,NA,NA,2,0
"offset",136087,26847,29.036613,-81.303291,18,"FL",305,"Quercus","virginiana","live oak","Plantae",501,"Open flowers",9,"2017-01-01","2017-12-31",2017-04-14,104,NA,NA,2,0
"offset",136088,26847,29.036613,-81.303291,18,"FL",305,"Quercus","virginiana","live oak","Plantae",371,"Breaking leaf buds",9,"2017-01-01","2017-12-31",2017-04-14,104,NA,NA,1,0
"offset",136088,26847,29.036613,-81.303291,18,"FL",305,"Quercus","virginiana","live oak","Plantae",501,"Open flowers",9,"2017-01-01","2017-12-31",2017-03-17,76,2017-03-31,14,1,0
"offset",136089,26847,29.036613,-81.303291,18,"FL",305,"Quercus","virginiana","live oak","Plantae",371,"Breaking leaf buds",9,"2017-01-01","2017-12-31",2017-04-14,104,NA,NA,2,0
"offset",136089,26847,29.036613,-81.303291,18,"FL",305,"Quercus","virginiana","live oak","Plantae",501,"Open flowers",9,"2017-01-01","2017-12-31",2017-03-17,76,2017-03-31,14,1,0
"offset",136470,26859,37.229877,-80.419395,639,"VA",100,"Quercus","alba","white oak","Plantae",371,"Breaking leaf buds",9,"2017-01-01","2017-12-31",2017-04-23,113,NA,NA,1,0
"offset",136538,26863,42.419384,-76.492157,266,"NY",100,"Quercus","alba","white oak","Plantae",371,"Breaking leaf buds",10,"2018-01-01","2018-12-31",2018-04-30,120,2022-04-07,1438,1,0
"offset",136538,26863,42.419384,-76.492157,266,"NY",100,"Quercus","alba","white oak","Plantae",371,"Breaking leaf buds",14,"2022-01-01","2022-12-31",2022-04-30,120,NA,NA,1,0
"offset",136538,26863,42.419384,-76.492157,266,"NY",100,"Quercus","alba","white oak","Plantae",371,"Breaking leaf buds",16,"2024-01-01","2024-12-31",2024-04-24,115,2026-03-31,706,1,0
"offset",136580,26876,29.036613,-81.303291,18,"FL",305,"Quercus","virginiana","live oak","Plantae",371,"Breaking leaf buds",9,"2017-01-01","2017-12-31",2017-04-21,111,NA,NA,2,0
"offset",136583,26876,29.036613,-81.303291,18,"FL",305,"Quercus","virginiana","live oak","Plantae",371,"Breaking leaf buds",9,"2017-01-01","2017-12-31",2017-04-21,111,NA,NA,1,0
"offset",136586,26876,29.036613,-81.303291,18,"FL",305,"Quercus","virginiana","live oak","Plantae",371,"Breaking leaf buds",9,"2017-01-01","2017-12-31",2017-04-21,111,NA,NA,2,0
"offset",136871,25424,42.286526,-72.653793,51,"MA",101,"Quercus","macrocarpa","bur oak","Plantae",371,"Breaking leaf buds",9,"2017-01-01","2017-12-31",2017-05-01,121,2017-05-06,5,1,0
"offset",136871,25424,42.286526,-72.653793,51,"MA",101,"Quercus","macrocarpa","bur oak","Plantae",371,"Breaking leaf buds",10,"2018-01-01","2018-12-31",2018-05-02,122,2018-08-28,118,1,0
"offset",136871,25424,42.286526,-72.653793,51,"MA",101,"Quercus","macrocarpa","bur oak","Plantae",371,"Breaking leaf buds",11,"2019-01-01","2019-12-31",2019-04-23,113,2020-03-21,333,1,0
"offset",136871,25424,42.286526,-72.653793,51,"MA",101,"Quercus","macrocarpa","bur oak","Plantae",371,"Breaking leaf buds",12,"2020-01-01","2020-12-31",2020-05-14,135,2020-05-16,2,1,0
"offset",136871,25424,42.286526,-72.653793,51,"MA",101,"Quercus","macrocarpa","bur oak","Plantae",371,"Breaking leaf buds",13,"2021-01-01","2021-12-31",2021-04-30,120,2021-05-03,3,1,0
"offset",136871,25424,42.286526,-72.653793,51,"MA",101,"Quercus","macrocarpa","bur oak","Plantae",371,"Breaking leaf buds",14,"2022-01-01","2022-12-31",2022-05-10,130,2022-05-13,3,1,0
"offset",136871,25424,42.286526,-72.653793,51,"MA",101,"Quercus","macrocarpa","bur oak","Plantae",371,"Breaking leaf buds",15,"2023-01-01","2023-12-31",2023-05-02,122,2023-05-07,5,1,0
"offset",136880,26863,42.419384,-76.492157,266,"NY",100,"Quercus","alba","white oak","Plantae",371,"Breaking leaf buds",9,"2017-01-01","2017-12-31",2017-05-02,122,NA,NA,1,0
"offset",136993,26959,29.785831,-90.109283,1,"LA",305,"Quercus","virginiana","live oak","Plantae",371,"Breaking leaf buds",9,"2017-01-01","2017-12-31",2017-04-12,102,2017-04-29,17,1,0
"offset",137015,26890,43.807205,-123.055069,225,"OR",100,"Quercus","alba","white oak","Plantae",371,"Breaking leaf buds",9,"2017-01-01","2017-12-31",2017-05-05,125,NA,NA,1,0
"offset",137043,26987,44.976757,-93.193657,272,"MN",101,"Quercus","macrocarpa","bur oak","Plantae",371,"Breaking leaf buds",9,"2017-01-01","2017-12-31",2017-05-10,130,NA,NA,2,0
"offset",137043,26987,44.976757,-93.193657,272,"MN",101,"Quercus","macrocarpa","bur oak","Plantae",501,"Open flowers",9,"2017-01-01","2017-12-31",2017-05-10,130,NA,NA,1,0
"offset",137151,27023,42.316795,-71.084755,10,"MA",100,"Quercus","alba","white oak","Plantae",371,"Breaking leaf buds",8,"2016-01-01","2016-12-31",2016-11-28,333,NA,NA,1,0
"offset",137151,27023,42.316795,-71.084755,10,"MA",100,"Quercus","alba","white oak","Plantae",371,"Breaking leaf buds",9,"2017-01-01","2017-12-31",2017-04-03,93,NA,NA,1,0
"offset",137725,27074,44.566044,-123.336617,109,"OR",100,"Quercus","alba","white oak","Plantae",371,"Breaking leaf buds",9,"2017-01-01","2017-12-31",2017-05-14,134,NA,NA,1,0
"offset",138575,1915,41.78344,-73.732552,150,"NY",100,"Quercus","alba","white oak","Plantae",371,"Breaking leaf buds",10,"2018-01-01","2018-12-31",2018-05-11,131,2018-05-30,19,1,0
"offset",138575,1915,41.78344,-73.732552,150,"NY",100,"Quercus","alba","white oak","Plantae",371,"Breaking leaf buds",11,"2019-01-01","2019-12-31",2019-05-08,128,2019-05-20,12,1,0
"offset",138575,1915,41.78344,-73.732552,150,"NY",100,"Quercus","alba","white oak","Plantae",371,"Breaking leaf buds",12,"2020-01-01","2020-12-31",2020-05-19,140,2020-06-01,13,1,0
"offset",138575,1915,41.78344,-73.732552,150,"NY",100,"Quercus","alba","white oak","Plantae",501,"Open flowers",9,"2017-01-01","2017-12-31",2017-06-01,152,2017-06-09,8,1,0
"offset",138575,1915,41.78344,-73.732552,150,"NY",100,"Quercus","alba","white oak","Plantae",501,"Open flowers",11,"2019-01-01","2019-12-31",2019-05-20,140,2019-06-11,22,1,0
"offset",138575,1915,41.78344,-73.732552,150,"NY",100,"Quercus","alba","white oak","Plantae",501,"Open flowers",13,"2021-01-01","2021-12-31",2021-05-20,140,2021-05-26,6,1,0
"offset",138649,27143,39.667038,-104.87365,1684,"CO",101,"Quercus","macrocarpa","bur oak","Plantae",371,"Breaking leaf buds",9,"2017-01-01","2017-12-31",2017-05-19,139,2017-06-05,17,2,0
"offset",138649,27143,39.667038,-104.87365,1684,"CO",101,"Quercus","macrocarpa","bur oak","Plantae",501,"Open flowers",9,"2017-01-01","2017-12-31",2017-04-24,114,2017-05-05,11,1,0
"offset",140025,27305,47.076687,-95.834747,470,"MN",101,"Quercus","macrocarpa","bur oak","Plantae",371,"Breaking leaf buds",9,"2017-01-01","2017-12-31",2017-06-21,172,NA,NA,1,0
"offset",141898,27475,29.783813,-90.117561,0,"LA",305,"Quercus","virginiana","live oak","Plantae",371,"Breaking leaf buds",10,"2018-01-01","2018-12-31",2018-03-22,81,2018-04-06,15,2,0
"offset",141898,27475,29.783813,-90.117561,0,"LA",305,"Quercus","virginiana","live oak","Plantae",501,"Open flowers",10,"2018-01-01","2018-12-31",2018-03-22,81,2018-04-06,15,1,0
"offset",141907,27476,29.785265,-90.110191,0,"LA",305,"Quercus","virginiana","live oak","Plantae",371,"Breaking leaf buds",10,"2018-01-01","2018-12-31",2018-03-23,82,2018-03-28,5,1,0
"offset",141907,27476,29.785265,-90.110191,0,"LA",305,"Quercus","virginiana","live oak","Plantae",371,"Breaking leaf buds",11,"2019-01-01","2019-12-31",2019-03-21,80,2019-03-22,1,1,0
"offset",141907,27476,29.785265,-90.110191,0,"LA",305,"Quercus","virginiana","live oak","Plantae",371,"Breaking leaf buds",12,"2020-01-01","2020-12-31",2020-03-20,80,2020-03-27,7,1,0
"offset",141907,27476,29.785265,-90.110191,0,"LA",305,"Quercus","virginiana","live oak","Plantae",371,"Breaking leaf buds",14,"2022-01-01","2022-12-31",2022-07-07,188,2022-09-30,85,1,0
"offset",141907,27476,29.785265,-90.110191,0,"LA",305,"Quercus","virginiana","live oak","Plantae",501,"Open flowers",10,"2018-01-01","2018-12-31",2018-03-23,82,2018-03-28,5,2,0
"offset",141907,27476,29.785265,-90.110191,0,"LA",305,"Quercus","virginiana","live oak","Plantae",501,"Open flowers",11,"2019-01-01","2019-12-31",2019-03-21,80,2019-03-22,1,1,0
"offset",141907,27476,29.785265,-90.110191,0,"LA",305,"Quercus","virginiana","live oak","Plantae",501,"Open flowers",12,"2020-01-01","2020-12-31",2020-03-16,76,2020-03-20,4,1,0
"offset",141916,27477,29.793816,-90.122452,0,"LA",305,"Quercus","virginiana","live oak","Plantae",371,"Breaking leaf buds",10,"2018-01-01","2018-12-31",2018-03-08,67,2018-03-26,18,1,0
"offset",141916,27477,29.793816,-90.122452,0,"LA",305,"Quercus","virginiana","live oak","Plantae",371,"Breaking leaf buds",11,"2019-01-01","2019-12-31",2019-03-08,67,2019-03-28,20,1,0
"offset",141916,27477,29.793816,-90.122452,0,"LA",305,"Quercus","virginiana","live oak","Plantae",371,"Breaking leaf buds",12,"2020-01-01","2020-12-31",2020-03-20,80,2020-09-12,176,1,0
"offset",141916,27477,29.793816,-90.122452,0,"LA",305,"Quercus","virginiana","live oak","Plantae",371,"Breaking leaf buds",13,"2021-01-01","2021-12-31",2021-01-30,30,2021-02-10,11,1,0
"offset",141916,27477,29.793816,-90.122452,0,"LA",305,"Quercus","virginiana","live oak","Plantae",371,"Breaking leaf buds",14,"2022-01-01","2022-12-31",2022-06-30,181,2022-08-14,45,2,0
"offset",141916,27477,29.793816,-90.122452,0,"LA",305,"Quercus","virginiana","live oak","Plantae",371,"Breaking leaf buds",17,"2025-01-01","2025-12-31",2025-03-28,87,2025-04-28,31,1,0
"offset",141916,27477,29.793816,-90.122452,0,"LA",305,"Quercus","virginiana","live oak","Plantae",501,"Open flowers",10,"2018-01-01","2018-12-31",2018-03-08,67,2018-03-26,18,1,0
"offset",141916,27477,29.793816,-90.122452,0,"LA",305,"Quercus","virginiana","live oak","Plantae",501,"Open flowers",11,"2019-01-01","2019-12-31",2019-03-08,67,2019-03-28,20,1,0
"offset",141916,27477,29.793816,-90.122452,0,"LA",305,"Quercus","virginiana","live oak","Plantae",501,"Open flowers",12,"2020-01-01","2020-12-31",2020-03-19,79,2020-03-20,1,1,0
"offset",141916,27477,29.793816,-90.122452,0,"LA",305,"Quercus","virginiana","live oak","Plantae",501,"Open flowers",17,"2025-01-01","2025-12-31",2025-03-28,87,2025-05-08,41,1,0
"offset",142873,27567,35.957191,-83.866592,284,"TN",100,"Quercus","alba","white oak","Plantae",371,"Breaking leaf buds",9,"2017-01-01","2017-12-31",2017-03-30,89,2017-04-27,28,1,0
"offset",142873,27567,35.957191,-83.866592,284,"TN",100,"Quercus","alba","white oak","Plantae",371,"Breaking leaf buds",10,"2018-01-01","2018-12-31",2018-04-13,103,2018-04-21,8,1,0
"offset",142873,27567,35.957191,-83.866592,284,"TN",100,"Quercus","alba","white oak","Plantae",371,"Breaking leaf buds",11,"2019-01-01","2019-12-31",2019-04-15,105,2019-04-22,7,1,0
"offset",142873,27567,35.957191,-83.866592,284,"TN",100,"Quercus","alba","white oak","Plantae",371,"Breaking leaf buds",13,"2021-01-01","2021-12-31",2021-04-03,93,2021-04-09,6,1,0
"offset",142873,27567,35.957191,-83.866592,284,"TN",100,"Quercus","alba","white oak","Plantae",371,"Breaking leaf buds",14,"2022-01-01","2022-12-31",2022-04-15,105,2022-04-24,9,2,0
"offset",142873,27567,35.957191,-83.866592,284,"TN",100,"Quercus","alba","white oak","Plantae",371,"Breaking leaf buds",15,"2023-01-01","2023-12-31",2023-04-13,103,2023-04-17,4,1,0
"offset",142873,27567,35.957191,-83.866592,284,"TN",100,"Quercus","alba","white oak","Plantae",371,"Breaking leaf buds",16,"2024-01-01","2024-12-31",2024-04-10,101,2024-05-10,30,1,0
"offset",142873,27567,35.957191,-83.866592,284,"TN",100,"Quercus","alba","white oak","Plantae",371,"Breaking leaf buds",17,"2025-01-01","2025-12-31",2025-04-08,98,2025-04-13,5,1,0
"offset",142873,27567,35.957191,-83.866592,284,"TN",100,"Quercus","alba","white oak","Plantae",371,"Breaking leaf buds",18,"2026-01-01","2026-12-31",2026-03-30,89,2026-04-21,22,1,0
"offset",142951,27585,29.033138,-81.299995,10,"FL",297,"Quercus","geminata","sand live oak","Plantae",371,"Breaking leaf buds",9,"2017-01-01","2017-12-31",2017-12-03,337,NA,NA,2,0
"offset",143294,27467,40.655563,-73.997101,4,"NY",305,"Quercus","virginiana","live oak","Plantae",371,"Breaking leaf buds",9,"2017-01-01","2017-12-31",2017-09-01,244,2017-09-22,21,1,0
"offset",143294,27467,40.655563,-73.997101,4,"NY",305,"Quercus","virginiana","live oak","Plantae",371,"Breaking leaf buds",10,"2018-01-01","2018-12-31",2018-07-10,191,2018-07-11,1,4,0
"offset",143294,27467,40.655563,-73.997101,4,"NY",305,"Quercus","virginiana","live oak","Plantae",371,"Breaking leaf buds",17,"2025-01-01","2025-12-31",2025-06-06,157,2025-06-07,1,1,0
"offset",143294,27467,40.655563,-73.997101,4,"NY",305,"Quercus","virginiana","live oak","Plantae",501,"Open flowers",17,"2025-01-01","2025-12-31",2025-06-07,158,NA,NA,1,0
"offset",143316,22979,41.556442,-93.267807,267,"IA",101,"Quercus","macrocarpa","bur oak","Plantae",371,"Breaking leaf buds",10,"2018-01-01","2018-12-31",2018-05-10,130,2018-05-17,7,1,0
"offset",143316,22979,41.556442,-93.267807,267,"IA",101,"Quercus","macrocarpa","bur oak","Plantae",371,"Breaking leaf buds",11,"2019-01-01","2019-12-31",2019-05-08,128,2019-05-16,8,1,0
"offset",143316,22979,41.556442,-93.267807,267,"IA",101,"Quercus","macrocarpa","bur oak","Plantae",371,"Breaking leaf buds",12,"2020-01-01","2020-12-31",2020-05-07,128,2020-05-12,5,2,0
"offset",143316,22979,41.556442,-93.267807,267,"IA",101,"Quercus","macrocarpa","bur oak","Plantae",371,"Breaking leaf buds",13,"2021-01-01","2021-12-31",2021-05-12,132,2021-05-19,7,1,0
"offset",143316,22979,41.556442,-93.267807,267,"IA",101,"Quercus","macrocarpa","bur oak","Plantae",371,"Breaking leaf buds",14,"2022-01-01","2022-12-31",2022-05-16,136,2022-05-26,10,1,0
"offset",143316,22979,41.556442,-93.267807,267,"IA",101,"Quercus","macrocarpa","bur oak","Plantae",371,"Breaking leaf buds",15,"2023-01-01","2023-12-31",2023-05-17,137,2023-05-24,7,2,0
"offset",143316,22979,41.556442,-93.267807,267,"IA",101,"Quercus","macrocarpa","bur oak","Plantae",371,"Breaking leaf buds",16,"2024-01-01","2024-12-31",2024-05-07,128,2024-05-08,1,1,0
"offset",143316,22979,41.556442,-93.267807,267,"IA",101,"Quercus","macrocarpa","bur oak","Plantae",371,"Breaking leaf buds",17,"2025-01-01","2025-12-31",2025-05-07,127,2025-05-16,9,1,0
"offset",143316,22979,41.556442,-93.267807,267,"IA",101,"Quercus","macrocarpa","bur oak","Plantae",371,"Breaking leaf buds",18,"2026-01-01","2026-12-31",2026-04-27,117,2026-05-09,12,2,0
"offset",143316,22979,41.556442,-93.267807,267,"IA",101,"Quercus","macrocarpa","bur oak","Plantae",501,"Open flowers",10,"2018-01-01","2018-12-31",2018-05-22,142,2018-05-30,8,1,0
"offset",143316,22979,41.556442,-93.267807,267,"IA",101,"Quercus","macrocarpa","bur oak","Plantae",501,"Open flowers",12,"2020-01-01","2020-12-31",2020-05-21,142,2020-06-01,11,1,0
"offset",143316,22979,41.556442,-93.267807,267,"IA",101,"Quercus","macrocarpa","bur oak","Plantae",501,"Open flowers",13,"2021-01-01","2021-12-31",2021-05-19,139,2021-05-26,7,1,0
"offset",143316,22979,41.556442,-93.267807,267,"IA",101,"Quercus","macrocarpa","bur oak","Plantae",501,"Open flowers",14,"2022-01-01","2022-12-31",2022-06-06,157,2022-06-16,10,1,0
"offset",143316,22979,41.556442,-93.267807,267,"IA",101,"Quercus","macrocarpa","bur oak","Plantae",501,"Open flowers",15,"2023-01-01","2023-12-31",2023-05-31,151,2023-06-14,14,1,0
"offset",143316,22979,41.556442,-93.267807,267,"IA",101,"Quercus","macrocarpa","bur oak","Plantae",501,"Open flowers",16,"2024-01-01","2024-12-31",2024-05-15,136,2024-05-22,7,1,0
"offset",143316,22979,41.556442,-93.267807,267,"IA",101,"Quercus","macrocarpa","bur oak","Plantae",501,"Open flowers",17,"2025-01-01","2025-12-31",2025-06-23,174,2025-07-02,9,4,0
"offset",143316,22979,41.556442,-93.267807,267,"IA",101,"Quercus","macrocarpa","bur oak","Plantae",501,"Open flowers",18,"2026-01-01","2026-12-31",2026-05-21,141,2026-05-27,6,1,0
"offset",143317,22979,41.556442,-93.267807,267,"IA",101,"Quercus","macrocarpa","bur oak","Plantae",371,"Breaking leaf buds",10,"2018-01-01","2018-12-31",2018-05-10,130,2018-05-17,7,1,0
"offset",143317,22979,41.556442,-93.267807,267,"IA",101,"Quercus","macrocarpa","bur oak","Plantae",371,"Breaking leaf buds",11,"2019-01-01","2019-12-31",2019-05-08,128,2019-05-16,8,1,0
"offset",143317,22979,41.556442,-93.267807,267,"IA",101,"Quercus","macrocarpa","bur oak","Plantae",371,"Breaking leaf buds",12,"2020-01-01","2020-12-31",2020-04-27,118,2020-05-07,10,2,0
"offset",143317,22979,41.556442,-93.267807,267,"IA",101,"Quercus","macrocarpa","bur oak","Plantae",371,"Breaking leaf buds",13,"2021-01-01","2021-12-31",2021-05-12,132,2021-05-19,7,1,0
"offset",143317,22979,41.556442,-93.267807,267,"IA",101,"Quercus","macrocarpa","bur oak","Plantae",371,"Breaking leaf buds",14,"2022-01-01","2022-12-31",2022-05-16,136,2022-05-26,10,1,0
"offset",143317,22979,41.556442,-93.267807,267,"IA",101,"Quercus","macrocarpa","bur oak","Plantae",371,"Breaking leaf buds",15,"2023-01-01","2023-12-31",2023-05-17,137,2023-05-24,7,2,0
"offset",143317,22979,41.556442,-93.267807,267,"IA",101,"Quercus","macrocarpa","bur oak","Plantae",371,"Breaking leaf buds",16,"2024-01-01","2024-12-31",2024-05-07,128,2024-05-08,1,1,0
"offset",143317,22979,41.556442,-93.267807,267,"IA",101,"Quercus","macrocarpa","bur oak","Plantae",371,"Breaking leaf buds",17,"2025-01-01","2025-12-31",2025-04-28,118,2025-05-07,9,1,0
"offset",143317,22979,41.556442,-93.267807,267,"IA",101,"Quercus","macrocarpa","bur oak","Plantae",371,"Breaking leaf buds",18,"2026-01-01","2026-12-31",2026-04-27,117,2026-05-09,12,1,0
"offset",143317,22979,41.556442,-93.267807,267,"IA",101,"Quercus","macrocarpa","bur oak","Plantae",501,"Open flowers",10,"2018-01-01","2018-12-31",2018-05-22,142,2018-05-30,8,1,0
"offset",143317,22979,41.556442,-93.267807,267,"IA",101,"Quercus","macrocarpa","bur oak","Plantae",501,"Open flowers",12,"2020-01-01","2020-12-31",2020-05-12,133,2020-05-21,9,1,0
"offset",143317,22979,41.556442,-93.267807,267,"IA",101,"Quercus","macrocarpa","bur oak","Plantae",501,"Open flowers",13,"2021-01-01","2021-12-31",2021-05-19,139,2021-05-26,7,1,0
"offset",143317,22979,41.556442,-93.267807,267,"IA",101,"Quercus","macrocarpa","bur oak","Plantae",501,"Open flowers",14,"2022-01-01","2022-12-31",2022-06-06,157,2022-06-16,10,1,0
"offset",143317,22979,41.556442,-93.267807,267,"IA",101,"Quercus","macrocarpa","bur oak","Plantae",501,"Open flowers",15,"2023-01-01","2023-12-31",2023-05-31,151,2023-06-14,14,1,0
"offset",143317,22979,41.556442,-93.267807,267,"IA",101,"Quercus","macrocarpa","bur oak","Plantae",501,"Open flowers",16,"2024-01-01","2024-12-31",2024-05-15,136,2024-05-22,7,1,0
"offset",143317,22979,41.556442,-93.267807,267,"IA",101,"Quercus","macrocarpa","bur oak","Plantae",501,"Open flowers",17,"2025-01-01","2025-12-31",2025-06-23,174,2025-07-02,9,3,0
"offset",143317,22979,41.556442,-93.267807,267,"IA",101,"Quercus","macrocarpa","bur oak","Plantae",501,"Open flowers",18,"2026-01-01","2026-12-31",2026-05-21,141,2026-05-27,6,1,0
"offset",144326,27856,44.440258,-103.879349,1451,"SD",101,"Quercus","macrocarpa","bur oak","Plantae",371,"Breaking leaf buds",10,"2018-01-01","2018-12-31",2018-05-28,148,2018-08-24,88,1,0
"offset",144326,27856,44.440258,-103.879349,1451,"SD",101,"Quercus","macrocarpa","bur oak","Plantae",371,"Breaking leaf buds",11,"2019-01-01","2019-12-31",2019-06-02,153,2019-06-10,8,1,0
"offset",144326,27856,44.440258,-103.879349,1451,"SD",101,"Quercus","macrocarpa","bur oak","Plantae",371,"Breaking leaf buds",12,"2020-01-01","2020-12-31",2020-05-20,141,2020-05-25,5,1,0
"offset",144326,27856,44.440258,-103.879349,1451,"SD",101,"Quercus","macrocarpa","bur oak","Plantae",371,"Breaking leaf buds",13,"2021-01-01","2021-12-31",2021-06-03,154,2021-06-11,8,1,0
"offset",144326,27856,44.440258,-103.879349,1451,"SD",101,"Quercus","macrocarpa","bur oak","Plantae",371,"Breaking leaf buds",14,"2022-01-01","2022-12-31",2022-05-27,147,2022-05-29,2,1,0
"offset",144326,27856,44.440258,-103.879349,1451,"SD",101,"Quercus","macrocarpa","bur oak","Plantae",371,"Breaking leaf buds",15,"2023-01-01","2023-12-31",2023-05-23,143,2023-05-29,6,1,0
"offset",144326,27856,44.440258,-103.879349,1451,"SD",101,"Quercus","macrocarpa","bur oak","Plantae",371,"Breaking leaf buds",16,"2024-01-01","2024-12-31",2024-05-21,142,2024-05-31,10,1,0
"offset",144326,27856,44.440258,-103.879349,1451,"SD",101,"Quercus","macrocarpa","bur oak","Plantae",371,"Breaking leaf buds",17,"2025-01-01","2025-12-31",2025-05-30,150,2025-06-08,9,1,0
"offset",144326,27856,44.440258,-103.879349,1451,"SD",101,"Quercus","macrocarpa","bur oak","Plantae",371,"Breaking leaf buds",18,"2026-01-01","2026-12-31",2026-05-13,133,2026-05-25,12,1,0
"offset",144326,27856,44.440258,-103.879349,1451,"SD",101,"Quercus","macrocarpa","bur oak","Plantae",501,"Open flowers",13,"2021-01-01","2021-12-31",2021-06-11,162,2021-07-12,31,1,0
"offset",144326,27856,44.440258,-103.879349,1451,"SD",101,"Quercus","macrocarpa","bur oak","Plantae",501,"Open flowers",14,"2022-01-01","2022-12-31",2022-06-17,168,2022-07-08,21,1,0
"offset",144365,27873,42.217434,-85.88958,224,"MI",305,"Quercus","virginiana","live oak","Plantae",371,"Breaking leaf buds",9,"2017-01-01","2017-12-31",2017-11-05,309,2017-11-16,11,1,0
"offset",144715,27467,40.655563,-73.997101,4,"NY",305,"Quercus","virginiana","live oak","Plantae",371,"Breaking leaf buds",9,"2017-01-01","2017-12-31",2017-09-22,265,2017-10-26,34,1,0
"offset",144715,27467,40.655563,-73.997101,4,"NY",305,"Quercus","virginiana","live oak","Plantae",371,"Breaking leaf buds",10,"2018-01-01","2018-12-31",2018-06-26,177,2018-07-03,7,3,0
"offset",144715,27467,40.655563,-73.997101,4,"NY",305,"Quercus","virginiana","live oak","Plantae",371,"Breaking leaf buds",17,"2025-01-01","2025-12-31",2025-06-06,157,2025-06-07,1,1,0
"offset",144715,27467,40.655563,-73.997101,4,"NY",305,"Quercus","virginiana","live oak","Plantae",501,"Open flowers",17,"2025-01-01","2025-12-31",2025-06-07,158,NA,NA,2,0
"offset",144716,27467,40.655563,-73.997101,4,"NY",305,"Quercus","virginiana","live oak","Plantae",371,"Breaking leaf buds",9,"2017-01-01","2017-12-31",2017-09-22,265,2017-10-26,34,1,0
"offset",144716,27467,40.655563,-73.997101,4,"NY",305,"Quercus","virginiana","live oak","Plantae",371,"Breaking leaf buds",10,"2018-01-01","2018-12-31",2018-05-22,142,2018-05-28,6,2,0
"offset",144716,27467,40.655563,-73.997101,4,"NY",305,"Quercus","virginiana","live oak","Plantae",371,"Breaking leaf buds",17,"2025-01-01","2025-12-31",2025-06-06,157,2025-06-07,1,1,0
"offset",144716,27467,40.655563,-73.997101,4,"NY",305,"Quercus","virginiana","live oak","Plantae",501,"Open flowers",17,"2025-01-01","2025-12-31",2025-06-07,158,NA,NA,1,0
"offset",144717,27467,40.655563,-73.997101,4,"NY",305,"Quercus","virginiana","live oak","Plantae",371,"Breaking leaf buds",9,"2017-01-01","2017-12-31",2017-09-22,265,2017-10-26,34,1,0
"offset",144717,27467,40.655563,-73.997101,4,"NY",305,"Quercus","virginiana","live oak","Plantae",371,"Breaking leaf buds",10,"2018-01-01","2018-12-31",2018-06-26,177,2018-07-03,7,2,0
"offset",144717,27467,40.655563,-73.997101,4,"NY",305,"Quercus","virginiana","live oak","Plantae",371,"Breaking leaf buds",17,"2025-01-01","2025-12-31",2025-06-06,157,2025-06-07,1,1,0
"offset",144717,27467,40.655563,-73.997101,4,"NY",305,"Quercus","virginiana","live oak","Plantae",501,"Open flowers",17,"2025-01-01","2025-12-31",2025-06-07,158,NA,NA,1,0
"offset",144718,27467,40.655563,-73.997101,4,"NY",305,"Quercus","virginiana","live oak","Plantae",371,"Breaking leaf buds",9,"2017-01-01","2017-12-31",2017-09-22,265,2017-10-26,34,1,0
"offset",144718,27467,40.655563,-73.997101,4,"NY",305,"Quercus","virginiana","live oak","Plantae",371,"Breaking leaf buds",10,"2018-01-01","2018-12-31",2018-06-26,177,2018-07-03,7,3,0
"offset",144718,27467,40.655563,-73.997101,4,"NY",305,"Quercus","virginiana","live oak","Plantae",371,"Breaking leaf buds",17,"2025-01-01","2025-12-31",2025-06-06,157,2025-06-07,1,1,0
"offset",144718,27467,40.655563,-73.997101,4,"NY",305,"Quercus","virginiana","live oak","Plantae",501,"Open flowers",17,"2025-01-01","2025-12-31",2025-06-07,158,NA,NA,1,0
"offset",144746,27836,42.36327,-71.26049,33,"MA",100,"Quercus","alba","white oak","Plantae",371,"Breaking leaf buds",9,"2017-01-01","2017-12-31",2017-10-16,289,NA,NA,1,0
"offset",144829,27932,38.218815,-85.758209,138,"KY",100,"Quercus","alba","white oak","Plantae",371,"Breaking leaf buds",9,"2017-01-01","2017-12-31",2017-09-26,269,NA,NA,1,0
"offset",144867,27955,38.217278,-85.758873,138,"KY",100,"Quercus","alba","white oak","Plantae",371,"Breaking leaf buds",9,"2017-01-01","2017-12-31",2017-09-26,269,NA,NA,1,0
"offset",144876,27958,38.217239,-85.758926,138,"KY",1212,"Quercus","montana","chestnut oak","Plantae",371,"Breaking leaf buds",9,"2017-01-01","2017-12-31",2017-09-26,269,2017-11-14,49,1,0
"offset",144899,27938,38.217312,-85.758926,138,"KY",100,"Quercus","alba","white oak","Plantae",371,"Breaking leaf buds",9,"2017-01-01","2017-12-31",2017-09-27,270,NA,NA,1,0
"offset",144912,27980,38.252666,-85.758453,141,"KY",1212,"Quercus","montana","chestnut oak","Plantae",371,"Breaking leaf buds",9,"2017-01-01","2017-12-31",2017-11-15,319,NA,NA,1,0
"offset",147077,27467,40.655563,-73.997101,4,"NY",100,"Quercus","alba","white oak","Plantae",371,"Breaking leaf buds",10,"2018-01-01","2018-12-31",2018-05-09,129,2018-05-17,8,1,0
"offset",147077,27467,40.655563,-73.997101,4,"NY",100,"Quercus","alba","white oak","Plantae",371,"Breaking leaf buds",17,"2025-01-01","2025-12-31",2025-06-06,157,2025-06-07,1,1,0
"offset",147077,27467,40.655563,-73.997101,4,"NY",100,"Quercus","alba","white oak","Plantae",501,"Open flowers",10,"2018-01-01","2018-12-31",2018-05-09,129,2018-05-17,8,1,0
"offset",147077,27467,40.655563,-73.997101,4,"NY",100,"Quercus","alba","white oak","Plantae",501,"Open flowers",17,"2025-01-01","2025-12-31",2025-06-07,158,NA,NA,1,0
"offset",147778,27467,40.655563,-73.997101,4,"NY",305,"Quercus","virginiana","live oak","Plantae",371,"Breaking leaf buds",10,"2018-01-01","2018-12-31",2018-06-26,177,2018-07-03,7,2,0
"offset",147778,27467,40.655563,-73.997101,4,"NY",305,"Quercus","virginiana","live oak","Plantae",371,"Breaking leaf buds",17,"2025-01-01","2025-12-31",2025-06-06,157,2025-06-07,1,1,0
"offset",147778,27467,40.655563,-73.997101,4,"NY",305,"Quercus","virginiana","live oak","Plantae",501,"Open flowers",17,"2025-01-01","2025-12-31",2025-06-07,158,NA,NA,1,0
"offset",148382,28482,39.030319,-94.570541,288,"MO",101,"Quercus","macrocarpa","bur oak","Plantae",371,"Breaking leaf buds",9,"2017-01-01","2017-12-31",2017-11-28,332,2017-12-05,7,2,0
"offset",148382,28482,39.030319,-94.570541,288,"MO",101,"Quercus","macrocarpa","bur oak","Plantae",501,"Open flowers",9,"2017-01-01","2017-12-31",2017-11-07,311,2017-11-14,7,1,0
"offset",149928,28664,38.699406,-90.304901,166,"MO",100,"Quercus","alba","white oak","Plantae",371,"Breaking leaf buds",10,"2018-01-01","2018-12-31",2018-04-18,108,NA,NA,1,0
"offset",151500,28898,45.046383,-93.224602,281,"MN",100,"Quercus","alba","white oak","Plantae",371,"Breaking leaf buds",10,"2018-01-01","2018-12-31",2018-05-16,136,2018-05-23,7,1,0
"offset",151500,28898,45.046383,-93.224602,281,"MN",100,"Quercus","alba","white oak","Plantae",371,"Breaking leaf buds",11,"2019-01-01","2019-12-31",2019-06-01,152,2019-06-08,7,1,0
"offset",151500,28898,45.046383,-93.224602,281,"MN",100,"Quercus","alba","white oak","Plantae",501,"Open flowers",10,"2018-01-01","2018-12-31",2018-05-23,143,2018-05-30,7,1,0
"offset",151500,28898,45.046383,-93.224602,281,"MN",100,"Quercus","alba","white oak","Plantae",501,"Open flowers",11,"2019-01-01","2019-12-31",2019-06-08,159,2019-06-15,7,1,0
"offset",152659,28969,29.796217,-90.82502,4,"LA",305,"Quercus","virginiana","live oak","Plantae",371,"Breaking leaf buds",10,"2018-01-01","2018-12-31",2018-03-07,66,2018-03-27,20,1,0
"offset",152659,28969,29.796217,-90.82502,4,"LA",305,"Quercus","virginiana","live oak","Plantae",501,"Open flowers",10,"2018-01-01","2018-12-31",2018-03-13,72,2018-03-27,14,1,0
"offset",152975,28988,30.225048,-92.045006,10,"LA",305,"Quercus","virginiana","live oak","Plantae",371,"Breaking leaf buds",10,"2018-01-01","2018-12-31",2018-03-08,67,NA,NA,1,0
"offset",152975,28988,30.225048,-92.045006,10,"LA",305,"Quercus","virginiana","live oak","Plantae",501,"Open flowers",10,"2018-01-01","2018-12-31",2018-03-08,67,NA,NA,1,0
"offset",153879,28969,29.796217,-90.82502,4,"LA",305,"Quercus","virginiana","live oak","Plantae",371,"Breaking leaf buds",10,"2018-01-01","2018-12-31",2018-03-27,86,2018-08-25,151,1,0
"offset",153879,28969,29.796217,-90.82502,4,"LA",305,"Quercus","virginiana","live oak","Plantae",501,"Open flowers",10,"2018-01-01","2018-12-31",2018-03-27,86,2018-08-25,151,1,0
"offset",153968,27645,40.652672,-73.987457,5,"NY",100,"Quercus","alba","white oak","Plantae",371,"Breaking leaf buds",11,"2019-01-01","2019-12-31",2019-04-27,117,2019-05-05,8,1,0
"offset",153968,27645,40.652672,-73.987457,5,"NY",100,"Quercus","alba","white oak","Plantae",371,"Breaking leaf buds",12,"2020-01-01","2020-12-31",2020-05-03,124,2020-05-11,8,1,0
"offset",153968,27645,40.652672,-73.987457,5,"NY",100,"Quercus","alba","white oak","Plantae",371,"Breaking leaf buds",13,"2021-01-01","2021-12-31",2021-04-06,96,2021-11-12,220,1,0
"offset",153968,27645,40.652672,-73.987457,5,"NY",100,"Quercus","alba","white oak","Plantae",501,"Open flowers",10,"2018-01-01","2018-12-31",2018-05-11,131,2018-05-18,7,1,0
"offset",153968,27645,40.652672,-73.987457,5,"NY",100,"Quercus","alba","white oak","Plantae",501,"Open flowers",11,"2019-01-01","2019-12-31",2019-05-18,138,2019-05-26,8,1,0
"offset",153968,27645,40.652672,-73.987457,5,"NY",100,"Quercus","alba","white oak","Plantae",501,"Open flowers",12,"2020-01-01","2020-12-31",2020-05-21,142,2020-05-28,7,1,0
"offset",154075,28549,38.730068,-75.365211,13,"DE",100,"Quercus","alba","white oak","Plantae",371,"Breaking leaf buds",11,"2019-01-01","2019-12-31",2019-04-18,108,2019-06-11,54,1,0
"offset",155918,29443,34.213463,-118.147858,687,"CA",305,"Quercus","virginiana","live oak","Plantae",371,"Breaking leaf buds",10,"2018-01-01","2018-12-31",2018-02-28,59,2018-05-30,91,1,0
"offset",156138,29344,36.778259,-119.417931,176,"CA",305,"Quercus","virginiana","live oak","Plantae",371,"Breaking leaf buds",10,"2018-01-01","2018-12-31",2018-04-03,93,NA,NA,1,0
"offset",156993,29610,34.220718,-118.18483,616,"CA",101,"Quercus","macrocarpa","bur oak","Plantae",501,"Open flowers",10,"2018-01-01","2018-12-31",2018-05-30,150,NA,NA,1,0
"offset",157044,29617,34.205227,-118.126022,699,"CA",305,"Quercus","virginiana","live oak","Plantae",371,"Breaking leaf buds",10,"2018-01-01","2018-12-31",2018-06-01,152,NA,NA,1,0
"offset",157044,29617,34.205227,-118.126022,699,"CA",305,"Quercus","virginiana","live oak","Plantae",501,"Open flowers",10,"2018-01-01","2018-12-31",2018-06-01,152,NA,NA,1,0
"offset",157940,29743,39.831654,-98.579582,575,"KS",305,"Quercus","virginiana","live oak","Plantae",371,"Breaking leaf buds",10,"2018-01-01","2018-12-31",2018-03-17,76,NA,NA,1,0
"offset",157942,29593,29.783916,-90.115456,1,"LA",305,"Quercus","virginiana","live oak","Plantae",371,"Breaking leaf buds",10,"2018-01-01","2018-12-31",2018-03-17,76,NA,NA,1,0
"offset",158380,29763,34.137619,-118.036804,145,"CA",305,"Quercus","virginiana","live oak","Plantae",371,"Breaking leaf buds",10,"2018-01-01","2018-12-31",2018-03-18,77,NA,NA,1,0
"offset",158432,29768,34.213463,-118.147858,687,"CA",305,"Quercus","virginiana","live oak","Plantae",371,"Breaking leaf buds",10,"2018-01-01","2018-12-31",2018-03-15,74,2018-05-23,69,1,0
"offset",158506,29782,34.180023,-118.097,579,"CA",305,"Quercus","virginiana","live oak","Plantae",371,"Breaking leaf buds",10,"2018-01-01","2018-12-31",2018-03-18,77,2018-05-31,74,1,0
"offset",159520,29923,47.48584,-94.874771,417,"MN",100,"Quercus","alba","white oak","Plantae",371,"Breaking leaf buds",10,"2018-01-01","2018-12-31",2018-05-02,122,NA,NA,1,0
"offset",159976,26863,42.419384,-76.492157,266,"NY",100,"Quercus","alba","white oak","Plantae",371,"Breaking leaf buds",11,"2019-01-01","2019-12-31",2019-04-16,106,2022-04-07,1087,1,0
"offset",159976,26863,42.419384,-76.492157,266,"NY",100,"Quercus","alba","white oak","Plantae",371,"Breaking leaf buds",16,"2024-01-01","2024-12-31",2024-04-21,112,NA,NA,1,0
"offset",159977,26863,42.419384,-76.492157,266,"NY",100,"Quercus","alba","white oak","Plantae",371,"Breaking leaf buds",10,"2018-01-01","2018-12-31",2018-04-30,120,2019-03-19,323,1,0
"offset",159977,26863,42.419384,-76.492157,266,"NY",100,"Quercus","alba","white oak","Plantae",371,"Breaking leaf buds",11,"2019-01-01","2019-12-31",2019-05-08,128,2022-04-07,1065,2,0
"offset",159977,26863,42.419384,-76.492157,266,"NY",100,"Quercus","alba","white oak","Plantae",501,"Open flowers",11,"2019-01-01","2019-12-31",2019-05-01,121,2022-04-07,1072,1,0
"offset",159978,26863,42.419384,-76.492157,266,"NY",100,"Quercus","alba","white oak","Plantae",371,"Breaking leaf buds",11,"2019-01-01","2019-12-31",2019-04-08,98,2019-04-12,4,1,0
"offset",159978,26863,42.419384,-76.492157,266,"NY",100,"Quercus","alba","white oak","Plantae",371,"Breaking leaf buds",14,"2022-01-01","2022-12-31",2022-04-27,117,2026-03-31,1434,1,0
"offset",159979,26863,42.419384,-76.492157,266,"NY",100,"Quercus","alba","white oak","Plantae",371,"Breaking leaf buds",10,"2018-01-01","2018-12-31",2018-04-20,110,2018-04-25,5,1,0
"offset",159979,26863,42.419384,-76.492157,266,"NY",100,"Quercus","alba","white oak","Plantae",371,"Breaking leaf buds",13,"2021-01-01","2021-12-31",2021-04-27,117,2022-04-07,345,1,0
"offset",159979,26863,42.419384,-76.492157,266,"NY",100,"Quercus","alba","white oak","Plantae",371,"Breaking leaf buds",14,"2022-01-01","2022-12-31",2022-04-27,117,2025-04-07,1076,1,0
"offset",160679,20617,43.128082,-89.376808,267,"WI",101,"Quercus","macrocarpa","bur oak","Plantae",371,"Breaking leaf buds",10,"2018-01-01","2018-12-31",2018-05-02,122,NA,NA,1,0
"offset",160679,20617,43.128082,-89.376808,267,"WI",101,"Quercus","macrocarpa","bur oak","Plantae",501,"Open flowers",10,"2018-01-01","2018-12-31",2018-05-14,134,NA,NA,1,0
"offset",160830,30113,47.485638,-94.873604,414,"MN",100,"Quercus","alba","white oak","Plantae",371,"Breaking leaf buds",10,"2018-01-01","2018-12-31",2018-04-30,120,NA,NA,1,0
"offset",160915,30122,37.387775,-80.047691,546,"VA",1212,"Quercus","montana","chestnut oak","Plantae",371,"Breaking leaf buds",10,"2018-01-01","2018-12-31",2018-04-02,92,NA,NA,1,0
"offset",161058,30146,42.056484,-87.676254,180,"IL",101,"Quercus","macrocarpa","bur oak","Plantae",371,"Breaking leaf buds",10,"2018-01-01","2018-12-31",2018-05-07,127,2018-05-14,7,1,0
"offset",161062,30148,38.518478,-78.440117,897,"VA",100,"Quercus","alba","white oak","Plantae",371,"Breaking leaf buds",10,"2018-01-01","2018-12-31",2018-05-28,148,2018-06-04,7,1,0
"offset",161137,30148,38.518478,-78.440117,897,"VA",100,"Quercus","alba","white oak","Plantae",371,"Breaking leaf buds",10,"2018-01-01","2018-12-31",2018-06-04,155,2018-06-10,6,2,0
"offset",161291,30204,42.353607,-89.053299,232,"IL",100,"Quercus","alba","white oak","Plantae",371,"Breaking leaf buds",10,"2018-01-01","2018-12-31",2018-05-04,124,NA,NA,1,0
"offset",161293,30204,42.353607,-89.053299,232,"IL",101,"Quercus","macrocarpa","bur oak","Plantae",371,"Breaking leaf buds",10,"2018-01-01","2018-12-31",2018-05-04,124,NA,NA,1,0
"offset",161436,30055,35.770634,-83.111198,631,"NC",1212,"Quercus","montana","chestnut oak","Plantae",371,"Breaking leaf buds",10,"2018-01-01","2018-12-31",2018-04-09,99,NA,NA,1,0
"offset",163733,30453,41.941708,-87.709549,181,"IL",1212,"Quercus","montana","chestnut oak","Plantae",371,"Breaking leaf buds",10,"2018-01-01","2018-12-31",2018-04-23,113,NA,NA,1,0
"offset",164984,30531,40.947674,-73.808807,48,"NY",100,"Quercus","alba","white oak","Plantae",371,"Breaking leaf buds",10,"2018-01-01","2018-12-31",2018-05-06,126,NA,NA,1,0
"offset",165254,30587,37.555599,-84.240654,302,"KY",100,"Quercus","alba","white oak","Plantae",371,"Breaking leaf buds",10,"2018-01-01","2018-12-31",2018-05-09,129,NA,NA,1,0
"offset",166353,1904,47.143215,-93.431,399,"MN",101,"Quercus","macrocarpa","bur oak","Plantae",371,"Breaking leaf buds",11,"2019-01-01","2019-12-31",2019-05-23,143,2019-05-28,5,1,0
"offset",166353,1904,47.143215,-93.431,399,"MN",101,"Quercus","macrocarpa","bur oak","Plantae",371,"Breaking leaf buds",12,"2020-01-01","2020-12-31",2020-05-24,145,2020-05-28,4,1,0
"offset",166353,1904,47.143215,-93.431,399,"MN",101,"Quercus","macrocarpa","bur oak","Plantae",371,"Breaking leaf buds",13,"2021-01-01","2021-12-31",2021-05-19,139,2021-05-21,2,1,0
"offset",166353,1904,47.143215,-93.431,399,"MN",101,"Quercus","macrocarpa","bur oak","Plantae",371,"Breaking leaf buds",14,"2022-01-01","2022-12-31",2022-05-24,144,2022-05-26,2,1,0
"offset",166353,1904,47.143215,-93.431,399,"MN",101,"Quercus","macrocarpa","bur oak","Plantae",371,"Breaking leaf buds",15,"2023-01-01","2023-12-31",2023-05-13,133,2023-05-15,2,1,0
"offset",166353,1904,47.143215,-93.431,399,"MN",101,"Quercus","macrocarpa","bur oak","Plantae",371,"Breaking leaf buds",16,"2024-01-01","2024-12-31",2024-05-15,136,2024-05-20,5,1,0
"offset",166353,1904,47.143215,-93.431,399,"MN",101,"Quercus","macrocarpa","bur oak","Plantae",371,"Breaking leaf buds",17,"2025-01-01","2025-12-31",2025-05-11,131,2025-05-17,6,1,0
"offset",166353,1904,47.143215,-93.431,399,"MN",101,"Quercus","macrocarpa","bur oak","Plantae",371,"Breaking leaf buds",18,"2026-01-01","2026-12-31",2026-05-25,145,2026-06-01,7,1,0
"offset",166353,1904,47.143215,-93.431,399,"MN",101,"Quercus","macrocarpa","bur oak","Plantae",501,"Open flowers",10,"2018-01-01","2018-12-31",2018-05-19,139,2018-05-26,7,1,0
"offset",166353,1904,47.143215,-93.431,399,"MN",101,"Quercus","macrocarpa","bur oak","Plantae",501,"Open flowers",11,"2019-01-01","2019-12-31",2019-06-04,155,2019-09-01,89,1,0
"offset",166353,1904,47.143215,-93.431,399,"MN",101,"Quercus","macrocarpa","bur oak","Plantae",501,"Open flowers",12,"2020-01-01","2020-12-31",2020-05-28,149,2020-05-31,3,1,0
"offset",166353,1904,47.143215,-93.431,399,"MN",101,"Quercus","macrocarpa","bur oak","Plantae",501,"Open flowers",13,"2021-01-01","2021-12-31",2021-05-21,141,2021-05-23,2,1,0
"offset",166353,1904,47.143215,-93.431,399,"MN",101,"Quercus","macrocarpa","bur oak","Plantae",501,"Open flowers",14,"2022-01-01","2022-12-31",2022-06-01,152,2022-06-07,6,1,0
"offset",166353,1904,47.143215,-93.431,399,"MN",101,"Quercus","macrocarpa","bur oak","Plantae",501,"Open flowers",15,"2023-01-01","2023-12-31",2023-05-22,142,2023-05-25,3,1,0
"offset",166385,30110,42.052658,-87.684387,181,"IL",101,"Quercus","macrocarpa","bur oak","Plantae",371,"Breaking leaf buds",10,"2018-01-01","2018-12-31",2018-05-17,137,2018-05-24,7,1,0
"offset",166385,30110,42.052658,-87.684387,181,"IL",101,"Quercus","macrocarpa","bur oak","Plantae",501,"Open flowers",10,"2018-01-01","2018-12-31",2018-05-17,137,2018-05-24,7,1,0
"offset",166837,30714,42.151939,-87.779762,198,"IL",100,"Quercus","alba","white oak","Plantae",371,"Breaking leaf buds",10,"2018-01-01","2018-12-31",2018-05-11,131,NA,NA,1,0
"offset",166837,30714,42.151939,-87.779762,198,"IL",100,"Quercus","alba","white oak","Plantae",501,"Open flowers",10,"2018-01-01","2018-12-31",2018-05-11,131,NA,NA,1,0
"offset",166874,25661,41.643398,-93.671654,259,"IA",101,"Quercus","macrocarpa","bur oak","Plantae",371,"Breaking leaf buds",11,"2019-01-01","2019-12-31",2019-05-02,122,2019-05-12,10,1,0
"offset",166874,25661,41.643398,-93.671654,259,"IA",101,"Quercus","macrocarpa","bur oak","Plantae",371,"Breaking leaf buds",12,"2020-01-01","2020-12-31",2020-04-26,117,2020-05-08,12,1,0
"offset",166874,25661,41.643398,-93.671654,259,"IA",101,"Quercus","macrocarpa","bur oak","Plantae",371,"Breaking leaf buds",13,"2021-01-01","2021-12-31",2021-05-06,126,2021-05-15,9,1,0
"offset",166874,25661,41.643398,-93.671654,259,"IA",101,"Quercus","macrocarpa","bur oak","Plantae",371,"Breaking leaf buds",14,"2022-01-01","2022-12-31",2022-05-07,127,2022-05-16,9,1,0
"offset",166874,25661,41.643398,-93.671654,259,"IA",101,"Quercus","macrocarpa","bur oak","Plantae",371,"Breaking leaf buds",15,"2023-01-01","2023-12-31",2023-04-13,103,2023-06-24,72,1,0
"offset",166874,25661,41.643398,-93.671654,259,"IA",101,"Quercus","macrocarpa","bur oak","Plantae",501,"Open flowers",12,"2020-01-01","2020-12-31",2020-05-17,138,2020-05-25,8,1,0
"offset",166874,25661,41.643398,-93.671654,259,"IA",101,"Quercus","macrocarpa","bur oak","Plantae",501,"Open flowers",13,"2021-01-01","2021-12-31",2021-05-06,126,2021-06-08,33,1,0
"offset",166874,25661,41.643398,-93.671654,259,"IA",101,"Quercus","macrocarpa","bur oak","Plantae",501,"Open flowers",14,"2022-01-01","2022-12-31",2022-05-27,147,2022-06-19,23,1,0
"offset",166875,25661,41.643398,-93.671654,259,"IA",101,"Quercus","macrocarpa","bur oak","Plantae",371,"Breaking leaf buds",11,"2019-01-01","2019-12-31",2019-05-02,122,2019-05-12,10,1,0
"offset",166875,25661,41.643398,-93.671654,259,"IA",101,"Quercus","macrocarpa","bur oak","Plantae",371,"Breaking leaf buds",12,"2020-01-01","2020-12-31",2020-04-26,117,2020-05-08,12,1,0
"offset",166875,25661,41.643398,-93.671654,259,"IA",101,"Quercus","macrocarpa","bur oak","Plantae",371,"Breaking leaf buds",13,"2021-01-01","2021-12-31",2021-04-18,108,2021-04-28,10,1,0
"offset",166875,25661,41.643398,-93.671654,259,"IA",101,"Quercus","macrocarpa","bur oak","Plantae",371,"Breaking leaf buds",14,"2022-01-01","2022-12-31",2022-05-07,127,2022-05-16,9,1,0
"offset",166875,25661,41.643398,-93.671654,259,"IA",101,"Quercus","macrocarpa","bur oak","Plantae",371,"Breaking leaf buds",15,"2023-01-01","2023-12-31",2023-04-13,103,2023-06-24,72,1,0
"offset",166875,25661,41.643398,-93.671654,259,"IA",101,"Quercus","macrocarpa","bur oak","Plantae",501,"Open flowers",12,"2020-01-01","2020-12-31",2020-05-17,138,2020-05-25,8,1,0
"offset",166875,25661,41.643398,-93.671654,259,"IA",101,"Quercus","macrocarpa","bur oak","Plantae",501,"Open flowers",13,"2021-01-01","2021-12-31",2021-05-06,126,2021-06-08,33,1,0
"offset",166875,25661,41.643398,-93.671654,259,"IA",101,"Quercus","macrocarpa","bur oak","Plantae",501,"Open flowers",14,"2022-01-01","2022-12-31",2022-05-27,147,2022-06-19,23,1,0
"offset",167877,29753,34.177299,-118.096504,554,"CA",305,"Quercus","virginiana","live oak","Plantae",371,"Breaking leaf buds",10,"2018-01-01","2018-12-31",2018-06-03,154,NA,NA,1,0
"offset",168251,30883,42.058048,-87.680901,180,"IL",101,"Quercus","macrocarpa","bur oak","Plantae",371,"Breaking leaf buds",10,"2018-01-01","2018-12-31",2018-06-04,155,NA,NA,1,0
"offset",169909,30979,42.435844,-71.106285,26,"MA",1212,"Quercus","montana","chestnut oak","Plantae",371,"Breaking leaf buds",11,"2019-01-01","2019-12-31",2019-05-11,131,2019-05-17,6,1,0
"offset",169909,30979,42.435844,-71.106285,26,"MA",1212,"Quercus","montana","chestnut oak","Plantae",371,"Breaking leaf buds",12,"2020-01-01","2020-12-31",2020-05-11,132,2020-05-18,7,2,0
"offset",169909,30979,42.435844,-71.106285,26,"MA",1212,"Quercus","montana","chestnut oak","Plantae",371,"Breaking leaf buds",13,"2021-01-01","2021-12-31",2021-05-03,123,2021-05-10,7,1,0
"offset",169909,30979,42.435844,-71.106285,26,"MA",1212,"Quercus","montana","chestnut oak","Plantae",371,"Breaking leaf buds",14,"2022-01-01","2022-12-31",2022-05-16,136,2022-05-23,7,1,0
"offset",169909,30979,42.435844,-71.106285,26,"MA",1212,"Quercus","montana","chestnut oak","Plantae",371,"Breaking leaf buds",15,"2023-01-01","2023-12-31",2023-05-08,128,2023-05-15,7,1,0
"offset",169909,30979,42.435844,-71.106285,26,"MA",1212,"Quercus","montana","chestnut oak","Plantae",371,"Breaking leaf buds",16,"2024-01-01","2024-12-31",2024-05-06,127,2024-05-13,7,1,0
"offset",169909,30979,42.435844,-71.106285,26,"MA",1212,"Quercus","montana","chestnut oak","Plantae",371,"Breaking leaf buds",17,"2025-01-01","2025-12-31",2025-05-06,126,2025-05-12,6,1,0
"offset",169909,30979,42.435844,-71.106285,26,"MA",1212,"Quercus","montana","chestnut oak","Plantae",371,"Breaking leaf buds",18,"2026-01-01","2026-12-31",2026-05-11,131,2026-05-18,7,1,0
"offset",169909,30979,42.435844,-71.106285,26,"MA",1212,"Quercus","montana","chestnut oak","Plantae",501,"Open flowers",11,"2019-01-01","2019-12-31",2019-05-17,137,2019-05-22,5,1,0
"offset",169909,30979,42.435844,-71.106285,26,"MA",1212,"Quercus","montana","chestnut oak","Plantae",501,"Open flowers",13,"2021-01-01","2021-12-31",2021-05-17,137,2021-05-24,7,1,0
"offset",169909,30979,42.435844,-71.106285,26,"MA",1212,"Quercus","montana","chestnut oak","Plantae",501,"Open flowers",17,"2025-01-01","2025-12-31",2025-05-19,139,2025-05-26,7,1,0
"offset",169909,30979,42.435844,-71.106285,26,"MA",1212,"Quercus","montana","chestnut oak","Plantae",501,"Open flowers",18,"2026-01-01","2026-12-31",2026-05-18,138,2026-05-25,7,1,0
"offset",171135,31120,38.801815,-94.688911,319,"KS",101,"Quercus","macrocarpa","bur oak","Plantae",371,"Breaking leaf buds",11,"2019-01-01","2019-12-31",2019-04-15,105,2019-07-11,87,1,0
"offset",171135,31120,38.801815,-94.688911,319,"KS",101,"Quercus","macrocarpa","bur oak","Plantae",371,"Breaking leaf buds",15,"2023-01-01","2023-12-31",2023-04-13,103,2024-02-22,315,1,0
"offset",171135,31120,38.801815,-94.688911,319,"KS",101,"Quercus","macrocarpa","bur oak","Plantae",501,"Open flowers",11,"2019-01-01","2019-12-31",2019-05-01,121,2019-05-10,9,1,0
"offset",171136,31120,38.801815,-94.688911,319,"KS",101,"Quercus","macrocarpa","bur oak","Plantae",371,"Breaking leaf buds",11,"2019-01-01","2019-12-31",2019-05-01,121,2019-06-17,47,1,0
"offset",171136,31120,38.801815,-94.688911,319,"KS",101,"Quercus","macrocarpa","bur oak","Plantae",371,"Breaking leaf buds",15,"2023-01-01","2023-12-31",2023-04-13,103,2024-02-22,315,1,0
"offset",171696,30755,38.891144,-77.032608,3,"DC",305,"Quercus","virginiana","live oak","Plantae",501,"Open flowers",11,"2019-01-01","2019-12-31",2019-04-23,113,NA,NA,1,0
"offset",172230,31362,35.616035,-82.563438,635,"NC",100,"Quercus","alba","white oak","Plantae",371,"Breaking leaf buds",11,"2019-01-01","2019-12-31",2019-04-21,111,2019-05-31,40,1,0
"offset",172230,31362,35.616035,-82.563438,635,"NC",100,"Quercus","alba","white oak","Plantae",371,"Breaking leaf buds",12,"2020-01-01","2020-12-31",2020-05-16,137,2020-10-14,151,1,0
"offset",172242,31362,35.616035,-82.563438,635,"NC",100,"Quercus","alba","white oak","Plantae",371,"Breaking leaf buds",11,"2019-01-01","2019-12-31",2019-04-21,111,2019-05-31,40,1,0
"offset",172242,31362,35.616035,-82.563438,635,"NC",100,"Quercus","alba","white oak","Plantae",371,"Breaking leaf buds",12,"2020-01-01","2020-12-31",2020-05-11,132,2020-05-16,5,2,0
"offset",172242,31362,35.616035,-82.563438,635,"NC",100,"Quercus","alba","white oak","Plantae",371,"Breaking leaf buds",13,"2021-01-01","2021-12-31",2021-04-25,115,2021-10-10,168,1,0
"offset",172252,31362,35.616035,-82.563438,635,"NC",100,"Quercus","alba","white oak","Plantae",371,"Breaking leaf buds",11,"2019-01-01","2019-12-31",2019-04-21,111,2019-05-31,40,1,0
"offset",172252,31362,35.616035,-82.563438,635,"NC",100,"Quercus","alba","white oak","Plantae",371,"Breaking leaf buds",12,"2020-01-01","2020-12-31",2020-04-24,115,2020-05-03,9,2,0
"offset",172252,31362,35.616035,-82.563438,635,"NC",100,"Quercus","alba","white oak","Plantae",371,"Breaking leaf buds",13,"2021-01-01","2021-12-31",2021-04-25,115,2021-10-10,168,1,0
"offset",172253,31362,35.616035,-82.563438,635,"NC",100,"Quercus","alba","white oak","Plantae",371,"Breaking leaf buds",11,"2019-01-01","2019-12-31",2019-04-21,111,2019-05-31,40,1,0
"offset",172253,31362,35.616035,-82.563438,635,"NC",100,"Quercus","alba","white oak","Plantae",371,"Breaking leaf buds",12,"2020-01-01","2020-12-31",2020-04-24,115,2020-05-03,9,2,0
"offset",172253,31362,35.616035,-82.563438,635,"NC",100,"Quercus","alba","white oak","Plantae",371,"Breaking leaf buds",13,"2021-01-01","2021-12-31",2021-04-25,115,2021-10-10,168,1,0
"offset",172260,31362,35.616035,-82.563438,635,"NC",100,"Quercus","alba","white oak","Plantae",371,"Breaking leaf buds",11,"2019-01-01","2019-12-31",2019-04-03,93,2019-04-21,18,1,0
"offset",172260,31362,35.616035,-82.563438,635,"NC",100,"Quercus","alba","white oak","Plantae",371,"Breaking leaf buds",12,"2020-01-01","2020-12-31",2020-04-24,115,2020-05-03,9,1,0
"offset",172260,31362,35.616035,-82.563438,635,"NC",100,"Quercus","alba","white oak","Plantae",371,"Breaking leaf buds",13,"2021-01-01","2021-12-31",2021-04-25,115,2021-10-10,168,1,0
"offset",172302,31368,40.764851,-111.828339,1625,"UT",101,"Quercus","macrocarpa","bur oak","Plantae",371,"Breaking leaf buds",11,"2019-01-01","2019-12-31",2019-04-22,112,NA,NA,1,0
"offset",173345,31619,34.202641,-118.148621,545,"CA",305,"Quercus","virginiana","live oak","Plantae",371,"Breaking leaf buds",10,"2018-01-01","2018-12-31",2018-09-11,254,NA,NA,1,0
"offset",173772,31699,39.871071,-86.161232,233,"IN",101,"Quercus","macrocarpa","bur oak","Plantae",371,"Breaking leaf buds",11,"2019-01-01","2019-12-31",2019-05-01,121,2019-05-09,8,1,0
"offset",173772,31699,39.871071,-86.161232,233,"IN",101,"Quercus","macrocarpa","bur oak","Plantae",371,"Breaking leaf buds",13,"2021-01-01","2021-12-31",2021-05-19,139,2021-08-15,88,1,0
"offset",173772,31699,39.871071,-86.161232,233,"IN",101,"Quercus","macrocarpa","bur oak","Plantae",371,"Breaking leaf buds",14,"2022-01-01","2022-12-31",2022-05-10,130,2022-05-28,18,2,0
"offset",173772,31699,39.871071,-86.161232,233,"IN",101,"Quercus","macrocarpa","bur oak","Plantae",371,"Breaking leaf buds",15,"2023-01-01","2023-12-31",2023-05-13,133,2023-05-22,9,2,0
"offset",173772,31699,39.871071,-86.161232,233,"IN",101,"Quercus","macrocarpa","bur oak","Plantae",371,"Breaking leaf buds",16,"2024-01-01","2024-12-31",2024-04-28,119,2024-04-30,2,1,0
"offset",173772,31699,39.871071,-86.161232,233,"IN",101,"Quercus","macrocarpa","bur oak","Plantae",371,"Breaking leaf buds",17,"2025-01-01","2025-12-31",2025-06-19,170,2025-06-22,3,2,0
"offset",173772,31699,39.871071,-86.161232,233,"IN",101,"Quercus","macrocarpa","bur oak","Plantae",371,"Breaking leaf buds",18,"2026-01-01","2026-12-31",2026-05-09,129,2026-06-07,29,2,0
"offset",173772,31699,39.871071,-86.161232,233,"IN",101,"Quercus","macrocarpa","bur oak","Plantae",501,"Open flowers",13,"2021-01-01","2021-12-31",2021-05-19,139,2021-09-02,106,2,0
"offset",173772,31699,39.871071,-86.161232,233,"IN",101,"Quercus","macrocarpa","bur oak","Plantae",501,"Open flowers",14,"2022-01-01","2022-12-31",2022-05-10,130,2022-05-28,18,1,0
"offset",173772,31699,39.871071,-86.161232,233,"IN",101,"Quercus","macrocarpa","bur oak","Plantae",501,"Open flowers",16,"2024-01-01","2024-12-31",2024-05-08,129,2024-05-16,8,1,0
"offset",173772,31699,39.871071,-86.161232,233,"IN",101,"Quercus","macrocarpa","bur oak","Plantae",501,"Open flowers",17,"2025-01-01","2025-12-31",2025-05-09,129,2025-05-15,6,1,0
"offset",173772,31699,39.871071,-86.161232,233,"IN",101,"Quercus","macrocarpa","bur oak","Plantae",501,"Open flowers",18,"2026-01-01","2026-12-31",2026-06-07,158,2026-07-22,45,2,0
"offset",173774,31699,39.871071,-86.161232,233,"IN",101,"Quercus","macrocarpa","bur oak","Plantae",371,"Breaking leaf buds",11,"2019-01-01","2019-12-31",2019-05-01,121,2019-05-09,8,1,0
"offset",173774,31699,39.871071,-86.161232,233,"IN",101,"Quercus","macrocarpa","bur oak","Plantae",371,"Breaking leaf buds",13,"2021-01-01","2021-12-31",2021-05-19,139,2021-08-15,88,1,0
"offset",173774,31699,39.871071,-86.161232,233,"IN",101,"Quercus","macrocarpa","bur oak","Plantae",371,"Breaking leaf buds",14,"2022-01-01","2022-12-31",2022-05-03,123,2022-05-10,7,1,0
"offset",173774,31699,39.871071,-86.161232,233,"IN",101,"Quercus","macrocarpa","bur oak","Plantae",371,"Breaking leaf buds",15,"2023-01-01","2023-12-31",2023-04-26,116,2023-05-13,17,1,0
"offset",173774,31699,39.871071,-86.161232,233,"IN",101,"Quercus","macrocarpa","bur oak","Plantae",371,"Breaking leaf buds",16,"2024-01-01","2024-12-31",2024-04-28,119,2024-04-30,2,2,0
"offset",173774,31699,39.871071,-86.161232,233,"IN",101,"Quercus","macrocarpa","bur oak","Plantae",371,"Breaking leaf buds",17,"2025-01-01","2025-12-31",2025-05-01,121,2025-05-08,7,2,0
"offset",173774,31699,39.871071,-86.161232,233,"IN",101,"Quercus","macrocarpa","bur oak","Plantae",371,"Breaking leaf buds",18,"2026-01-01","2026-12-31",2026-05-09,129,2026-06-07,29,1,0
"offset",173774,31699,39.871071,-86.161232,233,"IN",101,"Quercus","macrocarpa","bur oak","Plantae",501,"Open flowers",13,"2021-01-01","2021-12-31",2021-04-29,119,2021-05-13,14,1,0
"offset",173774,31699,39.871071,-86.161232,233,"IN",101,"Quercus","macrocarpa","bur oak","Plantae",501,"Open flowers",16,"2024-01-01","2024-12-31",2024-05-08,129,2024-05-16,8,1,0
"offset",173774,31699,39.871071,-86.161232,233,"IN",101,"Quercus","macrocarpa","bur oak","Plantae",501,"Open flowers",17,"2025-01-01","2025-12-31",2025-05-09,129,2025-05-15,6,1,0
"offset",173774,31699,39.871071,-86.161232,233,"IN",101,"Quercus","macrocarpa","bur oak","Plantae",501,"Open flowers",18,"2026-01-01","2026-12-31",2026-06-07,158,2026-07-22,45,1,0
"offset",173832,31699,39.871071,-86.161232,233,"IN",101,"Quercus","macrocarpa","bur oak","Plantae",371,"Breaking leaf buds",11,"2019-01-01","2019-12-31",2019-04-25,115,2019-05-01,6,1,0
"offset",173832,31699,39.871071,-86.161232,233,"IN",101,"Quercus","macrocarpa","bur oak","Plantae",371,"Breaking leaf buds",12,"2020-01-01","2020-12-31",2020-04-24,115,2020-05-26,32,2,0
"offset",173832,31699,39.871071,-86.161232,233,"IN",101,"Quercus","macrocarpa","bur oak","Plantae",371,"Breaking leaf buds",13,"2021-01-01","2021-12-31",2021-05-19,139,2021-08-15,88,1,0
"offset",173832,31699,39.871071,-86.161232,233,"IN",101,"Quercus","macrocarpa","bur oak","Plantae",371,"Breaking leaf buds",14,"2022-01-01","2022-12-31",2022-05-03,123,2022-05-10,7,1,0
"offset",173832,31699,39.871071,-86.161232,233,"IN",101,"Quercus","macrocarpa","bur oak","Plantae",371,"Breaking leaf buds",15,"2023-01-01","2023-12-31",2023-04-27,117,2023-05-13,16,1,0
"offset",173832,31699,39.871071,-86.161232,233,"IN",101,"Quercus","macrocarpa","bur oak","Plantae",371,"Breaking leaf buds",16,"2024-01-01","2024-12-31",2024-04-14,105,2024-04-24,10,2,0
"offset",173832,31699,39.871071,-86.161232,233,"IN",101,"Quercus","macrocarpa","bur oak","Plantae",371,"Breaking leaf buds",17,"2025-01-01","2025-12-31",2025-04-10,100,2025-05-08,28,2,0
"offset",173832,31699,39.871071,-86.161232,233,"IN",101,"Quercus","macrocarpa","bur oak","Plantae",371,"Breaking leaf buds",18,"2026-01-01","2026-12-31",2026-05-09,129,2026-06-07,29,1,0
"offset",173832,31699,39.871071,-86.161232,233,"IN",101,"Quercus","macrocarpa","bur oak","Plantae",501,"Open flowers",11,"2019-01-01","2019-12-31",2019-05-01,121,2019-05-09,8,1,0
"offset",173832,31699,39.871071,-86.161232,233,"IN",101,"Quercus","macrocarpa","bur oak","Plantae",501,"Open flowers",13,"2021-01-01","2021-12-31",2021-05-19,139,2021-08-15,88,1,0
"offset",173832,31699,39.871071,-86.161232,233,"IN",101,"Quercus","macrocarpa","bur oak","Plantae",501,"Open flowers",14,"2022-01-01","2022-12-31",2022-05-10,130,2022-05-28,18,1,0
"offset",173832,31699,39.871071,-86.161232,233,"IN",101,"Quercus","macrocarpa","bur oak","Plantae",501,"Open flowers",15,"2023-01-01","2023-12-31",2023-04-27,117,2023-05-13,16,2,0
"offset",173832,31699,39.871071,-86.161232,233,"IN",101,"Quercus","macrocarpa","bur oak","Plantae",501,"Open flowers",16,"2024-01-01","2024-12-31",2024-05-08,129,2024-05-16,8,2,0
"offset",173832,31699,39.871071,-86.161232,233,"IN",101,"Quercus","macrocarpa","bur oak","Plantae",501,"Open flowers",17,"2025-01-01","2025-12-31",2025-05-09,129,2025-05-21,12,2,0
"offset",173832,31699,39.871071,-86.161232,233,"IN",101,"Quercus","macrocarpa","bur oak","Plantae",501,"Open flowers",18,"2026-01-01","2026-12-31",2026-05-09,129,2026-06-07,29,1,0
"offset",173852,31660,40.783974,-74.320992,91,"NJ",100,"Quercus","alba","white oak","Plantae",371,"Breaking leaf buds",11,"2019-01-01","2019-12-31",2019-04-22,112,NA,NA,1,0
"offset",173852,31660,40.783974,-74.320992,91,"NJ",100,"Quercus","alba","white oak","Plantae",501,"Open flowers",11,"2019-01-01","2019-12-31",2019-04-22,112,NA,NA,1,0
"offset",173853,31660,40.783974,-74.320992,91,"NJ",100,"Quercus","alba","white oak","Plantae",371,"Breaking leaf buds",11,"2019-01-01","2019-12-31",2019-04-22,112,NA,NA,1,0
"offset",173853,31660,40.783974,-74.320992,91,"NJ",100,"Quercus","alba","white oak","Plantae",501,"Open flowers",11,"2019-01-01","2019-12-31",2019-04-22,112,NA,NA,1,0
"offset",173932,31518,37.224598,-80.42588,634,"VA",101,"Quercus","macrocarpa","bur oak","Plantae",371,"Breaking leaf buds",10,"2018-01-01","2018-12-31",2018-09-20,263,2018-09-24,4,1,0
"offset",174161,31817,41.79287,-93.430008,252,"IA",101,"Quercus","macrocarpa","bur oak","Plantae",371,"Breaking leaf buds",10,"2018-01-01","2018-12-31",2018-10-23,296,NA,NA,1,0
"offset",175126,24164,40.665085,-73.963432,17,"NY",101,"Quercus","macrocarpa","bur oak","Plantae",371,"Breaking leaf buds",11,"2019-01-01","2019-12-31",2019-04-29,119,2019-05-02,3,1,0
"offset",175126,24164,40.665085,-73.963432,17,"NY",101,"Quercus","macrocarpa","bur oak","Plantae",501,"Open flowers",11,"2019-01-01","2019-12-31",2019-05-02,122,2019-05-16,14,1,0
"offset",176074,32192,41.546143,-93.47699,254,"IA",101,"Quercus","macrocarpa","bur oak","Plantae",371,"Breaking leaf buds",10,"2018-01-01","2018-12-31",2018-10-02,275,NA,NA,1,0
"offset",177845,32388,41.320896,-86.294739,250,"IN",101,"Quercus","macrocarpa","bur oak","Plantae",371,"Breaking leaf buds",11,"2019-01-01","2019-12-31",2019-05-11,131,2019-10-14,156,1,0
"offset",177845,32388,41.320896,-86.294739,250,"IN",101,"Quercus","macrocarpa","bur oak","Plantae",371,"Breaking leaf buds",12,"2020-01-01","2020-12-31",2020-05-18,139,2020-05-31,13,1,0
"offset",177845,32388,41.320896,-86.294739,250,"IN",101,"Quercus","macrocarpa","bur oak","Plantae",371,"Breaking leaf buds",13,"2021-01-01","2021-12-31",2021-05-17,137,2021-06-14,28,1,0
"offset",177845,32388,41.320896,-86.294739,250,"IN",101,"Quercus","macrocarpa","bur oak","Plantae",371,"Breaking leaf buds",14,"2022-01-01","2022-12-31",2022-05-13,133,2022-05-18,5,1,0
"offset",177845,32388,41.320896,-86.294739,250,"IN",101,"Quercus","macrocarpa","bur oak","Plantae",501,"Open flowers",11,"2019-01-01","2019-12-31",2019-05-28,148,2019-10-14,139,1,0
"offset",177845,32388,41.320896,-86.294739,250,"IN",101,"Quercus","macrocarpa","bur oak","Plantae",501,"Open flowers",12,"2020-01-01","2020-12-31",2020-05-18,139,2020-05-31,13,1,0
"offset",177845,32388,41.320896,-86.294739,250,"IN",101,"Quercus","macrocarpa","bur oak","Plantae",501,"Open flowers",13,"2021-01-01","2021-12-31",2021-05-17,137,2021-06-14,28,1,0
"offset",177845,32388,41.320896,-86.294739,250,"IN",101,"Quercus","macrocarpa","bur oak","Plantae",501,"Open flowers",14,"2022-01-01","2022-12-31",2022-05-18,138,2022-06-01,14,1,0
"offset",179070,31493,41.99865,-87.657845,177,"IL",100,"Quercus","alba","white oak","Plantae",371,"Breaking leaf buds",10,"2018-01-01","2018-12-31",2018-11-27,331,NA,NA,2,0
"offset",179333,32471,34.267513,-118.145615,1220,"CA",305,"Quercus","virginiana","live oak","Plantae",371,"Breaking leaf buds",10,"2018-01-01","2018-12-31",2018-12-07,341,NA,NA,1,0
"offset",180415,32634,35.977894,-79.016479,126,"NC",100,"Quercus","alba","white oak","Plantae",371,"Breaking leaf buds",11,"2019-01-01","2019-12-31",2019-04-08,98,NA,NA,1,0
"offset",180416,32634,35.977894,-79.016479,126,"NC",100,"Quercus","alba","white oak","Plantae",371,"Breaking leaf buds",11,"2019-01-01","2019-12-31",2019-03-31,90,NA,NA,2,0
"offset",180417,32634,35.977894,-79.016479,126,"NC",100,"Quercus","alba","white oak","Plantae",371,"Breaking leaf buds",11,"2019-01-01","2019-12-31",2019-03-31,90,NA,NA,1,0
"offset",180424,32635,35.994949,-79.008698,131,"NC",100,"Quercus","alba","white oak","Plantae",371,"Breaking leaf buds",11,"2019-01-01","2019-12-31",2019-04-04,94,NA,NA,1,0
"offset",180425,32635,35.994949,-79.008698,131,"NC",100,"Quercus","alba","white oak","Plantae",371,"Breaking leaf buds",11,"2019-01-01","2019-12-31",2019-04-04,94,NA,NA,1,0
"offset",180426,32635,35.994949,-79.008698,131,"NC",100,"Quercus","alba","white oak","Plantae",371,"Breaking leaf buds",11,"2019-01-01","2019-12-31",2019-04-04,94,2019-04-06,2,1,0
"offset",181185,32655,30.167885,-93.229988,4,"LA",305,"Quercus","virginiana","live oak","Plantae",501,"Open flowers",11,"2019-01-01","2019-12-31",2019-03-24,83,2019-07-06,104,1,0
"offset",182065,32779,36.487606,-75.865494,-1,"NC",305,"Quercus","virginiana","live oak","Plantae",371,"Breaking leaf buds",11,"2019-01-01","2019-12-31",2019-04-12,102,NA,NA,2,0
"offset",182065,32779,36.487606,-75.865494,-1,"NC",305,"Quercus","virginiana","live oak","Plantae",501,"Open flowers",11,"2019-01-01","2019-12-31",2019-04-12,102,NA,NA,1,0
"offset",182202,32872,39.771435,-86.484055,277,"IN",100,"Quercus","alba","white oak","Plantae",371,"Breaking leaf buds",11,"2019-01-01","2019-12-31",2019-04-25,115,NA,NA,1,0
"offset",185298,23558,41.889706,-87.795265,191,"IL",101,"Quercus","macrocarpa","bur oak","Plantae",371,"Breaking leaf buds",11,"2019-01-01","2019-12-31",2019-05-14,134,2019-05-29,15,1,0
"offset",185298,23558,41.889706,-87.795265,191,"IL",101,"Quercus","macrocarpa","bur oak","Plantae",371,"Breaking leaf buds",12,"2020-01-01","2020-12-31",2020-05-03,124,2020-05-24,21,1,0
"offset",185298,23558,41.889706,-87.795265,191,"IL",101,"Quercus","macrocarpa","bur oak","Plantae",501,"Open flowers",11,"2019-01-01","2019-12-31",2019-05-14,134,2019-05-29,15,1,0
"offset",185298,23558,41.889706,-87.795265,191,"IL",101,"Quercus","macrocarpa","bur oak","Plantae",501,"Open flowers",12,"2020-01-01","2020-12-31",2020-05-24,145,NA,NA,1,0
"offset",185299,23558,41.889706,-87.795265,191,"IL",101,"Quercus","macrocarpa","bur oak","Plantae",371,"Breaking leaf buds",11,"2019-01-01","2019-12-31",2019-05-14,134,2019-05-29,15,2,0
"offset",185299,23558,41.889706,-87.795265,191,"IL",101,"Quercus","macrocarpa","bur oak","Plantae",371,"Breaking leaf buds",12,"2020-01-01","2020-12-31",2020-04-27,118,2020-05-03,6,1,0
"offset",185299,23558,41.889706,-87.795265,191,"IL",101,"Quercus","macrocarpa","bur oak","Plantae",501,"Open flowers",11,"2019-01-01","2019-12-31",2019-05-14,134,2019-05-29,15,1,0
"offset",185299,23558,41.889706,-87.795265,191,"IL",101,"Quercus","macrocarpa","bur oak","Plantae",501,"Open flowers",12,"2020-01-01","2020-12-31",2020-05-24,145,NA,NA,2,0
"offset",185300,23558,41.889706,-87.795265,191,"IL",101,"Quercus","macrocarpa","bur oak","Plantae",371,"Breaking leaf buds",11,"2019-01-01","2019-12-31",2019-05-09,129,2019-05-14,5,1,0
"offset",185300,23558,41.889706,-87.795265,191,"IL",101,"Quercus","macrocarpa","bur oak","Plantae",371,"Breaking leaf buds",12,"2020-01-01","2020-12-31",2020-05-03,124,2020-05-24,21,1,0
"offset",185300,23558,41.889706,-87.795265,191,"IL",101,"Quercus","macrocarpa","bur oak","Plantae",501,"Open flowers",11,"2019-01-01","2019-12-31",2019-05-14,134,2019-05-29,15,1,0
"offset",185300,23558,41.889706,-87.795265,191,"IL",101,"Quercus","macrocarpa","bur oak","Plantae",501,"Open flowers",12,"2020-01-01","2020-12-31",2020-05-24,145,NA,NA,1,0
"offset",186242,33252,34.139141,-118.168282,272,"CA",305,"Quercus","virginiana","live oak","Plantae",371,"Breaking leaf buds",11,"2019-01-01","2019-12-31",2019-04-22,112,NA,NA,1,0
"offset",186264,33263,34.140171,-118.166519,272,"CA",305,"Quercus","virginiana","live oak","Plantae",371,"Breaking leaf buds",11,"2019-01-01","2019-12-31",2019-04-22,112,NA,NA,1,0
"offset",186265,33263,34.140171,-118.166519,272,"CA",305,"Quercus","virginiana","live oak","Plantae",371,"Breaking leaf buds",11,"2019-01-01","2019-12-31",2019-04-22,112,NA,NA,1,0
"offset",186266,33263,34.140171,-118.166519,272,"CA",305,"Quercus","virginiana","live oak","Plantae",371,"Breaking leaf buds",11,"2019-01-01","2019-12-31",2019-03-13,72,2019-04-22,40,1,0
"offset",186267,33263,34.140171,-118.166519,272,"CA",305,"Quercus","virginiana","live oak","Plantae",371,"Breaking leaf buds",11,"2019-01-01","2019-12-31",2019-04-22,112,NA,NA,1,0
"offset",186268,33263,34.140171,-118.166519,272,"CA",305,"Quercus","virginiana","live oak","Plantae",371,"Breaking leaf buds",11,"2019-01-01","2019-12-31",2019-04-22,112,NA,NA,1,0
"offset",186270,33263,34.140171,-118.166519,272,"CA",305,"Quercus","virginiana","live oak","Plantae",371,"Breaking leaf buds",11,"2019-01-01","2019-12-31",2019-04-22,112,NA,NA,1,0
"offset",187250,33254,34.139999,-118.167999,273,"CA",305,"Quercus","virginiana","live oak","Plantae",371,"Breaking leaf buds",11,"2019-01-01","2019-12-31",2019-04-22,112,NA,NA,1,0
"offset",187251,33254,34.139999,-118.167999,273,"CA",305,"Quercus","virginiana","live oak","Plantae",371,"Breaking leaf buds",11,"2019-01-01","2019-12-31",2019-03-13,72,NA,NA,1,0
"offset",187251,33254,34.139999,-118.167999,273,"CA",305,"Quercus","virginiana","live oak","Plantae",501,"Open flowers",11,"2019-01-01","2019-12-31",2019-03-13,72,2019-04-22,40,1,0
"offset",187252,33254,34.139999,-118.167999,273,"CA",305,"Quercus","virginiana","live oak","Plantae",371,"Breaking leaf buds",11,"2019-01-01","2019-12-31",2019-03-13,72,2019-04-22,40,1,0
"offset",187252,33254,34.139999,-118.167999,273,"CA",305,"Quercus","virginiana","live oak","Plantae",501,"Open flowers",11,"2019-01-01","2019-12-31",2019-04-22,112,NA,NA,1,0
"offset",188956,33477,45.568214,-94.16539,316,"MN",101,"Quercus","macrocarpa","bur oak","Plantae",371,"Breaking leaf buds",11,"2019-01-01","2019-12-31",2019-04-25,115,2019-05-25,30,1,0
"offset",188956,33477,45.568214,-94.16539,316,"MN",101,"Quercus","macrocarpa","bur oak","Plantae",371,"Breaking leaf buds",16,"2024-01-01","2024-12-31",2024-05-06,127,2024-05-13,7,1,0
"offset",188956,33477,45.568214,-94.16539,316,"MN",101,"Quercus","macrocarpa","bur oak","Plantae",501,"Open flowers",11,"2019-01-01","2019-12-31",2019-05-25,145,2023-02-13,1360,1,0
"offset",188956,33477,45.568214,-94.16539,316,"MN",101,"Quercus","macrocarpa","bur oak","Plantae",501,"Open flowers",16,"2024-01-01","2024-12-31",2024-05-06,127,2024-05-13,7,1,0
"offset",188957,33477,45.568214,-94.16539,316,"MN",101,"Quercus","macrocarpa","bur oak","Plantae",371,"Breaking leaf buds",11,"2019-01-01","2019-12-31",2019-04-25,115,2019-05-25,30,1,0
"offset",188957,33477,45.568214,-94.16539,316,"MN",101,"Quercus","macrocarpa","bur oak","Plantae",371,"Breaking leaf buds",16,"2024-01-01","2024-12-31",2024-05-06,127,2024-05-13,7,1,0
"offset",188957,33477,45.568214,-94.16539,316,"MN",101,"Quercus","macrocarpa","bur oak","Plantae",501,"Open flowers",11,"2019-01-01","2019-12-31",2019-05-25,145,2023-02-13,1360,1,0
"offset",188957,33477,45.568214,-94.16539,316,"MN",101,"Quercus","macrocarpa","bur oak","Plantae",501,"Open flowers",16,"2024-01-01","2024-12-31",2024-05-13,134,NA,NA,1,0
"offset",189666,33401,30.004747,-90.094208,0,"LA",305,"Quercus","virginiana","live oak","Plantae",371,"Breaking leaf buds",12,"2020-01-01","2020-12-31",2020-08-06,219,2020-08-22,16,9,0
"offset",189666,33401,30.004747,-90.094208,0,"LA",305,"Quercus","virginiana","live oak","Plantae",371,"Breaking leaf buds",13,"2021-01-01","2021-12-31",2021-03-13,72,2021-04-20,38,1,0
"offset",189666,33401,30.004747,-90.094208,0,"LA",305,"Quercus","virginiana","live oak","Plantae",371,"Breaking leaf buds",15,"2023-01-01","2023-12-31",2023-02-25,56,2023-06-29,124,1,0
"offset",189666,33401,30.004747,-90.094208,0,"LA",305,"Quercus","virginiana","live oak","Plantae",371,"Breaking leaf buds",16,"2024-01-01","2024-12-31",2024-03-21,81,2024-05-07,47,1,0
"offset",189666,33401,30.004747,-90.094208,0,"LA",305,"Quercus","virginiana","live oak","Plantae",371,"Breaking leaf buds",17,"2025-01-01","2025-12-31",2025-03-19,78,2025-04-16,28,1,0
"offset",189666,33401,30.004747,-90.094208,0,"LA",305,"Quercus","virginiana","live oak","Plantae",501,"Open flowers",12,"2020-01-01","2020-12-31",2020-06-11,163,2020-06-18,7,1,0
"offset",189666,33401,30.004747,-90.094208,0,"LA",305,"Quercus","virginiana","live oak","Plantae",501,"Open flowers",13,"2021-01-01","2021-12-31",2021-03-13,72,2021-04-20,38,1,0
"offset",189666,33401,30.004747,-90.094208,0,"LA",305,"Quercus","virginiana","live oak","Plantae",501,"Open flowers",15,"2023-01-01","2023-12-31",2023-02-25,56,2023-06-29,124,1,0
"offset",189666,33401,30.004747,-90.094208,0,"LA",305,"Quercus","virginiana","live oak","Plantae",501,"Open flowers",16,"2024-01-01","2024-12-31",2024-03-21,81,2024-03-29,8,1,0
"offset",189666,33401,30.004747,-90.094208,0,"LA",305,"Quercus","virginiana","live oak","Plantae",501,"Open flowers",17,"2025-01-01","2025-12-31",2025-03-19,78,2025-04-18,30,1,0
"offset",189787,29347,45.56287,-94.662285,373,"MN",101,"Quercus","macrocarpa","bur oak","Plantae",371,"Breaking leaf buds",11,"2019-01-01","2019-12-31",2019-05-02,122,2019-07-18,77,1,0
"offset",189787,29347,45.56287,-94.662285,373,"MN",101,"Quercus","macrocarpa","bur oak","Plantae",371,"Breaking leaf buds",12,"2020-01-01","2020-12-31",2020-05-14,135,2021-03-17,307,1,0
"offset",189787,29347,45.56287,-94.662285,373,"MN",101,"Quercus","macrocarpa","bur oak","Plantae",501,"Open flowers",11,"2019-01-01","2019-12-31",2019-06-04,155,2019-06-12,8,1,0
"offset",189787,29347,45.56287,-94.662285,373,"MN",101,"Quercus","macrocarpa","bur oak","Plantae",501,"Open flowers",12,"2020-01-01","2020-12-31",2020-05-11,132,2020-05-14,3,1,0
"offset",189787,29347,45.56287,-94.662285,373,"MN",101,"Quercus","macrocarpa","bur oak","Plantae",501,"Open flowers",14,"2022-01-01","2022-12-31",2022-05-20,140,2022-06-02,13,1,0
"offset",190306,32893,40.811333,-82.023102,327,"OH",101,"Quercus","macrocarpa","bur oak","Plantae",371,"Breaking leaf buds",11,"2019-01-01","2019-12-31",2019-05-03,123,2019-05-18,15,1,0
"offset",190306,32893,40.811333,-82.023102,327,"OH",101,"Quercus","macrocarpa","bur oak","Plantae",371,"Breaking leaf buds",13,"2021-01-01","2021-12-31",2021-04-11,101,NA,NA,1,0
"offset",190571,33394,41.742821,-111.809052,1447,"UT",100,"Quercus","alba","white oak","Plantae",371,"Breaking leaf buds",11,"2019-01-01","2019-12-31",2019-05-09,129,2019-05-13,4,1,0
"offset",190571,33394,41.742821,-111.809052,1447,"UT",100,"Quercus","alba","white oak","Plantae",501,"Open flowers",11,"2019-01-01","2019-12-31",2019-05-20,140,2019-05-23,3,1,0
"offset",192277,33670,41.380959,-78.203339,401,"PA",100,"Quercus","alba","white oak","Plantae",371,"Breaking leaf buds",11,"2019-01-01","2019-12-31",2019-06-02,153,2019-06-09,7,1,0
"offset",193261,33859,40.667957,-73.963814,17,"NY",101,"Quercus","macrocarpa","bur oak","Plantae",371,"Breaking leaf buds",11,"2019-01-01","2019-12-31",2019-04-23,113,2019-05-22,29,1,0
"offset",193262,33859,40.667957,-73.963814,17,"NY",101,"Quercus","macrocarpa","bur oak","Plantae",371,"Breaking leaf buds",11,"2019-01-01","2019-12-31",2019-04-30,120,2019-05-22,22,1,0
"offset",202128,25488,38.451763,-88.905441,173,"IL",101,"Quercus","macrocarpa","bur oak","Plantae",371,"Breaking leaf buds",12,"2020-01-01","2020-12-31",2020-04-22,113,2020-05-06,14,1,0
"offset",203037,34834,38.918751,-76.674637,22,"MD",100,"Quercus","alba","white oak","Plantae",371,"Breaking leaf buds",12,"2020-01-01","2020-12-31",2020-04-15,106,2020-04-19,4,1,0
"offset",203037,34834,38.918751,-76.674637,22,"MD",100,"Quercus","alba","white oak","Plantae",501,"Open flowers",12,"2020-01-01","2020-12-31",2020-04-22,113,NA,NA,1,0
"offset",204820,35096,30.849813,-83.289307,62,"GA",305,"Quercus","virginiana","live oak","Plantae",371,"Breaking leaf buds",11,"2019-01-01","2019-12-31",2019-08-28,240,NA,NA,1,0
"offset",204971,35096,30.849813,-83.289307,62,"GA",305,"Quercus","virginiana","live oak","Plantae",371,"Breaking leaf buds",11,"2019-01-01","2019-12-31",2019-11-26,330,NA,NA,8,0
"offset",204977,35096,30.849813,-83.289307,62,"GA",305,"Quercus","virginiana","live oak","Plantae",371,"Breaking leaf buds",11,"2019-01-01","2019-12-31",2019-10-16,289,NA,NA,3,0
"offset",205163,32607,39.936066,-86.118439,242,"IN",100,"Quercus","alba","white oak","Plantae",371,"Breaking leaf buds",12,"2020-01-01","2020-12-31",2020-04-07,98,2020-05-03,26,1,0
"offset",205163,32607,39.936066,-86.118439,242,"IN",100,"Quercus","alba","white oak","Plantae",371,"Breaking leaf buds",15,"2023-01-01","2023-12-31",2023-04-13,103,2023-06-04,52,1,0
"offset",205163,32607,39.936066,-86.118439,242,"IN",100,"Quercus","alba","white oak","Plantae",501,"Open flowers",12,"2020-01-01","2020-12-31",2020-05-10,131,2020-05-24,14,1,0
"offset",205210,35096,30.849813,-83.289307,62,"GA",305,"Quercus","virginiana","live oak","Plantae",371,"Breaking leaf buds",11,"2019-01-01","2019-12-31",2019-10-28,301,NA,NA,8,0
"offset",205212,35096,30.849813,-83.289307,62,"GA",305,"Quercus","virginiana","live oak","Plantae",371,"Breaking leaf buds",11,"2019-01-01","2019-12-31",2019-10-15,288,2019-10-19,4,2,0
"offset",205266,35096,30.849813,-83.289307,62,"GA",305,"Quercus","virginiana","live oak","Plantae",371,"Breaking leaf buds",11,"2019-01-01","2019-12-31",2019-10-08,281,2019-10-09,1,2,0
"offset",205267,35096,30.849813,-83.289307,62,"GA",305,"Quercus","virginiana","live oak","Plantae",371,"Breaking leaf buds",11,"2019-01-01","2019-12-31",2019-09-18,261,2019-09-26,8,1,0
"offset",205606,35274,39.519222,-87.022339,202,"IN",100,"Quercus","alba","white oak","Plantae",371,"Breaking leaf buds",12,"2020-01-01","2020-12-31",2020-05-02,123,2020-05-12,10,1,0
"offset",205606,35274,39.519222,-87.022339,202,"IN",100,"Quercus","alba","white oak","Plantae",371,"Breaking leaf buds",13,"2021-01-01","2021-12-31",2021-04-19,109,2021-05-02,13,1,0
"offset",205606,35274,39.519222,-87.022339,202,"IN",100,"Quercus","alba","white oak","Plantae",371,"Breaking leaf buds",15,"2023-01-01","2023-12-31",2023-04-19,109,2026-03-25,1071,1,0
"offset",205606,35274,39.519222,-87.022339,202,"IN",100,"Quercus","alba","white oak","Plantae",371,"Breaking leaf buds",18,"2026-01-01","2026-12-31",2026-04-11,101,NA,NA,1,0
"offset",205606,35274,39.519222,-87.022339,202,"IN",100,"Quercus","alba","white oak","Plantae",501,"Open flowers",12,"2020-01-01","2020-12-31",2020-05-02,123,2020-05-12,10,1,0
"offset",206648,30979,42.435844,-71.106285,26,"MA",100,"Quercus","alba","white oak","Plantae",371,"Breaking leaf buds",12,"2020-01-01","2020-12-31",2020-05-11,132,2020-05-18,7,1,0
"offset",206648,30979,42.435844,-71.106285,26,"MA",100,"Quercus","alba","white oak","Plantae",371,"Breaking leaf buds",13,"2021-01-01","2021-12-31",2021-05-10,130,2021-05-17,7,1,0
"offset",206648,30979,42.435844,-71.106285,26,"MA",100,"Quercus","alba","white oak","Plantae",371,"Breaking leaf buds",14,"2022-01-01","2022-12-31",2022-05-09,129,2022-05-16,7,1,0
"offset",206648,30979,42.435844,-71.106285,26,"MA",100,"Quercus","alba","white oak","Plantae",371,"Breaking leaf buds",15,"2023-01-01","2023-12-31",2023-05-08,128,2023-05-15,7,1,0
"offset",206648,30979,42.435844,-71.106285,26,"MA",100,"Quercus","alba","white oak","Plantae",371,"Breaking leaf buds",16,"2024-01-01","2024-12-31",2024-04-29,120,2024-05-06,7,1,0
"offset",206648,30979,42.435844,-71.106285,26,"MA",100,"Quercus","alba","white oak","Plantae",371,"Breaking leaf buds",17,"2025-01-01","2025-12-31",2025-05-06,126,2025-05-12,6,1,0
"offset",206648,30979,42.435844,-71.106285,26,"MA",100,"Quercus","alba","white oak","Plantae",371,"Breaking leaf buds",18,"2026-01-01","2026-12-31",2026-05-04,124,2026-05-11,7,1,0
"offset",206648,30979,42.435844,-71.106285,26,"MA",100,"Quercus","alba","white oak","Plantae",501,"Open flowers",16,"2024-01-01","2024-12-31",2024-05-20,141,2024-05-27,7,1,0
"offset",206648,30979,42.435844,-71.106285,26,"MA",100,"Quercus","alba","white oak","Plantae",501,"Open flowers",17,"2025-01-01","2025-12-31",2025-05-06,126,2025-05-12,6,1,0
"offset",206648,30979,42.435844,-71.106285,26,"MA",100,"Quercus","alba","white oak","Plantae",501,"Open flowers",18,"2026-01-01","2026-12-31",2026-05-18,138,2026-05-25,7,1,0
"offset",210869,35691,35.826511,-82.55204,734,"NC",100,"Quercus","alba","white oak","Plantae",371,"Breaking leaf buds",13,"2021-01-01","2021-12-31",2021-05-04,124,2021-09-02,121,5,0
"offset",210869,35691,35.826511,-82.55204,734,"NC",100,"Quercus","alba","white oak","Plantae",371,"Breaking leaf buds",14,"2022-01-01","2022-12-31",2022-05-06,126,2022-05-09,3,2,0
"offset",210869,35691,35.826511,-82.55204,734,"NC",100,"Quercus","alba","white oak","Plantae",371,"Breaking leaf buds",15,"2023-01-01","2023-12-31",2023-02-22,53,2023-03-09,15,5,0
"offset",210869,35691,35.826511,-82.55204,734,"NC",100,"Quercus","alba","white oak","Plantae",371,"Breaking leaf buds",16,"2024-01-01","2024-12-31",2024-04-24,115,2024-08-27,125,5,0
"offset",210869,35691,35.826511,-82.55204,734,"NC",100,"Quercus","alba","white oak","Plantae",371,"Breaking leaf buds",17,"2025-01-01","2025-12-31",2025-09-18,261,2025-09-20,2,5,0
"offset",210869,35691,35.826511,-82.55204,734,"NC",100,"Quercus","alba","white oak","Plantae",371,"Breaking leaf buds",18,"2026-01-01","2026-12-31",2026-04-22,112,2026-04-24,2,2,0
"offset",210869,35691,35.826511,-82.55204,734,"NC",100,"Quercus","alba","white oak","Plantae",501,"Open flowers",11,"2019-01-01","2019-12-31",2019-10-16,289,2019-10-21,5,1,0
"offset",210869,35691,35.826511,-82.55204,734,"NC",100,"Quercus","alba","white oak","Plantae",501,"Open flowers",13,"2021-01-01","2021-12-31",2021-05-04,124,2021-09-02,121,5,0
"offset",210869,35691,35.826511,-82.55204,734,"NC",100,"Quercus","alba","white oak","Plantae",501,"Open flowers",14,"2022-01-01","2022-12-31",2022-05-06,126,2022-05-09,3,4,0
"offset",210869,35691,35.826511,-82.55204,734,"NC",100,"Quercus","alba","white oak","Plantae",501,"Open flowers",15,"2023-01-01","2023-12-31",2023-04-17,107,2023-08-23,128,1,0
"offset",210869,35691,35.826511,-82.55204,734,"NC",100,"Quercus","alba","white oak","Plantae",501,"Open flowers",17,"2025-01-01","2025-12-31",2025-10-23,296,2025-10-24,1,9,0
"offset",210869,35691,35.826511,-82.55204,734,"NC",100,"Quercus","alba","white oak","Plantae",501,"Open flowers",18,"2026-01-01","2026-12-31",2026-04-22,112,2026-04-24,2,3,0
"offset",211552,35769,35.94458,-83.870483,286,"TN",1212,"Quercus","montana","chestnut oak","Plantae",371,"Breaking leaf buds",12,"2020-01-01","2020-12-31",2020-04-02,93,2020-04-09,7,1,0
"offset",211552,35769,35.94458,-83.870483,286,"TN",1212,"Quercus","montana","chestnut oak","Plantae",371,"Breaking leaf buds",13,"2021-01-01","2021-12-31",2021-04-10,100,2021-04-19,9,1,0
"offset",211552,35769,35.94458,-83.870483,286,"TN",1212,"Quercus","montana","chestnut oak","Plantae",371,"Breaking leaf buds",15,"2023-01-01","2023-12-31",2023-03-30,89,2023-04-06,7,1,0
"offset",211552,35769,35.94458,-83.870483,286,"TN",1212,"Quercus","montana","chestnut oak","Plantae",371,"Breaking leaf buds",16,"2024-01-01","2024-12-31",2024-04-10,101,2024-04-15,5,1,0
"offset",211552,35769,35.94458,-83.870483,286,"TN",1212,"Quercus","montana","chestnut oak","Plantae",371,"Breaking leaf buds",17,"2025-01-01","2025-12-31",2025-03-29,88,2025-04-05,7,1,0
"offset",211554,35769,35.94458,-83.870483,286,"TN",100,"Quercus","alba","white oak","Plantae",371,"Breaking leaf buds",12,"2020-01-01","2020-12-31",2020-04-02,93,2020-04-09,7,1,0
"offset",211554,35769,35.94458,-83.870483,286,"TN",100,"Quercus","alba","white oak","Plantae",371,"Breaking leaf buds",13,"2021-01-01","2021-12-31",2021-04-10,100,2021-04-19,9,2,0
"offset",211554,35769,35.94458,-83.870483,286,"TN",100,"Quercus","alba","white oak","Plantae",371,"Breaking leaf buds",14,"2022-01-01","2022-12-31",2022-04-04,94,2022-04-14,10,1,0
"offset",211554,35769,35.94458,-83.870483,286,"TN",100,"Quercus","alba","white oak","Plantae",371,"Breaking leaf buds",15,"2023-01-01","2023-12-31",2023-03-30,89,2023-04-06,7,1,0
"offset",211554,35769,35.94458,-83.870483,286,"TN",100,"Quercus","alba","white oak","Plantae",371,"Breaking leaf buds",16,"2024-01-01","2024-12-31",2024-04-10,101,2024-04-15,5,1,0
"offset",211554,35769,35.94458,-83.870483,286,"TN",100,"Quercus","alba","white oak","Plantae",371,"Breaking leaf buds",18,"2026-01-01","2026-12-31",2026-04-06,96,2026-04-17,11,1,0
"offset",211554,35769,35.94458,-83.870483,286,"TN",100,"Quercus","alba","white oak","Plantae",501,"Open flowers",14,"2022-01-01","2022-12-31",2022-04-14,104,2022-04-17,3,1,0
"offset",211554,35769,35.94458,-83.870483,286,"TN",100,"Quercus","alba","white oak","Plantae",501,"Open flowers",16,"2024-01-01","2024-12-31",2024-04-15,106,2024-04-22,7,2,0
"offset",211554,35769,35.94458,-83.870483,286,"TN",100,"Quercus","alba","white oak","Plantae",501,"Open flowers",17,"2025-01-01","2025-12-31",2025-04-05,95,2025-04-19,14,1,0
"offset",211554,35769,35.94458,-83.870483,286,"TN",100,"Quercus","alba","white oak","Plantae",501,"Open flowers",18,"2026-01-01","2026-12-31",2026-04-02,92,2026-04-17,15,1,0
"offset",211570,35768,35.94849,-83.866074,282,"TN",100,"Quercus","alba","white oak","Plantae",371,"Breaking leaf buds",12,"2020-01-01","2020-12-31",2020-04-16,107,2020-04-24,8,1,0
"offset",211570,35768,35.94849,-83.866074,282,"TN",100,"Quercus","alba","white oak","Plantae",371,"Breaking leaf buds",13,"2021-01-01","2021-12-31",2021-04-10,100,2021-04-19,9,1,0
"offset",211570,35768,35.94849,-83.866074,282,"TN",100,"Quercus","alba","white oak","Plantae",371,"Breaking leaf buds",14,"2022-01-01","2022-12-31",2022-04-14,104,2022-04-17,3,1,0
"offset",211570,35768,35.94849,-83.866074,282,"TN",100,"Quercus","alba","white oak","Plantae",371,"Breaking leaf buds",15,"2023-01-01","2023-12-31",2023-04-15,105,2023-04-20,5,2,0
"offset",211570,35768,35.94849,-83.866074,282,"TN",100,"Quercus","alba","white oak","Plantae",371,"Breaking leaf buds",18,"2026-01-01","2026-12-31",2026-04-14,104,2026-04-18,4,1,0
"offset",219672,36003,35.542465,-98.70607,508,"OK",100,"Quercus","alba","white oak","Plantae",371,"Breaking leaf buds",11,"2019-01-01","2019-12-31",2019-11-10,314,NA,NA,1,0
"offset",223783,35638,36.251804,-80.86097,306,"NC",100,"Quercus","alba","white oak","Plantae",371,"Breaking leaf buds",12,"2020-01-01","2020-12-31",2020-04-03,94,2020-04-08,5,1,0
"offset",223783,35638,36.251804,-80.86097,306,"NC",100,"Quercus","alba","white oak","Plantae",501,"Open flowers",12,"2020-01-01","2020-12-31",2020-05-05,126,2020-05-11,6,1,0
"offset",224280,35069,34.773415,-96.664055,310,"OK",101,"Quercus","macrocarpa","bur oak","Plantae",371,"Breaking leaf buds",12,"2020-01-01","2020-12-31",2020-02-16,47,2020-09-25,222,1,0
"offset",224280,35069,34.773415,-96.664055,310,"OK",101,"Quercus","macrocarpa","bur oak","Plantae",371,"Breaking leaf buds",13,"2021-01-01","2021-12-31",2021-04-30,120,2021-08-24,116,2,0
"offset",224280,35069,34.773415,-96.664055,310,"OK",101,"Quercus","macrocarpa","bur oak","Plantae",371,"Breaking leaf buds",14,"2022-01-01","2022-12-31",2022-11-21,325,NA,NA,10,0
"offset",224280,35069,34.773415,-96.664055,310,"OK",101,"Quercus","macrocarpa","bur oak","Plantae",371,"Breaking leaf buds",15,"2023-01-01","2023-12-31",2023-08-30,242,2023-09-05,6,1,0
"offset",224280,35069,34.773415,-96.664055,310,"OK",101,"Quercus","macrocarpa","bur oak","Plantae",371,"Breaking leaf buds",17,"2025-01-01","2025-12-31",2025-04-24,114,2025-09-03,132,1,0
"offset",224280,35069,34.773415,-96.664055,310,"OK",101,"Quercus","macrocarpa","bur oak","Plantae",501,"Open flowers",13,"2021-01-01","2021-12-31",2021-04-12,102,2021-04-24,12,1,0
"offset",224305,35069,34.773415,-96.664055,310,"OK",101,"Quercus","macrocarpa","bur oak","Plantae",371,"Breaking leaf buds",12,"2020-01-01","2020-12-31",2020-08-29,242,2020-08-31,2,1,0
"offset",224305,35069,34.773415,-96.664055,310,"OK",101,"Quercus","macrocarpa","bur oak","Plantae",371,"Breaking leaf buds",14,"2022-01-01","2022-12-31",2022-04-19,109,2022-08-23,126,1,0
"offset",224305,35069,34.773415,-96.664055,310,"OK",101,"Quercus","macrocarpa","bur oak","Plantae",371,"Breaking leaf buds",15,"2023-01-01","2023-12-31",2023-10-11,284,2023-10-18,7,2,0
"offset",224305,35069,34.773415,-96.664055,310,"OK",101,"Quercus","macrocarpa","bur oak","Plantae",371,"Breaking leaf buds",16,"2024-01-01","2024-12-31",2024-10-25,299,2025-01-23,90,3,0
"offset",224305,35069,34.773415,-96.664055,310,"OK",101,"Quercus","macrocarpa","bur oak","Plantae",371,"Breaking leaf buds",17,"2025-01-01","2025-12-31",2025-03-31,90,2025-04-22,22,1,0
"offset",224305,35069,34.773415,-96.664055,310,"OK",101,"Quercus","macrocarpa","bur oak","Plantae",501,"Open flowers",15,"2023-01-01","2023-12-31",2023-05-04,124,2023-10-11,160,1,0
"offset",224656,36503,29.645344,-82.344383,35,"FL",305,"Quercus","virginiana","live oak","Plantae",371,"Breaking leaf buds",12,"2020-01-01","2020-12-31",2020-02-14,45,NA,NA,1,0
"offset",224656,36503,29.645344,-82.344383,35,"FL",305,"Quercus","virginiana","live oak","Plantae",501,"Open flowers",12,"2020-01-01","2020-12-31",2020-02-14,45,NA,NA,1,0
"offset",226756,27474,29.784473,-90.114784,0,"LA",305,"Quercus","virginiana","live oak","Plantae",371,"Breaking leaf buds",12,"2020-01-01","2020-12-31",2020-03-14,74,2020-03-20,6,1,0
"offset",226756,27474,29.784473,-90.114784,0,"LA",305,"Quercus","virginiana","live oak","Plantae",371,"Breaking leaf buds",14,"2022-01-01","2022-12-31",2022-08-01,213,2022-09-02,32,1,0
"offset",226756,27474,29.784473,-90.114784,0,"LA",305,"Quercus","virginiana","live oak","Plantae",371,"Breaking leaf buds",16,"2024-01-01","2024-12-31",2024-03-29,89,2024-05-08,40,1,0
"offset",226756,27474,29.784473,-90.114784,0,"LA",305,"Quercus","virginiana","live oak","Plantae",371,"Breaking leaf buds",17,"2025-01-01","2025-12-31",2025-03-27,86,2025-04-22,26,1,0
"offset",226756,27474,29.784473,-90.114784,0,"LA",305,"Quercus","virginiana","live oak","Plantae",501,"Open flowers",16,"2024-01-01","2024-12-31",2024-03-21,81,2024-03-29,8,1,0
"offset",226756,27474,29.784473,-90.114784,0,"LA",305,"Quercus","virginiana","live oak","Plantae",501,"Open flowers",17,"2025-01-01","2025-12-31",2025-03-27,86,2025-04-22,26,1,0
"offset",226764,27475,29.783813,-90.117561,0,"LA",305,"Quercus","virginiana","live oak","Plantae",371,"Breaking leaf buds",12,"2020-01-01","2020-12-31",2020-03-26,86,2020-10-03,191,1,0
"offset",226764,27475,29.783813,-90.117561,0,"LA",305,"Quercus","virginiana","live oak","Plantae",371,"Breaking leaf buds",14,"2022-01-01","2022-12-31",2022-04-15,105,2022-05-12,27,1,0
"offset",226764,27475,29.783813,-90.117561,0,"LA",305,"Quercus","virginiana","live oak","Plantae",501,"Open flowers",12,"2020-01-01","2020-12-31",2020-03-05,65,2020-03-20,15,1,0
"offset",228548,36873,36.4319,-94.230301,363,"AR",101,"Quercus","macrocarpa","bur oak","Plantae",371,"Breaking leaf buds",12,"2020-01-01","2020-12-31",2020-04-07,98,NA,NA,1,0
"offset",229630,33862,30.353952,-89.136215,6,"MS",305,"Quercus","virginiana","live oak","Plantae",371,"Breaking leaf buds",12,"2020-01-01","2020-12-31",2020-03-07,67,2020-03-18,11,1,0
"offset",229630,33862,30.353952,-89.136215,6,"MS",305,"Quercus","virginiana","live oak","Plantae",371,"Breaking leaf buds",13,"2021-01-01","2021-12-31",2021-03-31,90,2021-06-01,62,1,0
"offset",229630,33862,30.353952,-89.136215,6,"MS",305,"Quercus","virginiana","live oak","Plantae",371,"Breaking leaf buds",14,"2022-01-01","2022-12-31",2022-03-30,89,2022-07-18,110,1,0
"offset",229630,33862,30.353952,-89.136215,6,"MS",305,"Quercus","virginiana","live oak","Plantae",371,"Breaking leaf buds",15,"2023-01-01","2023-12-31",2023-04-27,117,2023-06-14,48,1,0
"offset",229630,33862,30.353952,-89.136215,6,"MS",305,"Quercus","virginiana","live oak","Plantae",371,"Breaking leaf buds",16,"2024-01-01","2024-12-31",2024-05-01,122,2026-01-21,630,1,0
"offset",229630,33862,30.353952,-89.136215,6,"MS",305,"Quercus","virginiana","live oak","Plantae",371,"Breaking leaf buds",18,"2026-01-01","2026-12-31",2026-03-10,69,NA,NA,1,0
"offset",229630,33862,30.353952,-89.136215,6,"MS",305,"Quercus","virginiana","live oak","Plantae",501,"Open flowers",18,"2026-01-01","2026-12-31",2026-03-10,69,NA,NA,1,0
"offset",229722,36660,33.455647,-88.787453,108,"MS",100,"Quercus","alba","white oak","Plantae",371,"Breaking leaf buds",12,"2020-01-01","2020-12-31",2020-04-09,100,2020-04-13,4,1,0
"offset",230042,37196,41.814323,-88.070099,232,"IL",100,"Quercus","alba","white oak","Plantae",371,"Breaking leaf buds",14,"2022-01-01","2022-12-31",2022-05-10,130,2022-05-17,7,1,0
"offset",230042,37196,41.814323,-88.070099,232,"IL",100,"Quercus","alba","white oak","Plantae",371,"Breaking leaf buds",15,"2023-01-01","2023-12-31",2023-05-06,126,2023-05-07,1,2,0
"offset",230042,37196,41.814323,-88.070099,232,"IL",100,"Quercus","alba","white oak","Plantae",371,"Breaking leaf buds",16,"2024-01-01","2024-12-31",2024-04-29,120,2024-05-05,6,1,0
"offset",230042,37196,41.814323,-88.070099,232,"IL",100,"Quercus","alba","white oak","Plantae",371,"Breaking leaf buds",17,"2025-01-01","2025-12-31",2025-06-09,160,2025-06-15,6,2,0
"offset",230042,37196,41.814323,-88.070099,232,"IL",100,"Quercus","alba","white oak","Plantae",371,"Breaking leaf buds",18,"2026-01-01","2026-12-31",2026-04-10,100,2026-06-09,60,1,0
"offset",230042,37196,41.814323,-88.070099,232,"IL",100,"Quercus","alba","white oak","Plantae",501,"Open flowers",15,"2023-01-01","2023-12-31",2023-06-16,167,2023-06-23,7,1,0
"offset",230042,37196,41.814323,-88.070099,232,"IL",100,"Quercus","alba","white oak","Plantae",501,"Open flowers",16,"2024-01-01","2024-12-31",2024-05-06,127,2024-05-12,6,1,0
"offset",230042,37196,41.814323,-88.070099,232,"IL",100,"Quercus","alba","white oak","Plantae",501,"Open flowers",17,"2025-01-01","2025-12-31",2025-05-12,132,2025-05-20,8,1,0
"offset",230043,37196,41.814323,-88.070099,232,"IL",100,"Quercus","alba","white oak","Plantae",371,"Breaking leaf buds",14,"2022-01-01","2022-12-31",2022-05-09,129,2022-05-17,8,1,0
"offset",230048,37197,41.813972,-88.068817,232,"IL",100,"Quercus","alba","white oak","Plantae",371,"Breaking leaf buds",14,"2022-01-01","2022-12-31",2022-05-10,130,2022-05-13,3,3,0
"offset",230048,37197,41.813972,-88.068817,232,"IL",100,"Quercus","alba","white oak","Plantae",371,"Breaking leaf buds",15,"2023-01-01","2023-12-31",2023-05-15,135,2023-05-16,1,3,0
"offset",230048,37197,41.813972,-88.068817,232,"IL",100,"Quercus","alba","white oak","Plantae",371,"Breaking leaf buds",16,"2024-01-01","2024-12-31",2024-04-29,120,2024-05-18,19,1,0
"offset",230048,37197,41.813972,-88.068817,232,"IL",100,"Quercus","alba","white oak","Plantae",371,"Breaking leaf buds",17,"2025-01-01","2025-12-31",2025-05-27,147,2025-06-09,13,1,0
"offset",230048,37197,41.813972,-88.068817,232,"IL",100,"Quercus","alba","white oak","Plantae",371,"Breaking leaf buds",18,"2026-01-01","2026-12-31",2026-04-22,112,2026-05-02,10,1,0
"offset",230048,37197,41.813972,-88.068817,232,"IL",100,"Quercus","alba","white oak","Plantae",501,"Open flowers",14,"2022-01-01","2022-12-31",2022-05-13,133,2022-05-14,1,1,0
"offset",230048,37197,41.813972,-88.068817,232,"IL",100,"Quercus","alba","white oak","Plantae",501,"Open flowers",15,"2023-01-01","2023-12-31",2023-10-10,283,2023-10-11,1,3,0
"offset",230050,37197,41.813972,-88.068817,232,"IL",101,"Quercus","macrocarpa","bur oak","Plantae",371,"Breaking leaf buds",14,"2022-01-01","2022-12-31",2022-05-10,130,2022-05-13,3,1,0
"offset",230050,37197,41.813972,-88.068817,232,"IL",101,"Quercus","macrocarpa","bur oak","Plantae",371,"Breaking leaf buds",15,"2023-01-01","2023-12-31",2023-05-11,131,2023-05-13,2,3,0
"offset",230050,37197,41.813972,-88.068817,232,"IL",101,"Quercus","macrocarpa","bur oak","Plantae",371,"Breaking leaf buds",16,"2024-01-01","2024-12-31",2024-04-29,120,2024-05-18,19,1,0
"offset",230050,37197,41.813972,-88.068817,232,"IL",101,"Quercus","macrocarpa","bur oak","Plantae",371,"Breaking leaf buds",17,"2025-01-01","2025-12-31",2025-05-27,147,2025-06-09,13,1,0
"offset",230050,37197,41.813972,-88.068817,232,"IL",101,"Quercus","macrocarpa","bur oak","Plantae",371,"Breaking leaf buds",18,"2026-01-01","2026-12-31",2026-05-12,132,2026-05-19,7,1,0
"offset",230050,37197,41.813972,-88.068817,232,"IL",101,"Quercus","macrocarpa","bur oak","Plantae",501,"Open flowers",14,"2022-01-01","2022-12-31",2022-05-13,133,2022-05-17,4,1,0
"offset",230050,37197,41.813972,-88.068817,232,"IL",101,"Quercus","macrocarpa","bur oak","Plantae",501,"Open flowers",15,"2023-01-01","2023-12-31",2023-05-09,129,2023-05-11,2,2,0
"offset",230051,37197,41.813972,-88.068817,232,"IL",101,"Quercus","macrocarpa","bur oak","Plantae",371,"Breaking leaf buds",14,"2022-01-01","2022-12-31",2022-05-10,130,2022-05-13,3,1,0
"offset",230051,37197,41.813972,-88.068817,232,"IL",101,"Quercus","macrocarpa","bur oak","Plantae",371,"Breaking leaf buds",15,"2023-01-01","2023-12-31",2023-07-17,198,2023-07-18,1,3,0
"offset",230051,37197,41.813972,-88.068817,232,"IL",101,"Quercus","macrocarpa","bur oak","Plantae",371,"Breaking leaf buds",16,"2024-01-01","2024-12-31",2024-04-29,120,2024-06-04,36,1,0
"offset",230051,37197,41.813972,-88.068817,232,"IL",101,"Quercus","macrocarpa","bur oak","Plantae",371,"Breaking leaf buds",17,"2025-01-01","2025-12-31",2025-05-13,133,2025-05-27,14,1,0
"offset",230051,37197,41.813972,-88.068817,232,"IL",101,"Quercus","macrocarpa","bur oak","Plantae",371,"Breaking leaf buds",18,"2026-01-01","2026-12-31",2026-05-12,132,2026-05-19,7,1,0
"offset",230051,37197,41.813972,-88.068817,232,"IL",101,"Quercus","macrocarpa","bur oak","Plantae",501,"Open flowers",13,"2021-01-01","2021-12-31",2021-06-18,169,2021-06-22,4,1,0
"offset",230051,37197,41.813972,-88.068817,232,"IL",101,"Quercus","macrocarpa","bur oak","Plantae",501,"Open flowers",14,"2022-01-01","2022-12-31",2022-05-17,137,2022-05-24,7,1,0
"offset",230051,37197,41.813972,-88.068817,232,"IL",101,"Quercus","macrocarpa","bur oak","Plantae",501,"Open flowers",15,"2023-01-01","2023-12-31",2023-05-09,129,2023-05-11,2,2,0
"offset",230051,37197,41.813972,-88.068817,232,"IL",101,"Quercus","macrocarpa","bur oak","Plantae",501,"Open flowers",17,"2025-01-01","2025-12-31",2025-09-09,252,2025-09-13,4,1,0
"offset",230286,37293,35.531059,-94.169556,242,"AR",100,"Quercus","alba","white oak","Plantae",371,"Breaking leaf buds",12,"2020-01-01","2020-12-31",2020-03-25,85,NA,NA,1,0
"offset",230294,36869,30.754486,-96.196556,71,"TX",1755,"Quercus","stellata","post oak","Plantae",371,"Breaking leaf buds",12,"2020-01-01","2020-12-31",2020-03-16,76,NA,NA,1,0
"offset",230294,36869,30.754486,-96.196556,71,"TX",1755,"Quercus","stellata","post oak","Plantae",501,"Open flowers",12,"2020-01-01","2020-12-31",2020-03-16,76,NA,NA,1,0
"offset",230384,37316,38.03109,-84.500404,308,"KY",100,"Quercus","alba","white oak","Plantae",371,"Breaking leaf buds",12,"2020-01-01","2020-12-31",2020-02-29,60,2020-03-01,1,1,0
"offset",231518,36831,36.470451,-94.212837,347,"AR",100,"Quercus","alba","white oak","Plantae",371,"Breaking leaf buds",12,"2020-01-01","2020-12-31",2020-04-05,96,2020-04-09,4,2,0
"offset",231581,34459,31.679283,-97.679939,284,"TX",305,"Quercus","virginiana","live oak","Plantae",371,"Breaking leaf buds",12,"2020-01-01","2020-12-31",2020-07-29,211,NA,NA,2,0
"offset",231581,34459,31.679283,-97.679939,284,"TX",305,"Quercus","virginiana","live oak","Plantae",501,"Open flowers",12,"2020-01-01","2020-12-31",2020-07-29,211,NA,NA,1,0
"offset",232105,11605,44.881065,-93.290176,261,"MN",100,"Quercus","alba","white oak","Plantae",371,"Breaking leaf buds",12,"2020-01-01","2020-12-31",2020-05-05,126,2020-05-14,9,1,0
"offset",232832,37680,36.313011,-80.846756,368,"NC",100,"Quercus","alba","white oak","Plantae",371,"Breaking leaf buds",12,"2020-01-01","2020-12-31",2020-04-13,104,2020-04-20,7,1,0
"offset",232832,37680,36.313011,-80.846756,368,"NC",100,"Quercus","alba","white oak","Plantae",501,"Open flowers",12,"2020-01-01","2020-12-31",2020-05-05,126,2020-05-11,6,1,0
"offset",233167,37760,35.688911,-83.747101,358,"TN",100,"Quercus","alba","white oak","Plantae",371,"Breaking leaf buds",12,"2020-01-01","2020-12-31",2020-04-19,110,2020-05-04,15,1,0
"offset",233167,37760,35.688911,-83.747101,358,"TN",100,"Quercus","alba","white oak","Plantae",501,"Open flowers",12,"2020-01-01","2020-12-31",2020-05-04,125,NA,NA,1,0
"offset",233598,37845,41.799072,-88.024521,218,"IL",100,"Quercus","alba","white oak","Plantae",371,"Breaking leaf buds",12,"2020-01-01","2020-12-31",2020-05-13,134,2020-05-28,15,1,0
"offset",233598,37845,41.799072,-88.024521,218,"IL",100,"Quercus","alba","white oak","Plantae",371,"Breaking leaf buds",13,"2021-01-01","2021-12-31",2021-05-03,123,2021-05-12,9,1,0
"offset",233598,37845,41.799072,-88.024521,218,"IL",100,"Quercus","alba","white oak","Plantae",501,"Open flowers",12,"2020-01-01","2020-12-31",2020-06-04,156,2020-06-11,7,1,0
"offset",233598,37845,41.799072,-88.024521,218,"IL",100,"Quercus","alba","white oak","Plantae",501,"Open flowers",13,"2021-01-01","2021-12-31",2021-05-12,132,2021-05-20,8,1,0
"offset",233602,37845,41.799072,-88.024521,218,"IL",101,"Quercus","macrocarpa","bur oak","Plantae",371,"Breaking leaf buds",12,"2020-01-01","2020-12-31",2020-05-20,141,2020-05-28,8,1,0
"offset",233602,37845,41.799072,-88.024521,218,"IL",101,"Quercus","macrocarpa","bur oak","Plantae",371,"Breaking leaf buds",13,"2021-01-01","2021-12-31",2021-05-03,123,2021-05-12,9,1,0
"offset",233602,37845,41.799072,-88.024521,218,"IL",101,"Quercus","macrocarpa","bur oak","Plantae",501,"Open flowers",12,"2020-01-01","2020-12-31",2020-05-20,141,2020-06-11,22,1,0
"offset",233711,37845,41.799072,-88.024521,218,"IL",101,"Quercus","macrocarpa","bur oak","Plantae",371,"Breaking leaf buds",12,"2020-01-01","2020-12-31",2020-05-20,141,2020-05-28,8,1,0
"offset",233711,37845,41.799072,-88.024521,218,"IL",101,"Quercus","macrocarpa","bur oak","Plantae",371,"Breaking leaf buds",13,"2021-01-01","2021-12-31",2021-05-12,132,2021-05-20,8,1,0
"offset",233711,37845,41.799072,-88.024521,218,"IL",101,"Quercus","macrocarpa","bur oak","Plantae",501,"Open flowers",12,"2020-01-01","2020-12-31",2020-05-20,141,2020-06-11,22,1,0
"offset",234102,37990,40.97311,-72.540237,8,"NY",100,"Quercus","alba","white oak","Plantae",371,"Breaking leaf buds",12,"2020-01-01","2020-12-31",2020-04-04,95,NA,NA,1,0
"offset",234869,38076,42.027615,-93.62516,283,"IA",100,"Quercus","alba","white oak","Plantae",371,"Breaking leaf buds",12,"2020-01-01","2020-12-31",2020-05-22,143,NA,NA,1,0
"offset",235867,38327,40.328484,-88.793625,236,"IL",100,"Quercus","alba","white oak","Plantae",371,"Breaking leaf buds",12,"2020-01-01","2020-12-31",2020-04-24,115,2020-05-02,8,1,0
"offset",235867,38327,40.328484,-88.793625,236,"IL",100,"Quercus","alba","white oak","Plantae",501,"Open flowers",12,"2020-01-01","2020-12-31",2020-05-18,139,2020-06-11,24,1,0
"offset",236166,38382,40.870605,-73.883278,20,"NY",100,"Quercus","alba","white oak","Plantae",371,"Breaking leaf buds",12,"2020-01-01","2020-12-31",2020-04-17,108,NA,NA,1,0
"offset",237785,38489,39.065994,-76.504898,6,"MD",100,"Quercus","alba","white oak","Plantae",501,"Open flowers",12,"2020-01-01","2020-12-31",2020-04-22,113,2020-05-10,18,1,0
"offset",237785,38489,39.065994,-76.504898,6,"MD",100,"Quercus","alba","white oak","Plantae",501,"Open flowers",13,"2021-01-01","2021-12-31",2021-04-12,102,NA,NA,1,0
"offset",237844,38501,40.199524,-85.414024,288,"IN",100,"Quercus","alba","white oak","Plantae",371,"Breaking leaf buds",12,"2020-01-01","2020-12-31",2020-05-26,147,2020-05-30,4,1,0
"offset",237844,38501,40.199524,-85.414024,288,"IN",100,"Quercus","alba","white oak","Plantae",371,"Breaking leaf buds",13,"2021-01-01","2021-12-31",2021-05-19,139,2021-05-22,3,1,0
"offset",237844,38501,40.199524,-85.414024,288,"IN",100,"Quercus","alba","white oak","Plantae",371,"Breaking leaf buds",14,"2022-01-01","2022-12-31",2022-05-10,130,2022-05-27,17,1,0
"offset",237844,38501,40.199524,-85.414024,288,"IN",100,"Quercus","alba","white oak","Plantae",371,"Breaking leaf buds",15,"2023-01-01","2023-12-31",2023-05-08,128,2023-05-16,8,1,0
"offset",237844,38501,40.199524,-85.414024,288,"IN",100,"Quercus","alba","white oak","Plantae",371,"Breaking leaf buds",16,"2024-01-01","2024-12-31",2024-06-27,179,2024-07-24,27,1,0
"offset",237844,38501,40.199524,-85.414024,288,"IN",100,"Quercus","alba","white oak","Plantae",371,"Breaking leaf buds",17,"2025-01-01","2025-12-31",2025-05-28,148,2025-06-04,7,1,0
"offset",237844,38501,40.199524,-85.414024,288,"IN",100,"Quercus","alba","white oak","Plantae",371,"Breaking leaf buds",18,"2026-01-01","2026-12-31",2026-05-20,140,2026-05-27,7,1,0
"offset",237844,38501,40.199524,-85.414024,288,"IN",100,"Quercus","alba","white oak","Plantae",501,"Open flowers",12,"2020-01-01","2020-12-31",2020-05-21,142,2020-05-26,5,1,0
"offset",237844,38501,40.199524,-85.414024,288,"IN",100,"Quercus","alba","white oak","Plantae",501,"Open flowers",13,"2021-01-01","2021-12-31",2021-05-19,139,2021-05-22,3,2,0
"offset",237844,38501,40.199524,-85.414024,288,"IN",100,"Quercus","alba","white oak","Plantae",501,"Open flowers",14,"2022-01-01","2022-12-31",2022-05-10,130,2022-05-27,17,1,0
"offset",237844,38501,40.199524,-85.414024,288,"IN",100,"Quercus","alba","white oak","Plantae",501,"Open flowers",15,"2023-01-01","2023-12-31",2023-05-08,128,2023-05-16,8,1,0
"offset",237844,38501,40.199524,-85.414024,288,"IN",100,"Quercus","alba","white oak","Plantae",501,"Open flowers",16,"2024-01-01","2024-12-31",2024-05-07,128,2024-05-30,23,1,0
"offset",237844,38501,40.199524,-85.414024,288,"IN",100,"Quercus","alba","white oak","Plantae",501,"Open flowers",17,"2025-01-01","2025-12-31",2025-05-14,134,2025-05-28,14,1,0
"offset",237844,38501,40.199524,-85.414024,288,"IN",100,"Quercus","alba","white oak","Plantae",501,"Open flowers",18,"2026-01-01","2026-12-31",2026-05-27,147,2026-06-07,11,1,0
"offset",237913,38516,41.770496,-87.999031,230,"IL",101,"Quercus","macrocarpa","bur oak","Plantae",371,"Breaking leaf buds",12,"2020-01-01","2020-12-31",2020-04-30,121,2020-06-18,49,1,0
"offset",237914,38516,41.770496,-87.999031,230,"IL",101,"Quercus","macrocarpa","bur oak","Plantae",371,"Breaking leaf buds",12,"2020-01-01","2020-12-31",2020-05-08,129,2020-06-18,41,1,0
"offset",237915,38516,41.770496,-87.999031,230,"IL",101,"Quercus","macrocarpa","bur oak","Plantae",371,"Breaking leaf buds",12,"2020-01-01","2020-12-31",2020-05-08,129,2020-06-18,41,1,0
"offset",240183,38702,42.186077,-89.291679,237,"IL",100,"Quercus","alba","white oak","Plantae",371,"Breaking leaf buds",12,"2020-01-01","2020-12-31",2020-05-01,122,NA,NA,1,0
"offset",240227,32443,39.90163,-86.175911,242,"IN",100,"Quercus","alba","white oak","Plantae",371,"Breaking leaf buds",12,"2020-01-01","2020-12-31",2020-06-10,162,2020-06-24,14,2,0
"offset",240227,32443,39.90163,-86.175911,242,"IN",100,"Quercus","alba","white oak","Plantae",371,"Breaking leaf buds",13,"2021-01-01","2021-12-31",2021-04-23,113,NA,NA,1,0
"offset",240227,32443,39.90163,-86.175911,242,"IN",100,"Quercus","alba","white oak","Plantae",371,"Breaking leaf buds",14,"2022-01-01","2022-12-31",2022-04-27,117,2023-02-27,306,1,0
"offset",240227,32443,39.90163,-86.175911,242,"IN",100,"Quercus","alba","white oak","Plantae",371,"Breaking leaf buds",15,"2023-01-01","2023-12-31",2023-04-18,108,2024-02-08,296,1,0
"offset",240227,32443,39.90163,-86.175911,242,"IN",100,"Quercus","alba","white oak","Plantae",371,"Breaking leaf buds",16,"2024-01-01","2024-12-31",2024-04-17,108,2025-03-05,322,1,0
"offset",240227,32443,39.90163,-86.175911,242,"IN",100,"Quercus","alba","white oak","Plantae",371,"Breaking leaf buds",17,"2025-01-01","2025-12-31",2025-04-27,117,2026-02-11,290,1,0
"offset",240227,32443,39.90163,-86.175911,242,"IN",100,"Quercus","alba","white oak","Plantae",371,"Breaking leaf buds",18,"2026-01-01","2026-12-31",2026-04-20,110,NA,NA,1,0
"offset",240418,38740,41.814449,-88.070885,232,"IL",101,"Quercus","macrocarpa","bur oak","Plantae",371,"Breaking leaf buds",12,"2020-01-01","2020-12-31",2020-05-05,126,2020-05-12,7,1,0
"offset",240418,38740,41.814449,-88.070885,232,"IL",101,"Quercus","macrocarpa","bur oak","Plantae",501,"Open flowers",12,"2020-01-01","2020-12-31",2020-05-12,133,2020-05-19,7,1,0
"offset",240419,38740,41.814449,-88.070885,232,"IL",101,"Quercus","macrocarpa","bur oak","Plantae",371,"Breaking leaf buds",12,"2020-01-01","2020-12-31",2020-05-05,126,2020-05-12,7,1,0
"offset",240419,38740,41.814449,-88.070885,232,"IL",101,"Quercus","macrocarpa","bur oak","Plantae",501,"Open flowers",12,"2020-01-01","2020-12-31",2020-05-12,133,2020-05-19,7,1,0
"offset",240488,38758,27.724623,-82.650497,3,"FL",305,"Quercus","virginiana","live oak","Plantae",371,"Breaking leaf buds",12,"2020-01-01","2020-12-31",2020-05-06,127,NA,NA,1,0
"offset",241509,38788,39.644062,-84.182137,269,"OH",100,"Quercus","alba","white oak","Plantae",371,"Breaking leaf buds",12,"2020-01-01","2020-12-31",2020-05-06,127,NA,NA,1,0
"offset",241510,38788,39.644062,-84.182137,269,"OH",100,"Quercus","alba","white oak","Plantae",371,"Breaking leaf buds",12,"2020-01-01","2020-12-31",2020-05-06,127,NA,NA,1,0
"offset",241511,38788,39.644062,-84.182137,269,"OH",100,"Quercus","alba","white oak","Plantae",371,"Breaking leaf buds",12,"2020-01-01","2020-12-31",2020-05-06,127,NA,NA,1,0
"offset",241512,38788,39.644062,-84.182137,269,"OH",100,"Quercus","alba","white oak","Plantae",371,"Breaking leaf buds",12,"2020-01-01","2020-12-31",2020-05-06,127,NA,NA,1,0
"offset",243156,38983,46.5303,-93.710556,373,"MN",101,"Quercus","macrocarpa","bur oak","Plantae",501,"Open flowers",12,"2020-01-01","2020-12-31",2020-05-31,152,2020-06-03,3,1,0
"offset",243508,39076,42.110504,-72.024384,203,"MA",100,"Quercus","alba","white oak","Plantae",371,"Breaking leaf buds",12,"2020-01-01","2020-12-31",2020-05-27,148,NA,NA,1,0
"offset",244114,39343,32.911221,-97.549034,225,"TX",305,"Quercus","virginiana","live oak","Plantae",371,"Breaking leaf buds",12,"2020-01-01","2020-12-31",2020-06-22,174,NA,NA,1,0
"offset",244526,32607,39.936066,-86.118439,242,"IN",100,"Quercus","alba","white oak","Plantae",371,"Breaking leaf buds",15,"2023-01-01","2023-12-31",2023-04-13,103,2023-06-04,52,1,0
"offset",244526,32607,39.936066,-86.118439,242,"IN",100,"Quercus","alba","white oak","Plantae",501,"Open flowers",15,"2023-01-01","2023-12-31",2023-04-13,103,2023-06-04,52,1,0
"offset",245583,36700,42.455666,-71.124626,50,"MA",100,"Quercus","alba","white oak","Plantae",371,"Breaking leaf buds",13,"2021-01-01","2021-12-31",2021-05-12,132,2021-05-19,7,1,0
"offset",245583,36700,42.455666,-71.124626,50,"MA",100,"Quercus","alba","white oak","Plantae",371,"Breaking leaf buds",14,"2022-01-01","2022-12-31",2022-05-13,133,2022-05-20,7,1,0
"offset",245583,36700,42.455666,-71.124626,50,"MA",100,"Quercus","alba","white oak","Plantae",371,"Breaking leaf buds",15,"2023-01-01","2023-12-31",2023-05-19,139,2023-05-26,7,1,0
"offset",245972,10397,35.81398,-82.866119,643,"NC",100,"Quercus","alba","white oak","Plantae",371,"Breaking leaf buds",13,"2021-01-01","2021-12-31",2021-04-17,107,2021-04-25,8,1,0
"offset",245972,10397,35.81398,-82.866119,643,"NC",100,"Quercus","alba","white oak","Plantae",371,"Breaking leaf buds",14,"2022-01-01","2022-12-31",2022-04-17,107,2022-04-27,10,1,0
"offset",245972,10397,35.81398,-82.866119,643,"NC",100,"Quercus","alba","white oak","Plantae",371,"Breaking leaf buds",15,"2023-01-01","2023-12-31",2023-04-07,97,NA,NA,1,0
"offset",246650,40221,38.030041,-84.499199,308,"KY",100,"Quercus","alba","white oak","Plantae",371,"Breaking leaf buds",12,"2020-01-01","2020-12-31",2020-10-22,296,2020-10-29,7,1,0
"offset",246678,35069,34.773415,-96.664055,310,"OK",101,"Quercus","macrocarpa","bur oak","Plantae",371,"Breaking leaf buds",13,"2021-01-01","2021-12-31",2021-03-24,83,2022-01-12,294,1,0
"offset",246678,35069,34.773415,-96.664055,310,"OK",101,"Quercus","macrocarpa","bur oak","Plantae",371,"Breaking leaf buds",14,"2022-01-01","2022-12-31",2022-04-12,102,2023-08-27,502,1,0
"offset",246678,35069,34.773415,-96.664055,310,"OK",101,"Quercus","macrocarpa","bur oak","Plantae",371,"Breaking leaf buds",16,"2024-01-01","2024-12-31",2024-04-08,99,2024-04-11,3,1,0
"offset",246678,35069,34.773415,-96.664055,310,"OK",101,"Quercus","macrocarpa","bur oak","Plantae",501,"Open flowers",16,"2024-01-01","2024-12-31",2024-04-11,102,2024-04-16,5,1,0
"offset",246692,35069,34.773415,-96.664055,310,"OK",101,"Quercus","macrocarpa","bur oak","Plantae",371,"Breaking leaf buds",13,"2021-01-01","2021-12-31",2021-04-27,117,2022-01-25,273,1,0
"offset",246692,35069,34.773415,-96.664055,310,"OK",101,"Quercus","macrocarpa","bur oak","Plantae",371,"Breaking leaf buds",14,"2022-01-01","2022-12-31",2022-04-12,102,2022-08-25,135,1,0
"offset",246692,35069,34.773415,-96.664055,310,"OK",101,"Quercus","macrocarpa","bur oak","Plantae",371,"Breaking leaf buds",16,"2024-01-01","2024-12-31",2024-05-03,124,2024-08-29,118,1,0
"offset",246692,35069,34.773415,-96.664055,310,"OK",101,"Quercus","macrocarpa","bur oak","Plantae",501,"Open flowers",13,"2021-01-01","2021-12-31",2021-04-20,110,2021-04-27,7,1,0
"offset",246727,40242,38.0429,-84.503525,302,"KY",101,"Quercus","macrocarpa","bur oak","Plantae",371,"Breaking leaf buds",12,"2020-01-01","2020-12-31",2020-11-01,306,NA,NA,2,0
"offset",247020,40352,44.313557,-96.798218,498,"SD",100,"Quercus","alba","white oak","Plantae",371,"Breaking leaf buds",12,"2020-01-01","2020-12-31",2020-09-17,261,2020-09-24,7,1,0
"offset",247357,40409,32.327999,-110.94857,813,"AZ",1212,"Quercus","montana","chestnut oak","Plantae",371,"Breaking leaf buds",12,"2020-01-01","2020-12-31",2020-10-29,303,NA,NA,2,0
"offset",247357,40409,32.327999,-110.94857,813,"AZ",1212,"Quercus","montana","chestnut oak","Plantae",501,"Open flowers",12,"2020-01-01","2020-12-31",2020-10-01,275,2020-10-18,17,1,0
"offset",248028,40218,44.7355,-95.450699,282,"MN",101,"Quercus","macrocarpa","bur oak","Plantae",371,"Breaking leaf buds",12,"2020-01-01","2020-12-31",2020-09-12,256,2020-09-18,6,1,0
"offset",248028,40218,44.7355,-95.450699,282,"MN",101,"Quercus","macrocarpa","bur oak","Plantae",501,"Open flowers",12,"2020-01-01","2020-12-31",2020-09-18,262,2020-10-02,14,1,0
"offset",248131,40586,47.910019,-97.023216,254,"ND",101,"Quercus","macrocarpa","bur oak","Plantae",371,"Breaking leaf buds",13,"2021-01-01","2021-12-31",2021-05-12,132,2021-05-18,6,1,0
"offset",248131,40586,47.910019,-97.023216,254,"ND",101,"Quercus","macrocarpa","bur oak","Plantae",371,"Breaking leaf buds",17,"2025-01-01","2025-12-31",2025-05-14,134,NA,NA,1,0
"offset",248297,40703,42.932663,-78.85273,194,"NY",101,"Quercus","macrocarpa","bur oak","Plantae",371,"Breaking leaf buds",12,"2020-01-01","2020-12-31",2020-09-28,272,2020-10-06,8,1,0
"offset",248368,9342,35.644516,-83.68988,500,"TN",100,"Quercus","alba","white oak","Plantae",371,"Breaking leaf buds",13,"2021-01-01","2021-12-31",2021-04-25,115,2021-05-01,6,1,0
"offset",248368,9342,35.644516,-83.68988,500,"TN",100,"Quercus","alba","white oak","Plantae",371,"Breaking leaf buds",14,"2022-01-01","2022-12-31",2022-04-23,113,2022-04-30,7,2,0
"offset",248368,9342,35.644516,-83.68988,500,"TN",100,"Quercus","alba","white oak","Plantae",371,"Breaking leaf buds",15,"2023-01-01","2023-12-31",2023-04-13,103,2023-04-19,6,2,0
"offset",248368,9342,35.644516,-83.68988,500,"TN",100,"Quercus","alba","white oak","Plantae",371,"Breaking leaf buds",16,"2024-01-01","2024-12-31",2024-04-23,114,2024-05-02,9,1,0
"offset",248368,9342,35.644516,-83.68988,500,"TN",100,"Quercus","alba","white oak","Plantae",371,"Breaking leaf buds",17,"2025-01-01","2025-12-31",2025-04-20,110,2025-04-28,8,1,0
"offset",248368,9342,35.644516,-83.68988,500,"TN",100,"Quercus","alba","white oak","Plantae",371,"Breaking leaf buds",18,"2026-01-01","2026-12-31",2026-04-23,113,2026-05-03,10,1,0
"offset",248368,9342,35.644516,-83.68988,500,"TN",100,"Quercus","alba","white oak","Plantae",501,"Open flowers",15,"2023-01-01","2023-12-31",2023-04-19,109,2023-04-25,6,1,0
"offset",248368,9342,35.644516,-83.68988,500,"TN",100,"Quercus","alba","white oak","Plantae",501,"Open flowers",16,"2024-01-01","2024-12-31",2024-04-23,114,2024-05-02,9,1,0
"offset",248368,9342,35.644516,-83.68988,500,"TN",100,"Quercus","alba","white oak","Plantae",501,"Open flowers",17,"2025-01-01","2025-12-31",2025-04-20,110,2025-04-28,8,1,0
"offset",249132,40616,45.279068,-122.279015,284,"OR",100,"Quercus","alba","white oak","Plantae",371,"Breaking leaf buds",14,"2022-01-01","2022-12-31",2022-04-07,97,NA,NA,1,0
"offset",249259,40899,43.378685,-95.184143,447,"IA",101,"Quercus","macrocarpa","bur oak","Plantae",371,"Breaking leaf buds",13,"2021-01-01","2021-12-31",2021-04-11,101,NA,NA,1,0
"offset",249518,40888,42.865818,-78.74865,192,"NY",101,"Quercus","macrocarpa","bur oak","Plantae",371,"Breaking leaf buds",12,"2020-01-01","2020-12-31",2020-11-09,314,2020-11-16,7,2,0
"offset",249796,41031,43.074661,-77.58625,178,"NY",101,"Quercus","macrocarpa","bur oak","Plantae",371,"Breaking leaf buds",12,"2020-01-01","2020-12-31",2020-09-23,267,NA,NA,1,0
"offset",249811,41031,43.074661,-77.58625,178,"NY",101,"Quercus","macrocarpa","bur oak","Plantae",371,"Breaking leaf buds",12,"2020-01-01","2020-12-31",2020-09-23,267,NA,NA,1,0
"offset",249812,41031,43.074661,-77.58625,178,"NY",101,"Quercus","macrocarpa","bur oak","Plantae",371,"Breaking leaf buds",12,"2020-01-01","2020-12-31",2020-09-23,267,NA,NA,1,0
"offset",250052,41118,37.375175,-80.522293,1017,"VA",100,"Quercus","alba","white oak","Plantae",371,"Breaking leaf buds",12,"2020-01-01","2020-12-31",2020-09-30,274,NA,NA,1,0
"offset",250052,41118,37.375175,-80.522293,1017,"VA",100,"Quercus","alba","white oak","Plantae",501,"Open flowers",12,"2020-01-01","2020-12-31",2020-09-30,274,NA,NA,1,0
"offset",250163,41145,38.029823,-84.49897,308,"KY",100,"Quercus","alba","white oak","Plantae",371,"Breaking leaf buds",12,"2020-01-01","2020-12-31",2020-10-31,305,NA,NA,2,0
"offset",250645,32443,39.90163,-86.175911,242,"IN",101,"Quercus","macrocarpa","bur oak","Plantae",371,"Breaking leaf buds",13,"2021-01-01","2021-12-31",2021-04-28,118,NA,NA,1,0
"offset",250645,32443,39.90163,-86.175911,242,"IN",101,"Quercus","macrocarpa","bur oak","Plantae",371,"Breaking leaf buds",14,"2022-01-01","2022-12-31",2022-05-04,124,2023-02-27,299,1,0
"offset",250645,32443,39.90163,-86.175911,242,"IN",101,"Quercus","macrocarpa","bur oak","Plantae",371,"Breaking leaf buds",15,"2023-01-01","2023-12-31",2023-04-18,108,2024-02-08,296,1,0
"offset",250645,32443,39.90163,-86.175911,242,"IN",101,"Quercus","macrocarpa","bur oak","Plantae",371,"Breaking leaf buds",16,"2024-01-01","2024-12-31",2024-04-24,115,2025-03-05,315,1,0
"offset",250645,32443,39.90163,-86.175911,242,"IN",101,"Quercus","macrocarpa","bur oak","Plantae",371,"Breaking leaf buds",17,"2025-01-01","2025-12-31",2025-04-30,120,2026-02-11,287,1,0
"offset",250645,32443,39.90163,-86.175911,242,"IN",101,"Quercus","macrocarpa","bur oak","Plantae",371,"Breaking leaf buds",18,"2026-01-01","2026-12-31",2026-04-27,117,NA,NA,1,0
"offset",252299,40946,42.471668,-75.061935,402,"NY",100,"Quercus","alba","white oak","Plantae",371,"Breaking leaf buds",13,"2021-01-01","2021-12-31",2021-04-02,92,2021-04-26,24,1,0
"offset",252305,41524,41.797878,-71.681313,124,"RI",100,"Quercus","alba","white oak","Plantae",371,"Breaking leaf buds",12,"2020-01-01","2020-12-31",2020-10-14,288,NA,NA,1,0
"offset",252852,41598,29.962164,-95.165161,16,"TX",305,"Quercus","virginiana","live oak","Plantae",371,"Breaking leaf buds",12,"2020-01-01","2020-12-31",2020-10-26,300,NA,NA,1,0
"offset",252958,41553,35.992382,-79.004135,123,"NC",100,"Quercus","alba","white oak","Plantae",371,"Breaking leaf buds",12,"2020-01-01","2020-12-31",2020-10-15,289,NA,NA,1,0
"offset",254012,41802,39.910755,-86.424187,287,"IN",100,"Quercus","alba","white oak","Plantae",371,"Breaking leaf buds",13,"2021-01-01","2021-12-31",2021-05-12,132,2021-05-19,7,1,0
"offset",254012,41802,39.910755,-86.424187,287,"IN",100,"Quercus","alba","white oak","Plantae",371,"Breaking leaf buds",14,"2022-01-01","2022-12-31",2022-05-11,131,2022-05-19,8,1,0
"offset",254012,41802,39.910755,-86.424187,287,"IN",100,"Quercus","alba","white oak","Plantae",371,"Breaking leaf buds",15,"2023-01-01","2023-12-31",2023-04-25,115,2023-05-17,22,1,0
"offset",254012,41802,39.910755,-86.424187,287,"IN",100,"Quercus","alba","white oak","Plantae",371,"Breaking leaf buds",16,"2024-01-01","2024-12-31",2024-04-23,114,NA,NA,1,0
"offset",254164,40276,38.042633,-84.499008,303,"KY",100,"Quercus","alba","white oak","Plantae",371,"Breaking leaf buds",12,"2020-01-01","2020-12-31",2020-09-30,274,2020-10-07,7,1,0
"offset",254642,41903,34.287571,-86.849609,298,"AL",100,"Quercus","alba","white oak","Plantae",371,"Breaking leaf buds",13,"2021-01-01","2021-12-31",2021-03-24,83,NA,NA,1,0
"offset",255888,41171,44.853001,-92.622231,293,"WI",100,"Quercus","alba","white oak","Plantae",371,"Breaking leaf buds",12,"2020-01-01","2020-12-31",2020-12-16,351,NA,NA,1,0
"offset",255920,41197,45.222153,-93.291382,272,"MN",100,"Quercus","alba","white oak","Plantae",371,"Breaking leaf buds",12,"2020-01-01","2020-12-31",2020-10-03,277,NA,NA,1,0
"offset",256566,42061,41.717556,-86.245186,218,"IN",100,"Quercus","alba","white oak","Plantae",371,"Breaking leaf buds",13,"2021-01-01","2021-12-31",2021-05-16,136,2021-05-22,6,1,0
"offset",256566,42061,41.717556,-86.245186,218,"IN",100,"Quercus","alba","white oak","Plantae",371,"Breaking leaf buds",14,"2022-01-01","2022-12-31",2022-05-15,135,2022-05-21,6,1,0
"offset",256566,42061,41.717556,-86.245186,218,"IN",100,"Quercus","alba","white oak","Plantae",501,"Open flowers",13,"2021-01-01","2021-12-31",2021-05-22,142,2021-05-30,8,1,0
"offset",256693,42044,41.05518,-86.165627,241,"IN",100,"Quercus","alba","white oak","Plantae",371,"Breaking leaf buds",13,"2021-01-01","2021-12-31",2021-05-19,139,2021-07-15,57,1,0
"offset",256693,42044,41.05518,-86.165627,241,"IN",100,"Quercus","alba","white oak","Plantae",371,"Breaking leaf buds",14,"2022-01-01","2022-12-31",2022-05-28,148,2022-06-07,10,1,0
"offset",256693,42044,41.05518,-86.165627,241,"IN",100,"Quercus","alba","white oak","Plantae",371,"Breaking leaf buds",15,"2023-01-01","2023-12-31",2023-06-22,173,2023-07-06,14,2,0
"offset",256693,42044,41.05518,-86.165627,241,"IN",100,"Quercus","alba","white oak","Plantae",371,"Breaking leaf buds",16,"2024-01-01","2024-12-31",2024-05-27,148,2024-08-22,87,2,0
"offset",256693,42044,41.05518,-86.165627,241,"IN",100,"Quercus","alba","white oak","Plantae",371,"Breaking leaf buds",17,"2025-01-01","2025-12-31",2025-05-10,130,NA,NA,1,0
"offset",256971,42061,41.717556,-86.245186,218,"IN",100,"Quercus","alba","white oak","Plantae",371,"Breaking leaf buds",13,"2021-01-01","2021-12-31",2021-05-16,136,2021-05-22,6,1,0
"offset",256971,42061,41.717556,-86.245186,218,"IN",100,"Quercus","alba","white oak","Plantae",371,"Breaking leaf buds",14,"2022-01-01","2022-12-31",2022-05-15,135,2022-05-21,6,1,0
"offset",256971,42061,41.717556,-86.245186,218,"IN",100,"Quercus","alba","white oak","Plantae",501,"Open flowers",13,"2021-01-01","2021-12-31",2021-05-22,142,2021-05-30,8,1,0
"offset",256971,42061,41.717556,-86.245186,218,"IN",100,"Quercus","alba","white oak","Plantae",501,"Open flowers",14,"2022-01-01","2022-12-31",2022-05-21,141,2022-05-29,8,1,0
"offset",257182,42215,35.968449,-79.999405,270,"NC",100,"Quercus","alba","white oak","Plantae",371,"Breaking leaf buds",13,"2021-01-01","2021-12-31",2021-04-22,112,2021-04-27,5,1,0
"offset",257182,42215,35.968449,-79.999405,270,"NC",100,"Quercus","alba","white oak","Plantae",501,"Open flowers",13,"2021-01-01","2021-12-31",2021-04-27,117,NA,NA,2,0
"offset",257438,31139,42.455235,-71.123512,36,"MA",100,"Quercus","alba","white oak","Plantae",371,"Breaking leaf buds",13,"2021-01-01","2021-12-31",2021-05-05,125,2021-05-12,7,1,0
"offset",257438,31139,42.455235,-71.123512,36,"MA",100,"Quercus","alba","white oak","Plantae",371,"Breaking leaf buds",14,"2022-01-01","2022-12-31",2022-05-06,126,2022-05-13,7,1,0
"offset",257438,31139,42.455235,-71.123512,36,"MA",100,"Quercus","alba","white oak","Plantae",371,"Breaking leaf buds",15,"2023-01-01","2023-12-31",2023-05-12,132,2023-05-19,7,1,0
"offset",257438,31139,42.455235,-71.123512,36,"MA",100,"Quercus","alba","white oak","Plantae",371,"Breaking leaf buds",16,"2024-01-01","2024-12-31",2024-05-10,131,2024-05-17,7,2,0
"offset",257438,31139,42.455235,-71.123512,36,"MA",100,"Quercus","alba","white oak","Plantae",371,"Breaking leaf buds",17,"2025-01-01","2025-12-31",2025-05-02,122,2025-05-09,7,1,0
"offset",257438,31139,42.455235,-71.123512,36,"MA",100,"Quercus","alba","white oak","Plantae",371,"Breaking leaf buds",18,"2026-01-01","2026-12-31",2026-05-01,121,2026-05-08,7,2,0
"offset",257562,42298,43.397007,-89.828705,423,"WI",100,"Quercus","alba","white oak","Plantae",371,"Breaking leaf buds",13,"2021-01-01","2021-12-31",2021-05-20,140,2021-05-25,5,1,0
"offset",257562,42298,43.397007,-89.828705,423,"WI",100,"Quercus","alba","white oak","Plantae",501,"Open flowers",13,"2021-01-01","2021-12-31",2021-05-20,140,2021-05-25,5,1,0
"offset",257566,42298,43.397007,-89.828705,423,"WI",100,"Quercus","alba","white oak","Plantae",371,"Breaking leaf buds",13,"2021-01-01","2021-12-31",2021-05-20,140,2021-05-25,5,1,0
"offset",257566,42298,43.397007,-89.828705,423,"WI",100,"Quercus","alba","white oak","Plantae",501,"Open flowers",13,"2021-01-01","2021-12-31",2021-05-20,140,2021-05-25,5,1,0
"offset",257567,42298,43.397007,-89.828705,423,"WI",100,"Quercus","alba","white oak","Plantae",371,"Breaking leaf buds",13,"2021-01-01","2021-12-31",2021-05-20,140,2021-05-25,5,1,0
"offset",257567,42298,43.397007,-89.828705,423,"WI",100,"Quercus","alba","white oak","Plantae",501,"Open flowers",13,"2021-01-01","2021-12-31",2021-05-25,145,2021-05-29,4,1,0
"offset",257568,42298,43.397007,-89.828705,423,"WI",100,"Quercus","alba","white oak","Plantae",371,"Breaking leaf buds",13,"2021-01-01","2021-12-31",2021-05-20,140,2021-05-25,5,1,0
"offset",257568,42298,43.397007,-89.828705,423,"WI",100,"Quercus","alba","white oak","Plantae",501,"Open flowers",13,"2021-01-01","2021-12-31",2021-05-25,145,2021-05-28,3,1,0
"offset",257569,42298,43.397007,-89.828705,423,"WI",100,"Quercus","alba","white oak","Plantae",371,"Breaking leaf buds",13,"2021-01-01","2021-12-31",2021-05-20,140,2021-05-25,5,1,0
"offset",257569,42298,43.397007,-89.828705,423,"WI",100,"Quercus","alba","white oak","Plantae",501,"Open flowers",13,"2021-01-01","2021-12-31",2021-05-25,145,2021-05-28,3,1,0
"offset",257578,42299,43.371754,-89.908165,352,"WI",100,"Quercus","alba","white oak","Plantae",371,"Breaking leaf buds",13,"2021-01-01","2021-12-31",2021-05-29,149,NA,NA,1,0
"offset",257578,42299,43.371754,-89.908165,352,"WI",100,"Quercus","alba","white oak","Plantae",501,"Open flowers",13,"2021-01-01","2021-12-31",2021-05-24,144,NA,NA,1,0
"offset",258334,42299,43.371754,-89.908165,352,"WI",100,"Quercus","alba","white oak","Plantae",371,"Breaking leaf buds",13,"2021-01-01","2021-12-31",2021-05-29,149,NA,NA,1,0
"offset",258334,42299,43.371754,-89.908165,352,"WI",100,"Quercus","alba","white oak","Plantae",501,"Open flowers",13,"2021-01-01","2021-12-31",2021-05-24,144,NA,NA,1,0
"offset",258335,42299,43.371754,-89.908165,352,"WI",100,"Quercus","alba","white oak","Plantae",371,"Breaking leaf buds",13,"2021-01-01","2021-12-31",2021-05-29,149,NA,NA,1,0
"offset",258336,42299,43.371754,-89.908165,352,"WI",100,"Quercus","alba","white oak","Plantae",371,"Breaking leaf buds",13,"2021-01-01","2021-12-31",2021-05-29,149,NA,NA,1,0
"offset",258337,42299,43.371754,-89.908165,352,"WI",100,"Quercus","alba","white oak","Plantae",371,"Breaking leaf buds",13,"2021-01-01","2021-12-31",2021-05-29,149,NA,NA,1,0
"offset",258542,42296,40.186535,-86.714111,246,"IN",100,"Quercus","alba","white oak","Plantae",371,"Breaking leaf buds",13,"2021-01-01","2021-12-31",2021-05-10,130,2021-05-26,16,2,0
"offset",258542,42296,40.186535,-86.714111,246,"IN",100,"Quercus","alba","white oak","Plantae",371,"Breaking leaf buds",14,"2022-01-01","2022-12-31",2022-04-26,116,2022-05-05,9,1,0
"offset",258542,42296,40.186535,-86.714111,246,"IN",100,"Quercus","alba","white oak","Plantae",371,"Breaking leaf buds",15,"2023-01-01","2023-12-31",2023-05-14,134,2023-06-14,31,1,0
"offset",258542,42296,40.186535,-86.714111,246,"IN",100,"Quercus","alba","white oak","Plantae",501,"Open flowers",13,"2021-01-01","2021-12-31",2021-05-10,130,2021-06-06,27,1,0
"offset",258542,42296,40.186535,-86.714111,246,"IN",100,"Quercus","alba","white oak","Plantae",501,"Open flowers",14,"2022-01-01","2022-12-31",2022-05-05,125,2022-06-02,28,1,0
"offset",259782,42645,44.861355,-92.62381,282,"WI",100,"Quercus","alba","white oak","Plantae",371,"Breaking leaf buds",13,"2021-01-01","2021-12-31",2021-05-05,125,NA,NA,1,0
"offset",259782,42645,44.861355,-92.62381,282,"WI",100,"Quercus","alba","white oak","Plantae",501,"Open flowers",13,"2021-01-01","2021-12-31",2021-05-05,125,NA,NA,1,0
"offset",260274,42726,35.665653,-82.533623,854,"NC",1212,"Quercus","montana","chestnut oak","Plantae",371,"Breaking leaf buds",13,"2021-01-01","2021-12-31",2021-04-26,116,NA,NA,1,0
"offset",261370,42060,39.627743,-86.380142,218,"IN",100,"Quercus","alba","white oak","Plantae",371,"Breaking leaf buds",13,"2021-01-01","2021-12-31",2021-04-21,111,2022-01-01,255,1,0
"offset",261370,42060,39.627743,-86.380142,218,"IN",100,"Quercus","alba","white oak","Plantae",371,"Breaking leaf buds",14,"2022-01-01","2022-12-31",2022-05-03,123,2022-05-14,11,1,0
"offset",261370,42060,39.627743,-86.380142,218,"IN",100,"Quercus","alba","white oak","Plantae",501,"Open flowers",14,"2022-01-01","2022-12-31",2022-05-22,142,2022-05-30,8,1,0
"offset",264105,43276,41.063885,-73.990829,64,"NY",100,"Quercus","alba","white oak","Plantae",371,"Breaking leaf buds",13,"2021-01-01","2021-12-31",2021-04-30,120,NA,NA,1,0
"offset",264120,43276,41.063885,-73.990829,64,"NY",100,"Quercus","alba","white oak","Plantae",371,"Breaking leaf buds",13,"2021-01-01","2021-12-31",2021-04-30,120,NA,NA,1,0
"offset",264199,43283,43.153866,-75.883095,117,"NY",100,"Quercus","alba","white oak","Plantae",371,"Breaking leaf buds",13,"2021-01-01","2021-12-31",2021-05-07,127,NA,NA,1,0
"offset",264460,28093,44.727703,-93.624031,240,"MN",101,"Quercus","macrocarpa","bur oak","Plantae",371,"Breaking leaf buds",13,"2021-01-01","2021-12-31",2021-05-22,142,NA,NA,1,0
"offset",264481,42726,35.665653,-82.533623,854,"NC",100,"Quercus","alba","white oak","Plantae",371,"Breaking leaf buds",13,"2021-01-01","2021-12-31",2021-04-26,116,NA,NA,1,0
"offset",265296,43468,44.59866,-94.047485,300,"MN",101,"Quercus","macrocarpa","bur oak","Plantae",371,"Breaking leaf buds",13,"2021-01-01","2021-12-31",2021-04-07,97,2021-04-12,5,1,0
"offset",265783,19824,34.836891,-92.405724,123,"AR",100,"Quercus","alba","white oak","Plantae",371,"Breaking leaf buds",13,"2021-01-01","2021-12-31",2021-08-30,242,2021-09-29,30,1,0
"offset",266305,43327,42.386902,-71.146004,6,"MA",2043,"Quercus","bicolor","swamp white oak","Plantae",371,"Breaking leaf buds",13,"2021-01-01","2021-12-31",2021-04-26,116,2021-05-03,7,2,0
"offset",266305,43327,42.386902,-71.146004,6,"MA",2043,"Quercus","bicolor","swamp white oak","Plantae",371,"Breaking leaf buds",14,"2022-01-01","2022-12-31",2022-05-09,129,2022-05-16,7,1,0
"offset",266305,43327,42.386902,-71.146004,6,"MA",2043,"Quercus","bicolor","swamp white oak","Plantae",371,"Breaking leaf buds",15,"2023-01-01","2023-12-31",2023-05-08,128,2023-05-15,7,1,0
"offset",266305,43327,42.386902,-71.146004,6,"MA",2043,"Quercus","bicolor","swamp white oak","Plantae",371,"Breaking leaf buds",16,"2024-01-01","2024-12-31",2024-05-06,127,2024-05-13,7,1,0
"offset",266305,43327,42.386902,-71.146004,6,"MA",2043,"Quercus","bicolor","swamp white oak","Plantae",371,"Breaking leaf buds",17,"2025-01-01","2025-12-31",2025-04-28,118,2025-05-05,7,1,0
"offset",266305,43327,42.386902,-71.146004,6,"MA",2043,"Quercus","bicolor","swamp white oak","Plantae",371,"Breaking leaf buds",18,"2026-01-01","2026-12-31",2026-05-11,131,2026-05-18,7,1,0
"offset",266305,43327,42.386902,-71.146004,6,"MA",2043,"Quercus","bicolor","swamp white oak","Plantae",501,"Open flowers",14,"2022-01-01","2022-12-31",2022-05-09,129,2022-05-16,7,1,0
"offset",266305,43327,42.386902,-71.146004,6,"MA",2043,"Quercus","bicolor","swamp white oak","Plantae",501,"Open flowers",15,"2023-01-01","2023-12-31",2023-05-08,128,2023-05-15,7,1,0
"offset",266305,43327,42.386902,-71.146004,6,"MA",2043,"Quercus","bicolor","swamp white oak","Plantae",501,"Open flowers",16,"2024-01-01","2024-12-31",2024-05-06,127,2024-05-20,14,1,0
"offset",266305,43327,42.386902,-71.146004,6,"MA",2043,"Quercus","bicolor","swamp white oak","Plantae",501,"Open flowers",18,"2026-01-01","2026-12-31",2026-05-11,131,2026-05-18,7,1,0
"offset",266823,43781,37.82851,-79.857574,527,"VA",1212,"Quercus","montana","chestnut oak","Plantae",371,"Breaking leaf buds",13,"2021-01-01","2021-12-31",2021-04-14,104,2021-04-20,6,1,0
"offset",266823,43781,37.82851,-79.857574,527,"VA",1212,"Quercus","montana","chestnut oak","Plantae",371,"Breaking leaf buds",14,"2022-01-01","2022-12-31",2022-04-17,107,2022-05-02,15,1,0
"offset",266823,43781,37.82851,-79.857574,527,"VA",1212,"Quercus","montana","chestnut oak","Plantae",371,"Breaking leaf buds",17,"2025-01-01","2025-12-31",2025-04-12,102,2025-04-18,6,1,0
"offset",266823,43781,37.82851,-79.857574,527,"VA",1212,"Quercus","montana","chestnut oak","Plantae",371,"Breaking leaf buds",18,"2026-01-01","2026-12-31",2026-04-11,101,2026-04-18,7,1,0
"offset",266823,43781,37.82851,-79.857574,527,"VA",1212,"Quercus","montana","chestnut oak","Plantae",501,"Open flowers",14,"2022-01-01","2022-12-31",2022-05-02,122,2022-06-04,33,1,0
"offset",266905,43800,37.744896,-96.249573,322,"KS",101,"Quercus","macrocarpa","bur oak","Plantae",371,"Breaking leaf buds",13,"2021-01-01","2021-12-31",2021-04-25,115,NA,NA,2,0
"offset",266913,43801,37.746494,-96.249763,323,"KS",101,"Quercus","macrocarpa","bur oak","Plantae",371,"Breaking leaf buds",13,"2021-01-01","2021-12-31",2021-04-25,115,NA,NA,1,0
"offset",267142,43829,41.939144,-87.633827,175,"IL",100,"Quercus","alba","white oak","Plantae",371,"Breaking leaf buds",13,"2021-01-01","2021-12-31",2021-05-09,129,NA,NA,1,0
"offset",268357,20961,41.085194,-75.591705,502,"PA",100,"Quercus","alba","white oak","Plantae",371,"Breaking leaf buds",13,"2021-01-01","2021-12-31",2021-04-08,98,NA,NA,1,0
"offset",268874,32315,38.06319,-87.492508,122,"IN",101,"Quercus","macrocarpa","bur oak","Plantae",371,"Breaking leaf buds",13,"2021-01-01","2021-12-31",2021-04-13,103,NA,NA,1,0
"offset",269674,43865,35.674778,-82.43631,1206,"NC",100,"Quercus","alba","white oak","Plantae",371,"Breaking leaf buds",13,"2021-01-01","2021-12-31",2021-05-21,141,2021-06-04,14,1,0
"offset",269677,44186,35.654087,-82.453796,982,"NC",100,"Quercus","alba","white oak","Plantae",371,"Breaking leaf buds",13,"2021-01-01","2021-12-31",2021-04-30,120,2021-05-21,21,1,0
"offset",269681,42660,44.934498,-93.005882,277,"MN",100,"Quercus","alba","white oak","Plantae",371,"Breaking leaf buds",13,"2021-01-01","2021-12-31",2021-05-04,124,NA,NA,1,0
"offset",269681,42660,44.934498,-93.005882,277,"MN",100,"Quercus","alba","white oak","Plantae",501,"Open flowers",13,"2021-01-01","2021-12-31",2021-05-04,124,NA,NA,2,0
"offset",269688,44055,44.901894,-93.147064,276,"MN",101,"Quercus","macrocarpa","bur oak","Plantae",371,"Breaking leaf buds",13,"2021-01-01","2021-12-31",2021-05-17,137,2021-05-25,8,1,0
"offset",269688,44055,44.901894,-93.147064,276,"MN",101,"Quercus","macrocarpa","bur oak","Plantae",371,"Breaking leaf buds",14,"2022-01-01","2022-12-31",2022-05-27,147,2022-06-01,5,1,0
"offset",269688,44055,44.901894,-93.147064,276,"MN",101,"Quercus","macrocarpa","bur oak","Plantae",371,"Breaking leaf buds",15,"2023-01-01","2023-12-31",2023-05-19,139,2023-05-26,7,1,0
"offset",269688,44055,44.901894,-93.147064,276,"MN",101,"Quercus","macrocarpa","bur oak","Plantae",371,"Breaking leaf buds",16,"2024-01-01","2024-12-31",2024-05-03,124,2024-05-10,7,1,0
"offset",269688,44055,44.901894,-93.147064,276,"MN",101,"Quercus","macrocarpa","bur oak","Plantae",371,"Breaking leaf buds",17,"2025-01-01","2025-12-31",2025-05-02,122,2025-05-09,7,1,0
"offset",269688,44055,44.901894,-93.147064,276,"MN",101,"Quercus","macrocarpa","bur oak","Plantae",371,"Breaking leaf buds",18,"2026-01-01","2026-12-31",2026-05-01,121,2026-05-09,8,1,0
"offset",269695,44055,44.901894,-93.147064,276,"MN",101,"Quercus","macrocarpa","bur oak","Plantae",371,"Breaking leaf buds",13,"2021-01-01","2021-12-31",2021-05-17,137,2021-06-08,22,1,0
"offset",269695,44055,44.901894,-93.147064,276,"MN",101,"Quercus","macrocarpa","bur oak","Plantae",371,"Breaking leaf buds",14,"2022-01-01","2022-12-31",2022-07-27,208,2022-08-01,5,2,0
"offset",269695,44055,44.901894,-93.147064,276,"MN",101,"Quercus","macrocarpa","bur oak","Plantae",371,"Breaking leaf buds",15,"2023-01-01","2023-12-31",2023-05-19,139,2023-05-26,7,1,0
"offset",269695,44055,44.901894,-93.147064,276,"MN",101,"Quercus","macrocarpa","bur oak","Plantae",371,"Breaking leaf buds",16,"2024-01-01","2024-12-31",2024-05-03,124,2024-05-10,7,1,0
"offset",269695,44055,44.901894,-93.147064,276,"MN",101,"Quercus","macrocarpa","bur oak","Plantae",371,"Breaking leaf buds",17,"2025-01-01","2025-12-31",2025-05-09,129,2025-05-15,6,1,0
"offset",269695,44055,44.901894,-93.147064,276,"MN",101,"Quercus","macrocarpa","bur oak","Plantae",371,"Breaking leaf buds",18,"2026-01-01","2026-12-31",2026-05-09,129,2026-05-15,6,1,0
"offset",269695,44055,44.901894,-93.147064,276,"MN",101,"Quercus","macrocarpa","bur oak","Plantae",501,"Open flowers",17,"2025-01-01","2025-12-31",2025-05-15,135,2025-05-23,8,1,0
"offset",269719,44055,44.901894,-93.147064,276,"MN",101,"Quercus","macrocarpa","bur oak","Plantae",371,"Breaking leaf buds",13,"2021-01-01","2021-12-31",2021-05-14,134,2021-05-17,3,1,0
"offset",269719,44055,44.901894,-93.147064,276,"MN",101,"Quercus","macrocarpa","bur oak","Plantae",371,"Breaking leaf buds",14,"2022-01-01","2022-12-31",2022-05-10,130,2022-05-27,17,1,0
"offset",269719,44055,44.901894,-93.147064,276,"MN",101,"Quercus","macrocarpa","bur oak","Plantae",371,"Breaking leaf buds",15,"2023-01-01","2023-12-31",2023-05-26,146,2023-06-02,7,1,0
"offset",269719,44055,44.901894,-93.147064,276,"MN",101,"Quercus","macrocarpa","bur oak","Plantae",371,"Breaking leaf buds",16,"2024-01-01","2024-12-31",2024-05-10,131,2024-05-17,7,1,0
"offset",269719,44055,44.901894,-93.147064,276,"MN",101,"Quercus","macrocarpa","bur oak","Plantae",371,"Breaking leaf buds",17,"2025-01-01","2025-12-31",2025-05-02,122,2025-05-09,7,1,0
"offset",269719,44055,44.901894,-93.147064,276,"MN",101,"Quercus","macrocarpa","bur oak","Plantae",371,"Breaking leaf buds",18,"2026-01-01","2026-12-31",2026-05-01,121,2026-05-09,8,1,0
"offset",270049,44254,44.901379,-93.147896,277,"MN",101,"Quercus","macrocarpa","bur oak","Plantae",371,"Breaking leaf buds",13,"2021-01-01","2021-12-31",2021-05-21,141,2021-06-04,14,1,0
"offset",270049,44254,44.901379,-93.147896,277,"MN",101,"Quercus","macrocarpa","bur oak","Plantae",371,"Breaking leaf buds",14,"2022-01-01","2022-12-31",2022-05-11,131,2022-06-09,29,1,0
"offset",270049,44254,44.901379,-93.147896,277,"MN",101,"Quercus","macrocarpa","bur oak","Plantae",371,"Breaking leaf buds",15,"2023-01-01","2023-12-31",2023-06-05,156,2023-06-12,7,2,0
"offset",270049,44254,44.901379,-93.147896,277,"MN",101,"Quercus","macrocarpa","bur oak","Plantae",371,"Breaking leaf buds",16,"2024-01-01","2024-12-31",2024-05-22,143,2024-05-29,7,2,0
"offset",270049,44254,44.901379,-93.147896,277,"MN",101,"Quercus","macrocarpa","bur oak","Plantae",371,"Breaking leaf buds",17,"2025-01-01","2025-12-31",2025-05-02,122,2025-05-09,7,1,0
"offset",270049,44254,44.901379,-93.147896,277,"MN",101,"Quercus","macrocarpa","bur oak","Plantae",371,"Breaking leaf buds",18,"2026-01-01","2026-12-31",2026-05-08,128,2026-05-22,14,1,0
"offset",270055,44254,44.901379,-93.147896,277,"MN",101,"Quercus","macrocarpa","bur oak","Plantae",371,"Breaking leaf buds",13,"2021-01-01","2021-12-31",2021-05-21,141,2021-06-04,14,1,0
"offset",270055,44254,44.901379,-93.147896,277,"MN",101,"Quercus","macrocarpa","bur oak","Plantae",371,"Breaking leaf buds",14,"2022-01-01","2022-12-31",2022-05-11,131,2022-06-09,29,1,0
"offset",270055,44254,44.901379,-93.147896,277,"MN",101,"Quercus","macrocarpa","bur oak","Plantae",371,"Breaking leaf buds",15,"2023-01-01","2023-12-31",2023-06-05,156,2023-06-12,7,2,0
"offset",270055,44254,44.901379,-93.147896,277,"MN",101,"Quercus","macrocarpa","bur oak","Plantae",371,"Breaking leaf buds",16,"2024-01-01","2024-12-31",2024-05-22,143,2024-05-29,7,2,0
"offset",270055,44254,44.901379,-93.147896,277,"MN",101,"Quercus","macrocarpa","bur oak","Plantae",371,"Breaking leaf buds",17,"2025-01-01","2025-12-31",2025-05-09,129,2025-05-14,5,1,0
"offset",270055,44254,44.901379,-93.147896,277,"MN",101,"Quercus","macrocarpa","bur oak","Plantae",371,"Breaking leaf buds",18,"2026-01-01","2026-12-31",2026-05-08,128,2026-05-22,14,1,0
"offset",270061,44254,44.901379,-93.147896,277,"MN",101,"Quercus","macrocarpa","bur oak","Plantae",371,"Breaking leaf buds",13,"2021-01-01","2021-12-31",2021-05-21,141,2021-06-04,14,1,0
"offset",270061,44254,44.901379,-93.147896,277,"MN",101,"Quercus","macrocarpa","bur oak","Plantae",371,"Breaking leaf buds",14,"2022-01-01","2022-12-31",2022-05-11,131,2022-06-09,29,1,0
"offset",270061,44254,44.901379,-93.147896,277,"MN",101,"Quercus","macrocarpa","bur oak","Plantae",371,"Breaking leaf buds",15,"2023-01-01","2023-12-31",2023-05-25,145,2023-05-30,5,1,0
"offset",270061,44254,44.901379,-93.147896,277,"MN",101,"Quercus","macrocarpa","bur oak","Plantae",371,"Breaking leaf buds",16,"2024-01-01","2024-12-31",2024-05-22,143,2024-05-29,7,2,0
"offset",270061,44254,44.901379,-93.147896,277,"MN",101,"Quercus","macrocarpa","bur oak","Plantae",371,"Breaking leaf buds",17,"2025-01-01","2025-12-31",2025-05-14,134,2025-05-22,8,1,0
"offset",270061,44254,44.901379,-93.147896,277,"MN",101,"Quercus","macrocarpa","bur oak","Plantae",371,"Breaking leaf buds",18,"2026-01-01","2026-12-31",2026-05-08,128,2026-05-22,14,1,0
"offset",270062,44255,44.902611,-93.148041,277,"MN",101,"Quercus","macrocarpa","bur oak","Plantae",371,"Breaking leaf buds",13,"2021-01-01","2021-12-31",2021-05-14,134,2021-05-28,14,1,0
"offset",270062,44255,44.902611,-93.148041,277,"MN",101,"Quercus","macrocarpa","bur oak","Plantae",371,"Breaking leaf buds",14,"2022-01-01","2022-12-31",2022-05-20,140,2022-05-25,5,1,0
"offset",270062,44255,44.902611,-93.148041,277,"MN",101,"Quercus","macrocarpa","bur oak","Plantae",371,"Breaking leaf buds",15,"2023-01-01","2023-12-31",2023-05-19,139,2023-05-27,8,1,0
"offset",270062,44255,44.902611,-93.148041,277,"MN",101,"Quercus","macrocarpa","bur oak","Plantae",371,"Breaking leaf buds",16,"2024-01-01","2024-12-31",2024-07-19,201,2024-07-25,6,3,0
"offset",270062,44255,44.902611,-93.148041,277,"MN",101,"Quercus","macrocarpa","bur oak","Plantae",371,"Breaking leaf buds",17,"2025-01-01","2025-12-31",2025-05-02,122,2025-05-09,7,1,0
"offset",270062,44255,44.902611,-93.148041,277,"MN",101,"Quercus","macrocarpa","bur oak","Plantae",371,"Breaking leaf buds",18,"2026-01-01","2026-12-31",2026-05-15,135,2026-05-22,7,1,0
"offset",270068,44255,44.902611,-93.148041,277,"MN",101,"Quercus","macrocarpa","bur oak","Plantae",371,"Breaking leaf buds",13,"2021-01-01","2021-12-31",2021-05-14,134,2021-05-28,14,2,0
"offset",270068,44255,44.902611,-93.148041,277,"MN",101,"Quercus","macrocarpa","bur oak","Plantae",371,"Breaking leaf buds",14,"2022-01-01","2022-12-31",2022-05-25,145,2022-06-05,11,1,0
"offset",270068,44255,44.902611,-93.148041,277,"MN",101,"Quercus","macrocarpa","bur oak","Plantae",371,"Breaking leaf buds",15,"2023-01-01","2023-12-31",2023-05-19,139,2023-05-27,8,1,0
"offset",270068,44255,44.902611,-93.148041,277,"MN",101,"Quercus","macrocarpa","bur oak","Plantae",371,"Breaking leaf buds",16,"2024-01-01","2024-12-31",2024-05-04,125,2024-05-12,8,1,0
"offset",270068,44255,44.902611,-93.148041,277,"MN",101,"Quercus","macrocarpa","bur oak","Plantae",371,"Breaking leaf buds",17,"2025-01-01","2025-12-31",2025-05-09,129,2025-05-14,5,1,0
"offset",270068,44255,44.902611,-93.148041,277,"MN",101,"Quercus","macrocarpa","bur oak","Plantae",371,"Breaking leaf buds",18,"2026-01-01","2026-12-31",2026-05-08,128,2026-05-15,7,1,0
"offset",270079,44255,44.902611,-93.148041,277,"MN",101,"Quercus","macrocarpa","bur oak","Plantae",371,"Breaking leaf buds",13,"2021-01-01","2021-12-31",2021-04-30,120,2021-05-06,6,1,0
"offset",270079,44255,44.902611,-93.148041,277,"MN",101,"Quercus","macrocarpa","bur oak","Plantae",371,"Breaking leaf buds",14,"2022-01-01","2022-12-31",2022-05-25,145,2022-06-05,11,1,0
"offset",270079,44255,44.902611,-93.148041,277,"MN",101,"Quercus","macrocarpa","bur oak","Plantae",371,"Breaking leaf buds",15,"2023-01-01","2023-12-31",2023-05-19,139,2023-05-27,8,1,0
"offset",270079,44255,44.902611,-93.148041,277,"MN",101,"Quercus","macrocarpa","bur oak","Plantae",371,"Breaking leaf buds",16,"2024-01-01","2024-12-31",2024-07-25,207,2024-07-30,5,2,0
"offset",270079,44255,44.902611,-93.148041,277,"MN",101,"Quercus","macrocarpa","bur oak","Plantae",371,"Breaking leaf buds",17,"2025-01-01","2025-12-31",2025-05-09,129,2025-05-14,5,1,0
"offset",270079,44255,44.902611,-93.148041,277,"MN",101,"Quercus","macrocarpa","bur oak","Plantae",371,"Breaking leaf buds",18,"2026-01-01","2026-12-31",2026-05-15,135,2026-05-22,7,1,0
"offset",270221,44267,43.3592,-89.938103,331,"WI",100,"Quercus","alba","white oak","Plantae",371,"Breaking leaf buds",13,"2021-01-01","2021-12-31",2021-05-25,145,2021-05-29,4,1,0
"offset",270221,44267,43.3592,-89.938103,331,"WI",100,"Quercus","alba","white oak","Plantae",501,"Open flowers",13,"2021-01-01","2021-12-31",2021-05-25,145,2021-05-29,4,1,0
"offset",270551,44267,43.3592,-89.938103,331,"WI",100,"Quercus","alba","white oak","Plantae",371,"Breaking leaf buds",13,"2021-01-01","2021-12-31",2021-05-25,145,2021-05-29,4,1,0
"offset",270551,44267,43.3592,-89.938103,331,"WI",100,"Quercus","alba","white oak","Plantae",501,"Open flowers",13,"2021-01-01","2021-12-31",2021-05-21,141,2021-05-29,8,1,0
"offset",270555,44267,43.3592,-89.938103,331,"WI",100,"Quercus","alba","white oak","Plantae",371,"Breaking leaf buds",13,"2021-01-01","2021-12-31",2021-05-25,145,2021-05-29,4,1,0
"offset",270555,44267,43.3592,-89.938103,331,"WI",100,"Quercus","alba","white oak","Plantae",501,"Open flowers",13,"2021-01-01","2021-12-31",2021-05-21,141,2021-05-29,8,1,0
"offset",270557,44267,43.3592,-89.938103,331,"WI",100,"Quercus","alba","white oak","Plantae",371,"Breaking leaf buds",13,"2021-01-01","2021-12-31",2021-05-25,145,2021-05-29,4,1,0
"offset",270557,44267,43.3592,-89.938103,331,"WI",100,"Quercus","alba","white oak","Plantae",501,"Open flowers",13,"2021-01-01","2021-12-31",2021-05-21,141,2021-05-29,8,1,0
"offset",270561,44267,43.3592,-89.938103,331,"WI",100,"Quercus","alba","white oak","Plantae",371,"Breaking leaf buds",13,"2021-01-01","2021-12-31",2021-05-25,145,2021-05-29,4,1,0
"offset",270566,44267,43.3592,-89.938103,331,"WI",100,"Quercus","alba","white oak","Plantae",371,"Breaking leaf buds",13,"2021-01-01","2021-12-31",2021-05-25,145,2021-05-29,4,1,0
"offset",270568,44267,43.3592,-89.938103,331,"WI",100,"Quercus","alba","white oak","Plantae",371,"Breaking leaf buds",13,"2021-01-01","2021-12-31",2021-05-25,145,2021-05-29,4,1,0
"offset",270570,44267,43.3592,-89.938103,331,"WI",100,"Quercus","alba","white oak","Plantae",371,"Breaking leaf buds",13,"2021-01-01","2021-12-31",2021-05-25,145,2021-05-29,4,1,0
"offset",270572,44267,43.3592,-89.938103,331,"WI",100,"Quercus","alba","white oak","Plantae",371,"Breaking leaf buds",13,"2021-01-01","2021-12-31",2021-05-25,145,2021-05-29,4,1,0
"offset",270574,44267,43.3592,-89.938103,331,"WI",100,"Quercus","alba","white oak","Plantae",371,"Breaking leaf buds",13,"2021-01-01","2021-12-31",2021-05-25,145,2021-05-29,4,1,0
"offset",270679,43781,37.82851,-79.857574,527,"VA",1212,"Quercus","montana","chestnut oak","Plantae",371,"Breaking leaf buds",13,"2021-01-01","2021-12-31",2021-04-25,115,2021-05-02,7,1,0
"offset",270679,43781,37.82851,-79.857574,527,"VA",1212,"Quercus","montana","chestnut oak","Plantae",371,"Breaking leaf buds",14,"2022-01-01","2022-12-31",2022-04-17,107,2022-05-02,15,1,0
"offset",270679,43781,37.82851,-79.857574,527,"VA",1212,"Quercus","montana","chestnut oak","Plantae",501,"Open flowers",13,"2021-01-01","2021-12-31",2021-05-02,122,2021-05-09,7,1,0
"offset",271059,43638,43.379196,-89.867279,373,"WI",100,"Quercus","alba","white oak","Plantae",371,"Breaking leaf buds",13,"2021-01-01","2021-12-31",2021-05-28,148,NA,NA,2,0
"offset",271059,43638,43.379196,-89.867279,373,"WI",100,"Quercus","alba","white oak","Plantae",501,"Open flowers",13,"2021-01-01","2021-12-31",2021-05-23,143,NA,NA,1,0
"offset",271065,43638,43.379196,-89.867279,373,"WI",100,"Quercus","alba","white oak","Plantae",371,"Breaking leaf buds",13,"2021-01-01","2021-12-31",2021-05-27,147,NA,NA,2,0
"offset",271065,43638,43.379196,-89.867279,373,"WI",100,"Quercus","alba","white oak","Plantae",501,"Open flowers",13,"2021-01-01","2021-12-31",2021-05-23,143,NA,NA,1,0
"offset",271073,43638,43.379196,-89.867279,373,"WI",100,"Quercus","alba","white oak","Plantae",371,"Breaking leaf buds",13,"2021-01-01","2021-12-31",2021-05-28,148,NA,NA,2,0
"offset",271073,43638,43.379196,-89.867279,373,"WI",100,"Quercus","alba","white oak","Plantae",501,"Open flowers",13,"2021-01-01","2021-12-31",2021-05-23,143,NA,NA,1,0
"offset",271080,43638,43.379196,-89.867279,373,"WI",100,"Quercus","alba","white oak","Plantae",371,"Breaking leaf buds",13,"2021-01-01","2021-12-31",2021-05-28,148,NA,NA,2,0
"offset",271080,43638,43.379196,-89.867279,373,"WI",100,"Quercus","alba","white oak","Plantae",501,"Open flowers",13,"2021-01-01","2021-12-31",2021-05-23,143,NA,NA,1,0
"offset",271087,43638,43.379196,-89.867279,373,"WI",100,"Quercus","alba","white oak","Plantae",371,"Breaking leaf buds",13,"2021-01-01","2021-12-31",2021-05-28,148,NA,NA,2,0
"offset",271087,43638,43.379196,-89.867279,373,"WI",100,"Quercus","alba","white oak","Plantae",501,"Open flowers",13,"2021-01-01","2021-12-31",2021-05-23,143,NA,NA,1,0
"offset",271093,43638,43.379196,-89.867279,373,"WI",100,"Quercus","alba","white oak","Plantae",371,"Breaking leaf buds",13,"2021-01-01","2021-12-31",2021-05-28,148,NA,NA,2,0
"offset",271093,43638,43.379196,-89.867279,373,"WI",100,"Quercus","alba","white oak","Plantae",501,"Open flowers",13,"2021-01-01","2021-12-31",2021-05-23,143,NA,NA,1,0
"offset",271100,43638,43.379196,-89.867279,373,"WI",100,"Quercus","alba","white oak","Plantae",371,"Breaking leaf buds",13,"2021-01-01","2021-12-31",2021-05-28,148,NA,NA,2,0
"offset",271100,43638,43.379196,-89.867279,373,"WI",100,"Quercus","alba","white oak","Plantae",501,"Open flowers",13,"2021-01-01","2021-12-31",2021-05-23,143,NA,NA,1,0
"offset",271119,43638,43.379196,-89.867279,373,"WI",100,"Quercus","alba","white oak","Plantae",371,"Breaking leaf buds",13,"2021-01-01","2021-12-31",2021-05-28,148,NA,NA,1,0
"offset",271119,43638,43.379196,-89.867279,373,"WI",100,"Quercus","alba","white oak","Plantae",501,"Open flowers",13,"2021-01-01","2021-12-31",2021-05-23,143,NA,NA,1,0
"offset",271193,42298,43.397007,-89.828705,423,"WI",100,"Quercus","alba","white oak","Plantae",371,"Breaking leaf buds",13,"2021-01-01","2021-12-31",2021-05-20,140,2021-05-25,5,1,0
"offset",271193,42298,43.397007,-89.828705,423,"WI",100,"Quercus","alba","white oak","Plantae",501,"Open flowers",13,"2021-01-01","2021-12-31",2021-05-25,145,2021-05-28,3,1,0
"offset",271201,42298,43.397007,-89.828705,423,"WI",100,"Quercus","alba","white oak","Plantae",371,"Breaking leaf buds",13,"2021-01-01","2021-12-31",2021-05-20,140,2021-05-25,5,1,0
"offset",271201,42298,43.397007,-89.828705,423,"WI",100,"Quercus","alba","white oak","Plantae",501,"Open flowers",13,"2021-01-01","2021-12-31",2021-05-25,145,2021-05-28,3,1,0
"offset",271209,42298,43.397007,-89.828705,423,"WI",100,"Quercus","alba","white oak","Plantae",371,"Breaking leaf buds",13,"2021-01-01","2021-12-31",2021-05-20,140,2021-05-25,5,1,0
"offset",271209,42298,43.397007,-89.828705,423,"WI",100,"Quercus","alba","white oak","Plantae",501,"Open flowers",13,"2021-01-01","2021-12-31",2021-05-20,140,2021-05-25,5,1,0
"offset",271217,42298,43.397007,-89.828705,423,"WI",100,"Quercus","alba","white oak","Plantae",371,"Breaking leaf buds",13,"2021-01-01","2021-12-31",2021-05-20,140,2021-05-25,5,1,0
"offset",271217,42298,43.397007,-89.828705,423,"WI",100,"Quercus","alba","white oak","Plantae",501,"Open flowers",13,"2021-01-01","2021-12-31",2021-05-20,140,2021-05-25,5,1,0
"offset",271225,42298,43.397007,-89.828705,423,"WI",100,"Quercus","alba","white oak","Plantae",371,"Breaking leaf buds",13,"2021-01-01","2021-12-31",2021-05-20,140,2021-05-25,5,1,0
"offset",271225,42298,43.397007,-89.828705,423,"WI",100,"Quercus","alba","white oak","Plantae",501,"Open flowers",13,"2021-01-01","2021-12-31",2021-05-20,140,2021-05-25,5,1,0
"offset",271667,44499,39.312363,-94.424652,291,"MO",100,"Quercus","alba","white oak","Plantae",371,"Breaking leaf buds",13,"2021-01-01","2021-12-31",2021-05-22,142,NA,NA,1,0
"offset",271668,44499,39.312363,-94.424652,291,"MO",100,"Quercus","alba","white oak","Plantae",371,"Breaking leaf buds",13,"2021-01-01","2021-12-31",2021-05-21,141,NA,NA,1,0
"offset",275148,44975,35.798145,-78.689934,135,"NC",100,"Quercus","alba","white oak","Plantae",371,"Breaking leaf buds",14,"2022-01-01","2022-12-31",2022-04-20,110,2022-09-06,139,4,0
"offset",275148,44975,35.798145,-78.689934,135,"NC",100,"Quercus","alba","white oak","Plantae",371,"Breaking leaf buds",15,"2023-01-01","2023-12-31",2023-04-11,101,2023-09-05,147,1,0
"offset",275148,44975,35.798145,-78.689934,135,"NC",100,"Quercus","alba","white oak","Plantae",371,"Breaking leaf buds",16,"2024-01-01","2024-12-31",2024-04-01,92,NA,NA,2,0
"offset",275148,44975,35.798145,-78.689934,135,"NC",100,"Quercus","alba","white oak","Plantae",501,"Open flowers",14,"2022-01-01","2022-12-31",2022-04-20,110,2022-09-06,139,3,0
"offset",275148,44975,35.798145,-78.689934,135,"NC",100,"Quercus","alba","white oak","Plantae",501,"Open flowers",16,"2024-01-01","2024-12-31",2024-03-25,85,NA,NA,1,0
"offset",275149,44975,35.798145,-78.689934,135,"NC",100,"Quercus","alba","white oak","Plantae",371,"Breaking leaf buds",13,"2021-01-01","2021-12-31",2021-09-07,250,2021-10-11,34,1,0
"offset",275149,44975,35.798145,-78.689934,135,"NC",100,"Quercus","alba","white oak","Plantae",371,"Breaking leaf buds",14,"2022-01-01","2022-12-31",2022-04-20,110,2023-02-07,293,4,0
"offset",275149,44975,35.798145,-78.689934,135,"NC",100,"Quercus","alba","white oak","Plantae",371,"Breaking leaf buds",15,"2023-01-01","2023-12-31",2023-03-21,80,2023-11-01,225,1,0
"offset",275149,44975,35.798145,-78.689934,135,"NC",100,"Quercus","alba","white oak","Plantae",371,"Breaking leaf buds",16,"2024-01-01","2024-12-31",2024-03-18,78,NA,NA,1,0
"offset",275149,44975,35.798145,-78.689934,135,"NC",100,"Quercus","alba","white oak","Plantae",501,"Open flowers",14,"2022-01-01","2022-12-31",2022-04-20,110,2023-02-07,293,5,0
"offset",275164,44977,35.79924,-78.68914,134,"NC",100,"Quercus","alba","white oak","Plantae",371,"Breaking leaf buds",14,"2022-01-01","2022-12-31",2022-04-14,104,NA,NA,2,0
"offset",275164,44977,35.79924,-78.68914,134,"NC",100,"Quercus","alba","white oak","Plantae",371,"Breaking leaf buds",15,"2023-01-01","2023-12-31",2023-04-06,96,2023-09-05,152,2,0
"offset",275164,44977,35.79924,-78.68914,134,"NC",100,"Quercus","alba","white oak","Plantae",501,"Open flowers",14,"2022-01-01","2022-12-31",2022-04-14,104,2023-01-24,285,1,0
"offset",275164,44977,35.79924,-78.68914,134,"NC",100,"Quercus","alba","white oak","Plantae",501,"Open flowers",15,"2023-01-01","2023-12-31",2023-04-06,96,2023-09-05,152,1,0
"offset",275165,44977,35.79924,-78.68914,134,"NC",100,"Quercus","alba","white oak","Plantae",371,"Breaking leaf buds",14,"2022-01-01","2022-12-31",2022-04-14,104,NA,NA,2,0
"offset",275165,44977,35.79924,-78.68914,134,"NC",100,"Quercus","alba","white oak","Plantae",371,"Breaking leaf buds",15,"2023-01-01","2023-12-31",2023-04-06,96,2023-09-05,152,2,0
"offset",275165,44977,35.79924,-78.68914,134,"NC",100,"Quercus","alba","white oak","Plantae",501,"Open flowers",14,"2022-01-01","2022-12-31",2022-04-14,104,2023-01-24,285,1,0
"offset",275165,44977,35.79924,-78.68914,134,"NC",100,"Quercus","alba","white oak","Plantae",501,"Open flowers",15,"2023-01-01","2023-12-31",2023-04-06,96,2023-09-05,152,1,0
"offset",275166,44977,35.79924,-78.68914,134,"NC",100,"Quercus","alba","white oak","Plantae",371,"Breaking leaf buds",14,"2022-01-01","2022-12-31",2022-04-14,104,NA,NA,1,0
"offset",275166,44977,35.79924,-78.68914,134,"NC",100,"Quercus","alba","white oak","Plantae",371,"Breaking leaf buds",15,"2023-01-01","2023-12-31",2023-04-06,96,2023-09-05,152,2,0
"offset",275166,44977,35.79924,-78.68914,134,"NC",100,"Quercus","alba","white oak","Plantae",501,"Open flowers",14,"2022-01-01","2022-12-31",2022-04-14,104,2023-01-24,285,1,0
"offset",275166,44977,35.79924,-78.68914,134,"NC",100,"Quercus","alba","white oak","Plantae",501,"Open flowers",15,"2023-01-01","2023-12-31",2023-04-06,96,2023-09-05,152,2,0
"offset",275167,44977,35.79924,-78.68914,134,"NC",100,"Quercus","alba","white oak","Plantae",371,"Breaking leaf buds",14,"2022-01-01","2022-12-31",2022-04-14,104,NA,NA,3,0
"offset",275167,44977,35.79924,-78.68914,134,"NC",100,"Quercus","alba","white oak","Plantae",371,"Breaking leaf buds",15,"2023-01-01","2023-12-31",2023-04-06,96,2023-09-05,152,2,0
"offset",275167,44977,35.79924,-78.68914,134,"NC",100,"Quercus","alba","white oak","Plantae",501,"Open flowers",14,"2022-01-01","2022-12-31",2022-04-14,104,2023-01-24,285,1,0
"offset",275167,44977,35.79924,-78.68914,134,"NC",100,"Quercus","alba","white oak","Plantae",501,"Open flowers",15,"2023-01-01","2023-12-31",2023-04-06,96,2023-09-05,152,1,0
"offset",275168,44977,35.79924,-78.68914,134,"NC",100,"Quercus","alba","white oak","Plantae",371,"Breaking leaf buds",14,"2022-01-01","2022-12-31",2022-04-14,104,NA,NA,2,0
"offset",275168,44977,35.79924,-78.68914,134,"NC",100,"Quercus","alba","white oak","Plantae",371,"Breaking leaf buds",15,"2023-01-01","2023-12-31",2023-04-06,96,2023-09-05,152,2,0
"offset",275168,44977,35.79924,-78.68914,134,"NC",100,"Quercus","alba","white oak","Plantae",501,"Open flowers",14,"2022-01-01","2022-12-31",2022-04-14,104,2023-01-24,285,1,0
"offset",275168,44977,35.79924,-78.68914,134,"NC",100,"Quercus","alba","white oak","Plantae",501,"Open flowers",15,"2023-01-01","2023-12-31",2023-04-06,96,2023-09-05,152,2,0
"offset",275180,44979,35.797493,-78.687859,134,"NC",100,"Quercus","alba","white oak","Plantae",371,"Breaking leaf buds",14,"2022-01-01","2022-12-31",2022-04-12,102,2023-01-26,289,3,0
"offset",275180,44979,35.797493,-78.687859,134,"NC",100,"Quercus","alba","white oak","Plantae",371,"Breaking leaf buds",15,"2023-01-01","2023-12-31",2023-03-28,87,2023-04-04,7,3,0
"offset",275180,44979,35.797493,-78.687859,134,"NC",100,"Quercus","alba","white oak","Plantae",501,"Open flowers",14,"2022-01-01","2022-12-31",2022-04-09,99,2022-04-12,3,1,0
"offset",275180,44979,35.797493,-78.687859,134,"NC",100,"Quercus","alba","white oak","Plantae",501,"Open flowers",15,"2023-01-01","2023-12-31",2023-03-28,87,2023-04-04,7,1,0
"offset",275181,44979,35.797493,-78.687859,134,"NC",100,"Quercus","alba","white oak","Plantae",371,"Breaking leaf buds",14,"2022-01-01","2022-12-31",2022-04-05,95,2023-01-26,296,2,0
"offset",275181,44979,35.797493,-78.687859,134,"NC",100,"Quercus","alba","white oak","Plantae",371,"Breaking leaf buds",15,"2023-01-01","2023-12-31",2023-03-28,87,2023-04-04,7,4,0
"offset",275181,44979,35.797493,-78.687859,134,"NC",100,"Quercus","alba","white oak","Plantae",501,"Open flowers",14,"2022-01-01","2022-12-31",2022-04-09,99,2023-01-26,292,2,0
"offset",275181,44979,35.797493,-78.687859,134,"NC",100,"Quercus","alba","white oak","Plantae",501,"Open flowers",15,"2023-01-01","2023-12-31",2023-03-28,87,2023-04-04,7,1,0
"offset",275185,44979,35.797493,-78.687859,134,"NC",1755,"Quercus","stellata","post oak","Plantae",371,"Breaking leaf buds",14,"2022-01-01","2022-12-31",2022-04-12,102,2023-01-26,289,2,0
"offset",275185,44979,35.797493,-78.687859,134,"NC",1755,"Quercus","stellata","post oak","Plantae",371,"Breaking leaf buds",15,"2023-01-01","2023-12-31",2023-03-28,87,2023-04-12,15,3,0
"offset",275185,44979,35.797493,-78.687859,134,"NC",1755,"Quercus","stellata","post oak","Plantae",501,"Open flowers",14,"2022-01-01","2022-12-31",2022-04-05,95,2022-04-12,7,2,0
"offset",275185,44979,35.797493,-78.687859,134,"NC",1755,"Quercus","stellata","post oak","Plantae",501,"Open flowers",15,"2023-01-01","2023-12-31",2023-04-04,94,2023-04-12,8,1,0
"offset",275186,44979,35.797493,-78.687859,134,"NC",1755,"Quercus","stellata","post oak","Plantae",371,"Breaking leaf buds",14,"2022-01-01","2022-12-31",2022-04-05,95,2022-04-09,4,2,0
"offset",275186,44979,35.797493,-78.687859,134,"NC",1755,"Quercus","stellata","post oak","Plantae",371,"Breaking leaf buds",15,"2023-01-01","2023-12-31",2023-04-04,94,2023-04-12,8,4,0
"offset",275186,44979,35.797493,-78.687859,134,"NC",1755,"Quercus","stellata","post oak","Plantae",501,"Open flowers",14,"2022-01-01","2022-12-31",2022-04-05,95,2023-01-26,296,2,0
"offset",275186,44979,35.797493,-78.687859,134,"NC",1755,"Quercus","stellata","post oak","Plantae",501,"Open flowers",15,"2023-01-01","2023-12-31",2023-04-12,102,NA,NA,1,0
"offset",275187,44979,35.797493,-78.687859,134,"NC",1755,"Quercus","stellata","post oak","Plantae",371,"Breaking leaf buds",14,"2022-01-01","2022-12-31",2022-04-12,102,2023-01-26,289,2,0
"offset",275187,44979,35.797493,-78.687859,134,"NC",1755,"Quercus","stellata","post oak","Plantae",371,"Breaking leaf buds",15,"2023-01-01","2023-12-31",2023-04-04,94,2023-04-12,8,4,0
"offset",275187,44979,35.797493,-78.687859,134,"NC",1755,"Quercus","stellata","post oak","Plantae",501,"Open flowers",14,"2022-01-01","2022-12-31",2022-04-05,95,2023-01-26,296,1,0
"offset",275187,44979,35.797493,-78.687859,134,"NC",1755,"Quercus","stellata","post oak","Plantae",501,"Open flowers",15,"2023-01-01","2023-12-31",2023-04-12,102,NA,NA,2,0
"offset",275190,44980,35.796516,-78.688103,134,"NC",1755,"Quercus","stellata","post oak","Plantae",371,"Breaking leaf buds",14,"2022-01-01","2022-12-31",2022-04-16,106,NA,NA,2,0
"offset",275190,44980,35.796516,-78.688103,134,"NC",1755,"Quercus","stellata","post oak","Plantae",501,"Open flowers",14,"2022-01-01","2022-12-31",2022-04-01,91,NA,NA,3,0
"offset",275191,44980,35.796516,-78.688103,134,"NC",1755,"Quercus","stellata","post oak","Plantae",371,"Breaking leaf buds",14,"2022-01-01","2022-12-31",2022-04-16,106,NA,NA,1,0
"offset",275191,44980,35.796516,-78.688103,134,"NC",1755,"Quercus","stellata","post oak","Plantae",501,"Open flowers",14,"2022-01-01","2022-12-31",2022-04-01,91,NA,NA,3,0
"offset",275192,44980,35.796516,-78.688103,134,"NC",1755,"Quercus","stellata","post oak","Plantae",371,"Breaking leaf buds",14,"2022-01-01","2022-12-31",2022-04-16,106,NA,NA,2,0
"offset",275192,44980,35.796516,-78.688103,134,"NC",1755,"Quercus","stellata","post oak","Plantae",501,"Open flowers",14,"2022-01-01","2022-12-31",2022-04-01,91,NA,NA,2,0
"offset",275193,44980,35.796516,-78.688103,134,"NC",1755,"Quercus","stellata","post oak","Plantae",371,"Breaking leaf buds",14,"2022-01-01","2022-12-31",2022-04-16,106,NA,NA,2,0
"offset",275193,44980,35.796516,-78.688103,134,"NC",1755,"Quercus","stellata","post oak","Plantae",501,"Open flowers",14,"2022-01-01","2022-12-31",2022-04-01,91,NA,NA,2,0
"offset",275194,44980,35.796516,-78.688103,134,"NC",1755,"Quercus","stellata","post oak","Plantae",371,"Breaking leaf buds",14,"2022-01-01","2022-12-31",2022-04-16,106,NA,NA,2,0
"offset",275194,44980,35.796516,-78.688103,134,"NC",1755,"Quercus","stellata","post oak","Plantae",501,"Open flowers",14,"2022-01-01","2022-12-31",2022-04-08,98,NA,NA,2,0
"offset",275202,44981,35.796909,-78.688995,135,"NC",1755,"Quercus","stellata","post oak","Plantae",371,"Breaking leaf buds",14,"2022-01-01","2022-12-31",2022-04-08,98,2022-09-06,151,1,0
"offset",275202,44981,35.796909,-78.688995,135,"NC",1755,"Quercus","stellata","post oak","Plantae",371,"Breaking leaf buds",15,"2023-01-01","2023-12-31",2023-04-12,102,2023-09-26,167,3,0
"offset",275202,44981,35.796909,-78.688995,135,"NC",1755,"Quercus","stellata","post oak","Plantae",501,"Open flowers",14,"2022-01-01","2022-12-31",2022-04-08,98,2022-09-06,151,1,0
"offset",275202,44981,35.796909,-78.688995,135,"NC",1755,"Quercus","stellata","post oak","Plantae",501,"Open flowers",15,"2023-01-01","2023-12-31",2023-04-10,100,2023-04-12,2,2,0
"offset",275203,44981,35.796909,-78.688995,135,"NC",1755,"Quercus","stellata","post oak","Plantae",371,"Breaking leaf buds",14,"2022-01-01","2022-12-31",2022-04-08,98,2022-09-06,151,1,0
"offset",275203,44981,35.796909,-78.688995,135,"NC",1755,"Quercus","stellata","post oak","Plantae",371,"Breaking leaf buds",15,"2023-01-01","2023-12-31",2023-04-12,102,2023-09-26,167,3,0
"offset",275203,44981,35.796909,-78.688995,135,"NC",1755,"Quercus","stellata","post oak","Plantae",501,"Open flowers",14,"2022-01-01","2022-12-31",2022-04-08,98,2022-09-06,151,1,0
"offset",275203,44981,35.796909,-78.688995,135,"NC",1755,"Quercus","stellata","post oak","Plantae",501,"Open flowers",15,"2023-01-01","2023-12-31",2023-04-10,100,2023-04-12,2,2,0
"offset",275204,44981,35.796909,-78.688995,135,"NC",1755,"Quercus","stellata","post oak","Plantae",371,"Breaking leaf buds",14,"2022-01-01","2022-12-31",2022-04-08,98,2022-09-06,151,1,0
"offset",275204,44981,35.796909,-78.688995,135,"NC",1755,"Quercus","stellata","post oak","Plantae",371,"Breaking leaf buds",15,"2023-01-01","2023-12-31",2023-04-12,102,2023-09-26,167,2,0
"offset",275204,44981,35.796909,-78.688995,135,"NC",1755,"Quercus","stellata","post oak","Plantae",501,"Open flowers",14,"2022-01-01","2022-12-31",2022-04-08,98,2022-09-06,151,1,0
"offset",275204,44981,35.796909,-78.688995,135,"NC",1755,"Quercus","stellata","post oak","Plantae",501,"Open flowers",15,"2023-01-01","2023-12-31",2023-04-10,100,2023-04-12,2,2,0
"offset",275205,44981,35.796909,-78.688995,135,"NC",1755,"Quercus","stellata","post oak","Plantae",371,"Breaking leaf buds",14,"2022-01-01","2022-12-31",2022-04-08,98,2022-09-06,151,1,0
"offset",275205,44981,35.796909,-78.688995,135,"NC",1755,"Quercus","stellata","post oak","Plantae",371,"Breaking leaf buds",15,"2023-01-01","2023-12-31",2023-04-12,102,2023-09-26,167,3,0
"offset",275205,44981,35.796909,-78.688995,135,"NC",1755,"Quercus","stellata","post oak","Plantae",501,"Open flowers",14,"2022-01-01","2022-12-31",2022-04-08,98,2022-09-06,151,1,0
"offset",275205,44981,35.796909,-78.688995,135,"NC",1755,"Quercus","stellata","post oak","Plantae",501,"Open flowers",15,"2023-01-01","2023-12-31",2023-04-10,100,2023-04-12,2,2,0
"offset",275206,44981,35.796909,-78.688995,135,"NC",1755,"Quercus","stellata","post oak","Plantae",371,"Breaking leaf buds",14,"2022-01-01","2022-12-31",2022-04-08,98,2022-09-06,151,1,0
"offset",275206,44981,35.796909,-78.688995,135,"NC",1755,"Quercus","stellata","post oak","Plantae",371,"Breaking leaf buds",15,"2023-01-01","2023-12-31",2023-04-12,102,2023-09-26,167,3,0
"offset",275206,44981,35.796909,-78.688995,135,"NC",1755,"Quercus","stellata","post oak","Plantae",501,"Open flowers",14,"2022-01-01","2022-12-31",2022-04-08,98,2022-09-06,151,1,0
"offset",275206,44981,35.796909,-78.688995,135,"NC",1755,"Quercus","stellata","post oak","Plantae",501,"Open flowers",15,"2023-01-01","2023-12-31",2023-04-10,100,2023-04-12,2,2,0
"offset",275207,44981,35.796909,-78.688995,135,"NC",1755,"Quercus","stellata","post oak","Plantae",371,"Breaking leaf buds",14,"2022-01-01","2022-12-31",2022-04-08,98,2022-09-06,151,1,0
"offset",275207,44981,35.796909,-78.688995,135,"NC",1755,"Quercus","stellata","post oak","Plantae",371,"Breaking leaf buds",15,"2023-01-01","2023-12-31",2023-04-12,102,2023-09-26,167,2,0
"offset",275207,44981,35.796909,-78.688995,135,"NC",1755,"Quercus","stellata","post oak","Plantae",501,"Open flowers",14,"2022-01-01","2022-12-31",2022-04-08,98,2022-09-06,151,1,0
"offset",275207,44981,35.796909,-78.688995,135,"NC",1755,"Quercus","stellata","post oak","Plantae",501,"Open flowers",15,"2023-01-01","2023-12-31",2023-04-10,100,2023-04-12,2,2,0
"offset",275208,44978,35.799301,-78.68824,133,"NC",1755,"Quercus","stellata","post oak","Plantae",371,"Breaking leaf buds",14,"2022-01-01","2022-12-31",2022-09-21,264,2022-09-22,1,4,0
"offset",275208,44978,35.799301,-78.68824,133,"NC",1755,"Quercus","stellata","post oak","Plantae",371,"Breaking leaf buds",16,"2024-01-01","2024-12-31",2024-04-11,102,2024-04-12,1,3,0
"offset",275208,44978,35.799301,-78.68824,133,"NC",1755,"Quercus","stellata","post oak","Plantae",501,"Open flowers",14,"2022-01-01","2022-12-31",2022-04-17,107,2022-04-18,1,3,0
"offset",275208,44978,35.799301,-78.68824,133,"NC",1755,"Quercus","stellata","post oak","Plantae",501,"Open flowers",16,"2024-01-01","2024-12-31",2024-02-29,60,2024-03-01,1,1,0
"offset",275684,44975,35.798145,-78.689934,135,"NC",1755,"Quercus","stellata","post oak","Plantae",371,"Breaking leaf buds",14,"2022-01-01","2022-12-31",2022-04-20,110,2022-09-06,139,2,0
"offset",275684,44975,35.798145,-78.689934,135,"NC",1755,"Quercus","stellata","post oak","Plantae",371,"Breaking leaf buds",15,"2023-01-01","2023-12-31",2023-04-11,101,2023-09-05,147,1,0
"offset",275684,44975,35.798145,-78.689934,135,"NC",1755,"Quercus","stellata","post oak","Plantae",371,"Breaking leaf buds",16,"2024-01-01","2024-12-31",2024-04-01,92,NA,NA,3,0
"offset",275684,44975,35.798145,-78.689934,135,"NC",1755,"Quercus","stellata","post oak","Plantae",501,"Open flowers",14,"2022-01-01","2022-12-31",2022-04-20,110,2022-09-06,139,6,0
"offset",275684,44975,35.798145,-78.689934,135,"NC",1755,"Quercus","stellata","post oak","Plantae",501,"Open flowers",16,"2024-01-01","2024-12-31",2024-04-01,92,NA,NA,2,0
"offset",276061,45193,45.059395,-93.163467,280,"MN",100,"Quercus","alba","white oak","Plantae",371,"Breaking leaf buds",14,"2022-01-01","2022-12-31",2022-04-21,111,NA,NA,1,0
"offset",276064,45193,45.059395,-93.163467,280,"MN",100,"Quercus","alba","white oak","Plantae",371,"Breaking leaf buds",14,"2022-01-01","2022-12-31",2022-04-21,111,NA,NA,1,0
"offset",276066,45193,45.059395,-93.163467,280,"MN",100,"Quercus","alba","white oak","Plantae",371,"Breaking leaf buds",14,"2022-01-01","2022-12-31",2022-04-21,111,NA,NA,1,0
"offset",276068,45193,45.059395,-93.163467,280,"MN",100,"Quercus","alba","white oak","Plantae",371,"Breaking leaf buds",14,"2022-01-01","2022-12-31",2022-04-21,111,NA,NA,1,0
"offset",276892,45383,37.991146,-81.148392,601,"WV",100,"Quercus","alba","white oak","Plantae",371,"Breaking leaf buds",13,"2021-01-01","2021-12-31",2021-09-29,272,2021-10-15,16,1,0
"offset",277300,45412,37.991146,-81.148392,601,"WV",100,"Quercus","alba","white oak","Plantae",371,"Breaking leaf buds",13,"2021-01-01","2021-12-31",2021-10-20,293,2021-10-22,2,4,0
"offset",277300,45412,37.991146,-81.148392,601,"WV",100,"Quercus","alba","white oak","Plantae",371,"Breaking leaf buds",14,"2022-01-01","2022-12-31",2022-05-03,123,NA,NA,2,0
"offset",277300,45412,37.991146,-81.148392,601,"WV",100,"Quercus","alba","white oak","Plantae",501,"Open flowers",13,"2021-01-01","2021-12-31",2021-10-15,288,2021-10-19,4,1,0
"offset",277817,45473,44.852238,-92.6147,299,"WI",100,"Quercus","alba","white oak","Plantae",371,"Breaking leaf buds",13,"2021-01-01","2021-12-31",2021-11-16,320,2021-11-30,14,1,0
"offset",278514,45609,35.751419,-78.690933,121,"NC",100,"Quercus","alba","white oak","Plantae",371,"Breaking leaf buds",13,"2021-01-01","2021-12-31",2021-11-18,322,NA,NA,1,0
"offset",278549,45529,41.363132,-85.21489,284,"IN",100,"Quercus","alba","white oak","Plantae",371,"Breaking leaf buds",14,"2022-01-01","2022-12-31",2022-05-17,137,2022-09-09,115,1,0
"offset",278549,45529,41.363132,-85.21489,284,"IN",100,"Quercus","alba","white oak","Plantae",371,"Breaking leaf buds",15,"2023-01-01","2023-12-31",2023-04-20,110,NA,NA,1,0
"offset",278862,45492,35.796463,-78.691086,136,"NC",100,"Quercus","alba","white oak","Plantae",371,"Breaking leaf buds",13,"2021-01-01","2021-12-31",2021-10-08,281,2021-10-22,14,1,0
"offset",280640,45921,35.565289,-82.489777,665,"NC",1212,"Quercus","montana","chestnut oak","Plantae",371,"Breaking leaf buds",14,"2022-01-01","2022-12-31",2022-04-17,107,NA,NA,1,0
"offset",280640,45921,35.565289,-82.489777,665,"NC",1212,"Quercus","montana","chestnut oak","Plantae",501,"Open flowers",14,"2022-01-01","2022-12-31",2022-04-17,107,NA,NA,1,0
"offset",281536,45924,35.005711,-80.673264,185,"NC",1755,"Quercus","stellata","post oak","Plantae",371,"Breaking leaf buds",14,"2022-01-01","2022-12-31",2022-04-15,105,2022-10-24,192,1,0
"offset",281536,45924,35.005711,-80.673264,185,"NC",1755,"Quercus","stellata","post oak","Plantae",371,"Breaking leaf buds",15,"2023-01-01","2023-12-31",2023-03-28,87,NA,NA,1,0
"offset",281536,45924,35.005711,-80.673264,185,"NC",1755,"Quercus","stellata","post oak","Plantae",501,"Open flowers",14,"2022-01-01","2022-12-31",2022-04-15,105,2022-10-24,192,1,0
"offset",281536,45924,35.005711,-80.673264,185,"NC",1755,"Quercus","stellata","post oak","Plantae",501,"Open flowers",15,"2023-01-01","2023-12-31",2023-03-28,87,NA,NA,1,0
"offset",281562,5431,35.517879,-82.469681,823,"NC",1212,"Quercus","montana","chestnut oak","Plantae",371,"Breaking leaf buds",14,"2022-01-01","2022-12-31",2022-04-27,117,2022-10-25,181,1,0
"offset",281562,5431,35.517879,-82.469681,823,"NC",1212,"Quercus","montana","chestnut oak","Plantae",371,"Breaking leaf buds",15,"2023-01-01","2023-12-31",2023-04-25,115,2023-05-04,9,1,0
"offset",281562,5431,35.517879,-82.469681,823,"NC",1212,"Quercus","montana","chestnut oak","Plantae",501,"Open flowers",15,"2023-01-01","2023-12-31",2023-05-09,129,2023-06-05,27,1,0
"offset",282242,45133,28.05781,-82.424004,13,"FL",297,"Quercus","geminata","sand live oak","Plantae",371,"Breaking leaf buds",14,"2022-01-01","2022-12-31",2022-02-28,59,2022-03-21,21,1,0
"offset",282316,46162,42.027802,-86.533638,193,"MI",101,"Quercus","macrocarpa","bur oak","Plantae",371,"Breaking leaf buds",14,"2022-01-01","2022-12-31",2022-05-07,127,2022-05-16,9,1,0
"offset",282321,46163,42.027744,-86.533615,193,"MI",101,"Quercus","macrocarpa","bur oak","Plantae",371,"Breaking leaf buds",14,"2022-01-01","2022-12-31",2022-05-07,127,2022-05-16,9,1,0
"offset",282321,46163,42.027744,-86.533615,193,"MI",101,"Quercus","macrocarpa","bur oak","Plantae",501,"Open flowers",14,"2022-01-01","2022-12-31",2022-05-16,136,NA,NA,1,0
"offset",282406,44896,42.901127,-100.465729,777,"NE",101,"Quercus","macrocarpa","bur oak","Plantae",371,"Breaking leaf buds",15,"2023-01-01","2023-12-31",2023-10-26,299,2023-11-10,15,1,0
"offset",282824,45591,44.852348,-92.631477,285,"WI",101,"Quercus","macrocarpa","bur oak","Plantae",371,"Breaking leaf buds",13,"2021-01-01","2021-12-31",2021-11-30,334,2021-12-06,6,1,0
"offset",285546,46542,39.320232,-86.410049,253,"IN",100,"Quercus","alba","white oak","Plantae",371,"Breaking leaf buds",15,"2023-01-01","2023-12-31",2023-03-30,89,2023-04-06,7,1,0
"offset",285547,46542,39.320232,-86.410049,253,"IN",100,"Quercus","alba","white oak","Plantae",371,"Breaking leaf buds",15,"2023-01-01","2023-12-31",2023-03-30,89,2023-04-06,7,1,0
"offset",285548,46542,39.320232,-86.410049,253,"IN",100,"Quercus","alba","white oak","Plantae",371,"Breaking leaf buds",15,"2023-01-01","2023-12-31",2023-03-30,89,2023-04-06,7,1,0
"offset",285550,46542,39.320232,-86.410049,253,"IN",100,"Quercus","alba","white oak","Plantae",371,"Breaking leaf buds",15,"2023-01-01","2023-12-31",2023-03-30,89,2023-04-06,7,1,0
"offset",285923,46683,40.494106,-74.515701,30,"NJ",100,"Quercus","alba","white oak","Plantae",371,"Breaking leaf buds",14,"2022-01-01","2022-12-31",2022-04-30,120,NA,NA,1,0
"offset",285935,41802,39.910755,-86.424187,287,"IN",100,"Quercus","alba","white oak","Plantae",371,"Breaking leaf buds",14,"2022-01-01","2022-12-31",2022-05-11,131,2022-05-19,8,1,0
"offset",285935,41802,39.910755,-86.424187,287,"IN",100,"Quercus","alba","white oak","Plantae",371,"Breaking leaf buds",15,"2023-01-01","2023-12-31",2023-04-25,115,2023-05-17,22,1,0
"offset",285935,41802,39.910755,-86.424187,287,"IN",100,"Quercus","alba","white oak","Plantae",371,"Breaking leaf buds",16,"2024-01-01","2024-12-31",2024-04-23,114,NA,NA,1,0
"offset",286034,46705,27.716299,-82.6903,1,"FL",305,"Quercus","virginiana","live oak","Plantae",371,"Breaking leaf buds",14,"2022-01-01","2022-12-31",2022-02-12,43,NA,NA,1,0
"offset",286034,46705,27.716299,-82.6903,1,"FL",305,"Quercus","virginiana","live oak","Plantae",501,"Open flowers",14,"2022-01-01","2022-12-31",2022-02-12,43,NA,NA,1,0
"offset",286064,46712,33.433224,-79.121429,2,"SC",305,"Quercus","virginiana","live oak","Plantae",371,"Breaking leaf buds",14,"2022-01-01","2022-12-31",2022-03-27,86,2022-04-11,15,2,0
"offset",286064,46712,33.433224,-79.121429,2,"SC",305,"Quercus","virginiana","live oak","Plantae",501,"Open flowers",14,"2022-01-01","2022-12-31",2022-04-11,101,2022-04-30,19,1,0
"offset",286065,46712,33.433224,-79.121429,2,"SC",305,"Quercus","virginiana","live oak","Plantae",371,"Breaking leaf buds",14,"2022-01-01","2022-12-31",2022-04-11,101,2022-04-30,19,1,0
"offset",286065,46712,33.433224,-79.121429,2,"SC",305,"Quercus","virginiana","live oak","Plantae",501,"Open flowers",14,"2022-01-01","2022-12-31",2022-04-11,101,2022-04-30,19,1,0
"offset",286066,46712,33.433224,-79.121429,2,"SC",305,"Quercus","virginiana","live oak","Plantae",371,"Breaking leaf buds",14,"2022-01-01","2022-12-31",2022-03-27,86,2022-04-11,15,2,0
"offset",286066,46712,33.433224,-79.121429,2,"SC",305,"Quercus","virginiana","live oak","Plantae",501,"Open flowers",14,"2022-01-01","2022-12-31",2022-04-11,101,2022-04-30,19,1,0
"offset",286082,46713,33.509758,-79.063377,5,"SC",305,"Quercus","virginiana","live oak","Plantae",371,"Breaking leaf buds",14,"2022-01-01","2022-12-31",2022-03-30,89,2022-04-06,7,1,0
"offset",286082,46713,33.509758,-79.063377,5,"SC",305,"Quercus","virginiana","live oak","Plantae",501,"Open flowers",14,"2022-01-01","2022-12-31",2022-04-06,96,2022-05-04,28,1,0
"offset",286083,46713,33.509758,-79.063377,5,"SC",305,"Quercus","virginiana","live oak","Plantae",371,"Breaking leaf buds",14,"2022-01-01","2022-12-31",2022-03-30,89,2022-04-06,7,1,0
"offset",286083,46713,33.509758,-79.063377,5,"SC",305,"Quercus","virginiana","live oak","Plantae",501,"Open flowers",14,"2022-01-01","2022-12-31",2022-04-06,96,2022-05-04,28,2,0
"offset",286084,46713,33.509758,-79.063377,5,"SC",305,"Quercus","virginiana","live oak","Plantae",371,"Breaking leaf buds",14,"2022-01-01","2022-12-31",2022-03-30,89,2022-04-06,7,2,0
"offset",286084,46713,33.509758,-79.063377,5,"SC",305,"Quercus","virginiana","live oak","Plantae",501,"Open flowers",14,"2022-01-01","2022-12-31",2022-04-06,96,2022-05-04,28,2,0
"offset",286156,46632,35.79995,-78.688179,133,"NC",1755,"Quercus","stellata","post oak","Plantae",371,"Breaking leaf buds",14,"2022-01-01","2022-12-31",2022-03-28,87,NA,NA,1,0
"offset",286156,46632,35.79995,-78.688179,133,"NC",1755,"Quercus","stellata","post oak","Plantae",501,"Open flowers",14,"2022-01-01","2022-12-31",2022-03-28,87,NA,NA,1,0
"offset",286157,46632,35.79995,-78.688179,133,"NC",1755,"Quercus","stellata","post oak","Plantae",371,"Breaking leaf buds",14,"2022-01-01","2022-12-31",2022-03-28,87,NA,NA,1,0
"offset",286157,46632,35.79995,-78.688179,133,"NC",1755,"Quercus","stellata","post oak","Plantae",501,"Open flowers",14,"2022-01-01","2022-12-31",2022-03-28,87,NA,NA,1,0
"offset",286158,46632,35.79995,-78.688179,133,"NC",1755,"Quercus","stellata","post oak","Plantae",371,"Breaking leaf buds",14,"2022-01-01","2022-12-31",2022-03-09,68,NA,NA,1,0
"offset",286158,46632,35.79995,-78.688179,133,"NC",1755,"Quercus","stellata","post oak","Plantae",501,"Open flowers",14,"2022-01-01","2022-12-31",2022-03-28,87,NA,NA,1,0
"offset",286159,46632,35.79995,-78.688179,133,"NC",1755,"Quercus","stellata","post oak","Plantae",371,"Breaking leaf buds",14,"2022-01-01","2022-12-31",2022-03-09,68,NA,NA,1,0
"offset",286159,46632,35.79995,-78.688179,133,"NC",1755,"Quercus","stellata","post oak","Plantae",501,"Open flowers",14,"2022-01-01","2022-12-31",2022-03-28,87,NA,NA,1,0
"offset",286160,46632,35.79995,-78.688179,133,"NC",1755,"Quercus","stellata","post oak","Plantae",371,"Breaking leaf buds",14,"2022-01-01","2022-12-31",2022-03-28,87,NA,NA,1,0
"offset",286164,46593,35.799,-78.6884,133,"NC",1755,"Quercus","stellata","post oak","Plantae",371,"Breaking leaf buds",14,"2022-01-01","2022-12-31",2022-04-13,103,NA,NA,1,0
"offset",286164,46593,35.799,-78.6884,133,"NC",1755,"Quercus","stellata","post oak","Plantae",501,"Open flowers",14,"2022-01-01","2022-12-31",2022-04-13,103,NA,NA,2,0
"offset",286165,46593,35.799,-78.6884,133,"NC",1755,"Quercus","stellata","post oak","Plantae",371,"Breaking leaf buds",14,"2022-01-01","2022-12-31",2022-04-13,103,NA,NA,2,0
"offset",286165,46593,35.799,-78.6884,133,"NC",1755,"Quercus","stellata","post oak","Plantae",501,"Open flowers",14,"2022-01-01","2022-12-31",2022-04-13,103,NA,NA,1,0
"offset",286166,46593,35.799,-78.6884,133,"NC",1755,"Quercus","stellata","post oak","Plantae",371,"Breaking leaf buds",14,"2022-01-01","2022-12-31",2022-04-13,103,NA,NA,1,0
"offset",286166,46593,35.799,-78.6884,133,"NC",1755,"Quercus","stellata","post oak","Plantae",501,"Open flowers",14,"2022-01-01","2022-12-31",2022-04-13,103,NA,NA,1,0
"offset",286167,46593,35.799,-78.6884,133,"NC",1755,"Quercus","stellata","post oak","Plantae",371,"Breaking leaf buds",14,"2022-01-01","2022-12-31",2022-04-13,103,NA,NA,1,0
"offset",286167,46593,35.799,-78.6884,133,"NC",1755,"Quercus","stellata","post oak","Plantae",501,"Open flowers",14,"2022-01-01","2022-12-31",2022-04-13,103,NA,NA,1,0
"offset",286168,46593,35.799,-78.6884,133,"NC",1755,"Quercus","stellata","post oak","Plantae",371,"Breaking leaf buds",14,"2022-01-01","2022-12-31",2022-04-13,103,NA,NA,2,0
"offset",286168,46593,35.799,-78.6884,133,"NC",1755,"Quercus","stellata","post oak","Plantae",501,"Open flowers",14,"2022-01-01","2022-12-31",2022-04-13,103,NA,NA,2,0
"offset",286169,46593,35.799,-78.6884,133,"NC",1755,"Quercus","stellata","post oak","Plantae",371,"Breaking leaf buds",14,"2022-01-01","2022-12-31",2022-04-13,103,NA,NA,2,0
"offset",286169,46593,35.799,-78.6884,133,"NC",1755,"Quercus","stellata","post oak","Plantae",501,"Open flowers",14,"2022-01-01","2022-12-31",2022-04-13,103,NA,NA,1,0
"offset",286249,46745,27.713198,-82.686348,1,"FL",305,"Quercus","virginiana","live oak","Plantae",371,"Breaking leaf buds",14,"2022-01-01","2022-12-31",2022-02-12,43,NA,NA,1,0
"offset",286251,46745,27.713198,-82.686348,1,"FL",305,"Quercus","virginiana","live oak","Plantae",371,"Breaking leaf buds",14,"2022-01-01","2022-12-31",2022-02-12,43,NA,NA,1,0
"offset",286251,46745,27.713198,-82.686348,1,"FL",305,"Quercus","virginiana","live oak","Plantae",501,"Open flowers",14,"2022-01-01","2022-12-31",2022-02-12,43,NA,NA,1,0
"offset",286252,46745,27.713198,-82.686348,1,"FL",305,"Quercus","virginiana","live oak","Plantae",371,"Breaking leaf buds",14,"2022-01-01","2022-12-31",2022-02-12,43,NA,NA,1,0
"offset",286252,46745,27.713198,-82.686348,1,"FL",305,"Quercus","virginiana","live oak","Plantae",501,"Open flowers",14,"2022-01-01","2022-12-31",2022-02-12,43,NA,NA,1,0
"offset",286508,46541,39.148186,-86.393646,175,"IN",100,"Quercus","alba","white oak","Plantae",371,"Breaking leaf buds",15,"2023-01-01","2023-12-31",2023-04-04,94,2023-04-06,2,1,0
"offset",286543,46541,39.148186,-86.393646,175,"IN",100,"Quercus","alba","white oak","Plantae",371,"Breaking leaf buds",15,"2023-01-01","2023-12-31",2023-04-04,94,2023-04-06,2,1,0
"offset",287198,46771,27.714729,-82.686462,1,"FL",305,"Quercus","virginiana","live oak","Plantae",501,"Open flowers",14,"2022-01-01","2022-12-31",2022-02-13,44,NA,NA,1,0
"offset",287204,46771,27.714729,-82.686462,1,"FL",305,"Quercus","virginiana","live oak","Plantae",371,"Breaking leaf buds",14,"2022-01-01","2022-12-31",2022-02-13,44,NA,NA,1,0
"offset",287204,46771,27.714729,-82.686462,1,"FL",305,"Quercus","virginiana","live oak","Plantae",501,"Open flowers",14,"2022-01-01","2022-12-31",2022-02-13,44,NA,NA,1,0
"offset",287226,46826,27.718132,-82.687073,1,"FL",305,"Quercus","virginiana","live oak","Plantae",371,"Breaking leaf buds",14,"2022-01-01","2022-12-31",2022-02-14,45,NA,NA,1,0
"offset",287228,46715,33.352726,-79.195641,16,"SC",305,"Quercus","virginiana","live oak","Plantae",371,"Breaking leaf buds",14,"2022-01-01","2022-12-31",2022-05-04,124,NA,NA,1,0
"offset",287229,46715,33.352726,-79.195641,16,"SC",305,"Quercus","virginiana","live oak","Plantae",371,"Breaking leaf buds",14,"2022-01-01","2022-12-31",2022-04-13,103,2022-05-04,21,1,0
"offset",287230,46715,33.352726,-79.195641,16,"SC",305,"Quercus","virginiana","live oak","Plantae",371,"Breaking leaf buds",14,"2022-01-01","2022-12-31",2022-04-13,103,2022-05-04,21,1,0
"offset",287244,46515,35.79995,-78.688179,133,"NC",1755,"Quercus","stellata","post oak","Plantae",501,"Open flowers",14,"2022-01-01","2022-12-31",2022-04-11,101,NA,NA,1,0
"offset",287245,46515,35.79995,-78.688179,133,"NC",1755,"Quercus","stellata","post oak","Plantae",501,"Open flowers",14,"2022-01-01","2022-12-31",2022-04-15,105,NA,NA,1,0
"offset",287247,46515,35.79995,-78.688179,133,"NC",1755,"Quercus","stellata","post oak","Plantae",371,"Breaking leaf buds",14,"2022-01-01","2022-12-31",2022-04-11,101,NA,NA,1,0
"offset",287247,46515,35.79995,-78.688179,133,"NC",1755,"Quercus","stellata","post oak","Plantae",501,"Open flowers",14,"2022-01-01","2022-12-31",2022-04-15,105,NA,NA,1,0
"offset",287248,46515,35.79995,-78.688179,133,"NC",1755,"Quercus","stellata","post oak","Plantae",371,"Breaking leaf buds",14,"2022-01-01","2022-12-31",2022-04-15,105,NA,NA,1,0
"offset",287248,46515,35.79995,-78.688179,133,"NC",1755,"Quercus","stellata","post oak","Plantae",501,"Open flowers",14,"2022-01-01","2022-12-31",2022-04-15,105,NA,NA,1,0
"offset",287249,46515,35.79995,-78.688179,133,"NC",1755,"Quercus","stellata","post oak","Plantae",371,"Breaking leaf buds",14,"2022-01-01","2022-12-31",2022-04-11,101,NA,NA,1,0
"offset",287249,46515,35.79995,-78.688179,133,"NC",1755,"Quercus","stellata","post oak","Plantae",501,"Open flowers",14,"2022-01-01","2022-12-31",2022-04-11,101,2022-04-15,4,1,0
"offset",287283,46539,32.221619,-110.95723,738,"AZ",305,"Quercus","virginiana","live oak","Plantae",371,"Breaking leaf buds",14,"2022-01-01","2022-12-31",2022-04-03,93,2022-04-10,7,1,0
"offset",287624,46931,35.79995,-78.688179,133,"NC",1755,"Quercus","stellata","post oak","Plantae",371,"Breaking leaf buds",14,"2022-01-01","2022-12-31",2022-04-08,98,NA,NA,1,0
"offset",287624,46931,35.79995,-78.688179,133,"NC",1755,"Quercus","stellata","post oak","Plantae",501,"Open flowers",14,"2022-01-01","2022-12-31",2022-04-08,98,NA,NA,1,0
"offset",287633,46931,35.79995,-78.688179,133,"NC",100,"Quercus","alba","white oak","Plantae",371,"Breaking leaf buds",14,"2022-01-01","2022-12-31",2022-04-08,98,NA,NA,1,0
"offset",287633,46931,35.79995,-78.688179,133,"NC",100,"Quercus","alba","white oak","Plantae",501,"Open flowers",14,"2022-01-01","2022-12-31",2022-04-08,98,NA,NA,1,0
"offset",287819,46829,37.221249,-80.416122,647,"VA",100,"Quercus","alba","white oak","Plantae",371,"Breaking leaf buds",14,"2022-01-01","2022-12-31",2022-05-05,125,2024-03-14,679,2,0
"offset",287819,46829,37.221249,-80.416122,647,"VA",100,"Quercus","alba","white oak","Plantae",371,"Breaking leaf buds",16,"2024-01-01","2024-12-31",2024-04-28,119,2025-03-07,313,2,0
"offset",287819,46829,37.221249,-80.416122,647,"VA",100,"Quercus","alba","white oak","Plantae",371,"Breaking leaf buds",17,"2025-01-01","2025-12-31",2025-05-02,122,2025-05-03,1,2,0
"offset",287819,46829,37.221249,-80.416122,647,"VA",100,"Quercus","alba","white oak","Plantae",371,"Breaking leaf buds",18,"2026-01-01","2026-12-31",2026-05-08,128,NA,NA,3,0
"offset",287819,46829,37.221249,-80.416122,647,"VA",100,"Quercus","alba","white oak","Plantae",501,"Open flowers",14,"2022-01-01","2022-12-31",2022-04-25,115,2022-04-27,2,1,0
"offset",287820,46829,37.221249,-80.416122,647,"VA",100,"Quercus","alba","white oak","Plantae",371,"Breaking leaf buds",14,"2022-01-01","2022-12-31",2022-05-05,125,2024-03-13,678,2,0
"offset",287820,46829,37.221249,-80.416122,647,"VA",100,"Quercus","alba","white oak","Plantae",371,"Breaking leaf buds",16,"2024-01-01","2024-12-31",2024-04-28,119,2025-03-07,313,2,0
"offset",287820,46829,37.221249,-80.416122,647,"VA",100,"Quercus","alba","white oak","Plantae",371,"Breaking leaf buds",17,"2025-01-01","2025-12-31",2025-05-02,122,2025-05-03,1,2,0
"offset",287820,46829,37.221249,-80.416122,647,"VA",100,"Quercus","alba","white oak","Plantae",371,"Breaking leaf buds",18,"2026-01-01","2026-12-31",2026-04-16,106,2026-04-23,7,3,0
"offset",287820,46829,37.221249,-80.416122,647,"VA",100,"Quercus","alba","white oak","Plantae",501,"Open flowers",18,"2026-01-01","2026-12-31",2026-04-30,120,2026-05-08,8,1,0
"offset",287821,46829,37.221249,-80.416122,647,"VA",100,"Quercus","alba","white oak","Plantae",371,"Breaking leaf buds",14,"2022-01-01","2022-12-31",2022-05-05,125,2024-03-14,679,1,0
"offset",287821,46829,37.221249,-80.416122,647,"VA",100,"Quercus","alba","white oak","Plantae",371,"Breaking leaf buds",16,"2024-01-01","2024-12-31",2024-04-28,119,2025-03-07,313,2,0
"offset",287821,46829,37.221249,-80.416122,647,"VA",100,"Quercus","alba","white oak","Plantae",371,"Breaking leaf buds",17,"2025-01-01","2025-12-31",2025-05-02,122,2025-05-03,1,2,0
"offset",287821,46829,37.221249,-80.416122,647,"VA",100,"Quercus","alba","white oak","Plantae",371,"Breaking leaf buds",18,"2026-01-01","2026-12-31",2026-04-15,105,2026-04-16,1,2,0
"offset",287821,46829,37.221249,-80.416122,647,"VA",100,"Quercus","alba","white oak","Plantae",501,"Open flowers",18,"2026-01-01","2026-12-31",2026-04-30,120,2026-05-08,8,2,0
"offset",287822,46829,37.221249,-80.416122,647,"VA",100,"Quercus","alba","white oak","Plantae",371,"Breaking leaf buds",14,"2022-01-01","2022-12-31",2022-05-05,125,2024-03-13,678,1,0
"offset",287822,46829,37.221249,-80.416122,647,"VA",100,"Quercus","alba","white oak","Plantae",371,"Breaking leaf buds",16,"2024-01-01","2024-12-31",2024-04-28,119,2025-03-07,313,1,0
"offset",287822,46829,37.221249,-80.416122,647,"VA",100,"Quercus","alba","white oak","Plantae",371,"Breaking leaf buds",17,"2025-01-01","2025-12-31",2025-05-02,122,2025-05-03,1,3,0
"offset",287822,46829,37.221249,-80.416122,647,"VA",100,"Quercus","alba","white oak","Plantae",371,"Breaking leaf buds",18,"2026-01-01","2026-12-31",2026-04-03,93,2026-04-09,6,2,0
"offset",287823,46829,37.221249,-80.416122,647,"VA",100,"Quercus","alba","white oak","Plantae",371,"Breaking leaf buds",14,"2022-01-01","2022-12-31",2022-05-05,125,2024-03-13,678,1,0
"offset",287823,46829,37.221249,-80.416122,647,"VA",100,"Quercus","alba","white oak","Plantae",371,"Breaking leaf buds",16,"2024-01-01","2024-12-31",2024-04-28,119,2025-03-07,313,1,0
"offset",287823,46829,37.221249,-80.416122,647,"VA",100,"Quercus","alba","white oak","Plantae",371,"Breaking leaf buds",18,"2026-01-01","2026-12-31",2026-04-15,105,2026-04-16,1,2,0
"offset",287823,46829,37.221249,-80.416122,647,"VA",100,"Quercus","alba","white oak","Plantae",501,"Open flowers",16,"2024-01-01","2024-12-31",2024-04-20,111,2024-04-27,7,1,0
"offset",287824,46829,37.221249,-80.416122,647,"VA",100,"Quercus","alba","white oak","Plantae",371,"Breaking leaf buds",14,"2022-01-01","2022-12-31",2022-05-05,125,2024-03-13,678,2,0
"offset",287824,46829,37.221249,-80.416122,647,"VA",100,"Quercus","alba","white oak","Plantae",371,"Breaking leaf buds",16,"2024-01-01","2024-12-31",2024-04-28,119,2025-03-07,313,1,0
"offset",287824,46829,37.221249,-80.416122,647,"VA",100,"Quercus","alba","white oak","Plantae",371,"Breaking leaf buds",17,"2025-01-01","2025-12-31",2025-04-25,115,2025-04-26,1,1,0
"offset",287824,46829,37.221249,-80.416122,647,"VA",100,"Quercus","alba","white oak","Plantae",371,"Breaking leaf buds",18,"2026-01-01","2026-12-31",2026-04-30,120,2026-05-08,8,3,0
"offset",287825,46829,37.221249,-80.416122,647,"VA",100,"Quercus","alba","white oak","Plantae",371,"Breaking leaf buds",14,"2022-01-01","2022-12-31",2022-05-05,125,2024-03-13,678,2,0
"offset",287825,46829,37.221249,-80.416122,647,"VA",100,"Quercus","alba","white oak","Plantae",371,"Breaking leaf buds",16,"2024-01-01","2024-12-31",2024-04-28,119,2025-03-07,313,2,0
"offset",287825,46829,37.221249,-80.416122,647,"VA",100,"Quercus","alba","white oak","Plantae",371,"Breaking leaf buds",17,"2025-01-01","2025-12-31",2025-04-24,114,2025-04-25,1,1,0
"offset",287825,46829,37.221249,-80.416122,647,"VA",100,"Quercus","alba","white oak","Plantae",371,"Breaking leaf buds",18,"2026-01-01","2026-12-31",2026-04-15,105,2026-04-16,1,2,0
"offset",287825,46829,37.221249,-80.416122,647,"VA",100,"Quercus","alba","white oak","Plantae",501,"Open flowers",16,"2024-01-01","2024-12-31",2024-04-20,111,2024-04-27,7,1,0
"offset",287825,46829,37.221249,-80.416122,647,"VA",100,"Quercus","alba","white oak","Plantae",501,"Open flowers",18,"2026-01-01","2026-12-31",2026-04-30,120,2026-05-08,8,1,0
"offset",287826,46829,37.221249,-80.416122,647,"VA",100,"Quercus","alba","white oak","Plantae",371,"Breaking leaf buds",14,"2022-01-01","2022-12-31",2022-05-05,125,2024-03-13,678,1,0
"offset",287826,46829,37.221249,-80.416122,647,"VA",100,"Quercus","alba","white oak","Plantae",371,"Breaking leaf buds",16,"2024-01-01","2024-12-31",2024-04-28,119,2025-03-07,313,2,0
"offset",287826,46829,37.221249,-80.416122,647,"VA",100,"Quercus","alba","white oak","Plantae",371,"Breaking leaf buds",17,"2025-01-01","2025-12-31",2025-05-02,122,2025-05-03,1,2,0
"offset",287826,46829,37.221249,-80.416122,647,"VA",100,"Quercus","alba","white oak","Plantae",371,"Breaking leaf buds",18,"2026-01-01","2026-12-31",2026-04-30,120,2026-05-08,8,4,0
"offset",287827,46829,37.221249,-80.416122,647,"VA",100,"Quercus","alba","white oak","Plantae",371,"Breaking leaf buds",14,"2022-01-01","2022-12-31",2022-05-05,125,2024-03-13,678,2,0
"offset",287827,46829,37.221249,-80.416122,647,"VA",100,"Quercus","alba","white oak","Plantae",371,"Breaking leaf buds",16,"2024-01-01","2024-12-31",2024-04-28,119,2025-03-07,313,2,0
"offset",287827,46829,37.221249,-80.416122,647,"VA",100,"Quercus","alba","white oak","Plantae",371,"Breaking leaf buds",17,"2025-01-01","2025-12-31",2025-05-02,122,2025-05-03,1,1,0
"offset",287827,46829,37.221249,-80.416122,647,"VA",100,"Quercus","alba","white oak","Plantae",371,"Breaking leaf buds",18,"2026-01-01","2026-12-31",2026-04-23,113,2026-04-25,2,3,0
"offset",287827,46829,37.221249,-80.416122,647,"VA",100,"Quercus","alba","white oak","Plantae",501,"Open flowers",16,"2024-01-01","2024-12-31",2024-04-20,111,2024-04-27,7,1,0
"offset",287827,46829,37.221249,-80.416122,647,"VA",100,"Quercus","alba","white oak","Plantae",501,"Open flowers",17,"2025-01-01","2025-12-31",2025-04-24,114,2025-04-25,1,1,0
"offset",287827,46829,37.221249,-80.416122,647,"VA",100,"Quercus","alba","white oak","Plantae",501,"Open flowers",18,"2026-01-01","2026-12-31",2026-04-30,120,2026-05-08,8,3,0
"offset",287828,46829,37.221249,-80.416122,647,"VA",100,"Quercus","alba","white oak","Plantae",371,"Breaking leaf buds",14,"2022-01-01","2022-12-31",2022-05-05,125,2024-03-14,679,1,0
"offset",287828,46829,37.221249,-80.416122,647,"VA",100,"Quercus","alba","white oak","Plantae",371,"Breaking leaf buds",16,"2024-01-01","2024-12-31",2024-04-28,119,2025-03-07,313,3,0
"offset",287828,46829,37.221249,-80.416122,647,"VA",100,"Quercus","alba","white oak","Plantae",371,"Breaking leaf buds",17,"2025-01-01","2025-12-31",2025-05-02,122,2025-05-03,1,2,0
"offset",287828,46829,37.221249,-80.416122,647,"VA",100,"Quercus","alba","white oak","Plantae",371,"Breaking leaf buds",18,"2026-01-01","2026-12-31",2026-05-08,128,NA,NA,3,0
"offset",288479,47018,35.899311,-78.720772,145,"NC",100,"Quercus","alba","white oak","Plantae",371,"Breaking leaf buds",14,"2022-01-01","2022-12-31",2022-03-28,87,NA,NA,1,0
"offset",288480,47018,35.899311,-78.720772,145,"NC",100,"Quercus","alba","white oak","Plantae",371,"Breaking leaf buds",14,"2022-01-01","2022-12-31",2022-03-28,87,NA,NA,1,0
"offset",288481,47018,35.899311,-78.720772,145,"NC",100,"Quercus","alba","white oak","Plantae",371,"Breaking leaf buds",14,"2022-01-01","2022-12-31",2022-03-28,87,NA,NA,1,0
"offset",288482,47018,35.899311,-78.720772,145,"NC",100,"Quercus","alba","white oak","Plantae",371,"Breaking leaf buds",14,"2022-01-01","2022-12-31",2022-03-28,87,NA,NA,1,0
"offset",288483,47018,35.899311,-78.720772,145,"NC",100,"Quercus","alba","white oak","Plantae",371,"Breaking leaf buds",14,"2022-01-01","2022-12-31",2022-03-28,87,NA,NA,1,0
"offset",288724,47030,35.79995,-78.688179,133,"NC",1755,"Quercus","stellata","post oak","Plantae",371,"Breaking leaf buds",14,"2022-01-01","2022-12-31",2022-04-08,98,NA,NA,1,0
"offset",288724,47030,35.79995,-78.688179,133,"NC",1755,"Quercus","stellata","post oak","Plantae",501,"Open flowers",14,"2022-01-01","2022-12-31",2022-04-08,98,NA,NA,1,0
"offset",288725,47030,35.79995,-78.688179,133,"NC",1755,"Quercus","stellata","post oak","Plantae",371,"Breaking leaf buds",14,"2022-01-01","2022-12-31",2022-04-08,98,NA,NA,1,0
"offset",288725,47030,35.79995,-78.688179,133,"NC",1755,"Quercus","stellata","post oak","Plantae",501,"Open flowers",14,"2022-01-01","2022-12-31",2022-04-08,98,NA,NA,1,0
"offset",288726,47030,35.79995,-78.688179,133,"NC",1755,"Quercus","stellata","post oak","Plantae",371,"Breaking leaf buds",14,"2022-01-01","2022-12-31",2022-04-08,98,NA,NA,1,0
"offset",288726,47030,35.79995,-78.688179,133,"NC",1755,"Quercus","stellata","post oak","Plantae",501,"Open flowers",14,"2022-01-01","2022-12-31",2022-04-08,98,NA,NA,1,0
"offset",288727,47030,35.79995,-78.688179,133,"NC",1755,"Quercus","stellata","post oak","Plantae",371,"Breaking leaf buds",14,"2022-01-01","2022-12-31",2022-04-08,98,NA,NA,1,0
"offset",288727,47030,35.79995,-78.688179,133,"NC",1755,"Quercus","stellata","post oak","Plantae",501,"Open flowers",14,"2022-01-01","2022-12-31",2022-04-08,98,NA,NA,1,0
"offset",288730,47030,35.79995,-78.688179,133,"NC",1755,"Quercus","stellata","post oak","Plantae",371,"Breaking leaf buds",14,"2022-01-01","2022-12-31",2022-04-08,98,NA,NA,1,0
"offset",288730,47030,35.79995,-78.688179,133,"NC",1755,"Quercus","stellata","post oak","Plantae",501,"Open flowers",14,"2022-01-01","2022-12-31",2022-04-08,98,NA,NA,1,0
"offset",288732,47030,35.79995,-78.688179,133,"NC",1755,"Quercus","stellata","post oak","Plantae",371,"Breaking leaf buds",14,"2022-01-01","2022-12-31",2022-04-08,98,NA,NA,1,0
"offset",288732,47030,35.79995,-78.688179,133,"NC",1755,"Quercus","stellata","post oak","Plantae",501,"Open flowers",14,"2022-01-01","2022-12-31",2022-04-08,98,NA,NA,1,0
"offset",288733,47030,35.79995,-78.688179,133,"NC",100,"Quercus","alba","white oak","Plantae",371,"Breaking leaf buds",14,"2022-01-01","2022-12-31",2022-04-08,98,NA,NA,1,0
"offset",288733,47030,35.79995,-78.688179,133,"NC",100,"Quercus","alba","white oak","Plantae",501,"Open flowers",14,"2022-01-01","2022-12-31",2022-04-08,98,NA,NA,1,0
"offset",288755,47050,40.736946,-73.161842,11,"NY",101,"Quercus","macrocarpa","bur oak","Plantae",371,"Breaking leaf buds",14,"2022-01-01","2022-12-31",2022-05-23,143,2023-04-09,321,1,0
"offset",288755,47050,40.736946,-73.161842,11,"NY",101,"Quercus","macrocarpa","bur oak","Plantae",371,"Breaking leaf buds",15,"2023-01-01","2023-12-31",2023-04-30,120,2023-05-03,3,1,0
"offset",288755,47050,40.736946,-73.161842,11,"NY",101,"Quercus","macrocarpa","bur oak","Plantae",501,"Open flowers",14,"2022-01-01","2022-12-31",2022-05-23,143,2023-04-09,321,1,0
"offset",288781,22580,42.077522,-72.558563,48,"MA",100,"Quercus","alba","white oak","Plantae",371,"Breaking leaf buds",13,"2021-01-01","2021-12-31",2021-05-08,128,2021-05-11,3,1,0
"offset",288781,22580,42.077522,-72.558563,48,"MA",100,"Quercus","alba","white oak","Plantae",371,"Breaking leaf buds",14,"2022-01-01","2022-12-31",2022-05-15,135,2022-05-21,6,1,0
"offset",288781,22580,42.077522,-72.558563,48,"MA",100,"Quercus","alba","white oak","Plantae",371,"Breaking leaf buds",15,"2023-01-01","2023-12-31",2023-04-22,112,2023-04-27,5,1,0
"offset",288781,22580,42.077522,-72.558563,48,"MA",100,"Quercus","alba","white oak","Plantae",371,"Breaking leaf buds",16,"2024-01-01","2024-12-31",2024-05-07,128,2024-05-11,4,1,0
"offset",288781,22580,42.077522,-72.558563,48,"MA",100,"Quercus","alba","white oak","Plantae",371,"Breaking leaf buds",17,"2025-01-01","2025-12-31",2025-04-30,120,2025-05-03,3,1,0
"offset",288781,22580,42.077522,-72.558563,48,"MA",100,"Quercus","alba","white oak","Plantae",371,"Breaking leaf buds",18,"2026-01-01","2026-12-31",2026-05-06,126,2026-05-13,7,1,0
"offset",288781,22580,42.077522,-72.558563,48,"MA",100,"Quercus","alba","white oak","Plantae",501,"Open flowers",14,"2022-01-01","2022-12-31",2022-05-27,147,2022-06-03,7,2,0
"offset",288781,22580,42.077522,-72.558563,48,"MA",100,"Quercus","alba","white oak","Plantae",501,"Open flowers",15,"2023-01-01","2023-12-31",2023-05-13,133,2023-05-20,7,1,0
"offset",288781,22580,42.077522,-72.558563,48,"MA",100,"Quercus","alba","white oak","Plantae",501,"Open flowers",16,"2024-01-01","2024-12-31",2024-05-29,150,2024-06-01,3,2,0
"offset",288781,22580,42.077522,-72.558563,48,"MA",100,"Quercus","alba","white oak","Plantae",501,"Open flowers",17,"2025-01-01","2025-12-31",2025-05-21,141,2025-05-24,3,1,0
"offset",288781,22580,42.077522,-72.558563,48,"MA",100,"Quercus","alba","white oak","Plantae",501,"Open flowers",18,"2026-01-01","2026-12-31",2026-06-03,154,2026-06-06,3,1,0
"offset",288782,22580,42.077522,-72.558563,48,"MA",100,"Quercus","alba","white oak","Plantae",371,"Breaking leaf buds",13,"2021-01-01","2021-12-31",2021-05-08,128,2021-05-11,3,1,0
"offset",288782,22580,42.077522,-72.558563,48,"MA",100,"Quercus","alba","white oak","Plantae",371,"Breaking leaf buds",14,"2022-01-01","2022-12-31",2022-05-05,125,2022-05-15,10,1,0
"offset",288782,22580,42.077522,-72.558563,48,"MA",100,"Quercus","alba","white oak","Plantae",371,"Breaking leaf buds",15,"2023-01-01","2023-12-31",2023-04-19,109,2023-04-22,3,1,0
"offset",288783,22580,42.077522,-72.558563,48,"MA",100,"Quercus","alba","white oak","Plantae",371,"Breaking leaf buds",13,"2021-01-01","2021-12-31",2021-05-08,128,2021-05-11,3,1,0
"offset",288783,22580,42.077522,-72.558563,48,"MA",100,"Quercus","alba","white oak","Plantae",371,"Breaking leaf buds",14,"2022-01-01","2022-12-31",2022-05-05,125,2022-05-15,10,1,0
"offset",288783,22580,42.077522,-72.558563,48,"MA",100,"Quercus","alba","white oak","Plantae",371,"Breaking leaf buds",15,"2023-01-01","2023-12-31",2023-04-19,109,2023-04-22,3,1,0
"offset",288837,47109,39.134617,-77.671898,163,"VA",100,"Quercus","alba","white oak","Plantae",371,"Breaking leaf buds",14,"2022-01-01","2022-12-31",2022-05-08,128,2022-05-18,10,1,0
"offset",288837,47109,39.134617,-77.671898,163,"VA",100,"Quercus","alba","white oak","Plantae",371,"Breaking leaf buds",16,"2024-01-01","2024-12-31",2024-05-02,123,2024-05-04,2,1,0
"offset",288837,47109,39.134617,-77.671898,163,"VA",100,"Quercus","alba","white oak","Plantae",501,"Open flowers",14,"2022-01-01","2022-12-31",2022-05-08,128,2022-05-18,10,1,0
"offset",288837,47109,39.134617,-77.671898,163,"VA",100,"Quercus","alba","white oak","Plantae",501,"Open flowers",16,"2024-01-01","2024-12-31",2024-05-02,123,2024-05-04,2,1,0
"offset",288872,47136,42.432171,-71.10672,19,"MA",100,"Quercus","alba","white oak","Plantae",371,"Breaking leaf buds",14,"2022-01-01","2022-12-31",2022-05-09,129,NA,NA,1,0
"offset",288914,31289,42.454601,-71.12426,35,"MA",100,"Quercus","alba","white oak","Plantae",371,"Breaking leaf buds",14,"2022-01-01","2022-12-31",2022-05-13,133,2022-05-20,7,1,0
"offset",288914,31289,42.454601,-71.12426,35,"MA",100,"Quercus","alba","white oak","Plantae",371,"Breaking leaf buds",15,"2023-01-01","2023-12-31",2023-05-05,125,2023-05-12,7,1,0
"offset",288914,31289,42.454601,-71.12426,35,"MA",100,"Quercus","alba","white oak","Plantae",371,"Breaking leaf buds",16,"2024-01-01","2024-12-31",2024-05-03,124,2024-05-10,7,1,0
"offset",288914,31289,42.454601,-71.12426,35,"MA",100,"Quercus","alba","white oak","Plantae",371,"Breaking leaf buds",17,"2025-01-01","2025-12-31",2025-04-25,115,2025-05-02,7,1,0
"offset",288914,31289,42.454601,-71.12426,35,"MA",100,"Quercus","alba","white oak","Plantae",371,"Breaking leaf buds",18,"2026-01-01","2026-12-31",2026-05-01,121,2026-05-08,7,1,0
"offset",288914,31289,42.454601,-71.12426,35,"MA",100,"Quercus","alba","white oak","Plantae",501,"Open flowers",15,"2023-01-01","2023-12-31",2023-05-26,146,2023-06-02,7,1,0
"offset",288914,31289,42.454601,-71.12426,35,"MA",100,"Quercus","alba","white oak","Plantae",501,"Open flowers",16,"2024-01-01","2024-12-31",2024-05-24,145,2024-05-31,7,1,0
"offset",288914,31289,42.454601,-71.12426,35,"MA",100,"Quercus","alba","white oak","Plantae",501,"Open flowers",17,"2025-01-01","2025-12-31",2025-05-16,136,2025-05-23,7,1,0
"offset",288914,31289,42.454601,-71.12426,35,"MA",100,"Quercus","alba","white oak","Plantae",501,"Open flowers",18,"2026-01-01","2026-12-31",2026-05-29,149,2026-06-05,7,1,0
"offset",288920,31139,42.455235,-71.123512,36,"MA",100,"Quercus","alba","white oak","Plantae",371,"Breaking leaf buds",15,"2023-01-01","2023-12-31",2023-05-12,132,2023-05-19,7,1,0
"offset",288920,31139,42.455235,-71.123512,36,"MA",100,"Quercus","alba","white oak","Plantae",371,"Breaking leaf buds",16,"2024-01-01","2024-12-31",2024-05-10,131,2024-05-17,7,1,0
"offset",288920,31139,42.455235,-71.123512,36,"MA",100,"Quercus","alba","white oak","Plantae",371,"Breaking leaf buds",17,"2025-01-01","2025-12-31",2025-04-25,115,2025-05-02,7,1,0
"offset",288920,31139,42.455235,-71.123512,36,"MA",100,"Quercus","alba","white oak","Plantae",371,"Breaking leaf buds",18,"2026-01-01","2026-12-31",2026-05-08,128,2026-05-15,7,1,0
"offset",288920,31139,42.455235,-71.123512,36,"MA",100,"Quercus","alba","white oak","Plantae",501,"Open flowers",14,"2022-01-01","2022-12-31",2022-05-20,140,2022-05-27,7,1,0
"offset",288920,31139,42.455235,-71.123512,36,"MA",100,"Quercus","alba","white oak","Plantae",501,"Open flowers",15,"2023-01-01","2023-12-31",2023-05-19,139,2023-05-26,7,1,0
"offset",288920,31139,42.455235,-71.123512,36,"MA",100,"Quercus","alba","white oak","Plantae",501,"Open flowers",16,"2024-01-01","2024-12-31",2024-05-17,138,2024-05-24,7,1,0
"offset",288920,31139,42.455235,-71.123512,36,"MA",100,"Quercus","alba","white oak","Plantae",501,"Open flowers",17,"2025-01-01","2025-12-31",2025-05-16,136,2025-05-23,7,1,0
"offset",288920,31139,42.455235,-71.123512,36,"MA",100,"Quercus","alba","white oak","Plantae",501,"Open flowers",18,"2026-01-01","2026-12-31",2026-05-22,142,2026-05-29,7,1,0
"offset",288950,46583,38.911377,-77.10849,31,"VA",100,"Quercus","alba","white oak","Plantae",371,"Breaking leaf buds",14,"2022-01-01","2022-12-31",2022-04-30,120,2022-05-11,11,1,0
"offset",288950,46583,38.911377,-77.10849,31,"VA",100,"Quercus","alba","white oak","Plantae",371,"Breaking leaf buds",15,"2023-01-01","2023-12-31",2023-04-21,111,2023-05-05,14,1,0
"offset",288950,46583,38.911377,-77.10849,31,"VA",100,"Quercus","alba","white oak","Plantae",371,"Breaking leaf buds",16,"2024-01-01","2024-12-31",2024-04-13,104,2024-04-20,7,2,0
"offset",288950,46583,38.911377,-77.10849,31,"VA",100,"Quercus","alba","white oak","Plantae",371,"Breaking leaf buds",17,"2025-01-01","2025-12-31",2025-04-17,107,2025-04-30,13,1,0
"offset",288950,46583,38.911377,-77.10849,31,"VA",100,"Quercus","alba","white oak","Plantae",371,"Breaking leaf buds",18,"2026-01-01","2026-12-31",2026-04-07,97,2026-04-13,6,1,0
"offset",288950,46583,38.911377,-77.10849,31,"VA",100,"Quercus","alba","white oak","Plantae",501,"Open flowers",15,"2023-01-01","2023-12-31",2023-04-15,105,2023-04-21,6,1,0
"offset",288950,46583,38.911377,-77.10849,31,"VA",100,"Quercus","alba","white oak","Plantae",501,"Open flowers",17,"2025-01-01","2025-12-31",2025-04-17,107,2025-04-30,13,1,0
"offset",288950,46583,38.911377,-77.10849,31,"VA",100,"Quercus","alba","white oak","Plantae",501,"Open flowers",18,"2026-01-01","2026-12-31",2026-04-13,103,2026-04-23,10,1,0
"offset",288953,47073,49.858315,-97.108627,231,"MB",101,"Quercus","macrocarpa","bur oak","Plantae",371,"Breaking leaf buds",14,"2022-01-01","2022-12-31",2022-05-28,148,2022-05-31,3,1,0
"offset",288953,47073,49.858315,-97.108627,231,"MB",101,"Quercus","macrocarpa","bur oak","Plantae",501,"Open flowers",14,"2022-01-01","2022-12-31",2022-06-11,162,2022-06-13,2,1,0
"offset",288963,47078,36.3727,-80.1483,245,"NC",100,"Quercus","alba","white oak","Plantae",371,"Breaking leaf buds",14,"2022-01-01","2022-12-31",2022-04-16,106,2022-04-23,7,1,0
"offset",288963,47078,36.3727,-80.1483,245,"NC",100,"Quercus","alba","white oak","Plantae",371,"Breaking leaf buds",15,"2023-01-01","2023-12-31",2023-04-09,99,2023-04-15,6,2,0
"offset",288963,47078,36.3727,-80.1483,245,"NC",100,"Quercus","alba","white oak","Plantae",371,"Breaking leaf buds",17,"2025-01-01","2025-12-31",2025-04-12,102,2026-03-24,346,1,0
"offset",288963,47078,36.3727,-80.1483,245,"NC",100,"Quercus","alba","white oak","Plantae",371,"Breaking leaf buds",18,"2026-01-01","2026-12-31",2026-04-14,104,NA,NA,1,0
"offset",288963,47078,36.3727,-80.1483,245,"NC",100,"Quercus","alba","white oak","Plantae",501,"Open flowers",14,"2022-01-01","2022-12-31",2022-04-23,113,2022-04-27,4,1,0
"offset",288963,47078,36.3727,-80.1483,245,"NC",100,"Quercus","alba","white oak","Plantae",501,"Open flowers",15,"2023-01-01","2023-12-31",2023-04-15,105,2023-04-26,11,1,0
"offset",288963,47078,36.3727,-80.1483,245,"NC",100,"Quercus","alba","white oak","Plantae",501,"Open flowers",17,"2025-01-01","2025-12-31",2025-04-12,102,2025-04-28,16,1,0
"offset",288963,47078,36.3727,-80.1483,245,"NC",100,"Quercus","alba","white oak","Plantae",501,"Open flowers",18,"2026-01-01","2026-12-31",2026-04-14,104,NA,NA,1,0
"offset",288964,47078,36.3727,-80.1483,245,"NC",1212,"Quercus","montana","chestnut oak","Plantae",371,"Breaking leaf buds",14,"2022-01-01","2022-12-31",2022-04-16,106,2022-04-23,7,1,0
"offset",288964,47078,36.3727,-80.1483,245,"NC",1212,"Quercus","montana","chestnut oak","Plantae",371,"Breaking leaf buds",15,"2023-01-01","2023-12-31",2023-04-15,105,2023-04-26,11,1,0
"offset",288964,47078,36.3727,-80.1483,245,"NC",1212,"Quercus","montana","chestnut oak","Plantae",371,"Breaking leaf buds",17,"2025-01-01","2025-12-31",2025-04-28,118,2026-03-24,330,1,0
"offset",288964,47078,36.3727,-80.1483,245,"NC",1212,"Quercus","montana","chestnut oak","Plantae",371,"Breaking leaf buds",18,"2026-01-01","2026-12-31",2026-04-14,104,NA,NA,1,0
"offset",288964,47078,36.3727,-80.1483,245,"NC",1212,"Quercus","montana","chestnut oak","Plantae",501,"Open flowers",14,"2022-01-01","2022-12-31",2022-04-27,117,2023-02-26,305,1,0
"offset",288964,47078,36.3727,-80.1483,245,"NC",1212,"Quercus","montana","chestnut oak","Plantae",501,"Open flowers",15,"2023-01-01","2023-12-31",2023-04-15,105,2023-04-26,11,1,0
"offset",288964,47078,36.3727,-80.1483,245,"NC",1212,"Quercus","montana","chestnut oak","Plantae",501,"Open flowers",17,"2025-01-01","2025-12-31",2025-04-28,118,2026-03-24,330,1,0
"offset",288964,47078,36.3727,-80.1483,245,"NC",1212,"Quercus","montana","chestnut oak","Plantae",501,"Open flowers",18,"2026-01-01","2026-12-31",2026-04-14,104,NA,NA,1,0
"offset",289005,47162,40.741177,-73.160126,11,"NY",100,"Quercus","alba","white oak","Plantae",371,"Breaking leaf buds",14,"2022-01-01","2022-12-31",2022-05-23,143,2023-04-09,321,1,0
"offset",289005,47162,40.741177,-73.160126,11,"NY",100,"Quercus","alba","white oak","Plantae",371,"Breaking leaf buds",15,"2023-01-01","2023-12-31",2023-05-10,130,NA,NA,2,0
"offset",289005,47162,40.741177,-73.160126,11,"NY",100,"Quercus","alba","white oak","Plantae",501,"Open flowers",14,"2022-01-01","2022-12-31",2022-05-23,143,2023-04-09,321,1,0
"offset",289006,47162,40.741177,-73.160126,11,"NY",100,"Quercus","alba","white oak","Plantae",371,"Breaking leaf buds",14,"2022-01-01","2022-12-31",2022-05-23,143,2023-04-09,321,1,0
"offset",289006,47162,40.741177,-73.160126,11,"NY",100,"Quercus","alba","white oak","Plantae",371,"Breaking leaf buds",15,"2023-01-01","2023-12-31",2023-05-10,130,NA,NA,2,0
"offset",289006,47162,40.741177,-73.160126,11,"NY",100,"Quercus","alba","white oak","Plantae",501,"Open flowers",14,"2022-01-01","2022-12-31",2022-05-23,143,2023-04-09,321,1,0
"offset",289007,47162,40.741177,-73.160126,11,"NY",100,"Quercus","alba","white oak","Plantae",371,"Breaking leaf buds",14,"2022-01-01","2022-12-31",2022-05-23,143,2023-04-09,321,1,0
"offset",289007,47162,40.741177,-73.160126,11,"NY",100,"Quercus","alba","white oak","Plantae",371,"Breaking leaf buds",15,"2023-01-01","2023-12-31",2023-05-10,130,NA,NA,1,0
"offset",289007,47162,40.741177,-73.160126,11,"NY",100,"Quercus","alba","white oak","Plantae",501,"Open flowers",14,"2022-01-01","2022-12-31",2022-05-23,143,2023-04-09,321,1,0
"offset",289008,47162,40.741177,-73.160126,11,"NY",100,"Quercus","alba","white oak","Plantae",371,"Breaking leaf buds",14,"2022-01-01","2022-12-31",2022-05-23,143,2023-04-09,321,1,0
"offset",289008,47162,40.741177,-73.160126,11,"NY",100,"Quercus","alba","white oak","Plantae",371,"Breaking leaf buds",15,"2023-01-01","2023-12-31",2023-05-10,130,NA,NA,1,0
"offset",289008,47162,40.741177,-73.160126,11,"NY",100,"Quercus","alba","white oak","Plantae",501,"Open flowers",14,"2022-01-01","2022-12-31",2022-05-23,143,2023-04-09,321,1,0
"offset",289022,47108,39.13485,-77.66407,160,"VA",100,"Quercus","alba","white oak","Plantae",371,"Breaking leaf buds",14,"2022-01-01","2022-12-31",2022-05-08,128,2022-05-18,10,1,0
"offset",289022,47108,39.13485,-77.66407,160,"VA",100,"Quercus","alba","white oak","Plantae",371,"Breaking leaf buds",16,"2024-01-01","2024-12-31",2024-04-11,102,2024-05-02,21,1,0
"offset",289022,47108,39.13485,-77.66407,160,"VA",100,"Quercus","alba","white oak","Plantae",501,"Open flowers",14,"2022-01-01","2022-12-31",2022-05-08,128,2022-05-18,10,1,0
"offset",289024,47108,39.13485,-77.66407,160,"VA",100,"Quercus","alba","white oak","Plantae",371,"Breaking leaf buds",14,"2022-01-01","2022-12-31",2022-05-08,128,2022-05-18,10,1,0
"offset",289024,47108,39.13485,-77.66407,160,"VA",100,"Quercus","alba","white oak","Plantae",371,"Breaking leaf buds",16,"2024-01-01","2024-12-31",2024-04-11,102,2024-05-02,21,1,0
"offset",289024,47108,39.13485,-77.66407,160,"VA",100,"Quercus","alba","white oak","Plantae",501,"Open flowers",14,"2022-01-01","2022-12-31",2022-05-08,128,2022-05-18,10,1,0
"offset",289179,47073,49.858315,-97.108627,231,"MB",101,"Quercus","macrocarpa","bur oak","Plantae",371,"Breaking leaf buds",14,"2022-01-01","2022-12-31",2022-05-27,147,2022-05-28,1,2,0
"offset",289179,47073,49.858315,-97.108627,231,"MB",101,"Quercus","macrocarpa","bur oak","Plantae",501,"Open flowers",14,"2022-01-01","2022-12-31",2022-06-05,156,2022-06-09,4,2,0
"offset",289191,47242,36.04776,-83.935112,325,"TN",100,"Quercus","alba","white oak","Plantae",371,"Breaking leaf buds",14,"2022-01-01","2022-12-31",2022-04-11,101,2022-04-14,3,1,0
"offset",289191,47242,36.04776,-83.935112,325,"TN",100,"Quercus","alba","white oak","Plantae",501,"Open flowers",14,"2022-01-01","2022-12-31",2022-04-22,112,2022-04-29,7,1,0
"offset",289192,47242,36.04776,-83.935112,325,"TN",100,"Quercus","alba","white oak","Plantae",371,"Breaking leaf buds",14,"2022-01-01","2022-12-31",2022-04-11,101,2022-04-14,3,1,0
"offset",289192,47242,36.04776,-83.935112,325,"TN",100,"Quercus","alba","white oak","Plantae",501,"Open flowers",14,"2022-01-01","2022-12-31",2022-04-14,104,2022-04-22,8,1,0
"offset",289204,43327,42.386902,-71.146004,6,"MA",2043,"Quercus","bicolor","swamp white oak","Plantae",371,"Breaking leaf buds",14,"2022-01-01","2022-12-31",2022-05-09,129,2022-05-16,7,1,0
"offset",289204,43327,42.386902,-71.146004,6,"MA",2043,"Quercus","bicolor","swamp white oak","Plantae",371,"Breaking leaf buds",15,"2023-01-01","2023-12-31",2023-05-08,128,2023-05-15,7,1,0
"offset",289204,43327,42.386902,-71.146004,6,"MA",2043,"Quercus","bicolor","swamp white oak","Plantae",371,"Breaking leaf buds",16,"2024-01-01","2024-12-31",2024-05-06,127,2024-05-13,7,2,0
"offset",289204,43327,42.386902,-71.146004,6,"MA",2043,"Quercus","bicolor","swamp white oak","Plantae",371,"Breaking leaf buds",17,"2025-01-01","2025-12-31",2025-04-28,118,2025-05-05,7,1,0
"offset",289204,43327,42.386902,-71.146004,6,"MA",2043,"Quercus","bicolor","swamp white oak","Plantae",371,"Breaking leaf buds",18,"2026-01-01","2026-12-31",2026-05-04,124,2026-05-11,7,1,0
"offset",289204,43327,42.386902,-71.146004,6,"MA",2043,"Quercus","bicolor","swamp white oak","Plantae",501,"Open flowers",16,"2024-01-01","2024-12-31",2024-05-13,134,2024-05-20,7,1,0
"offset",289204,43327,42.386902,-71.146004,6,"MA",2043,"Quercus","bicolor","swamp white oak","Plantae",501,"Open flowers",18,"2026-01-01","2026-12-31",2026-05-11,131,2026-05-18,7,1,0
"offset",289256,36700,42.455666,-71.124626,50,"MA",100,"Quercus","alba","white oak","Plantae",371,"Breaking leaf buds",14,"2022-01-01","2022-12-31",2022-05-13,133,2022-05-20,7,1,0
"offset",289256,36700,42.455666,-71.124626,50,"MA",100,"Quercus","alba","white oak","Plantae",371,"Breaking leaf buds",15,"2023-01-01","2023-12-31",2023-05-12,132,2023-05-19,7,1,0
"offset",289256,36700,42.455666,-71.124626,50,"MA",100,"Quercus","alba","white oak","Plantae",371,"Breaking leaf buds",16,"2024-01-01","2024-12-31",2024-05-03,124,2024-05-10,7,1,0
"offset",289256,36700,42.455666,-71.124626,50,"MA",100,"Quercus","alba","white oak","Plantae",371,"Breaking leaf buds",17,"2025-01-01","2025-12-31",2025-04-25,115,2025-04-29,4,1,0
"offset",289256,36700,42.455666,-71.124626,50,"MA",100,"Quercus","alba","white oak","Plantae",371,"Breaking leaf buds",18,"2026-01-01","2026-12-31",2026-05-01,121,2026-05-08,7,1,0
"offset",289256,36700,42.455666,-71.124626,50,"MA",100,"Quercus","alba","white oak","Plantae",501,"Open flowers",15,"2023-01-01","2023-12-31",2023-05-19,139,2023-05-26,7,1,0
"offset",289256,36700,42.455666,-71.124626,50,"MA",100,"Quercus","alba","white oak","Plantae",501,"Open flowers",17,"2025-01-01","2025-12-31",2025-05-16,136,2025-05-23,7,1,0
"offset",289279,47198,42.396446,-71.135941,13,"MA",2043,"Quercus","bicolor","swamp white oak","Plantae",371,"Breaking leaf buds",14,"2022-01-01","2022-12-31",2022-04-25,115,NA,NA,1,0
"offset",289345,16337,42.04314,-87.687683,184,"IL",2050,"Quercus","muehlenbergii","chinquapin oak","Plantae",371,"Breaking leaf buds",14,"2022-01-01","2022-12-31",2022-05-11,131,2022-05-12,1,2,0
"offset",289345,16337,42.04314,-87.687683,184,"IL",2050,"Quercus","muehlenbergii","chinquapin oak","Plantae",371,"Breaking leaf buds",15,"2023-01-01","2023-12-31",2023-05-07,127,2023-05-14,7,1,0
"offset",289355,47285,35.783096,-78.872963,104,"NC",100,"Quercus","alba","white oak","Plantae",371,"Breaking leaf buds",14,"2022-01-01","2022-12-31",2022-04-12,102,2022-04-15,3,1,0
"offset",289356,47286,35.949524,-78.82518,119,"NC",100,"Quercus","alba","white oak","Plantae",371,"Breaking leaf buds",14,"2022-01-01","2022-12-31",2022-04-14,104,2022-04-17,3,1,0
"offset",289356,47286,35.949524,-78.82518,119,"NC",100,"Quercus","alba","white oak","Plantae",371,"Breaking leaf buds",15,"2023-01-01","2023-12-31",2023-04-07,97,2023-04-14,7,1,0
"offset",289356,47286,35.949524,-78.82518,119,"NC",100,"Quercus","alba","white oak","Plantae",371,"Breaking leaf buds",16,"2024-01-01","2024-12-31",2024-04-05,96,2024-04-20,15,1,0
"offset",289356,47286,35.949524,-78.82518,119,"NC",100,"Quercus","alba","white oak","Plantae",371,"Breaking leaf buds",17,"2025-01-01","2025-12-31",2025-04-11,101,2025-04-19,8,1,0
"offset",289356,47286,35.949524,-78.82518,119,"NC",100,"Quercus","alba","white oak","Plantae",371,"Breaking leaf buds",18,"2026-01-01","2026-12-31",2026-04-04,94,2026-04-10,6,1,0
"offset",289356,47286,35.949524,-78.82518,119,"NC",100,"Quercus","alba","white oak","Plantae",501,"Open flowers",14,"2022-01-01","2022-12-31",2022-04-23,113,2022-05-03,10,1,0
"offset",289356,47286,35.949524,-78.82518,119,"NC",100,"Quercus","alba","white oak","Plantae",501,"Open flowers",16,"2024-01-01","2024-12-31",2024-04-28,119,2024-05-06,8,1,0
"offset",289356,47286,35.949524,-78.82518,119,"NC",100,"Quercus","alba","white oak","Plantae",501,"Open flowers",17,"2025-01-01","2025-12-31",2025-04-19,109,2025-04-26,7,2,0
"offset",289356,47286,35.949524,-78.82518,119,"NC",100,"Quercus","alba","white oak","Plantae",501,"Open flowers",18,"2026-01-01","2026-12-31",2026-04-10,100,2026-04-17,7,1,0
"offset",289357,47288,44.924088,-93.195183,258,"MN",2043,"Quercus","bicolor","swamp white oak","Plantae",371,"Breaking leaf buds",14,"2022-01-01","2022-12-31",2022-05-20,140,2022-05-25,5,1,0
"offset",289357,47288,44.924088,-93.195183,258,"MN",2043,"Quercus","bicolor","swamp white oak","Plantae",371,"Breaking leaf buds",15,"2023-01-01","2023-12-31",2023-05-05,125,NA,NA,1,0
"offset",289367,16337,42.04314,-87.687683,184,"IL",2043,"Quercus","bicolor","swamp white oak","Plantae",371,"Breaking leaf buds",14,"2022-01-01","2022-12-31",2022-05-12,132,2022-05-14,2,1,0
"offset",289367,16337,42.04314,-87.687683,184,"IL",2043,"Quercus","bicolor","swamp white oak","Plantae",371,"Breaking leaf buds",15,"2023-01-01","2023-12-31",2023-05-07,127,2023-05-14,7,1,0
"offset",289367,16337,42.04314,-87.687683,184,"IL",2043,"Quercus","bicolor","swamp white oak","Plantae",501,"Open flowers",14,"2022-01-01","2022-12-31",2022-05-18,138,2022-09-10,115,1,0
"offset",289367,16337,42.04314,-87.687683,184,"IL",2043,"Quercus","bicolor","swamp white oak","Plantae",501,"Open flowers",15,"2023-01-01","2023-12-31",2023-05-14,134,NA,NA,2,0
"offset",289368,16337,42.04314,-87.687683,184,"IL",2043,"Quercus","bicolor","swamp white oak","Plantae",371,"Breaking leaf buds",14,"2022-01-01","2022-12-31",2022-05-10,130,2022-05-11,1,1,0
"offset",289368,16337,42.04314,-87.687683,184,"IL",2043,"Quercus","bicolor","swamp white oak","Plantae",371,"Breaking leaf buds",15,"2023-01-01","2023-12-31",2023-05-07,127,2023-05-14,7,1,0
"offset",289369,16337,42.04314,-87.687683,184,"IL",2043,"Quercus","bicolor","swamp white oak","Plantae",371,"Breaking leaf buds",14,"2022-01-01","2022-12-31",2022-05-10,130,2022-05-11,1,1,0
"offset",289369,16337,42.04314,-87.687683,184,"IL",2043,"Quercus","bicolor","swamp white oak","Plantae",371,"Breaking leaf buds",15,"2023-01-01","2023-12-31",2023-05-07,127,NA,NA,1,0
"offset",289369,16337,42.04314,-87.687683,184,"IL",2043,"Quercus","bicolor","swamp white oak","Plantae",501,"Open flowers",15,"2023-01-01","2023-12-31",2023-05-14,134,NA,NA,1,0
"offset",289371,16337,42.04314,-87.687683,184,"IL",2050,"Quercus","muehlenbergii","chinquapin oak","Plantae",371,"Breaking leaf buds",14,"2022-01-01","2022-12-31",2022-05-12,132,2022-05-14,2,1,0
"offset",289371,16337,42.04314,-87.687683,184,"IL",2050,"Quercus","muehlenbergii","chinquapin oak","Plantae",371,"Breaking leaf buds",15,"2023-01-01","2023-12-31",2023-05-05,125,NA,NA,1,0
"offset",289371,16337,42.04314,-87.687683,184,"IL",2050,"Quercus","muehlenbergii","chinquapin oak","Plantae",501,"Open flowers",14,"2022-01-01","2022-12-31",2022-05-18,138,2022-09-10,115,1,0
"offset",289371,16337,42.04314,-87.687683,184,"IL",2050,"Quercus","muehlenbergii","chinquapin oak","Plantae",501,"Open flowers",15,"2023-01-01","2023-12-31",2023-05-07,127,NA,NA,1,0
"offset",289454,47313,39.125767,-77.677895,147,"VA",100,"Quercus","alba","white oak","Plantae",371,"Breaking leaf buds",14,"2022-01-01","2022-12-31",2022-05-08,128,2022-05-18,10,1,0
"offset",289454,47313,39.125767,-77.677895,147,"VA",100,"Quercus","alba","white oak","Plantae",371,"Breaking leaf buds",15,"2023-01-01","2023-12-31",2023-04-17,107,2024-02-27,316,1,0
"offset",289456,47313,39.125767,-77.677895,147,"VA",100,"Quercus","alba","white oak","Plantae",371,"Breaking leaf buds",14,"2022-01-01","2022-12-31",2022-05-18,138,2022-06-08,21,1,0
"offset",289456,47313,39.125767,-77.677895,147,"VA",100,"Quercus","alba","white oak","Plantae",501,"Open flowers",14,"2022-01-01","2022-12-31",2022-05-18,138,2022-06-08,21,1,0
"offset",289638,47320,43.304134,-78.860298,85,"NY",100,"Quercus","alba","white oak","Plantae",371,"Breaking leaf buds",14,"2022-01-01","2022-12-31",2022-05-14,134,2022-05-29,15,1,0
"offset",289638,47320,43.304134,-78.860298,85,"NY",100,"Quercus","alba","white oak","Plantae",371,"Breaking leaf buds",15,"2023-01-01","2023-12-31",2023-05-11,131,2023-05-16,5,1,0
"offset",289638,47320,43.304134,-78.860298,85,"NY",100,"Quercus","alba","white oak","Plantae",371,"Breaking leaf buds",16,"2024-01-01","2024-12-31",2024-05-07,128,NA,NA,1,0
"offset",289725,47344,44.702324,-68.611954,101,"ME",100,"Quercus","alba","white oak","Plantae",371,"Breaking leaf buds",14,"2022-01-01","2022-12-31",2022-05-31,151,2022-06-04,4,1,0
"offset",289725,47344,44.702324,-68.611954,101,"ME",100,"Quercus","alba","white oak","Plantae",371,"Breaking leaf buds",15,"2023-01-01","2023-12-31",2023-05-24,144,2023-05-28,4,1,0
"offset",289725,47344,44.702324,-68.611954,101,"ME",100,"Quercus","alba","white oak","Plantae",371,"Breaking leaf buds",16,"2024-01-01","2024-12-31",2024-05-22,143,2024-05-26,4,1,0
"offset",289725,47344,44.702324,-68.611954,101,"ME",100,"Quercus","alba","white oak","Plantae",371,"Breaking leaf buds",17,"2025-01-01","2025-12-31",2025-05-30,150,2025-06-04,5,1,0
"offset",289726,47344,44.702324,-68.611954,101,"ME",101,"Quercus","macrocarpa","bur oak","Plantae",371,"Breaking leaf buds",14,"2022-01-01","2022-12-31",2022-05-20,140,2022-05-23,3,1,0
"offset",289726,47344,44.702324,-68.611954,101,"ME",101,"Quercus","macrocarpa","bur oak","Plantae",371,"Breaking leaf buds",15,"2023-01-01","2023-12-31",2023-05-08,128,2023-05-12,4,1,0
"offset",289726,47344,44.702324,-68.611954,101,"ME",101,"Quercus","macrocarpa","bur oak","Plantae",371,"Breaking leaf buds",16,"2024-01-01","2024-12-31",2024-05-16,137,2024-05-19,3,1,0
"offset",289726,47344,44.702324,-68.611954,101,"ME",101,"Quercus","macrocarpa","bur oak","Plantae",371,"Breaking leaf buds",17,"2025-01-01","2025-12-31",2025-05-17,137,2025-05-21,4,1,0
"offset",289726,47344,44.702324,-68.611954,101,"ME",101,"Quercus","macrocarpa","bur oak","Plantae",501,"Open flowers",14,"2022-01-01","2022-12-31",2022-05-27,147,2022-06-04,8,1,0
"offset",289726,47344,44.702324,-68.611954,101,"ME",101,"Quercus","macrocarpa","bur oak","Plantae",501,"Open flowers",15,"2023-01-01","2023-12-31",2023-05-28,148,2023-06-02,5,1,0
"offset",289726,47344,44.702324,-68.611954,101,"ME",101,"Quercus","macrocarpa","bur oak","Plantae",501,"Open flowers",17,"2025-01-01","2025-12-31",2025-05-30,150,2025-06-04,5,1,0
"offset",289727,47344,44.702324,-68.611954,101,"ME",2043,"Quercus","bicolor","swamp white oak","Plantae",371,"Breaking leaf buds",14,"2022-01-01","2022-12-31",2022-05-23,143,2022-05-27,4,1,0
"offset",289727,47344,44.702324,-68.611954,101,"ME",2043,"Quercus","bicolor","swamp white oak","Plantae",371,"Breaking leaf buds",15,"2023-01-01","2023-12-31",2023-05-12,132,2023-05-16,4,1,0
"offset",289727,47344,44.702324,-68.611954,101,"ME",2043,"Quercus","bicolor","swamp white oak","Plantae",371,"Breaking leaf buds",16,"2024-01-01","2024-12-31",2024-05-19,140,2024-05-22,3,1,0
"offset",289727,47344,44.702324,-68.611954,101,"ME",2043,"Quercus","bicolor","swamp white oak","Plantae",371,"Breaking leaf buds",17,"2025-01-01","2025-12-31",2025-05-17,137,2025-05-21,4,1,0
"offset",289727,47344,44.702324,-68.611954,101,"ME",2043,"Quercus","bicolor","swamp white oak","Plantae",501,"Open flowers",14,"2022-01-01","2022-12-31",2022-05-27,147,2022-06-04,8,1,0
"offset",289727,47344,44.702324,-68.611954,101,"ME",2043,"Quercus","bicolor","swamp white oak","Plantae",501,"Open flowers",15,"2023-01-01","2023-12-31",2023-05-28,148,2023-06-02,5,1,0
"offset",289727,47344,44.702324,-68.611954,101,"ME",2043,"Quercus","bicolor","swamp white oak","Plantae",501,"Open flowers",17,"2025-01-01","2025-12-31",2025-05-30,150,2025-06-04,5,1,0
"offset",289728,47344,44.702324,-68.611954,101,"ME",1212,"Quercus","montana","chestnut oak","Plantae",371,"Breaking leaf buds",14,"2022-01-01","2022-12-31",2022-05-23,143,2022-05-27,4,1,0
"offset",289728,47344,44.702324,-68.611954,101,"ME",1212,"Quercus","montana","chestnut oak","Plantae",371,"Breaking leaf buds",15,"2023-01-01","2023-12-31",2023-05-12,132,2023-05-16,4,1,0
"offset",289728,47344,44.702324,-68.611954,101,"ME",1212,"Quercus","montana","chestnut oak","Plantae",371,"Breaking leaf buds",16,"2024-01-01","2024-12-31",2024-05-16,137,2024-05-19,3,1,0
"offset",289728,47344,44.702324,-68.611954,101,"ME",1212,"Quercus","montana","chestnut oak","Plantae",371,"Breaking leaf buds",17,"2025-01-01","2025-12-31",2025-05-17,137,2025-05-21,4,1,0
"offset",289728,47344,44.702324,-68.611954,101,"ME",1212,"Quercus","montana","chestnut oak","Plantae",501,"Open flowers",14,"2022-01-01","2022-12-31",2022-05-27,147,2022-06-04,8,1,0
"offset",289728,47344,44.702324,-68.611954,101,"ME",1212,"Quercus","montana","chestnut oak","Plantae",501,"Open flowers",15,"2023-01-01","2023-12-31",2023-05-28,148,2023-06-02,5,1,0
"offset",289728,47344,44.702324,-68.611954,101,"ME",1212,"Quercus","montana","chestnut oak","Plantae",501,"Open flowers",17,"2025-01-01","2025-12-31",2025-05-30,150,2025-06-04,5,1,0
"offset",289729,47344,44.702324,-68.611954,101,"ME",100,"Quercus","alba","white oak","Plantae",371,"Breaking leaf buds",14,"2022-01-01","2022-12-31",2022-05-23,143,2022-05-27,4,1,0
"offset",289729,47344,44.702324,-68.611954,101,"ME",100,"Quercus","alba","white oak","Plantae",371,"Breaking leaf buds",15,"2023-01-01","2023-12-31",2023-05-12,132,2023-05-16,4,1,0
"offset",289729,47344,44.702324,-68.611954,101,"ME",100,"Quercus","alba","white oak","Plantae",371,"Breaking leaf buds",16,"2024-01-01","2024-12-31",2024-05-19,140,2024-05-22,3,1,0
"offset",289729,47344,44.702324,-68.611954,101,"ME",100,"Quercus","alba","white oak","Plantae",371,"Breaking leaf buds",17,"2025-01-01","2025-12-31",2025-05-21,141,2025-05-26,5,1,0
"offset",289730,47344,44.702324,-68.611954,101,"ME",101,"Quercus","macrocarpa","bur oak","Plantae",371,"Breaking leaf buds",14,"2022-01-01","2022-12-31",2022-05-20,140,2022-05-23,3,1,0
"offset",289730,47344,44.702324,-68.611954,101,"ME",101,"Quercus","macrocarpa","bur oak","Plantae",371,"Breaking leaf buds",15,"2023-01-01","2023-12-31",2023-05-08,128,2023-05-12,4,1,0
"offset",289730,47344,44.702324,-68.611954,101,"ME",101,"Quercus","macrocarpa","bur oak","Plantae",371,"Breaking leaf buds",16,"2024-01-01","2024-12-31",2024-05-13,134,2024-05-16,3,1,0
"offset",289730,47344,44.702324,-68.611954,101,"ME",101,"Quercus","macrocarpa","bur oak","Plantae",371,"Breaking leaf buds",17,"2025-01-01","2025-12-31",2025-05-17,137,2025-05-21,4,1,0
"offset",289730,47344,44.702324,-68.611954,101,"ME",101,"Quercus","macrocarpa","bur oak","Plantae",501,"Open flowers",14,"2022-01-01","2022-12-31",2022-05-27,147,2022-06-04,8,1,0
"offset",289730,47344,44.702324,-68.611954,101,"ME",101,"Quercus","macrocarpa","bur oak","Plantae",501,"Open flowers",15,"2023-01-01","2023-12-31",2023-05-24,144,2023-06-02,9,1,0
"offset",289730,47344,44.702324,-68.611954,101,"ME",101,"Quercus","macrocarpa","bur oak","Plantae",501,"Open flowers",17,"2025-01-01","2025-12-31",2025-05-30,150,2025-06-04,5,1,0
"offset",289731,47344,44.702324,-68.611954,101,"ME",2043,"Quercus","bicolor","swamp white oak","Plantae",371,"Breaking leaf buds",14,"2022-01-01","2022-12-31",2022-05-20,140,2022-05-23,3,1,0
"offset",289731,47344,44.702324,-68.611954,101,"ME",2043,"Quercus","bicolor","swamp white oak","Plantae",371,"Breaking leaf buds",15,"2023-01-01","2023-12-31",2023-05-12,132,2023-05-16,4,1,0
"offset",289731,47344,44.702324,-68.611954,101,"ME",2043,"Quercus","bicolor","swamp white oak","Plantae",371,"Breaking leaf buds",16,"2024-01-01","2024-12-31",2024-05-16,137,2024-05-19,3,1,0
"offset",289731,47344,44.702324,-68.611954,101,"ME",2043,"Quercus","bicolor","swamp white oak","Plantae",371,"Breaking leaf buds",17,"2025-01-01","2025-12-31",2025-05-17,137,2025-05-21,4,1,0
"offset",289731,47344,44.702324,-68.611954,101,"ME",2043,"Quercus","bicolor","swamp white oak","Plantae",501,"Open flowers",14,"2022-01-01","2022-12-31",2022-05-27,147,2022-06-04,8,1,0
"offset",289731,47344,44.702324,-68.611954,101,"ME",2043,"Quercus","bicolor","swamp white oak","Plantae",501,"Open flowers",15,"2023-01-01","2023-12-31",2023-05-28,148,2023-06-02,5,1,0
"offset",289732,47344,44.702324,-68.611954,101,"ME",1212,"Quercus","montana","chestnut oak","Plantae",371,"Breaking leaf buds",14,"2022-01-01","2022-12-31",2022-05-23,143,2022-05-27,4,1,0
"offset",289732,47344,44.702324,-68.611954,101,"ME",1212,"Quercus","montana","chestnut oak","Plantae",371,"Breaking leaf buds",15,"2023-01-01","2023-12-31",2023-05-12,132,2023-05-16,4,1,0
"offset",289732,47344,44.702324,-68.611954,101,"ME",1212,"Quercus","montana","chestnut oak","Plantae",371,"Breaking leaf buds",16,"2024-01-01","2024-12-31",2024-05-16,137,2024-05-19,3,1,0
"offset",289732,47344,44.702324,-68.611954,101,"ME",1212,"Quercus","montana","chestnut oak","Plantae",371,"Breaking leaf buds",17,"2025-01-01","2025-12-31",2025-05-17,137,2025-05-21,4,1,0
"offset",289732,47344,44.702324,-68.611954,101,"ME",1212,"Quercus","montana","chestnut oak","Plantae",501,"Open flowers",15,"2023-01-01","2023-12-31",2023-05-28,148,2023-06-02,5,1,0
"offset",289732,47344,44.702324,-68.611954,101,"ME",1212,"Quercus","montana","chestnut oak","Plantae",501,"Open flowers",17,"2025-01-01","2025-12-31",2025-05-30,150,2025-06-04,5,1,0
"offset",289857,47349,30.410769,-91.177505,8,"LA",305,"Quercus","virginiana","live oak","Plantae",371,"Breaking leaf buds",14,"2022-01-01","2022-12-31",2022-03-18,77,NA,NA,1,0
"offset",289857,47349,30.410769,-91.177505,8,"LA",305,"Quercus","virginiana","live oak","Plantae",501,"Open flowers",14,"2022-01-01","2022-12-31",2022-03-18,77,NA,NA,1,0
"offset",289882,47344,44.702324,-68.611954,101,"ME",100,"Quercus","alba","white oak","Plantae",371,"Breaking leaf buds",14,"2022-01-01","2022-12-31",2022-05-23,143,2022-05-27,4,1,0
"offset",289882,47344,44.702324,-68.611954,101,"ME",100,"Quercus","alba","white oak","Plantae",371,"Breaking leaf buds",15,"2023-01-01","2023-12-31",2023-05-12,132,2023-05-16,4,1,0
"offset",289882,47344,44.702324,-68.611954,101,"ME",100,"Quercus","alba","white oak","Plantae",371,"Breaking leaf buds",16,"2024-01-01","2024-12-31",2024-05-16,137,2024-05-19,3,1,0
"offset",289882,47344,44.702324,-68.611954,101,"ME",100,"Quercus","alba","white oak","Plantae",371,"Breaking leaf buds",17,"2025-01-01","2025-12-31",2025-05-17,137,2025-05-21,4,1,0
"offset",291397,47398,43.060757,-89.418594,274,"WI",100,"Quercus","alba","white oak","Plantae",371,"Breaking leaf buds",14,"2022-01-01","2022-12-31",2022-05-11,131,2022-05-14,3,1,0
"offset",291398,47398,43.060757,-89.418594,274,"WI",100,"Quercus","alba","white oak","Plantae",371,"Breaking leaf buds",14,"2022-01-01","2022-12-31",2022-05-11,131,2022-05-14,3,1,0
"offset",291399,47398,43.060757,-89.418594,274,"WI",100,"Quercus","alba","white oak","Plantae",371,"Breaking leaf buds",14,"2022-01-01","2022-12-31",2022-10-07,280,2022-10-26,19,2,0
"offset",291503,47142,38.557934,-81.441483,286,"WV",100,"Quercus","alba","white oak","Plantae",371,"Breaking leaf buds",14,"2022-01-01","2022-12-31",2022-04-23,113,2022-04-25,2,2,0
"offset",291503,47142,38.557934,-81.441483,286,"WV",100,"Quercus","alba","white oak","Plantae",371,"Breaking leaf buds",15,"2023-01-01","2023-12-31",2023-04-12,102,2023-04-26,14,1,0
"offset",291503,47142,38.557934,-81.441483,286,"WV",100,"Quercus","alba","white oak","Plantae",371,"Breaking leaf buds",16,"2024-01-01","2024-12-31",2024-04-18,109,2024-04-25,7,1,0
"offset",291503,47142,38.557934,-81.441483,286,"WV",100,"Quercus","alba","white oak","Plantae",371,"Breaking leaf buds",17,"2025-01-01","2025-12-31",2025-04-19,109,2025-05-23,34,1,0
"offset",291503,47142,38.557934,-81.441483,286,"WV",100,"Quercus","alba","white oak","Plantae",501,"Open flowers",14,"2022-01-01","2022-12-31",2022-05-03,123,2022-05-10,7,1,0
"offset",291503,47142,38.557934,-81.441483,286,"WV",100,"Quercus","alba","white oak","Plantae",501,"Open flowers",15,"2023-01-01","2023-12-31",2023-04-26,116,2023-05-03,7,1,0
"offset",291503,47142,38.557934,-81.441483,286,"WV",100,"Quercus","alba","white oak","Plantae",501,"Open flowers",16,"2024-01-01","2024-12-31",2024-05-01,122,2024-05-22,21,1,0
"offset",291503,47142,38.557934,-81.441483,286,"WV",100,"Quercus","alba","white oak","Plantae",501,"Open flowers",17,"2025-01-01","2025-12-31",2025-04-19,109,2025-05-23,34,1,0
"offset",291789,32789,40.73082,-73.99733,7,"NY",2043,"Quercus","bicolor","swamp white oak","Plantae",371,"Breaking leaf buds",14,"2022-01-01","2022-12-31",2022-05-20,140,2022-06-08,19,1,0
"offset",291789,32789,40.73082,-73.99733,7,"NY",2043,"Quercus","bicolor","swamp white oak","Plantae",371,"Breaking leaf buds",15,"2023-01-01","2023-12-31",2023-06-12,163,2023-08-28,77,2,0
"offset",291789,32789,40.73082,-73.99733,7,"NY",2043,"Quercus","bicolor","swamp white oak","Plantae",371,"Breaking leaf buds",16,"2024-01-01","2024-12-31",2024-06-20,172,2024-07-01,11,1,0
"offset",291789,32789,40.73082,-73.99733,7,"NY",2043,"Quercus","bicolor","swamp white oak","Plantae",371,"Breaking leaf buds",17,"2025-01-01","2025-12-31",2025-04-29,119,2025-05-08,9,3,0
"offset",291789,32789,40.73082,-73.99733,7,"NY",2043,"Quercus","bicolor","swamp white oak","Plantae",371,"Breaking leaf buds",18,"2026-01-01","2026-12-31",2026-04-30,120,2026-06-04,35,1,0
"offset",291789,32789,40.73082,-73.99733,7,"NY",2043,"Quercus","bicolor","swamp white oak","Plantae",501,"Open flowers",14,"2022-01-01","2022-12-31",2022-04-19,109,2022-04-28,9,1,0
"offset",291789,32789,40.73082,-73.99733,7,"NY",2043,"Quercus","bicolor","swamp white oak","Plantae",501,"Open flowers",15,"2023-01-01","2023-12-31",2023-04-18,108,2023-04-25,7,1,0
"offset",291789,32789,40.73082,-73.99733,7,"NY",2043,"Quercus","bicolor","swamp white oak","Plantae",501,"Open flowers",16,"2024-01-01","2024-12-31",2024-04-30,121,2024-05-14,14,1,0
"offset",291789,32789,40.73082,-73.99733,7,"NY",2043,"Quercus","bicolor","swamp white oak","Plantae",501,"Open flowers",17,"2025-01-01","2025-12-31",2025-04-26,116,2025-04-29,3,1,0
"offset",291799,47073,49.858315,-97.108627,231,"MB",101,"Quercus","macrocarpa","bur oak","Plantae",371,"Breaking leaf buds",14,"2022-01-01","2022-12-31",2022-05-26,146,2022-05-27,1,1,0
"offset",291960,47543,42.883919,-97.411652,376,"SD",2043,"Quercus","bicolor","swamp white oak","Plantae",371,"Breaking leaf buds",14,"2022-01-01","2022-12-31",2022-06-05,156,NA,NA,2,0
"offset",292123,47543,42.883919,-97.411652,376,"SD",2050,"Quercus","muehlenbergii","chinquapin oak","Plantae",371,"Breaking leaf buds",14,"2022-01-01","2022-12-31",2022-04-25,115,2022-04-27,2,1,0
"offset",292128,47543,42.883919,-97.411652,376,"SD",101,"Quercus","macrocarpa","bur oak","Plantae",371,"Breaking leaf buds",14,"2022-01-01","2022-12-31",2022-05-04,124,2022-05-23,19,1,0
"offset",292128,47543,42.883919,-97.411652,376,"SD",101,"Quercus","macrocarpa","bur oak","Plantae",501,"Open flowers",14,"2022-01-01","2022-12-31",2022-06-05,156,NA,NA,2,0
"offset",292197,47588,29.994877,-90.067543,0,"LA",305,"Quercus","virginiana","live oak","Plantae",371,"Breaking leaf buds",14,"2022-01-01","2022-12-31",2022-04-09,99,NA,NA,1,0
"offset",292328,47624,39.615498,-77.403358,145,"MD",100,"Quercus","alba","white oak","Plantae",371,"Breaking leaf buds",14,"2022-01-01","2022-12-31",2022-04-18,108,2022-04-22,4,1,0
"offset",292351,47198,42.396446,-71.135941,13,"MA",2043,"Quercus","bicolor","swamp white oak","Plantae",371,"Breaking leaf buds",14,"2022-01-01","2022-12-31",2022-04-25,115,NA,NA,1,0
"offset",292609,47697,41.506199,-91.507301,189,"IA",101,"Quercus","macrocarpa","bur oak","Plantae",371,"Breaking leaf buds",14,"2022-01-01","2022-12-31",2022-05-18,138,2022-05-22,4,1,0
"offset",292609,47697,41.506199,-91.507301,189,"IA",101,"Quercus","macrocarpa","bur oak","Plantae",371,"Breaking leaf buds",16,"2024-01-01","2024-12-31",2024-02-29,60,NA,NA,1,0
"offset",292610,47697,41.506199,-91.507301,189,"IA",101,"Quercus","macrocarpa","bur oak","Plantae",371,"Breaking leaf buds",14,"2022-01-01","2022-12-31",2022-05-09,129,2022-05-18,9,1,0
"offset",292610,47697,41.506199,-91.507301,189,"IA",101,"Quercus","macrocarpa","bur oak","Plantae",371,"Breaking leaf buds",16,"2024-01-01","2024-12-31",2024-02-29,60,NA,NA,1,0
"offset",292677,47756,40.90255,-73.126343,46,"NY",100,"Quercus","alba","white oak","Plantae",371,"Breaking leaf buds",14,"2022-01-01","2022-12-31",2022-05-08,128,2022-05-14,6,1,0
"offset",292677,47756,40.90255,-73.126343,46,"NY",100,"Quercus","alba","white oak","Plantae",371,"Breaking leaf buds",15,"2023-01-01","2023-12-31",2023-04-20,110,2023-04-25,5,1,0
"offset",292677,47756,40.90255,-73.126343,46,"NY",100,"Quercus","alba","white oak","Plantae",371,"Breaking leaf buds",16,"2024-01-01","2024-12-31",2024-04-28,119,2024-05-07,9,1,0
"offset",292677,47756,40.90255,-73.126343,46,"NY",100,"Quercus","alba","white oak","Plantae",371,"Breaking leaf buds",17,"2025-01-01","2025-12-31",2025-09-11,254,2025-09-29,18,2,0
"offset",292678,47756,40.90255,-73.126343,46,"NY",100,"Quercus","alba","white oak","Plantae",371,"Breaking leaf buds",14,"2022-01-01","2022-12-31",2022-05-08,128,2022-05-14,6,1,0
"offset",292678,47756,40.90255,-73.126343,46,"NY",100,"Quercus","alba","white oak","Plantae",371,"Breaking leaf buds",15,"2023-01-01","2023-12-31",2023-04-14,104,2023-04-20,6,1,0
"offset",292678,47756,40.90255,-73.126343,46,"NY",100,"Quercus","alba","white oak","Plantae",371,"Breaking leaf buds",16,"2024-01-01","2024-12-31",2024-04-28,119,2024-05-07,9,1,0
"offset",292678,47756,40.90255,-73.126343,46,"NY",100,"Quercus","alba","white oak","Plantae",371,"Breaking leaf buds",17,"2025-01-01","2025-12-31",2025-04-23,113,2025-04-30,7,1,0
"offset",292678,47756,40.90255,-73.126343,46,"NY",100,"Quercus","alba","white oak","Plantae",501,"Open flowers",14,"2022-01-01","2022-12-31",2022-05-17,137,2022-07-14,58,1,0
"offset",292678,47756,40.90255,-73.126343,46,"NY",100,"Quercus","alba","white oak","Plantae",501,"Open flowers",15,"2023-01-01","2023-12-31",2023-05-01,121,2023-05-07,6,1,0
"offset",292678,47756,40.90255,-73.126343,46,"NY",100,"Quercus","alba","white oak","Plantae",501,"Open flowers",16,"2024-01-01","2024-12-31",2024-05-13,134,2024-06-11,29,1,0
"offset",292678,47756,40.90255,-73.126343,46,"NY",100,"Quercus","alba","white oak","Plantae",501,"Open flowers",17,"2025-01-01","2025-12-31",2025-04-30,120,2025-05-18,18,1,0
"offset",292737,47755,30.210428,-97.844101,237,"TX",305,"Quercus","virginiana","live oak","Plantae",501,"Open flowers",14,"2022-01-01","2022-12-31",2022-04-22,112,NA,NA,1,0
"offset",292749,47633,41.5033,-91.507301,188,"IA",101,"Quercus","macrocarpa","bur oak","Plantae",371,"Breaking leaf buds",14,"2022-01-01","2022-12-31",2022-05-22,142,2023-03-27,309,1,0
"offset",292749,47633,41.5033,-91.507301,188,"IA",101,"Quercus","macrocarpa","bur oak","Plantae",371,"Breaking leaf buds",15,"2023-01-01","2023-12-31",2023-05-04,124,2023-06-07,34,1,0
"offset",292749,47633,41.5033,-91.507301,188,"IA",101,"Quercus","macrocarpa","bur oak","Plantae",371,"Breaking leaf buds",16,"2024-01-01","2024-12-31",2024-05-14,135,2024-05-22,8,1,0
"offset",292749,47633,41.5033,-91.507301,188,"IA",101,"Quercus","macrocarpa","bur oak","Plantae",371,"Breaking leaf buds",17,"2025-01-01","2025-12-31",2025-05-06,126,2025-05-17,11,1,0
"offset",292750,47633,41.5033,-91.507301,188,"IA",101,"Quercus","macrocarpa","bur oak","Plantae",371,"Breaking leaf buds",14,"2022-01-01","2022-12-31",2022-05-22,142,2023-03-27,309,1,0
"offset",292750,47633,41.5033,-91.507301,188,"IA",101,"Quercus","macrocarpa","bur oak","Plantae",371,"Breaking leaf buds",15,"2023-01-01","2023-12-31",2023-05-04,124,2023-06-07,34,1,0
"offset",292750,47633,41.5033,-91.507301,188,"IA",101,"Quercus","macrocarpa","bur oak","Plantae",371,"Breaking leaf buds",16,"2024-01-01","2024-12-31",2024-06-16,168,2024-06-26,10,2,0
"offset",292750,47633,41.5033,-91.507301,188,"IA",101,"Quercus","macrocarpa","bur oak","Plantae",371,"Breaking leaf buds",17,"2025-01-01","2025-12-31",2025-05-06,126,2025-05-17,11,1,0
"offset",292750,47633,41.5033,-91.507301,188,"IA",101,"Quercus","macrocarpa","bur oak","Plantae",501,"Open flowers",15,"2023-01-01","2023-12-31",2023-11-02,306,2024-02-29,119,1,0
"offset",292750,47633,41.5033,-91.507301,188,"IA",101,"Quercus","macrocarpa","bur oak","Plantae",501,"Open flowers",16,"2024-01-01","2024-12-31",2024-08-15,228,2025-03-14,211,1,0
"offset",292751,47633,41.5033,-91.507301,188,"IA",101,"Quercus","macrocarpa","bur oak","Plantae",371,"Breaking leaf buds",14,"2022-01-01","2022-12-31",2022-05-22,142,2023-03-27,309,1,0
"offset",292751,47633,41.5033,-91.507301,188,"IA",101,"Quercus","macrocarpa","bur oak","Plantae",371,"Breaking leaf buds",15,"2023-01-01","2023-12-31",2023-06-07,158,2023-10-12,127,1,0
"offset",292751,47633,41.5033,-91.507301,188,"IA",101,"Quercus","macrocarpa","bur oak","Plantae",371,"Breaking leaf buds",16,"2024-01-01","2024-12-31",2024-07-26,208,2024-08-15,20,2,0
"offset",292751,47633,41.5033,-91.507301,188,"IA",101,"Quercus","macrocarpa","bur oak","Plantae",371,"Breaking leaf buds",17,"2025-01-01","2025-12-31",2025-05-06,126,2025-05-17,11,1,0
"offset",292751,47633,41.5033,-91.507301,188,"IA",101,"Quercus","macrocarpa","bur oak","Plantae",501,"Open flowers",15,"2023-01-01","2023-12-31",2023-10-12,285,2023-11-02,21,1,0
"offset",292751,47633,41.5033,-91.507301,188,"IA",101,"Quercus","macrocarpa","bur oak","Plantae",501,"Open flowers",16,"2024-01-01","2024-12-31",2024-08-15,228,2025-03-14,211,1,0
"offset",292751,47633,41.5033,-91.507301,188,"IA",101,"Quercus","macrocarpa","bur oak","Plantae",501,"Open flowers",17,"2025-01-01","2025-12-31",2025-06-19,170,2025-09-26,99,1,0
"offset",292819,47803,44.5238,-109.042175,1551,"WY",101,"Quercus","macrocarpa","bur oak","Plantae",371,"Breaking leaf buds",14,"2022-01-01","2022-12-31",2022-04-15,105,NA,NA,2,0
"offset",292981,47050,40.736946,-73.161842,11,"NY",2043,"Quercus","bicolor","swamp white oak","Plantae",371,"Breaking leaf buds",14,"2022-01-01","2022-12-31",2022-05-23,143,2023-04-09,321,1,0
"offset",292981,47050,40.736946,-73.161842,11,"NY",2043,"Quercus","bicolor","swamp white oak","Plantae",371,"Breaking leaf buds",15,"2023-01-01","2023-12-31",2023-05-10,130,NA,NA,2,0
"offset",292981,47050,40.736946,-73.161842,11,"NY",2043,"Quercus","bicolor","swamp white oak","Plantae",501,"Open flowers",14,"2022-01-01","2022-12-31",2022-05-23,143,2023-04-09,321,1,0
"offset",292982,47050,40.736946,-73.161842,11,"NY",2043,"Quercus","bicolor","swamp white oak","Plantae",371,"Breaking leaf buds",14,"2022-01-01","2022-12-31",2022-05-23,143,2023-04-09,321,1,0
"offset",292982,47050,40.736946,-73.161842,11,"NY",2043,"Quercus","bicolor","swamp white oak","Plantae",371,"Breaking leaf buds",15,"2023-01-01","2023-12-31",2023-05-10,130,NA,NA,1,0
"offset",292982,47050,40.736946,-73.161842,11,"NY",2043,"Quercus","bicolor","swamp white oak","Plantae",501,"Open flowers",14,"2022-01-01","2022-12-31",2022-05-23,143,2023-04-09,321,1,0
"offset",292983,47050,40.736946,-73.161842,11,"NY",2043,"Quercus","bicolor","swamp white oak","Plantae",371,"Breaking leaf buds",14,"2022-01-01","2022-12-31",2022-05-23,143,2023-04-09,321,1,0
"offset",292983,47050,40.736946,-73.161842,11,"NY",2043,"Quercus","bicolor","swamp white oak","Plantae",371,"Breaking leaf buds",15,"2023-01-01","2023-12-31",2023-05-10,130,NA,NA,1,0
"offset",292983,47050,40.736946,-73.161842,11,"NY",2043,"Quercus","bicolor","swamp white oak","Plantae",501,"Open flowers",14,"2022-01-01","2022-12-31",2022-05-23,143,2023-04-09,321,1,0
"offset",293008,47882,42.455154,-71.124077,51,"MA",100,"Quercus","alba","white oak","Plantae",371,"Breaking leaf buds",14,"2022-01-01","2022-12-31",2022-05-06,126,2022-05-13,7,1,0
"offset",293009,47882,42.455154,-71.124077,51,"MA",100,"Quercus","alba","white oak","Plantae",371,"Breaking leaf buds",14,"2022-01-01","2022-12-31",2022-05-06,126,2022-05-13,7,2,0
"offset",293010,47882,42.455154,-71.124077,51,"MA",100,"Quercus","alba","white oak","Plantae",371,"Breaking leaf buds",14,"2022-01-01","2022-12-31",2022-05-13,133,2022-05-18,5,1,0
"offset",293011,47882,42.455154,-71.124077,51,"MA",100,"Quercus","alba","white oak","Plantae",371,"Breaking leaf buds",14,"2022-01-01","2022-12-31",2022-05-06,126,2022-05-13,7,1,0
"offset",293012,47882,42.455154,-71.124077,51,"MA",100,"Quercus","alba","white oak","Plantae",371,"Breaking leaf buds",14,"2022-01-01","2022-12-31",2022-05-06,126,2022-05-13,7,1,0
"offset",293111,47756,40.90255,-73.126343,46,"NY",100,"Quercus","alba","white oak","Plantae",371,"Breaking leaf buds",14,"2022-01-01","2022-12-31",2022-05-11,131,2022-05-14,3,1,0
"offset",293111,47756,40.90255,-73.126343,46,"NY",100,"Quercus","alba","white oak","Plantae",371,"Breaking leaf buds",15,"2023-01-01","2023-12-31",2023-04-20,110,2023-04-25,5,1,0
"offset",293111,47756,40.90255,-73.126343,46,"NY",100,"Quercus","alba","white oak","Plantae",371,"Breaking leaf buds",16,"2024-01-01","2024-12-31",2024-04-28,119,2024-05-07,9,1,0
"offset",293111,47756,40.90255,-73.126343,46,"NY",100,"Quercus","alba","white oak","Plantae",371,"Breaking leaf buds",17,"2025-01-01","2025-12-31",2025-04-23,113,2025-04-30,7,1,0
"offset",293111,47756,40.90255,-73.126343,46,"NY",100,"Quercus","alba","white oak","Plantae",501,"Open flowers",14,"2022-01-01","2022-12-31",2022-05-20,140,2022-07-14,55,1,0
"offset",293111,47756,40.90255,-73.126343,46,"NY",100,"Quercus","alba","white oak","Plantae",501,"Open flowers",15,"2023-01-01","2023-12-31",2023-05-01,121,2023-05-07,6,1,0
"offset",293111,47756,40.90255,-73.126343,46,"NY",100,"Quercus","alba","white oak","Plantae",501,"Open flowers",16,"2024-01-01","2024-12-31",2024-05-13,134,2024-06-11,29,1,0
"offset",293111,47756,40.90255,-73.126343,46,"NY",100,"Quercus","alba","white oak","Plantae",501,"Open flowers",17,"2025-01-01","2025-12-31",2025-04-30,120,2025-05-18,18,1,0
"offset",293366,47756,40.90255,-73.126343,46,"NY",1212,"Quercus","montana","chestnut oak","Plantae",371,"Breaking leaf buds",14,"2022-01-01","2022-12-31",2022-05-11,131,2022-05-14,3,1,0
"offset",293366,47756,40.90255,-73.126343,46,"NY",1212,"Quercus","montana","chestnut oak","Plantae",371,"Breaking leaf buds",15,"2023-01-01","2023-12-31",2023-04-14,104,2023-04-20,6,1,0
"offset",293366,47756,40.90255,-73.126343,46,"NY",1212,"Quercus","montana","chestnut oak","Plantae",371,"Breaking leaf buds",16,"2024-01-01","2024-12-31",2024-04-28,119,2024-05-07,9,1,0
"offset",293366,47756,40.90255,-73.126343,46,"NY",1212,"Quercus","montana","chestnut oak","Plantae",371,"Breaking leaf buds",17,"2025-01-01","2025-12-31",2025-04-19,109,2025-04-23,4,1,0
"offset",293366,47756,40.90255,-73.126343,46,"NY",1212,"Quercus","montana","chestnut oak","Plantae",501,"Open flowers",14,"2022-01-01","2022-12-31",2022-05-20,140,2022-07-14,55,1,0
"offset",293366,47756,40.90255,-73.126343,46,"NY",1212,"Quercus","montana","chestnut oak","Plantae",501,"Open flowers",15,"2023-01-01","2023-12-31",2023-04-25,115,2023-05-01,6,1,0
"offset",293366,47756,40.90255,-73.126343,46,"NY",1212,"Quercus","montana","chestnut oak","Plantae",501,"Open flowers",16,"2024-01-01","2024-12-31",2024-05-13,134,2024-06-11,29,1,0
"offset",293366,47756,40.90255,-73.126343,46,"NY",1212,"Quercus","montana","chestnut oak","Plantae",501,"Open flowers",17,"2025-01-01","2025-12-31",2025-04-30,120,2025-05-18,18,1,0
"offset",293367,50922,40.901848,-73.12323,42,"NY",1212,"Quercus","montana","chestnut oak","Plantae",371,"Breaking leaf buds",14,"2022-01-01","2022-12-31",2022-05-11,131,2022-05-14,3,1,0
"offset",293367,50922,40.901848,-73.12323,42,"NY",1212,"Quercus","montana","chestnut oak","Plantae",371,"Breaking leaf buds",15,"2023-01-01","2023-12-31",2023-04-14,104,2023-04-20,6,1,0
"offset",293367,50922,40.901848,-73.12323,42,"NY",1212,"Quercus","montana","chestnut oak","Plantae",371,"Breaking leaf buds",16,"2024-01-01","2024-12-31",2024-04-28,119,2024-05-07,9,1,0
"offset",293367,50922,40.901848,-73.12323,42,"NY",1212,"Quercus","montana","chestnut oak","Plantae",371,"Breaking leaf buds",17,"2025-01-01","2025-12-31",2025-04-23,113,2025-04-30,7,1,0
"offset",293367,50922,40.901848,-73.12323,42,"NY",1212,"Quercus","montana","chestnut oak","Plantae",501,"Open flowers",14,"2022-01-01","2022-12-31",2022-05-20,140,2022-07-14,55,1,0
"offset",293367,50922,40.901848,-73.12323,42,"NY",1212,"Quercus","montana","chestnut oak","Plantae",501,"Open flowers",15,"2023-01-01","2023-12-31",2023-04-25,115,2023-05-01,6,1,0
"offset",293367,50922,40.901848,-73.12323,42,"NY",1212,"Quercus","montana","chestnut oak","Plantae",501,"Open flowers",16,"2024-01-01","2024-12-31",2024-05-13,134,2024-06-11,29,1,0
"offset",293367,50922,40.901848,-73.12323,42,"NY",1212,"Quercus","montana","chestnut oak","Plantae",501,"Open flowers",17,"2025-01-01","2025-12-31",2025-04-30,120,2025-05-18,18,1,0
"offset",293368,50922,40.901848,-73.12323,42,"NY",100,"Quercus","alba","white oak","Plantae",371,"Breaking leaf buds",14,"2022-01-01","2022-12-31",2022-05-08,128,2022-05-14,6,1,0
"offset",293368,50922,40.901848,-73.12323,42,"NY",100,"Quercus","alba","white oak","Plantae",371,"Breaking leaf buds",15,"2023-01-01","2023-12-31",2023-04-20,110,2023-04-25,5,1,0
"offset",293368,50922,40.901848,-73.12323,42,"NY",100,"Quercus","alba","white oak","Plantae",371,"Breaking leaf buds",16,"2024-01-01","2024-12-31",2024-04-28,119,2024-05-07,9,1,0
"offset",293368,50922,40.901848,-73.12323,42,"NY",100,"Quercus","alba","white oak","Plantae",371,"Breaking leaf buds",17,"2025-01-01","2025-12-31",2025-04-23,113,2025-04-30,7,1,0
"offset",293368,50922,40.901848,-73.12323,42,"NY",100,"Quercus","alba","white oak","Plantae",501,"Open flowers",14,"2022-01-01","2022-12-31",2022-05-20,140,2022-07-14,55,1,0
"offset",293368,50922,40.901848,-73.12323,42,"NY",100,"Quercus","alba","white oak","Plantae",501,"Open flowers",15,"2023-01-01","2023-12-31",2023-05-07,127,2023-05-18,11,1,0
"offset",293368,50922,40.901848,-73.12323,42,"NY",100,"Quercus","alba","white oak","Plantae",501,"Open flowers",16,"2024-01-01","2024-12-31",2024-05-07,128,2024-05-13,6,1,0
"offset",293368,50922,40.901848,-73.12323,42,"NY",100,"Quercus","alba","white oak","Plantae",501,"Open flowers",17,"2025-01-01","2025-12-31",2025-04-30,120,2025-05-18,18,1,0
"offset",293780,46683,40.494106,-74.515701,30,"NJ",100,"Quercus","alba","white oak","Plantae",371,"Breaking leaf buds",14,"2022-01-01","2022-12-31",2022-04-30,120,NA,NA,1,0
"offset",294143,32443,39.90163,-86.175911,242,"IN",2053,"Quercus","prinoides","dwarf chinquapin oak","Plantae",371,"Breaking leaf buds",14,"2022-01-01","2022-12-31",2022-05-04,124,2023-02-27,299,1,0
"offset",294143,32443,39.90163,-86.175911,242,"IN",2053,"Quercus","prinoides","dwarf chinquapin oak","Plantae",371,"Breaking leaf buds",15,"2023-01-01","2023-12-31",2023-04-26,116,2024-02-08,288,2,0
"offset",294143,32443,39.90163,-86.175911,242,"IN",2053,"Quercus","prinoides","dwarf chinquapin oak","Plantae",371,"Breaking leaf buds",16,"2024-01-01","2024-12-31",2024-04-24,115,2025-03-05,315,1,0
"offset",294143,32443,39.90163,-86.175911,242,"IN",2053,"Quercus","prinoides","dwarf chinquapin oak","Plantae",371,"Breaking leaf buds",17,"2025-01-01","2025-12-31",2025-04-30,120,2026-02-11,287,1,0
"offset",294143,32443,39.90163,-86.175911,242,"IN",2053,"Quercus","prinoides","dwarf chinquapin oak","Plantae",371,"Breaking leaf buds",18,"2026-01-01","2026-12-31",2026-05-08,128,NA,NA,1,0
"offset",294186,48065,41.511101,-91.512604,189,"IA",101,"Quercus","macrocarpa","bur oak","Plantae",371,"Breaking leaf buds",14,"2022-01-01","2022-12-31",2022-05-09,129,NA,NA,1,0
"offset",294869,46367,39.099728,-94.578568,258,"MO",100,"Quercus","alba","white oak","Plantae",371,"Breaking leaf buds",14,"2022-01-01","2022-12-31",2022-02-08,39,NA,NA,1,0
"offset",295379,48055,42.31424,-72.648468,45,"MA",100,"Quercus","alba","white oak","Plantae",371,"Breaking leaf buds",14,"2022-01-01","2022-12-31",2022-05-13,133,2022-05-15,2,1,0
"offset",295379,48055,42.31424,-72.648468,45,"MA",100,"Quercus","alba","white oak","Plantae",501,"Open flowers",14,"2022-01-01","2022-12-31",2022-05-15,135,NA,NA,1,0
"offset",295380,48056,42.314152,-72.649925,47,"MA",100,"Quercus","alba","white oak","Plantae",371,"Breaking leaf buds",14,"2022-01-01","2022-12-31",2022-05-13,133,2022-05-15,2,1,0
"offset",295380,48056,42.314152,-72.649925,47,"MA",100,"Quercus","alba","white oak","Plantae",501,"Open flowers",14,"2022-01-01","2022-12-31",2022-05-15,135,NA,NA,1,0
"offset",296898,48497,35.251904,-81.224945,233,"NC",100,"Quercus","alba","white oak","Plantae",371,"Breaking leaf buds",14,"2022-01-01","2022-12-31",2022-08-01,213,NA,NA,1,0
"offset",296901,48497,35.251904,-81.224945,233,"NC",100,"Quercus","alba","white oak","Plantae",371,"Breaking leaf buds",14,"2022-01-01","2022-12-31",2022-07-25,206,NA,NA,1,0
"offset",297561,48673,30.84971,-83.28936,62,"GA",305,"Quercus","virginiana","live oak","Plantae",371,"Breaking leaf buds",14,"2022-01-01","2022-12-31",2022-08-17,229,2022-08-25,8,1,0
"offset",297583,48690,35.775093,-78.816956,129,"NC",100,"Quercus","alba","white oak","Plantae",371,"Breaking leaf buds",15,"2023-01-01","2023-12-31",2023-04-02,92,2023-04-19,17,1,0
"offset",297583,48690,35.775093,-78.816956,129,"NC",100,"Quercus","alba","white oak","Plantae",371,"Breaking leaf buds",16,"2024-01-01","2024-12-31",2024-03-14,74,NA,NA,1,0
"offset",297583,48690,35.775093,-78.816956,129,"NC",100,"Quercus","alba","white oak","Plantae",501,"Open flowers",15,"2023-01-01","2023-12-31",2023-04-02,92,2023-04-19,17,1,0
"offset",297587,48694,33.879177,-83.443703,243,"GA",100,"Quercus","alba","white oak","Plantae",371,"Breaking leaf buds",15,"2023-01-01","2023-12-31",2023-03-31,90,NA,NA,1,0
"offset",297587,48694,33.879177,-83.443703,243,"GA",100,"Quercus","alba","white oak","Plantae",371,"Breaking leaf buds",16,"2024-01-01","2024-12-31",2024-03-16,76,2026-03-09,723,1,0
"offset",297587,48694,33.879177,-83.443703,243,"GA",100,"Quercus","alba","white oak","Plantae",501,"Open flowers",15,"2023-01-01","2023-12-31",2023-03-31,90,2024-03-16,351,1,0
"offset",297669,43308,42.375237,-71.144234,4,"MA",100,"Quercus","alba","white oak","Plantae",371,"Breaking leaf buds",15,"2023-01-01","2023-12-31",2023-05-06,126,2023-05-08,2,2,0
"offset",297669,43308,42.375237,-71.144234,4,"MA",100,"Quercus","alba","white oak","Plantae",371,"Breaking leaf buds",16,"2024-01-01","2024-12-31",2024-05-05,126,2024-05-08,3,2,0
"offset",297669,43308,42.375237,-71.144234,4,"MA",100,"Quercus","alba","white oak","Plantae",371,"Breaking leaf buds",17,"2025-01-01","2025-12-31",2025-04-28,118,2025-05-02,4,1,0
"offset",297669,43308,42.375237,-71.144234,4,"MA",100,"Quercus","alba","white oak","Plantae",371,"Breaking leaf buds",18,"2026-01-01","2026-12-31",2026-05-05,125,2026-05-12,7,3,0
"offset",297669,43308,42.375237,-71.144234,4,"MA",100,"Quercus","alba","white oak","Plantae",501,"Open flowers",15,"2023-01-01","2023-12-31",2023-06-09,160,2023-06-11,2,5,0
"offset",297669,43308,42.375237,-71.144234,4,"MA",100,"Quercus","alba","white oak","Plantae",501,"Open flowers",16,"2024-01-01","2024-12-31",2024-06-05,157,2024-06-14,9,4,0
"offset",297669,43308,42.375237,-71.144234,4,"MA",100,"Quercus","alba","white oak","Plantae",501,"Open flowers",17,"2025-01-01","2025-12-31",2025-06-13,164,2025-06-16,3,4,0
"offset",297669,43308,42.375237,-71.144234,4,"MA",100,"Quercus","alba","white oak","Plantae",501,"Open flowers",18,"2026-01-01","2026-12-31",2026-06-02,153,2026-06-16,14,2,0
"offset",297670,43308,42.375237,-71.144234,4,"MA",100,"Quercus","alba","white oak","Plantae",371,"Breaking leaf buds",15,"2023-01-01","2023-12-31",2023-05-06,126,2023-05-08,2,1,0
"offset",297670,43308,42.375237,-71.144234,4,"MA",100,"Quercus","alba","white oak","Plantae",371,"Breaking leaf buds",16,"2024-01-01","2024-12-31",2024-05-12,133,2024-05-13,1,4,0
"offset",297670,43308,42.375237,-71.144234,4,"MA",100,"Quercus","alba","white oak","Plantae",371,"Breaking leaf buds",17,"2025-01-01","2025-12-31",2025-04-25,115,2025-04-28,3,3,0
"offset",297670,43308,42.375237,-71.144234,4,"MA",100,"Quercus","alba","white oak","Plantae",371,"Breaking leaf buds",18,"2026-01-01","2026-12-31",2026-04-28,118,2026-05-05,7,2,0
"offset",297670,43308,42.375237,-71.144234,4,"MA",100,"Quercus","alba","white oak","Plantae",501,"Open flowers",15,"2023-01-01","2023-12-31",2023-05-24,144,2023-05-30,6,5,0
"offset",297670,43308,42.375237,-71.144234,4,"MA",100,"Quercus","alba","white oak","Plantae",501,"Open flowers",16,"2024-01-01","2024-12-31",2024-05-29,150,2024-06-04,6,3,0
"offset",297670,43308,42.375237,-71.144234,4,"MA",100,"Quercus","alba","white oak","Plantae",501,"Open flowers",17,"2025-01-01","2025-12-31",2025-05-28,148,2025-05-29,1,3,0
"offset",297670,43308,42.375237,-71.144234,4,"MA",100,"Quercus","alba","white oak","Plantae",501,"Open flowers",18,"2026-01-01","2026-12-31",2026-05-19,139,2026-05-26,7,1,0
"offset",297690,48749,42.373653,-71.143356,4,"MA",100,"Quercus","alba","white oak","Plantae",371,"Breaking leaf buds",15,"2023-01-01","2023-12-31",2023-05-09,129,2023-05-11,2,4,0
"offset",297690,48749,42.373653,-71.143356,4,"MA",100,"Quercus","alba","white oak","Plantae",371,"Breaking leaf buds",16,"2024-01-01","2024-12-31",2024-05-05,126,2024-05-10,5,1,0
"offset",297690,48749,42.373653,-71.143356,4,"MA",100,"Quercus","alba","white oak","Plantae",371,"Breaking leaf buds",17,"2025-01-01","2025-12-31",2025-06-03,154,2025-06-12,9,2,0
"offset",297690,48749,42.373653,-71.143356,4,"MA",100,"Quercus","alba","white oak","Plantae",371,"Breaking leaf buds",18,"2026-01-01","2026-12-31",2026-05-05,125,2026-05-12,7,1,0
"offset",297690,48749,42.373653,-71.143356,4,"MA",100,"Quercus","alba","white oak","Plantae",501,"Open flowers",15,"2023-01-01","2023-12-31",2023-05-20,140,2023-05-23,3,2,0
"offset",297690,48749,42.373653,-71.143356,4,"MA",100,"Quercus","alba","white oak","Plantae",501,"Open flowers",16,"2024-01-01","2024-12-31",2024-05-26,147,2024-05-28,2,1,0
"offset",297690,48749,42.373653,-71.143356,4,"MA",100,"Quercus","alba","white oak","Plantae",501,"Open flowers",17,"2025-01-01","2025-12-31",2025-05-13,133,2025-05-16,3,1,0
"offset",297690,48749,42.373653,-71.143356,4,"MA",100,"Quercus","alba","white oak","Plantae",501,"Open flowers",18,"2026-01-01","2026-12-31",2026-06-08,159,2026-06-15,7,1,0
"offset",297691,48749,42.373653,-71.143356,4,"MA",100,"Quercus","alba","white oak","Plantae",371,"Breaking leaf buds",15,"2023-01-01","2023-12-31",2023-05-07,127,2023-05-08,1,2,0
"offset",297691,48749,42.373653,-71.143356,4,"MA",100,"Quercus","alba","white oak","Plantae",371,"Breaking leaf buds",16,"2024-01-01","2024-12-31",2024-05-05,126,2024-05-10,5,1,0
"offset",297691,48749,42.373653,-71.143356,4,"MA",100,"Quercus","alba","white oak","Plantae",371,"Breaking leaf buds",17,"2025-01-01","2025-12-31",2025-04-30,120,2025-05-06,6,1,0
"offset",297691,48749,42.373653,-71.143356,4,"MA",100,"Quercus","alba","white oak","Plantae",371,"Breaking leaf buds",18,"2026-01-01","2026-12-31",2026-05-05,125,2026-05-12,7,1,0
"offset",297691,48749,42.373653,-71.143356,4,"MA",100,"Quercus","alba","white oak","Plantae",501,"Open flowers",15,"2023-01-01","2023-12-31",2023-05-17,137,2023-05-18,1,3,0
"offset",297691,48749,42.373653,-71.143356,4,"MA",100,"Quercus","alba","white oak","Plantae",501,"Open flowers",16,"2024-01-01","2024-12-31",2024-05-26,147,2024-05-28,2,1,0
"offset",297691,48749,42.373653,-71.143356,4,"MA",100,"Quercus","alba","white oak","Plantae",501,"Open flowers",17,"2025-01-01","2025-12-31",2025-05-13,133,2025-05-16,3,1,0
"offset",297691,48749,42.373653,-71.143356,4,"MA",100,"Quercus","alba","white oak","Plantae",501,"Open flowers",18,"2026-01-01","2026-12-31",2026-06-01,152,2026-06-02,1,1,0
"offset",297736,48749,42.373653,-71.143356,4,"MA",100,"Quercus","alba","white oak","Plantae",371,"Breaking leaf buds",15,"2023-01-01","2023-12-31",2023-09-17,260,2023-09-24,7,3,0
"offset",297736,48749,42.373653,-71.143356,4,"MA",100,"Quercus","alba","white oak","Plantae",371,"Breaking leaf buds",16,"2024-01-01","2024-12-31",2024-05-13,134,2024-05-19,6,3,0
"offset",297736,48749,42.373653,-71.143356,4,"MA",100,"Quercus","alba","white oak","Plantae",371,"Breaking leaf buds",17,"2025-01-01","2025-12-31",2025-04-30,120,2025-05-06,6,1,0
"offset",297736,48749,42.373653,-71.143356,4,"MA",100,"Quercus","alba","white oak","Plantae",371,"Breaking leaf buds",18,"2026-01-01","2026-12-31",2026-05-05,125,2026-05-12,7,2,0
"offset",297736,48749,42.373653,-71.143356,4,"MA",100,"Quercus","alba","white oak","Plantae",501,"Open flowers",15,"2023-01-01","2023-12-31",2023-05-20,140,2023-05-23,3,3,0
"offset",297736,48749,42.373653,-71.143356,4,"MA",100,"Quercus","alba","white oak","Plantae",501,"Open flowers",16,"2024-01-01","2024-12-31",2024-05-26,147,2024-05-28,2,2,0
"offset",297736,48749,42.373653,-71.143356,4,"MA",100,"Quercus","alba","white oak","Plantae",501,"Open flowers",17,"2025-01-01","2025-12-31",2025-05-13,133,2025-05-16,3,1,0
"offset",297736,48749,42.373653,-71.143356,4,"MA",100,"Quercus","alba","white oak","Plantae",501,"Open flowers",18,"2026-01-01","2026-12-31",2026-06-08,159,2026-06-15,7,1,0
"offset",297741,48750,42.374542,-71.146736,4,"MA",100,"Quercus","alba","white oak","Plantae",371,"Breaking leaf buds",15,"2023-01-01","2023-12-31",2023-05-02,122,2023-05-04,2,1,0
"offset",297741,48750,42.374542,-71.146736,4,"MA",100,"Quercus","alba","white oak","Plantae",371,"Breaking leaf buds",16,"2024-01-01","2024-12-31",2024-05-10,131,2024-05-12,2,1,0
"offset",297741,48750,42.374542,-71.146736,4,"MA",100,"Quercus","alba","white oak","Plantae",371,"Breaking leaf buds",17,"2025-01-01","2025-12-31",2025-04-28,118,2025-05-06,8,3,0
"offset",297741,48750,42.374542,-71.146736,4,"MA",100,"Quercus","alba","white oak","Plantae",371,"Breaking leaf buds",18,"2026-01-01","2026-12-31",2026-04-28,118,2026-05-04,6,2,0
"offset",297741,48750,42.374542,-71.146736,4,"MA",100,"Quercus","alba","white oak","Plantae",501,"Open flowers",15,"2023-01-01","2023-12-31",2023-05-21,141,2023-05-23,2,3,0
"offset",297741,48750,42.374542,-71.146736,4,"MA",100,"Quercus","alba","white oak","Plantae",501,"Open flowers",16,"2024-01-01","2024-12-31",2024-05-12,133,2024-05-19,7,1,0
"offset",297741,48750,42.374542,-71.146736,4,"MA",100,"Quercus","alba","white oak","Plantae",501,"Open flowers",17,"2025-01-01","2025-12-31",2025-05-13,133,2025-05-20,7,1,0
"offset",297741,48750,42.374542,-71.146736,4,"MA",100,"Quercus","alba","white oak","Plantae",501,"Open flowers",18,"2026-01-01","2026-12-31",2026-05-19,139,2026-05-21,2,1,0
"offset",297746,48750,42.374542,-71.146736,4,"MA",100,"Quercus","alba","white oak","Plantae",371,"Breaking leaf buds",15,"2023-01-01","2023-12-31",2023-05-07,127,2023-05-08,1,1,0
"offset",297746,48750,42.374542,-71.146736,4,"MA",100,"Quercus","alba","white oak","Plantae",371,"Breaking leaf buds",16,"2024-01-01","2024-12-31",2024-05-05,126,2024-05-10,5,1,0
"offset",297746,48750,42.374542,-71.146736,4,"MA",100,"Quercus","alba","white oak","Plantae",371,"Breaking leaf buds",17,"2025-01-01","2025-12-31",2025-04-28,118,2025-05-06,8,1,0
"offset",297746,48750,42.374542,-71.146736,4,"MA",100,"Quercus","alba","white oak","Plantae",371,"Breaking leaf buds",18,"2026-01-01","2026-12-31",2026-05-05,125,2026-05-12,7,1,0
"offset",297746,48750,42.374542,-71.146736,4,"MA",100,"Quercus","alba","white oak","Plantae",501,"Open flowers",15,"2023-01-01","2023-12-31",2023-05-16,136,2023-05-19,3,2,0
"offset",297746,48750,42.374542,-71.146736,4,"MA",100,"Quercus","alba","white oak","Plantae",501,"Open flowers",16,"2024-01-01","2024-12-31",2024-05-05,126,2024-05-12,7,1,0
"offset",297746,48750,42.374542,-71.146736,4,"MA",100,"Quercus","alba","white oak","Plantae",501,"Open flowers",17,"2025-01-01","2025-12-31",2025-05-13,133,2025-05-20,7,2,0
"offset",297746,48750,42.374542,-71.146736,4,"MA",100,"Quercus","alba","white oak","Plantae",501,"Open flowers",18,"2026-01-01","2026-12-31",2026-05-26,146,2026-06-02,7,2,0
"offset",297748,48750,42.374542,-71.146736,4,"MA",100,"Quercus","alba","white oak","Plantae",371,"Breaking leaf buds",15,"2023-01-01","2023-12-31",2023-04-27,117,2023-05-01,4,1,0
"offset",297748,48750,42.374542,-71.146736,4,"MA",100,"Quercus","alba","white oak","Plantae",371,"Breaking leaf buds",16,"2024-01-01","2024-12-31",2024-05-05,126,2024-05-10,5,1,0
"offset",297748,48750,42.374542,-71.146736,4,"MA",100,"Quercus","alba","white oak","Plantae",371,"Breaking leaf buds",17,"2025-01-01","2025-12-31",2025-04-23,113,2025-04-28,5,3,0
"offset",297748,48750,42.374542,-71.146736,4,"MA",100,"Quercus","alba","white oak","Plantae",371,"Breaking leaf buds",18,"2026-01-01","2026-12-31",2026-04-28,118,2026-05-04,6,3,0
"offset",297748,48750,42.374542,-71.146736,4,"MA",100,"Quercus","alba","white oak","Plantae",501,"Open flowers",15,"2023-01-01","2023-12-31",2023-05-19,139,2023-05-21,2,2,0
"offset",297748,48750,42.374542,-71.146736,4,"MA",100,"Quercus","alba","white oak","Plantae",501,"Open flowers",16,"2024-01-01","2024-12-31",2024-05-19,140,2024-05-26,7,2,0
"offset",297748,48750,42.374542,-71.146736,4,"MA",100,"Quercus","alba","white oak","Plantae",501,"Open flowers",17,"2025-01-01","2025-12-31",2025-05-13,133,2025-05-20,7,1,0
"offset",297748,48750,42.374542,-71.146736,4,"MA",100,"Quercus","alba","white oak","Plantae",501,"Open flowers",18,"2026-01-01","2026-12-31",2026-05-26,146,2026-06-02,7,3,0
"offset",297753,48750,42.374542,-71.146736,4,"MA",100,"Quercus","alba","white oak","Plantae",371,"Breaking leaf buds",15,"2023-01-01","2023-12-31",2023-05-09,129,2023-05-15,6,2,0
"offset",297753,48750,42.374542,-71.146736,4,"MA",100,"Quercus","alba","white oak","Plantae",371,"Breaking leaf buds",16,"2024-01-01","2024-12-31",2024-05-05,126,2024-05-10,5,1,0
"offset",297753,48750,42.374542,-71.146736,4,"MA",100,"Quercus","alba","white oak","Plantae",371,"Breaking leaf buds",17,"2025-01-01","2025-12-31",2025-04-28,118,2025-05-06,8,1,0
"offset",297753,48750,42.374542,-71.146736,4,"MA",100,"Quercus","alba","white oak","Plantae",371,"Breaking leaf buds",18,"2026-01-01","2026-12-31",2026-05-05,125,2026-05-12,7,2,0
"offset",297753,48750,42.374542,-71.146736,4,"MA",100,"Quercus","alba","white oak","Plantae",501,"Open flowers",15,"2023-01-01","2023-12-31",2023-05-19,139,2023-05-21,2,1,0
"offset",297753,48750,42.374542,-71.146736,4,"MA",100,"Quercus","alba","white oak","Plantae",501,"Open flowers",16,"2024-01-01","2024-12-31",2024-05-26,147,2024-06-04,9,1,0
"offset",297753,48750,42.374542,-71.146736,4,"MA",100,"Quercus","alba","white oak","Plantae",501,"Open flowers",17,"2025-01-01","2025-12-31",2025-05-13,133,2025-05-20,7,1,0
"offset",297753,48750,42.374542,-71.146736,4,"MA",100,"Quercus","alba","white oak","Plantae",501,"Open flowers",18,"2026-01-01","2026-12-31",2026-05-26,146,2026-06-02,7,1,0
"offset",297759,48750,42.374542,-71.146736,4,"MA",100,"Quercus","alba","white oak","Plantae",371,"Breaking leaf buds",15,"2023-01-01","2023-12-31",2023-05-04,124,2023-05-07,3,1,0
"offset",297759,48750,42.374542,-71.146736,4,"MA",100,"Quercus","alba","white oak","Plantae",371,"Breaking leaf buds",16,"2024-01-01","2024-12-31",2024-05-05,126,2024-05-10,5,1,0
"offset",297759,48750,42.374542,-71.146736,4,"MA",100,"Quercus","alba","white oak","Plantae",371,"Breaking leaf buds",17,"2025-01-01","2025-12-31",2025-04-28,118,2025-05-06,8,3,0
"offset",297759,48750,42.374542,-71.146736,4,"MA",100,"Quercus","alba","white oak","Plantae",371,"Breaking leaf buds",18,"2026-01-01","2026-12-31",2026-05-05,125,2026-05-12,7,3,0
"offset",297759,48750,42.374542,-71.146736,4,"MA",100,"Quercus","alba","white oak","Plantae",501,"Open flowers",15,"2023-01-01","2023-12-31",2023-05-19,139,2023-05-21,2,1,0
"offset",297759,48750,42.374542,-71.146736,4,"MA",100,"Quercus","alba","white oak","Plantae",501,"Open flowers",16,"2024-01-01","2024-12-31",2024-11-11,316,2024-11-26,15,2,0
"offset",297759,48750,42.374542,-71.146736,4,"MA",100,"Quercus","alba","white oak","Plantae",501,"Open flowers",17,"2025-01-01","2025-12-31",2025-05-13,133,2025-05-20,7,1,0
"offset",297759,48750,42.374542,-71.146736,4,"MA",100,"Quercus","alba","white oak","Plantae",501,"Open flowers",18,"2026-01-01","2026-12-31",2026-05-26,146,2026-06-02,7,1,0
"offset",299359,48917,38.030155,-84.49897,306,"KY",100,"Quercus","alba","white oak","Plantae",371,"Breaking leaf buds",14,"2022-01-01","2022-12-31",2022-10-09,282,NA,NA,1,0
"offset",299418,48957,38.040649,-84.501045,300,"KY",2043,"Quercus","bicolor","swamp white oak","Plantae",371,"Breaking leaf buds",14,"2022-01-01","2022-12-31",2022-09-12,255,2022-09-25,13,1,0
"offset",299419,48957,38.040649,-84.501045,300,"KY",2043,"Quercus","bicolor","swamp white oak","Plantae",371,"Breaking leaf buds",14,"2022-01-01","2022-12-31",2022-09-12,255,2022-09-25,13,1,0
"offset",301397,49426,37.992432,-81.148293,603,"WV",100,"Quercus","alba","white oak","Plantae",371,"Breaking leaf buds",14,"2022-01-01","2022-12-31",2022-11-09,313,2023-02-09,92,2,0
"offset",301397,49426,37.992432,-81.148293,603,"WV",100,"Quercus","alba","white oak","Plantae",371,"Breaking leaf buds",15,"2023-01-01","2023-12-31",2023-11-08,312,2024-03-14,127,4,0
"offset",301397,49426,37.992432,-81.148293,603,"WV",100,"Quercus","alba","white oak","Plantae",371,"Breaking leaf buds",16,"2024-01-01","2024-12-31",2024-04-25,116,NA,NA,1,0
"offset",301397,49426,37.992432,-81.148293,603,"WV",100,"Quercus","alba","white oak","Plantae",501,"Open flowers",14,"2022-01-01","2022-12-31",2022-11-09,313,2023-02-09,92,1,0
"offset",301397,49426,37.992432,-81.148293,603,"WV",100,"Quercus","alba","white oak","Plantae",501,"Open flowers",15,"2023-01-01","2023-12-31",2023-10-06,279,2023-10-26,20,3,0
"offset",301407,49426,37.992432,-81.148293,603,"WV",100,"Quercus","alba","white oak","Plantae",371,"Breaking leaf buds",14,"2022-01-01","2022-12-31",2022-10-07,280,2022-10-24,17,1,0
"offset",301407,49426,37.992432,-81.148293,603,"WV",100,"Quercus","alba","white oak","Plantae",371,"Breaking leaf buds",15,"2023-01-01","2023-12-31",2023-05-05,125,2023-09-14,132,2,0
"offset",301407,49426,37.992432,-81.148293,603,"WV",100,"Quercus","alba","white oak","Plantae",371,"Breaking leaf buds",16,"2024-01-01","2024-12-31",2024-04-25,116,NA,NA,1,0
"offset",301751,49663,42.674046,-74.496788,308,"NY",101,"Quercus","macrocarpa","bur oak","Plantae",371,"Breaking leaf buds",14,"2022-01-01","2022-12-31",2022-10-13,286,2022-10-24,11,1,0
"offset",301751,49663,42.674046,-74.496788,308,"NY",101,"Quercus","macrocarpa","bur oak","Plantae",501,"Open flowers",14,"2022-01-01","2022-12-31",2022-10-13,286,NA,NA,1,0
"offset",303056,49815,35.922417,-78.964714,72,"NC",100,"Quercus","alba","white oak","Plantae",371,"Breaking leaf buds",14,"2022-01-01","2022-12-31",2022-12-09,343,2023-02-08,61,1,0
"offset",303056,49815,35.922417,-78.964714,72,"NC",100,"Quercus","alba","white oak","Plantae",371,"Breaking leaf buds",15,"2023-01-01","2023-12-31",2023-02-24,55,2023-03-07,11,1,0
"offset",303108,45924,35.005711,-80.673264,185,"NC",100,"Quercus","alba","white oak","Plantae",371,"Breaking leaf buds",15,"2023-01-01","2023-12-31",2023-04-06,96,2023-04-19,13,1,0
"offset",303109,45924,35.005711,-80.673264,185,"NC",100,"Quercus","alba","white oak","Plantae",371,"Breaking leaf buds",14,"2022-01-01","2022-12-31",2022-12-05,339,2022-12-12,7,1,0
"offset",303109,45924,35.005711,-80.673264,185,"NC",100,"Quercus","alba","white oak","Plantae",371,"Breaking leaf buds",15,"2023-01-01","2023-12-31",2023-05-15,135,NA,NA,1,0
"offset",305774,42060,39.627743,-86.380142,218,"IN",2050,"Quercus","muehlenbergii","chinquapin oak","Plantae",371,"Breaking leaf buds",15,"2023-01-01","2023-12-31",2023-04-27,117,2023-07-02,66,1,0
"offset",305774,42060,39.627743,-86.380142,218,"IN",2050,"Quercus","muehlenbergii","chinquapin oak","Plantae",371,"Breaking leaf buds",16,"2024-01-01","2024-12-31",2024-04-29,120,2024-05-06,7,1,0
"offset",305774,42060,39.627743,-86.380142,218,"IN",2050,"Quercus","muehlenbergii","chinquapin oak","Plantae",501,"Open flowers",15,"2023-01-01","2023-12-31",2023-04-27,117,2023-07-02,66,1,0
"offset",305774,42060,39.627743,-86.380142,218,"IN",2050,"Quercus","muehlenbergii","chinquapin oak","Plantae",501,"Open flowers",16,"2024-01-01","2024-12-31",2024-05-06,127,2024-05-13,7,1,0
"offset",306306,50331,30.430586,-88.833366,7,"MS",305,"Quercus","virginiana","live oak","Plantae",371,"Breaking leaf buds",15,"2023-01-01","2023-12-31",2023-03-28,87,2023-05-01,34,1,0
"offset",306306,50331,30.430586,-88.833366,7,"MS",305,"Quercus","virginiana","live oak","Plantae",371,"Breaking leaf buds",16,"2024-01-01","2024-12-31",2024-03-26,86,2024-04-01,6,1,0
"offset",306306,50331,30.430586,-88.833366,7,"MS",305,"Quercus","virginiana","live oak","Plantae",371,"Breaking leaf buds",17,"2025-01-01","2025-12-31",2025-03-28,87,2025-05-05,38,1,0
"offset",306306,50331,30.430586,-88.833366,7,"MS",305,"Quercus","virginiana","live oak","Plantae",371,"Breaking leaf buds",18,"2026-01-01","2026-12-31",2026-03-20,79,2026-04-17,28,1,0
"offset",306310,50331,30.430586,-88.833366,7,"MS",305,"Quercus","virginiana","live oak","Plantae",371,"Breaking leaf buds",15,"2023-01-01","2023-12-31",2023-04-04,94,2023-05-01,27,1,0
"offset",306310,50331,30.430586,-88.833366,7,"MS",305,"Quercus","virginiana","live oak","Plantae",371,"Breaking leaf buds",16,"2024-01-01","2024-12-31",2024-04-18,109,2024-04-22,4,2,0
"offset",306310,50331,30.430586,-88.833366,7,"MS",305,"Quercus","virginiana","live oak","Plantae",371,"Breaking leaf buds",17,"2025-01-01","2025-12-31",2025-03-28,87,2025-04-16,19,1,0
"offset",306310,50331,30.430586,-88.833366,7,"MS",305,"Quercus","virginiana","live oak","Plantae",371,"Breaking leaf buds",18,"2026-01-01","2026-12-31",2026-03-20,79,2026-04-17,28,1,0
"offset",306310,50331,30.430586,-88.833366,7,"MS",305,"Quercus","virginiana","live oak","Plantae",501,"Open flowers",16,"2024-01-01","2024-12-31",2024-10-08,282,2024-10-14,6,1,0
"offset",306342,50344,43.220783,-85.310768,260,"MI",100,"Quercus","alba","white oak","Plantae",371,"Breaking leaf buds",15,"2023-01-01","2023-12-31",2023-05-27,147,2023-05-28,1,1,0
"offset",306381,50102,44.953388,-93.057167,253,"MN",101,"Quercus","macrocarpa","bur oak","Plantae",371,"Breaking leaf buds",17,"2025-01-01","2025-12-31",2025-04-26,116,2025-05-06,10,1,0
"offset",306381,50102,44.953388,-93.057167,253,"MN",101,"Quercus","macrocarpa","bur oak","Plantae",371,"Breaking leaf buds",18,"2026-01-01","2026-12-31",2026-04-18,108,NA,NA,1,0
"offset",306765,50056,30.353901,-89.136078,3,"MS",305,"Quercus","virginiana","live oak","Plantae",371,"Breaking leaf buds",15,"2023-01-01","2023-12-31",2023-03-01,60,2023-03-21,20,1,0
"offset",306765,50056,30.353901,-89.136078,3,"MS",305,"Quercus","virginiana","live oak","Plantae",371,"Breaking leaf buds",16,"2024-01-01","2024-12-31",2024-05-02,123,2024-05-13,11,2,0
"offset",306765,50056,30.353901,-89.136078,3,"MS",305,"Quercus","virginiana","live oak","Plantae",371,"Breaking leaf buds",17,"2025-01-01","2025-12-31",2025-03-28,87,2025-04-08,11,1,0
"offset",306765,50056,30.353901,-89.136078,3,"MS",305,"Quercus","virginiana","live oak","Plantae",371,"Breaking leaf buds",18,"2026-01-01","2026-12-31",2026-03-16,75,2026-03-26,10,1,0
"offset",306765,50056,30.353901,-89.136078,3,"MS",305,"Quercus","virginiana","live oak","Plantae",501,"Open flowers",15,"2023-01-01","2023-12-31",2023-03-21,80,2023-04-06,16,1,0
"offset",306765,50056,30.353901,-89.136078,3,"MS",305,"Quercus","virginiana","live oak","Plantae",501,"Open flowers",16,"2024-01-01","2024-12-31",2024-03-28,88,2024-04-12,15,1,0
"offset",306765,50056,30.353901,-89.136078,3,"MS",305,"Quercus","virginiana","live oak","Plantae",501,"Open flowers",17,"2025-01-01","2025-12-31",2025-03-28,87,2025-04-08,11,1,0
"offset",307033,50497,34.80901,-80.157257,94,"SC",100,"Quercus","alba","white oak","Plantae",371,"Breaking leaf buds",15,"2023-01-01","2023-12-31",2023-03-31,90,2023-04-07,7,2,0
"offset",307034,50497,34.80901,-80.157257,94,"SC",1755,"Quercus","stellata","post oak","Plantae",371,"Breaking leaf buds",15,"2023-01-01","2023-12-31",2023-03-10,69,2023-03-17,7,1,0
"offset",307034,50497,34.80901,-80.157257,94,"SC",1755,"Quercus","stellata","post oak","Plantae",501,"Open flowers",15,"2023-01-01","2023-12-31",2023-03-23,82,2023-03-31,8,1,0
"offset",307213,50516,27.710093,-82.687538,1,"FL",305,"Quercus","virginiana","live oak","Plantae",371,"Breaking leaf buds",15,"2023-01-01","2023-12-31",2023-05-07,127,NA,NA,1,0
"offset",307213,50516,27.710093,-82.687538,1,"FL",305,"Quercus","virginiana","live oak","Plantae",501,"Open flowers",15,"2023-01-01","2023-12-31",2023-05-07,127,NA,NA,1,0
"offset",307303,49815,35.922417,-78.964714,72,"NC",100,"Quercus","alba","white oak","Plantae",371,"Breaking leaf buds",15,"2023-01-01","2023-12-31",2023-01-20,20,2023-02-08,19,1,0
"offset",307325,25424,42.286526,-72.653793,51,"MA",100,"Quercus","alba","white oak","Plantae",371,"Breaking leaf buds",15,"2023-01-01","2023-12-31",2023-05-02,122,2023-05-07,5,1,0
"offset",307326,50545,38.4725,-90.803551,191,"MO",101,"Quercus","macrocarpa","bur oak","Plantae",371,"Breaking leaf buds",15,"2023-01-01","2023-12-31",2023-04-11,101,2023-05-10,29,1,0
"offset",307327,50516,27.710093,-82.687538,1,"FL",305,"Quercus","virginiana","live oak","Plantae",371,"Breaking leaf buds",15,"2023-01-01","2023-12-31",2023-05-07,127,NA,NA,1,0
"offset",307327,50516,27.710093,-82.687538,1,"FL",305,"Quercus","virginiana","live oak","Plantae",501,"Open flowers",15,"2023-01-01","2023-12-31",2023-05-07,127,NA,NA,1,0
"offset",307452,50473,34.808964,-80.154732,95,"SC",100,"Quercus","alba","white oak","Plantae",371,"Breaking leaf buds",15,"2023-01-01","2023-12-31",2023-03-13,72,2023-03-31,18,1,0
"offset",307631,33477,45.568214,-94.16539,316,"MN",101,"Quercus","macrocarpa","bur oak","Plantae",371,"Breaking leaf buds",16,"2024-01-01","2024-12-31",2024-05-06,127,2024-05-13,7,1,0
"offset",307631,33477,45.568214,-94.16539,316,"MN",101,"Quercus","macrocarpa","bur oak","Plantae",501,"Open flowers",16,"2024-01-01","2024-12-31",2024-05-13,134,NA,NA,1,0
"offset",307632,33477,45.568214,-94.16539,316,"MN",101,"Quercus","macrocarpa","bur oak","Plantae",371,"Breaking leaf buds",16,"2024-01-01","2024-12-31",2024-05-06,127,2024-05-13,7,1,0
"offset",307632,33477,45.568214,-94.16539,316,"MN",101,"Quercus","macrocarpa","bur oak","Plantae",501,"Open flowers",16,"2024-01-01","2024-12-31",2024-05-13,134,NA,NA,1,0
"offset",307746,50709,34.795818,-80.153107,88,"SC",100,"Quercus","alba","white oak","Plantae",371,"Breaking leaf buds",15,"2023-01-01","2023-12-31",2023-05-12,132,2023-05-19,7,1,0
"offset",308073,26037,46.928711,-95.051582,440,"MN",101,"Quercus","macrocarpa","bur oak","Plantae",371,"Breaking leaf buds",15,"2023-01-01","2023-12-31",2023-05-13,133,2024-03-19,311,1,0
"offset",308075,50761,41.684296,-83.654434,191,"OH",100,"Quercus","alba","white oak","Plantae",371,"Breaking leaf buds",15,"2023-01-01","2023-12-31",2023-05-15,135,2023-05-20,5,1,0
"offset",308077,50762,35.99559,-92.007629,202,"AR",100,"Quercus","alba","white oak","Plantae",371,"Breaking leaf buds",15,"2023-01-01","2023-12-31",2023-04-10,100,2023-04-13,3,1,0
"offset",308077,50762,35.99559,-92.007629,202,"AR",100,"Quercus","alba","white oak","Plantae",371,"Breaking leaf buds",16,"2024-01-01","2024-12-31",2024-04-06,97,2024-04-11,5,1,0
"offset",308077,50762,35.99559,-92.007629,202,"AR",100,"Quercus","alba","white oak","Plantae",501,"Open flowers",15,"2023-01-01","2023-12-31",2023-04-22,112,2023-04-26,4,1,0
"offset",308077,50762,35.99559,-92.007629,202,"AR",100,"Quercus","alba","white oak","Plantae",501,"Open flowers",16,"2024-01-01","2024-12-31",2024-04-11,102,2024-04-14,3,1,0
"offset",308078,50762,35.99559,-92.007629,202,"AR",1755,"Quercus","stellata","post oak","Plantae",371,"Breaking leaf buds",15,"2023-01-01","2023-12-31",2023-04-13,103,2023-04-16,3,1,0
"offset",308078,50762,35.99559,-92.007629,202,"AR",1755,"Quercus","stellata","post oak","Plantae",371,"Breaking leaf buds",16,"2024-01-01","2024-12-31",2024-04-14,105,2024-04-21,7,1,0
"offset",308078,50762,35.99559,-92.007629,202,"AR",1755,"Quercus","stellata","post oak","Plantae",501,"Open flowers",15,"2023-01-01","2023-12-31",2023-05-03,123,2023-05-17,14,1,0
"offset",308078,50762,35.99559,-92.007629,202,"AR",1755,"Quercus","stellata","post oak","Plantae",501,"Open flowers",16,"2024-01-01","2024-12-31",2024-04-21,112,2024-05-04,13,1,0
"offset",308079,50762,35.99559,-92.007629,202,"AR",2050,"Quercus","muehlenbergii","chinquapin oak","Plantae",371,"Breaking leaf buds",15,"2023-01-01","2023-12-31",2023-04-10,100,2023-04-13,3,1,0
"offset",308079,50762,35.99559,-92.007629,202,"AR",2050,"Quercus","muehlenbergii","chinquapin oak","Plantae",371,"Breaking leaf buds",16,"2024-01-01","2024-12-31",2024-04-14,105,2024-04-21,7,1,0
"offset",308079,50762,35.99559,-92.007629,202,"AR",2050,"Quercus","muehlenbergii","chinquapin oak","Plantae",501,"Open flowers",15,"2023-01-01","2023-12-31",2023-04-22,112,2023-04-26,4,1,0
"offset",308079,50762,35.99559,-92.007629,202,"AR",2050,"Quercus","muehlenbergii","chinquapin oak","Plantae",501,"Open flowers",16,"2024-01-01","2024-12-31",2024-04-14,105,2024-04-21,7,1,0
"offset",308143,50781,42.976318,-87.898743,202,"WI",101,"Quercus","macrocarpa","bur oak","Plantae",371,"Breaking leaf buds",15,"2023-01-01","2023-12-31",2023-04-26,116,NA,NA,2,0
"offset",308143,50781,42.976318,-87.898743,202,"WI",101,"Quercus","macrocarpa","bur oak","Plantae",501,"Open flowers",15,"2023-01-01","2023-12-31",2023-03-08,67,2023-03-19,11,1,0
"offset",308154,50744,30.322184,-89.750725,7,"LA",305,"Quercus","virginiana","live oak","Plantae",501,"Open flowers",15,"2023-01-01","2023-12-31",2023-04-07,97,2023-04-15,8,1,0
"offset",308232,50794,38.159595,-78.425621,164,"VA",100,"Quercus","alba","white oak","Plantae",371,"Breaking leaf buds",15,"2023-01-01","2023-12-31",2023-04-11,101,2023-04-19,8,1,0
"offset",308238,42101,41.368465,-81.844765,241,"OH",101,"Quercus","macrocarpa","bur oak","Plantae",371,"Breaking leaf buds",17,"2025-01-01","2025-12-31",2025-04-29,119,NA,NA,1,0
"offset",308338,28614,42.287708,-85.617592,276,"MI",100,"Quercus","alba","white oak","Plantae",371,"Breaking leaf buds",18,"2026-01-01","2026-12-31",2026-04-20,110,NA,NA,2,0
"offset",308415,50478,37.590187,-81.108215,963,"WV",100,"Quercus","alba","white oak","Plantae",371,"Breaking leaf buds",15,"2023-01-01","2023-12-31",2023-04-16,106,2024-03-14,333,1,0
"offset",308416,50478,37.590187,-81.108215,963,"WV",1212,"Quercus","montana","chestnut oak","Plantae",371,"Breaking leaf buds",15,"2023-01-01","2023-12-31",2023-04-16,106,2024-03-14,333,1,0
"offset",308417,50478,37.590187,-81.108215,963,"WV",1755,"Quercus","stellata","post oak","Plantae",371,"Breaking leaf buds",15,"2023-01-01","2023-12-31",2023-04-16,106,2024-03-14,333,1,0
"offset",308420,50478,37.590187,-81.108215,963,"WV",2043,"Quercus","bicolor","swamp white oak","Plantae",371,"Breaking leaf buds",15,"2023-01-01","2023-12-31",2023-04-16,106,2024-03-14,333,1,0
"offset",308454,19824,34.836891,-92.405724,123,"AR",100,"Quercus","alba","white oak","Plantae",371,"Breaking leaf buds",15,"2023-01-01","2023-12-31",2023-10-24,297,2024-03-06,134,2,0
"offset",308454,19824,34.836891,-92.405724,123,"AR",100,"Quercus","alba","white oak","Plantae",371,"Breaking leaf buds",16,"2024-01-01","2024-12-31",2024-06-29,181,NA,NA,1,0
"offset",308721,50291,42.002438,-87.78643,191,"IL",101,"Quercus","macrocarpa","bur oak","Plantae",371,"Breaking leaf buds",15,"2023-01-01","2023-12-31",2023-06-18,169,2023-06-26,8,1,0
"offset",308721,50291,42.002438,-87.78643,191,"IL",101,"Quercus","macrocarpa","bur oak","Plantae",501,"Open flowers",15,"2023-01-01","2023-12-31",2023-04-27,117,2023-05-06,9,1,0
"offset",308722,50926,42.00824,-87.79097,190,"IL",100,"Quercus","alba","white oak","Plantae",371,"Breaking leaf buds",15,"2023-01-01","2023-12-31",2023-06-18,169,2023-06-26,8,2,0
"offset",308722,50926,42.00824,-87.79097,190,"IL",100,"Quercus","alba","white oak","Plantae",501,"Open flowers",15,"2023-01-01","2023-12-31",2023-05-18,138,2023-05-26,8,1,0
"offset",308740,39847,44.936382,-93.208626,246,"MN",100,"Quercus","alba","white oak","Plantae",371,"Breaking leaf buds",15,"2023-01-01","2023-12-31",2023-06-21,172,2023-06-24,3,2,0
"offset",308740,39847,44.936382,-93.208626,246,"MN",100,"Quercus","alba","white oak","Plantae",371,"Breaking leaf buds",16,"2024-01-01","2024-12-31",2024-04-24,115,2024-05-01,7,1,0
"offset",308740,39847,44.936382,-93.208626,246,"MN",100,"Quercus","alba","white oak","Plantae",371,"Breaking leaf buds",17,"2025-01-01","2025-12-31",2025-05-07,127,2025-05-12,5,1,0
"offset",308740,39847,44.936382,-93.208626,246,"MN",100,"Quercus","alba","white oak","Plantae",371,"Breaking leaf buds",18,"2026-01-01","2026-12-31",2026-04-28,118,2026-05-06,8,1,0
"offset",308740,39847,44.936382,-93.208626,246,"MN",100,"Quercus","alba","white oak","Plantae",501,"Open flowers",15,"2023-01-01","2023-12-31",2023-06-24,175,2023-07-08,14,1,0
"offset",308740,39847,44.936382,-93.208626,246,"MN",100,"Quercus","alba","white oak","Plantae",501,"Open flowers",16,"2024-01-01","2024-12-31",2024-06-06,158,2024-06-18,12,1,0
"offset",308740,39847,44.936382,-93.208626,246,"MN",100,"Quercus","alba","white oak","Plantae",501,"Open flowers",17,"2025-01-01","2025-12-31",2025-05-18,138,2025-05-26,8,1,0
"offset",308740,39847,44.936382,-93.208626,246,"MN",100,"Quercus","alba","white oak","Plantae",501,"Open flowers",18,"2026-01-01","2026-12-31",2026-06-06,157,2026-06-10,4,1,0
"offset",308766,50761,41.684296,-83.654434,191,"OH",100,"Quercus","alba","white oak","Plantae",371,"Breaking leaf buds",15,"2023-01-01","2023-12-31",2023-05-11,131,2023-05-15,4,1,0
"offset",308767,50761,41.684296,-83.654434,191,"OH",100,"Quercus","alba","white oak","Plantae",371,"Breaking leaf buds",15,"2023-01-01","2023-12-31",2023-05-15,135,2023-05-20,5,1,0
"offset",308768,50761,41.684296,-83.654434,191,"OH",100,"Quercus","alba","white oak","Plantae",371,"Breaking leaf buds",15,"2023-01-01","2023-12-31",2023-05-15,135,2023-05-20,5,1,0
"offset",309640,33757,43.230736,-70.757347,38,"ME",100,"Quercus","alba","white oak","Plantae",371,"Breaking leaf buds",15,"2023-01-01","2023-12-31",2023-06-18,169,2024-03-08,264,1,0
"offset",309640,33757,43.230736,-70.757347,38,"ME",100,"Quercus","alba","white oak","Plantae",371,"Breaking leaf buds",16,"2024-01-01","2024-12-31",2024-05-08,129,2025-03-13,309,1,0
"offset",309643,50761,41.684296,-83.654434,191,"OH",100,"Quercus","alba","white oak","Plantae",371,"Breaking leaf buds",15,"2023-01-01","2023-12-31",2023-05-11,131,2023-05-15,4,1,0
"offset",309644,50761,41.684296,-83.654434,191,"OH",100,"Quercus","alba","white oak","Plantae",371,"Breaking leaf buds",15,"2023-01-01","2023-12-31",2023-05-15,135,2023-05-20,5,1,0
"offset",309661,50999,31.922672,-81.272438,4,"GA",305,"Quercus","virginiana","live oak","Plantae",371,"Breaking leaf buds",15,"2023-01-01","2023-12-31",2023-03-18,77,NA,NA,1,0
"offset",309661,50999,31.922672,-81.272438,4,"GA",305,"Quercus","virginiana","live oak","Plantae",501,"Open flowers",15,"2023-01-01","2023-12-31",2023-03-18,77,NA,NA,1,0
"offset",309666,51003,40.474838,-79.957184,315,"PA",100,"Quercus","alba","white oak","Plantae",371,"Breaking leaf buds",15,"2023-01-01","2023-12-31",2023-04-18,108,2023-04-22,4,1,0
"offset",309666,51003,40.474838,-79.957184,315,"PA",100,"Quercus","alba","white oak","Plantae",501,"Open flowers",15,"2023-01-01","2023-12-31",2023-05-05,125,2023-06-16,42,1,0
"offset",310120,50991,43.089485,-89.291893,282,"WI",101,"Quercus","macrocarpa","bur oak","Plantae",371,"Breaking leaf buds",15,"2023-01-01","2023-12-31",2023-05-09,129,2023-05-12,3,1,0
"offset",310120,50991,43.089485,-89.291893,282,"WI",101,"Quercus","macrocarpa","bur oak","Plantae",371,"Breaking leaf buds",16,"2024-01-01","2024-12-31",2024-05-03,124,2024-05-04,1,1,0
"offset",310120,50991,43.089485,-89.291893,282,"WI",101,"Quercus","macrocarpa","bur oak","Plantae",371,"Breaking leaf buds",17,"2025-01-01","2025-12-31",2025-05-11,131,2025-05-18,7,1,0
"offset",310120,50991,43.089485,-89.291893,282,"WI",101,"Quercus","macrocarpa","bur oak","Plantae",371,"Breaking leaf buds",18,"2026-01-01","2026-12-31",2026-05-18,138,2026-05-22,4,2,0
"offset",310120,50991,43.089485,-89.291893,282,"WI",101,"Quercus","macrocarpa","bur oak","Plantae",501,"Open flowers",17,"2025-01-01","2025-12-31",2025-05-18,138,2025-05-27,9,1,0
"offset",310120,50991,43.089485,-89.291893,282,"WI",101,"Quercus","macrocarpa","bur oak","Plantae",501,"Open flowers",18,"2026-01-01","2026-12-31",2026-05-22,142,2026-05-29,7,1,0
"offset",310125,51027,41.814728,-88.089294,213,"IL",101,"Quercus","macrocarpa","bur oak","Plantae",371,"Breaking leaf buds",15,"2023-01-01","2023-12-31",2023-05-02,122,2023-05-09,7,1,0
"offset",310126,51027,41.814728,-88.089294,213,"IL",101,"Quercus","macrocarpa","bur oak","Plantae",371,"Breaking leaf buds",15,"2023-01-01","2023-12-31",2023-05-02,122,2023-05-09,7,1,0
"offset",310126,51027,41.814728,-88.089294,213,"IL",101,"Quercus","macrocarpa","bur oak","Plantae",501,"Open flowers",15,"2023-01-01","2023-12-31",2023-05-09,129,2023-05-17,8,2,0
"offset",310127,51027,41.814728,-88.089294,213,"IL",101,"Quercus","macrocarpa","bur oak","Plantae",371,"Breaking leaf buds",15,"2023-01-01","2023-12-31",2023-05-02,122,2023-05-09,7,1,0
"offset",310127,51027,41.814728,-88.089294,213,"IL",101,"Quercus","macrocarpa","bur oak","Plantae",501,"Open flowers",15,"2023-01-01","2023-12-31",2023-05-09,129,2023-05-17,8,2,0
"offset",310128,51027,41.814728,-88.089294,213,"IL",101,"Quercus","macrocarpa","bur oak","Plantae",371,"Breaking leaf buds",15,"2023-01-01","2023-12-31",2023-05-02,122,2023-05-09,7,1,0
"offset",310128,51027,41.814728,-88.089294,213,"IL",101,"Quercus","macrocarpa","bur oak","Plantae",501,"Open flowers",15,"2023-01-01","2023-12-31",2023-05-09,129,2023-05-17,8,2,0
"offset",310129,51027,41.814728,-88.089294,213,"IL",101,"Quercus","macrocarpa","bur oak","Plantae",371,"Breaking leaf buds",15,"2023-01-01","2023-12-31",2023-05-02,122,2023-05-09,7,1,0
"offset",310130,51027,41.814728,-88.089294,213,"IL",101,"Quercus","macrocarpa","bur oak","Plantae",371,"Breaking leaf buds",15,"2023-01-01","2023-12-31",2023-05-02,122,2023-05-09,7,1,0
"offset",310131,51027,41.814728,-88.089294,213,"IL",101,"Quercus","macrocarpa","bur oak","Plantae",371,"Breaking leaf buds",15,"2023-01-01","2023-12-31",2023-05-02,122,2023-05-09,7,2,0
"offset",310132,51027,41.814728,-88.089294,213,"IL",101,"Quercus","macrocarpa","bur oak","Plantae",371,"Breaking leaf buds",15,"2023-01-01","2023-12-31",2023-05-02,122,2023-05-09,7,1,0
"offset",310133,51027,41.814728,-88.089294,213,"IL",101,"Quercus","macrocarpa","bur oak","Plantae",371,"Breaking leaf buds",15,"2023-01-01","2023-12-31",2023-05-02,122,2023-05-09,7,1,0
"offset",310134,51027,41.814728,-88.089294,213,"IL",101,"Quercus","macrocarpa","bur oak","Plantae",371,"Breaking leaf buds",15,"2023-01-01","2023-12-31",2023-04-27,117,2023-05-02,5,1,0
"offset",310134,51027,41.814728,-88.089294,213,"IL",101,"Quercus","macrocarpa","bur oak","Plantae",501,"Open flowers",15,"2023-01-01","2023-12-31",2023-05-09,129,2023-05-17,8,1,0
"offset",310135,51027,41.814728,-88.089294,213,"IL",101,"Quercus","macrocarpa","bur oak","Plantae",371,"Breaking leaf buds",15,"2023-01-01","2023-12-31",2023-04-27,117,2023-05-02,5,1,0
"offset",310136,51027,41.814728,-88.089294,213,"IL",101,"Quercus","macrocarpa","bur oak","Plantae",371,"Breaking leaf buds",15,"2023-01-01","2023-12-31",2023-04-27,117,2023-05-02,5,1,0
"offset",310137,51028,41.816444,-88.082512,215,"IL",101,"Quercus","macrocarpa","bur oak","Plantae",371,"Breaking leaf buds",15,"2023-01-01","2023-12-31",2023-05-02,122,2023-05-16,14,1,0
"offset",310137,51028,41.816444,-88.082512,215,"IL",101,"Quercus","macrocarpa","bur oak","Plantae",501,"Open flowers",15,"2023-01-01","2023-12-31",2023-05-30,150,2023-06-06,7,1,0
"offset",310138,51028,41.816444,-88.082512,215,"IL",101,"Quercus","macrocarpa","bur oak","Plantae",371,"Breaking leaf buds",15,"2023-01-01","2023-12-31",2023-05-09,129,2023-05-16,7,1,0
"offset",310138,51028,41.816444,-88.082512,215,"IL",101,"Quercus","macrocarpa","bur oak","Plantae",501,"Open flowers",15,"2023-01-01","2023-12-31",2023-05-30,150,2023-06-06,7,1,0
"offset",310139,51028,41.816444,-88.082512,215,"IL",101,"Quercus","macrocarpa","bur oak","Plantae",371,"Breaking leaf buds",15,"2023-01-01","2023-12-31",2023-05-02,122,2023-05-09,7,1,0
"offset",310139,51028,41.816444,-88.082512,215,"IL",101,"Quercus","macrocarpa","bur oak","Plantae",501,"Open flowers",15,"2023-01-01","2023-12-31",2023-05-30,150,2023-06-06,7,1,0
"offset",310140,51028,41.816444,-88.082512,215,"IL",101,"Quercus","macrocarpa","bur oak","Plantae",371,"Breaking leaf buds",15,"2023-01-01","2023-12-31",2023-05-02,122,2023-05-09,7,1,0
"offset",310140,51028,41.816444,-88.082512,215,"IL",101,"Quercus","macrocarpa","bur oak","Plantae",501,"Open flowers",15,"2023-01-01","2023-12-31",2023-05-30,150,2023-06-06,7,1,0
"offset",310141,51028,41.816444,-88.082512,215,"IL",101,"Quercus","macrocarpa","bur oak","Plantae",371,"Breaking leaf buds",15,"2023-01-01","2023-12-31",2023-05-09,129,2023-05-16,7,1,0
"offset",310141,51028,41.816444,-88.082512,215,"IL",101,"Quercus","macrocarpa","bur oak","Plantae",501,"Open flowers",15,"2023-01-01","2023-12-31",2023-05-30,150,2023-06-06,7,1,0
"offset",310142,51028,41.816444,-88.082512,215,"IL",101,"Quercus","macrocarpa","bur oak","Plantae",371,"Breaking leaf buds",15,"2023-01-01","2023-12-31",2023-05-02,122,2023-05-09,7,1,0
"offset",310142,51028,41.816444,-88.082512,215,"IL",101,"Quercus","macrocarpa","bur oak","Plantae",501,"Open flowers",15,"2023-01-01","2023-12-31",2023-05-30,150,2023-06-06,7,1,0
"offset",310143,51028,41.816444,-88.082512,215,"IL",101,"Quercus","macrocarpa","bur oak","Plantae",371,"Breaking leaf buds",15,"2023-01-01","2023-12-31",2023-05-09,129,2023-05-16,7,1,0
"offset",310143,51028,41.816444,-88.082512,215,"IL",101,"Quercus","macrocarpa","bur oak","Plantae",501,"Open flowers",15,"2023-01-01","2023-12-31",2023-05-30,150,2023-06-06,7,2,0
"offset",310144,51028,41.816444,-88.082512,215,"IL",101,"Quercus","macrocarpa","bur oak","Plantae",371,"Breaking leaf buds",15,"2023-01-01","2023-12-31",2023-05-09,129,2023-05-16,7,1,0
"offset",310144,51028,41.816444,-88.082512,215,"IL",101,"Quercus","macrocarpa","bur oak","Plantae",501,"Open flowers",15,"2023-01-01","2023-12-31",2023-05-16,136,2023-05-25,9,1,0
"offset",310145,51028,41.816444,-88.082512,215,"IL",101,"Quercus","macrocarpa","bur oak","Plantae",371,"Breaking leaf buds",15,"2023-01-01","2023-12-31",2023-05-09,129,2023-05-16,7,1,0
"offset",310145,51028,41.816444,-88.082512,215,"IL",101,"Quercus","macrocarpa","bur oak","Plantae",501,"Open flowers",15,"2023-01-01","2023-12-31",2023-05-16,136,2023-05-25,9,1,0
"offset",310146,51028,41.816444,-88.082512,215,"IL",101,"Quercus","macrocarpa","bur oak","Plantae",371,"Breaking leaf buds",15,"2023-01-01","2023-12-31",2023-05-09,129,2023-05-16,7,1,0
"offset",310146,51028,41.816444,-88.082512,215,"IL",101,"Quercus","macrocarpa","bur oak","Plantae",501,"Open flowers",15,"2023-01-01","2023-12-31",2023-05-16,136,2023-05-25,9,1,0
"offset",310147,51028,41.816444,-88.082512,215,"IL",101,"Quercus","macrocarpa","bur oak","Plantae",371,"Breaking leaf buds",15,"2023-01-01","2023-12-31",2023-05-09,129,2023-05-16,7,1,0
"offset",310147,51028,41.816444,-88.082512,215,"IL",101,"Quercus","macrocarpa","bur oak","Plantae",501,"Open flowers",15,"2023-01-01","2023-12-31",2023-05-16,136,2023-05-25,9,1,0
"offset",310148,51028,41.816444,-88.082512,215,"IL",101,"Quercus","macrocarpa","bur oak","Plantae",371,"Breaking leaf buds",15,"2023-01-01","2023-12-31",2023-05-09,129,2023-05-16,7,1,0
"offset",310148,51028,41.816444,-88.082512,215,"IL",101,"Quercus","macrocarpa","bur oak","Plantae",501,"Open flowers",15,"2023-01-01","2023-12-31",2023-05-30,150,2023-06-06,7,2,0
"offset",310149,51028,41.816444,-88.082512,215,"IL",101,"Quercus","macrocarpa","bur oak","Plantae",371,"Breaking leaf buds",15,"2023-01-01","2023-12-31",2023-05-09,129,2023-05-16,7,1,0
"offset",310149,51028,41.816444,-88.082512,215,"IL",101,"Quercus","macrocarpa","bur oak","Plantae",501,"Open flowers",15,"2023-01-01","2023-12-31",2023-05-30,150,2023-06-06,7,2,0
"offset",310150,51028,41.816444,-88.082512,215,"IL",101,"Quercus","macrocarpa","bur oak","Plantae",371,"Breaking leaf buds",15,"2023-01-01","2023-12-31",2023-05-09,129,2023-05-16,7,1,0
"offset",310150,51028,41.816444,-88.082512,215,"IL",101,"Quercus","macrocarpa","bur oak","Plantae",501,"Open flowers",15,"2023-01-01","2023-12-31",2023-05-30,150,2023-06-06,7,2,0
"offset",310151,51029,45.73185,-108.621147,981,"MT",2043,"Quercus","bicolor","swamp white oak","Plantae",371,"Breaking leaf buds",15,"2023-01-01","2023-12-31",2023-05-26,146,2023-06-10,15,1,0
"offset",310151,51029,45.73185,-108.621147,981,"MT",2043,"Quercus","bicolor","swamp white oak","Plantae",371,"Breaking leaf buds",18,"2026-01-01","2026-12-31",2026-05-05,125,NA,NA,1,0
"offset",310152,51029,45.73185,-108.621147,981,"MT",101,"Quercus","macrocarpa","bur oak","Plantae",371,"Breaking leaf buds",15,"2023-01-01","2023-12-31",2023-06-10,161,2023-07-14,34,2,0
"offset",310152,51029,45.73185,-108.621147,981,"MT",101,"Quercus","macrocarpa","bur oak","Plantae",371,"Breaking leaf buds",18,"2026-01-01","2026-12-31",2026-05-05,125,NA,NA,1,0
"offset",310358,50928,42.593834,-86.220787,217,"MI",2043,"Quercus","bicolor","swamp white oak","Plantae",371,"Breaking leaf buds",15,"2023-01-01","2023-12-31",2023-04-23,113,NA,NA,1,0
"offset",310794,37329,42.279087,-85.613754,278,"MI",100,"Quercus","alba","white oak","Plantae",371,"Breaking leaf buds",15,"2023-01-01","2023-12-31",2023-04-18,108,NA,NA,1,0
"offset",310795,37329,42.279087,-85.613754,278,"MI",100,"Quercus","alba","white oak","Plantae",371,"Breaking leaf buds",15,"2023-01-01","2023-12-31",2023-04-18,108,NA,NA,1,0
"offset",310796,37329,42.279087,-85.613754,278,"MI",100,"Quercus","alba","white oak","Plantae",371,"Breaking leaf buds",15,"2023-01-01","2023-12-31",2023-04-18,108,NA,NA,1,0
"offset",310797,37329,42.279087,-85.613754,278,"MI",100,"Quercus","alba","white oak","Plantae",371,"Breaking leaf buds",15,"2023-01-01","2023-12-31",2023-04-18,108,NA,NA,1,0
"offset",310869,20257,33.455692,-86.80159,270,"AL",1212,"Quercus","montana","chestnut oak","Plantae",371,"Breaking leaf buds",15,"2023-01-01","2023-12-31",2023-03-22,81,2023-03-30,8,1,0
"offset",310869,20257,33.455692,-86.80159,270,"AL",1212,"Quercus","montana","chestnut oak","Plantae",501,"Open flowers",15,"2023-01-01","2023-12-31",2023-04-06,96,2023-04-12,6,1,0
"offset",311100,46728,38.932724,-76.492966,3,"MD",100,"Quercus","alba","white oak","Plantae",371,"Breaking leaf buds",15,"2023-01-01","2023-12-31",2023-04-14,104,2023-05-30,46,1,0
"offset",311142,51198,40.437691,-86.824371,189,"IN",2050,"Quercus","muehlenbergii","chinquapin oak","Plantae",371,"Breaking leaf buds",15,"2023-01-01","2023-12-31",2023-04-23,113,2023-05-03,10,1,0
"offset",311142,51198,40.437691,-86.824371,189,"IN",2050,"Quercus","muehlenbergii","chinquapin oak","Plantae",371,"Breaking leaf buds",18,"2026-01-01","2026-12-31",2026-04-23,113,2026-04-25,2,1,0
"offset",311231,50926,42.00824,-87.79097,190,"IL",100,"Quercus","alba","white oak","Plantae",371,"Breaking leaf buds",15,"2023-01-01","2023-12-31",2023-05-26,146,2023-06-26,31,2,0
"offset",311231,50926,42.00824,-87.79097,190,"IL",100,"Quercus","alba","white oak","Plantae",501,"Open flowers",15,"2023-01-01","2023-12-31",2023-06-18,169,2023-06-26,8,2,0
"offset",311256,50883,41.559566,-93.743469,268,"IA",101,"Quercus","macrocarpa","bur oak","Plantae",371,"Breaking leaf buds",15,"2023-01-01","2023-12-31",2023-05-03,123,NA,NA,1,0
"offset",311302,51244,43.477028,-96.594315,412,"SD",101,"Quercus","macrocarpa","bur oak","Plantae",371,"Breaking leaf buds",15,"2023-01-01","2023-12-31",2023-05-04,124,2023-05-09,5,1,0
"offset",311302,51244,43.477028,-96.594315,412,"SD",101,"Quercus","macrocarpa","bur oak","Plantae",371,"Breaking leaf buds",16,"2024-01-01","2024-12-31",2024-05-04,125,2024-05-07,3,1,0
"offset",311302,51244,43.477028,-96.594315,412,"SD",101,"Quercus","macrocarpa","bur oak","Plantae",371,"Breaking leaf buds",17,"2025-01-01","2025-12-31",2025-04-30,120,2025-05-04,4,1,0
"offset",311302,51244,43.477028,-96.594315,412,"SD",101,"Quercus","macrocarpa","bur oak","Plantae",371,"Breaking leaf buds",18,"2026-01-01","2026-12-31",2026-05-05,125,2026-05-26,21,1,0
"offset",311302,51244,43.477028,-96.594315,412,"SD",101,"Quercus","macrocarpa","bur oak","Plantae",501,"Open flowers",15,"2023-01-01","2023-12-31",2023-05-16,136,2023-05-23,7,1,0
"offset",311302,51244,43.477028,-96.594315,412,"SD",101,"Quercus","macrocarpa","bur oak","Plantae",501,"Open flowers",16,"2024-01-01","2024-12-31",2024-05-14,135,2024-05-22,8,1,0
"offset",311302,51244,43.477028,-96.594315,412,"SD",101,"Quercus","macrocarpa","bur oak","Plantae",501,"Open flowers",17,"2025-01-01","2025-12-31",2025-05-13,133,2025-05-17,4,1,0
"offset",311327,51244,43.477028,-96.594315,412,"SD",101,"Quercus","macrocarpa","bur oak","Plantae",371,"Breaking leaf buds",15,"2023-01-01","2023-12-31",2023-05-09,129,2023-05-11,2,1,0
"offset",311327,51244,43.477028,-96.594315,412,"SD",101,"Quercus","macrocarpa","bur oak","Plantae",371,"Breaking leaf buds",16,"2024-01-01","2024-12-31",2024-05-04,125,2024-05-07,3,1,0
"offset",311327,51244,43.477028,-96.594315,412,"SD",101,"Quercus","macrocarpa","bur oak","Plantae",371,"Breaking leaf buds",17,"2025-01-01","2025-12-31",2025-04-30,120,2025-05-04,4,1,0
"offset",311327,51244,43.477028,-96.594315,412,"SD",101,"Quercus","macrocarpa","bur oak","Plantae",371,"Breaking leaf buds",18,"2026-01-01","2026-12-31",2026-05-05,125,2026-05-26,21,1,0
"offset",311327,51244,43.477028,-96.594315,412,"SD",101,"Quercus","macrocarpa","bur oak","Plantae",501,"Open flowers",15,"2023-01-01","2023-12-31",2023-05-16,136,2023-05-23,7,1,0
"offset",311327,51244,43.477028,-96.594315,412,"SD",101,"Quercus","macrocarpa","bur oak","Plantae",501,"Open flowers",16,"2024-01-01","2024-12-31",2024-05-14,135,2024-05-22,8,1,0
"offset",311327,51244,43.477028,-96.594315,412,"SD",101,"Quercus","macrocarpa","bur oak","Plantae",501,"Open flowers",17,"2025-01-01","2025-12-31",2025-05-13,133,2025-05-17,4,1,0
"offset",311327,51244,43.477028,-96.594315,412,"SD",101,"Quercus","macrocarpa","bur oak","Plantae",501,"Open flowers",18,"2026-01-01","2026-12-31",2026-05-05,125,2026-05-26,21,1,0
"offset",312293,51052,37.590611,-81.108292,965,"WV",100,"Quercus","alba","white oak","Plantae",371,"Breaking leaf buds",15,"2023-01-01","2023-12-31",2023-04-09,99,NA,NA,1,0
"offset",312294,51052,37.590611,-81.108292,965,"WV",2043,"Quercus","bicolor","swamp white oak","Plantae",371,"Breaking leaf buds",15,"2023-01-01","2023-12-31",2023-04-09,99,NA,NA,1,0
"offset",312295,51052,37.590611,-81.108292,965,"WV",1755,"Quercus","stellata","post oak","Plantae",371,"Breaking leaf buds",15,"2023-01-01","2023-12-31",2023-04-09,99,NA,NA,1,0
"offset",312551,24473,35.502415,-82.526787,690,"NC",100,"Quercus","alba","white oak","Plantae",371,"Breaking leaf buds",15,"2023-01-01","2023-12-31",2023-05-09,129,NA,NA,1,0
"offset",312551,24473,35.502415,-82.526787,690,"NC",100,"Quercus","alba","white oak","Plantae",501,"Open flowers",15,"2023-01-01","2023-12-31",2023-05-09,129,NA,NA,1,0
"offset",312563,51062,35.482872,-84.958694,231,"TN",100,"Quercus","alba","white oak","Plantae",371,"Breaking leaf buds",15,"2023-01-01","2023-12-31",2023-04-05,95,2023-04-10,5,1,0
"offset",312563,51062,35.482872,-84.958694,231,"TN",100,"Quercus","alba","white oak","Plantae",501,"Open flowers",15,"2023-01-01","2023-12-31",2023-04-10,100,2023-04-25,15,1,0
"offset",312635,51003,40.474838,-79.957184,315,"PA",100,"Quercus","alba","white oak","Plantae",371,"Breaking leaf buds",15,"2023-01-01","2023-12-31",2023-04-29,119,2023-05-05,6,1,0
"offset",312635,51003,40.474838,-79.957184,315,"PA",100,"Quercus","alba","white oak","Plantae",501,"Open flowers",15,"2023-01-01","2023-12-31",2023-05-05,125,2023-06-16,42,1,0
"offset",312636,51003,40.474838,-79.957184,315,"PA",1212,"Quercus","montana","chestnut oak","Plantae",371,"Breaking leaf buds",15,"2023-01-01","2023-12-31",2023-04-11,101,2023-04-18,7,1,0
"offset",312636,51003,40.474838,-79.957184,315,"PA",1212,"Quercus","montana","chestnut oak","Plantae",501,"Open flowers",15,"2023-01-01","2023-12-31",2023-05-16,136,2023-06-16,31,1,0
"offset",312668,51489,40.237244,-89.785156,165,"IL",2043,"Quercus","bicolor","swamp white oak","Plantae",371,"Breaking leaf buds",15,"2023-01-01","2023-12-31",2023-05-23,143,NA,NA,1,0
"offset",312668,51489,40.237244,-89.785156,165,"IL",2043,"Quercus","bicolor","swamp white oak","Plantae",501,"Open flowers",15,"2023-01-01","2023-12-31",2023-05-23,143,2023-08-26,95,1,0
"offset",312669,51489,40.237244,-89.785156,165,"IL",2053,"Quercus","prinoides","dwarf chinquapin oak","Plantae",371,"Breaking leaf buds",15,"2023-01-01","2023-12-31",2023-05-24,144,2023-08-26,94,1,0
"offset",312967,51570,38.937336,-74.969345,-1,"NJ",100,"Quercus","alba","white oak","Plantae",371,"Breaking leaf buds",15,"2023-01-01","2023-12-31",2023-04-25,115,2023-05-08,13,1,0
"offset",313866,50570,39.932301,-75.163902,9,"PA",100,"Quercus","alba","white oak","Plantae",371,"Breaking leaf buds",15,"2023-01-01","2023-12-31",2023-04-05,95,NA,NA,1,0
"offset",313883,51489,40.237244,-89.785156,165,"IL",2049,"Quercus","michauxii","swamp chestnut oak","Plantae",371,"Breaking leaf buds",15,"2023-01-01","2023-12-31",2023-05-24,144,2023-08-26,94,1,0
"offset",313884,51489,40.237244,-89.785156,165,"IL",2050,"Quercus","muehlenbergii","chinquapin oak","Plantae",371,"Breaking leaf buds",15,"2023-01-01","2023-12-31",2023-05-24,144,2023-08-26,94,1,0
"offset",313930,51629,39.2738,-76.789001,91,"MD",100,"Quercus","alba","white oak","Plantae",371,"Breaking leaf buds",15,"2023-01-01","2023-12-31",2023-04-06,96,NA,NA,1,0
"offset",313957,51637,38.658421,-77.238106,16,"VA",2049,"Quercus","michauxii","swamp chestnut oak","Plantae",371,"Breaking leaf buds",15,"2023-01-01","2023-12-31",2023-04-10,100,NA,NA,1,0
"offset",313995,49869,44.0261,-92.525398,335,"MN",101,"Quercus","macrocarpa","bur oak","Plantae",371,"Breaking leaf buds",15,"2023-01-01","2023-12-31",2023-05-03,123,2023-05-13,10,1,0
"offset",313995,49869,44.0261,-92.525398,335,"MN",101,"Quercus","macrocarpa","bur oak","Plantae",371,"Breaking leaf buds",16,"2024-01-01","2024-12-31",2024-04-21,112,2024-05-13,22,1,0
"offset",314231,51678,42.925606,-88.037041,231,"WI",100,"Quercus","alba","white oak","Plantae",371,"Breaking leaf buds",15,"2023-01-01","2023-12-31",2023-05-01,121,NA,NA,1,0
"offset",314261,44363,44.995129,-93.435219,277,"MN",101,"Quercus","macrocarpa","bur oak","Plantae",371,"Breaking leaf buds",16,"2024-01-01","2024-12-31",2024-04-05,96,NA,NA,1,0
"offset",314362,43357,45.330055,-92.927711,277,"MN",101,"Quercus","macrocarpa","bur oak","Plantae",371,"Breaking leaf buds",15,"2023-01-01","2023-12-31",2023-05-08,128,2023-05-10,2,1,0
"offset",314362,43357,45.330055,-92.927711,277,"MN",101,"Quercus","macrocarpa","bur oak","Plantae",371,"Breaking leaf buds",18,"2026-01-01","2026-12-31",2026-04-28,118,NA,NA,1,0
"offset",314362,43357,45.330055,-92.927711,277,"MN",101,"Quercus","macrocarpa","bur oak","Plantae",501,"Open flowers",15,"2023-01-01","2023-12-31",2023-05-12,132,2023-05-30,18,1,0
"offset",314379,51489,40.237244,-89.785156,165,"IL",1755,"Quercus","stellata","post oak","Plantae",371,"Breaking leaf buds",15,"2023-01-01","2023-12-31",2023-05-18,138,NA,NA,1,0
"offset",314381,51732,46.729553,-94.685898,441,"MN",101,"Quercus","macrocarpa","bur oak","Plantae",371,"Breaking leaf buds",15,"2023-01-01","2023-12-31",2023-04-27,117,NA,NA,1,0
"offset",314382,51735,44.968876,-93.282776,264,"MN",101,"Quercus","macrocarpa","bur oak","Plantae",371,"Breaking leaf buds",15,"2023-01-01","2023-12-31",2023-04-27,117,NA,NA,1,0
"offset",314383,51736,44.969128,-93.287895,264,"MN",101,"Quercus","macrocarpa","bur oak","Plantae",371,"Breaking leaf buds",15,"2023-01-01","2023-12-31",2023-05-04,124,NA,NA,1,0
"offset",314385,51734,44.9701,-93.2836,264,"MN",101,"Quercus","macrocarpa","bur oak","Plantae",371,"Breaking leaf buds",15,"2023-01-01","2023-12-31",2023-05-04,124,NA,NA,1,0
"offset",314385,51734,44.9701,-93.2836,264,"MN",101,"Quercus","macrocarpa","bur oak","Plantae",501,"Open flowers",15,"2023-01-01","2023-12-31",2023-05-04,124,NA,NA,1,0
"offset",314388,51737,44.968346,-93.28331,264,"MN",101,"Quercus","macrocarpa","bur oak","Plantae",371,"Breaking leaf buds",15,"2023-01-01","2023-12-31",2023-04-13,103,NA,NA,1,0
"offset",314389,51738,44.972717,-93.28463,264,"MN",101,"Quercus","macrocarpa","bur oak","Plantae",371,"Breaking leaf buds",15,"2023-01-01","2023-12-31",2023-04-27,117,NA,NA,1,0
"offset",315346,51678,42.925606,-88.037041,231,"WI",101,"Quercus","macrocarpa","bur oak","Plantae",501,"Open flowers",15,"2023-01-01","2023-12-31",2023-04-17,107,NA,NA,1,0
"offset",315435,50913,34.981937,-76.949318,7,"NC",100,"Quercus","alba","white oak","Plantae",371,"Breaking leaf buds",15,"2023-01-01","2023-12-31",2023-03-31,90,2023-04-05,5,1,0
"offset",315436,50913,34.981937,-76.949318,7,"NC",100,"Quercus","alba","white oak","Plantae",371,"Breaking leaf buds",15,"2023-01-01","2023-12-31",2023-04-05,95,2023-04-13,8,1,0
"offset",315438,50913,34.981937,-76.949318,7,"NC",100,"Quercus","alba","white oak","Plantae",371,"Breaking leaf buds",15,"2023-01-01","2023-12-31",2023-04-13,103,NA,NA,1,0
"offset",315518,47095,41.503468,-91.505867,188,"IA",101,"Quercus","macrocarpa","bur oak","Plantae",371,"Breaking leaf buds",15,"2023-01-01","2023-12-31",2023-05-04,124,2023-05-31,27,1,0
"offset",315518,47095,41.503468,-91.505867,188,"IA",101,"Quercus","macrocarpa","bur oak","Plantae",371,"Breaking leaf buds",16,"2024-01-01","2024-12-31",2024-05-14,135,2024-05-22,8,1,0
"offset",315518,47095,41.503468,-91.505867,188,"IA",101,"Quercus","macrocarpa","bur oak","Plantae",371,"Breaking leaf buds",17,"2025-01-01","2025-12-31",2025-05-06,126,2025-05-17,11,1,0
"offset",315734,51953,44.972717,-93.28463,264,"MN",101,"Quercus","macrocarpa","bur oak","Plantae",371,"Breaking leaf buds",15,"2023-01-01","2023-12-31",2023-04-27,117,NA,NA,1,0
"offset",315734,51953,44.972717,-93.28463,264,"MN",101,"Quercus","macrocarpa","bur oak","Plantae",501,"Open flowers",15,"2023-01-01","2023-12-31",2023-04-27,117,NA,NA,1,0
"offset",315961,51961,44.972717,-93.28463,264,"MN",101,"Quercus","macrocarpa","bur oak","Plantae",371,"Breaking leaf buds",15,"2023-01-01","2023-12-31",2023-04-27,117,NA,NA,1,0
"offset",315961,51961,44.972717,-93.28463,264,"MN",101,"Quercus","macrocarpa","bur oak","Plantae",501,"Open flowers",15,"2023-01-01","2023-12-31",2023-04-27,117,NA,NA,1,0
"offset",316079,51976,44.968346,-93.28331,264,"MN",101,"Quercus","macrocarpa","bur oak","Plantae",371,"Breaking leaf buds",15,"2023-01-01","2023-12-31",2023-04-27,117,NA,NA,1,0
"offset",316529,52006,40.977501,-75.226997,196,"PA",100,"Quercus","alba","white oak","Plantae",371,"Breaking leaf buds",15,"2023-01-01","2023-12-31",2023-04-30,120,NA,NA,1,0
"offset",316723,52059,46.579838,-90.87455,213,"WI",101,"Quercus","macrocarpa","bur oak","Plantae",371,"Breaking leaf buds",15,"2023-01-01","2023-12-31",2023-08-21,233,2023-08-29,8,1,0
"offset",316724,52059,46.579838,-90.87455,213,"WI",101,"Quercus","macrocarpa","bur oak","Plantae",371,"Breaking leaf buds",15,"2023-01-01","2023-12-31",2023-08-21,233,2023-08-29,8,1,0
"offset",316725,52059,46.579838,-90.87455,213,"WI",101,"Quercus","macrocarpa","bur oak","Plantae",371,"Breaking leaf buds",15,"2023-01-01","2023-12-31",2023-09-19,262,2023-09-26,7,3,0
"offset",316745,52064,39.2873,-94.432701,308,"MO",2043,"Quercus","bicolor","swamp white oak","Plantae",371,"Breaking leaf buds",15,"2023-01-01","2023-12-31",2023-05-04,124,NA,NA,2,0
"offset",316829,11999,35.603413,-83.782997,648,"TN",100,"Quercus","alba","white oak","Plantae",371,"Breaking leaf buds",16,"2024-01-01","2024-12-31",2024-04-28,119,2024-05-01,3,1,0
"offset",316829,11999,35.603413,-83.782997,648,"TN",100,"Quercus","alba","white oak","Plantae",371,"Breaking leaf buds",17,"2025-01-01","2025-12-31",2025-05-06,126,2025-05-10,4,1,0
"offset",316829,11999,35.603413,-83.782997,648,"TN",100,"Quercus","alba","white oak","Plantae",371,"Breaking leaf buds",18,"2026-01-01","2026-12-31",2026-04-24,114,2026-05-01,7,2,0
"offset",316833,11999,35.603413,-83.782997,648,"TN",100,"Quercus","alba","white oak","Plantae",371,"Breaking leaf buds",16,"2024-01-01","2024-12-31",2024-04-26,117,2024-04-28,2,1,0
"offset",316833,11999,35.603413,-83.782997,648,"TN",100,"Quercus","alba","white oak","Plantae",371,"Breaking leaf buds",17,"2025-01-01","2025-12-31",2025-04-28,118,2025-05-06,8,1,0
"offset",316833,11999,35.603413,-83.782997,648,"TN",100,"Quercus","alba","white oak","Plantae",371,"Breaking leaf buds",18,"2026-01-01","2026-12-31",2026-04-24,114,2026-05-01,7,1,0
"offset",317059,52133,40.693901,-80.085999,329,"PA",100,"Quercus","alba","white oak","Plantae",371,"Breaking leaf buds",15,"2023-01-01","2023-12-31",2023-05-17,137,NA,NA,1,0
"offset",317073,23501,47.490433,-95.121841,432,"MN",101,"Quercus","macrocarpa","bur oak","Plantae",371,"Breaking leaf buds",15,"2023-01-01","2023-12-31",2023-05-11,131,2023-05-23,12,1,0
"offset",317073,23501,47.490433,-95.121841,432,"MN",101,"Quercus","macrocarpa","bur oak","Plantae",501,"Open flowers",15,"2023-01-01","2023-12-31",2023-05-23,143,NA,NA,1,0
"offset",317076,52142,27.710093,-82.687538,1,"FL",305,"Quercus","virginiana","live oak","Plantae",371,"Breaking leaf buds",15,"2023-01-01","2023-12-31",2023-04-23,113,NA,NA,1,0
"offset",317076,52142,27.710093,-82.687538,1,"FL",305,"Quercus","virginiana","live oak","Plantae",501,"Open flowers",15,"2023-01-01","2023-12-31",2023-04-23,113,NA,NA,1,0
"offset",317078,52142,27.710093,-82.687538,1,"FL",305,"Quercus","virginiana","live oak","Plantae",371,"Breaking leaf buds",15,"2023-01-01","2023-12-31",2023-04-23,113,NA,NA,1,0
"offset",317078,52142,27.710093,-82.687538,1,"FL",305,"Quercus","virginiana","live oak","Plantae",501,"Open flowers",15,"2023-01-01","2023-12-31",2023-04-23,113,NA,NA,1,0
"offset",317495,52159,27.715534,-82.688332,1,"FL",305,"Quercus","virginiana","live oak","Plantae",371,"Breaking leaf buds",15,"2023-01-01","2023-12-31",2023-04-04,94,NA,NA,1,0
"offset",317495,52159,27.715534,-82.688332,1,"FL",305,"Quercus","virginiana","live oak","Plantae",501,"Open flowers",15,"2023-01-01","2023-12-31",2023-03-30,89,2023-04-04,5,1,0
"offset",317496,52159,27.715534,-82.688332,1,"FL",305,"Quercus","virginiana","live oak","Plantae",371,"Breaking leaf buds",15,"2023-01-01","2023-12-31",2023-04-04,94,NA,NA,1,0
"offset",317496,52159,27.715534,-82.688332,1,"FL",305,"Quercus","virginiana","live oak","Plantae",501,"Open flowers",15,"2023-01-01","2023-12-31",2023-04-04,94,NA,NA,1,0
"offset",317950,52088,45.5508,-73.649063,39,"QC",101,"Quercus","macrocarpa","bur oak","Plantae",371,"Breaking leaf buds",15,"2023-01-01","2023-12-31",2023-04-18,108,2023-05-30,42,1,0
"offset",317950,52088,45.5508,-73.649063,39,"QC",101,"Quercus","macrocarpa","bur oak","Plantae",501,"Open flowers",15,"2023-01-01","2023-12-31",2023-04-18,108,2023-05-30,42,1,0
"offset",318215,52308,40.508602,-88.991196,246,"IL",101,"Quercus","macrocarpa","bur oak","Plantae",371,"Breaking leaf buds",15,"2023-01-01","2023-12-31",2023-04-12,102,2023-04-20,8,1,0
"offset",318215,52308,40.508602,-88.991196,246,"IL",101,"Quercus","macrocarpa","bur oak","Plantae",501,"Open flowers",15,"2023-01-01","2023-12-31",2023-07-06,187,2023-07-14,8,3,0
"offset",318219,52308,40.508602,-88.991196,246,"IL",101,"Quercus","macrocarpa","bur oak","Plantae",371,"Breaking leaf buds",15,"2023-01-01","2023-12-31",2023-04-20,110,2023-04-27,7,1,0
"offset",318219,52308,40.508602,-88.991196,246,"IL",101,"Quercus","macrocarpa","bur oak","Plantae",501,"Open flowers",15,"2023-01-01","2023-12-31",2023-06-07,158,2023-06-14,7,2,0
"offset",318220,52308,40.508602,-88.991196,246,"IL",101,"Quercus","macrocarpa","bur oak","Plantae",371,"Breaking leaf buds",15,"2023-01-01","2023-12-31",2023-04-12,102,2023-04-20,8,1,0
"offset",318220,52308,40.508602,-88.991196,246,"IL",101,"Quercus","macrocarpa","bur oak","Plantae",501,"Open flowers",15,"2023-01-01","2023-12-31",2023-07-06,187,2023-07-14,8,2,0
"offset",318221,52308,40.508602,-88.991196,246,"IL",101,"Quercus","macrocarpa","bur oak","Plantae",371,"Breaking leaf buds",15,"2023-01-01","2023-12-31",2023-04-20,110,2023-04-27,7,1,0
"offset",318221,52308,40.508602,-88.991196,246,"IL",101,"Quercus","macrocarpa","bur oak","Plantae",501,"Open flowers",15,"2023-01-01","2023-12-31",2023-06-22,173,2023-06-30,8,2,0
"offset",318222,52308,40.508602,-88.991196,246,"IL",101,"Quercus","macrocarpa","bur oak","Plantae",501,"Open flowers",15,"2023-01-01","2023-12-31",2023-06-20,171,2023-06-22,2,3,0
"offset",318223,52308,40.508602,-88.991196,246,"IL",2043,"Quercus","bicolor","swamp white oak","Plantae",371,"Breaking leaf buds",15,"2023-01-01","2023-12-31",2023-04-20,110,2023-04-27,7,1,0
"offset",318223,52308,40.508602,-88.991196,246,"IL",2043,"Quercus","bicolor","swamp white oak","Plantae",501,"Open flowers",15,"2023-01-01","2023-12-31",2023-05-09,129,2023-05-16,7,1,0
"offset",318224,52308,40.508602,-88.991196,246,"IL",2043,"Quercus","bicolor","swamp white oak","Plantae",371,"Breaking leaf buds",15,"2023-01-01","2023-12-31",2023-04-12,102,2023-04-20,8,1,0
"offset",318224,52308,40.508602,-88.991196,246,"IL",2043,"Quercus","bicolor","swamp white oak","Plantae",501,"Open flowers",15,"2023-01-01","2023-12-31",2023-06-22,173,2023-06-30,8,2,0
"offset",318225,52308,40.508602,-88.991196,246,"IL",2043,"Quercus","bicolor","swamp white oak","Plantae",371,"Breaking leaf buds",15,"2023-01-01","2023-12-31",2023-04-12,102,2023-04-20,8,1,0
"offset",318225,52308,40.508602,-88.991196,246,"IL",2043,"Quercus","bicolor","swamp white oak","Plantae",501,"Open flowers",15,"2023-01-01","2023-12-31",2023-06-20,171,2023-06-22,2,2,0
"offset",318226,52308,40.508602,-88.991196,246,"IL",2043,"Quercus","bicolor","swamp white oak","Plantae",371,"Breaking leaf buds",15,"2023-01-01","2023-12-31",2023-04-27,117,2023-05-02,5,1,0
"offset",318226,52308,40.508602,-88.991196,246,"IL",2043,"Quercus","bicolor","swamp white oak","Plantae",501,"Open flowers",15,"2023-01-01","2023-12-31",2023-06-22,173,2023-06-30,8,1,0
"offset",318227,52308,40.508602,-88.991196,246,"IL",2043,"Quercus","bicolor","swamp white oak","Plantae",371,"Breaking leaf buds",15,"2023-01-01","2023-12-31",2023-04-19,109,2023-04-20,1,1,0
"offset",318227,52308,40.508602,-88.991196,246,"IL",2043,"Quercus","bicolor","swamp white oak","Plantae",501,"Open flowers",15,"2023-01-01","2023-12-31",2023-06-22,173,2023-06-30,8,1,0
"offset",318228,52308,40.508602,-88.991196,246,"IL",2043,"Quercus","bicolor","swamp white oak","Plantae",371,"Breaking leaf buds",15,"2023-01-01","2023-12-31",2023-04-12,102,2023-04-20,8,1,0
"offset",318228,52308,40.508602,-88.991196,246,"IL",2043,"Quercus","bicolor","swamp white oak","Plantae",371,"Breaking leaf buds",16,"2024-01-01","2024-12-31",2024-03-21,81,2024-05-20,60,1,0
"offset",318228,52308,40.508602,-88.991196,246,"IL",2043,"Quercus","bicolor","swamp white oak","Plantae",501,"Open flowers",15,"2023-01-01","2023-12-31",2023-06-22,173,2023-06-30,8,1,0
"offset",318229,52308,40.508602,-88.991196,246,"IL",2043,"Quercus","bicolor","swamp white oak","Plantae",371,"Breaking leaf buds",15,"2023-01-01","2023-12-31",2023-04-13,103,2023-04-20,7,1,0
"offset",318229,52308,40.508602,-88.991196,246,"IL",2043,"Quercus","bicolor","swamp white oak","Plantae",501,"Open flowers",15,"2023-01-01","2023-12-31",2023-06-07,158,2023-06-14,7,2,0
"offset",318236,49869,44.0261,-92.525398,335,"MN",101,"Quercus","macrocarpa","bur oak","Plantae",371,"Breaking leaf buds",16,"2024-01-01","2024-12-31",2024-04-25,116,2024-05-10,15,1,0
"offset",318236,49869,44.0261,-92.525398,335,"MN",101,"Quercus","macrocarpa","bur oak","Plantae",501,"Open flowers",16,"2024-01-01","2024-12-31",2024-05-13,134,2024-06-21,39,1,0
"offset",318244,52308,40.508602,-88.991196,246,"IL",2050,"Quercus","muehlenbergii","chinquapin oak","Plantae",371,"Breaking leaf buds",15,"2023-01-01","2023-12-31",2023-04-12,102,2023-04-20,8,1,0
"offset",318244,52308,40.508602,-88.991196,246,"IL",2050,"Quercus","muehlenbergii","chinquapin oak","Plantae",501,"Open flowers",15,"2023-01-01","2023-12-31",2023-05-16,136,2023-05-24,8,1,0
"offset",318245,52308,40.508602,-88.991196,246,"IL",2050,"Quercus","muehlenbergii","chinquapin oak","Plantae",371,"Breaking leaf buds",15,"2023-01-01","2023-12-31",2023-04-12,102,2023-04-20,8,1,0
"offset",318245,52308,40.508602,-88.991196,246,"IL",2050,"Quercus","muehlenbergii","chinquapin oak","Plantae",501,"Open flowers",15,"2023-01-01","2023-12-31",2023-05-02,122,2023-05-09,7,1,0
"offset",318246,52308,40.508602,-88.991196,246,"IL",2050,"Quercus","muehlenbergii","chinquapin oak","Plantae",371,"Breaking leaf buds",15,"2023-01-01","2023-12-31",2023-04-19,109,2023-04-20,1,1,0
"offset",318246,52308,40.508602,-88.991196,246,"IL",2050,"Quercus","muehlenbergii","chinquapin oak","Plantae",371,"Breaking leaf buds",16,"2024-01-01","2024-12-31",2024-03-21,81,2024-05-20,60,1,0
"offset",318246,52308,40.508602,-88.991196,246,"IL",2050,"Quercus","muehlenbergii","chinquapin oak","Plantae",501,"Open flowers",15,"2023-01-01","2023-12-31",2023-05-24,144,2023-05-31,7,1,0
"offset",318247,52308,40.508602,-88.991196,246,"IL",2050,"Quercus","muehlenbergii","chinquapin oak","Plantae",371,"Breaking leaf buds",16,"2024-01-01","2024-12-31",2024-03-21,81,2024-05-20,60,1,0
"offset",318247,52308,40.508602,-88.991196,246,"IL",2050,"Quercus","muehlenbergii","chinquapin oak","Plantae",501,"Open flowers",15,"2023-01-01","2023-12-31",2023-05-16,136,2023-05-24,8,1,0
"offset",318249,52308,40.508602,-88.991196,246,"IL",2050,"Quercus","muehlenbergii","chinquapin oak","Plantae",371,"Breaking leaf buds",15,"2023-01-01","2023-12-31",2023-04-20,110,2023-04-27,7,1,0
"offset",318249,52308,40.508602,-88.991196,246,"IL",2050,"Quercus","muehlenbergii","chinquapin oak","Plantae",501,"Open flowers",15,"2023-01-01","2023-12-31",2023-05-16,136,2023-05-24,8,1,0
"offset",319140,44055,44.901894,-93.147064,276,"MN",2043,"Quercus","bicolor","swamp white oak","Plantae",371,"Breaking leaf buds",13,"2021-01-01","2021-12-31",2021-05-28,148,2023-03-24,665,1,0
"offset",319140,44055,44.901894,-93.147064,276,"MN",2043,"Quercus","bicolor","swamp white oak","Plantae",371,"Breaking leaf buds",15,"2023-01-01","2023-12-31",2023-05-26,146,2023-06-05,10,1,0
"offset",319140,44055,44.901894,-93.147064,276,"MN",2043,"Quercus","bicolor","swamp white oak","Plantae",371,"Breaking leaf buds",16,"2024-01-01","2024-12-31",2024-12-25,360,2025-03-22,87,3,0
"offset",319140,44055,44.901894,-93.147064,276,"MN",2043,"Quercus","bicolor","swamp white oak","Plantae",371,"Breaking leaf buds",17,"2025-01-01","2025-12-31",2025-05-09,129,2025-05-15,6,1,0
"offset",319140,44055,44.901894,-93.147064,276,"MN",2043,"Quercus","bicolor","swamp white oak","Plantae",371,"Breaking leaf buds",18,"2026-01-01","2026-12-31",2026-05-01,121,2026-05-09,8,1,0
"offset",319140,44055,44.901894,-93.147064,276,"MN",2043,"Quercus","bicolor","swamp white oak","Plantae",501,"Open flowers",16,"2024-01-01","2024-12-31",2024-12-25,360,2025-03-22,87,1,0
"offset",319141,44055,44.901894,-93.147064,276,"MN",2043,"Quercus","bicolor","swamp white oak","Plantae",371,"Breaking leaf buds",13,"2021-01-01","2021-12-31",2021-05-28,148,2023-03-24,665,1,0
"offset",319141,44055,44.901894,-93.147064,276,"MN",2043,"Quercus","bicolor","swamp white oak","Plantae",371,"Breaking leaf buds",15,"2023-01-01","2023-12-31",2023-05-18,138,2023-05-26,8,1,0
"offset",319141,44055,44.901894,-93.147064,276,"MN",2043,"Quercus","bicolor","swamp white oak","Plantae",371,"Breaking leaf buds",16,"2024-01-01","2024-12-31",2024-08-02,215,2024-08-08,6,3,0
"offset",319141,44055,44.901894,-93.147064,276,"MN",2043,"Quercus","bicolor","swamp white oak","Plantae",371,"Breaking leaf buds",17,"2025-01-01","2025-12-31",2025-05-09,129,2025-05-15,6,2,0
"offset",319141,44055,44.901894,-93.147064,276,"MN",2043,"Quercus","bicolor","swamp white oak","Plantae",371,"Breaking leaf buds",18,"2026-01-01","2026-12-31",2026-05-22,142,2026-05-29,7,2,0
"offset",319142,44055,44.901894,-93.147064,276,"MN",2043,"Quercus","bicolor","swamp white oak","Plantae",371,"Breaking leaf buds",13,"2021-01-01","2021-12-31",2021-05-28,148,2023-03-24,665,1,0
"offset",319142,44055,44.901894,-93.147064,276,"MN",2043,"Quercus","bicolor","swamp white oak","Plantae",371,"Breaking leaf buds",15,"2023-01-01","2023-12-31",2023-05-18,138,2023-05-26,8,1,0
"offset",319142,44055,44.901894,-93.147064,276,"MN",2043,"Quercus","bicolor","swamp white oak","Plantae",371,"Breaking leaf buds",16,"2024-01-01","2024-12-31",2024-05-10,131,2024-05-17,7,1,0
"offset",319142,44055,44.901894,-93.147064,276,"MN",2043,"Quercus","bicolor","swamp white oak","Plantae",371,"Breaking leaf buds",17,"2025-01-01","2025-12-31",2025-05-02,122,2025-05-09,7,1,0
"offset",319142,44055,44.901894,-93.147064,276,"MN",2043,"Quercus","bicolor","swamp white oak","Plantae",371,"Breaking leaf buds",18,"2026-01-01","2026-12-31",2026-05-09,129,2026-05-15,6,1,0
"offset",319142,44055,44.901894,-93.147064,276,"MN",2043,"Quercus","bicolor","swamp white oak","Plantae",501,"Open flowers",18,"2026-01-01","2026-12-31",2026-06-19,170,2026-06-26,7,1,0
"offset",319143,44254,44.901379,-93.147896,277,"MN",2043,"Quercus","bicolor","swamp white oak","Plantae",371,"Breaking leaf buds",13,"2021-01-01","2021-12-31",2021-05-28,148,2021-06-04,7,1,0
"offset",319143,44254,44.901379,-93.147896,277,"MN",2043,"Quercus","bicolor","swamp white oak","Plantae",371,"Breaking leaf buds",15,"2023-01-01","2023-12-31",2023-05-25,145,2023-06-02,8,1,0
"offset",319143,44254,44.901379,-93.147896,277,"MN",2043,"Quercus","bicolor","swamp white oak","Plantae",371,"Breaking leaf buds",16,"2024-01-01","2024-12-31",2024-05-22,143,2024-05-29,7,2,0
"offset",319143,44254,44.901379,-93.147896,277,"MN",2043,"Quercus","bicolor","swamp white oak","Plantae",371,"Breaking leaf buds",17,"2025-01-01","2025-12-31",2025-05-14,134,2025-05-22,8,1,0
"offset",319143,44254,44.901379,-93.147896,277,"MN",2043,"Quercus","bicolor","swamp white oak","Plantae",371,"Breaking leaf buds",18,"2026-01-01","2026-12-31",2026-05-08,128,2026-05-22,14,1,0
"offset",319144,44254,44.901379,-93.147896,277,"MN",2043,"Quercus","bicolor","swamp white oak","Plantae",371,"Breaking leaf buds",13,"2021-01-01","2021-12-31",2021-05-21,141,2021-05-28,7,1,0
"offset",319144,44254,44.901379,-93.147896,277,"MN",2043,"Quercus","bicolor","swamp white oak","Plantae",371,"Breaking leaf buds",15,"2023-01-01","2023-12-31",2023-05-25,145,2023-06-02,8,1,0
"offset",319144,44254,44.901379,-93.147896,277,"MN",2043,"Quercus","bicolor","swamp white oak","Plantae",371,"Breaking leaf buds",16,"2024-01-01","2024-12-31",2024-08-29,242,2024-09-05,7,3,0
"offset",319144,44254,44.901379,-93.147896,277,"MN",2043,"Quercus","bicolor","swamp white oak","Plantae",371,"Breaking leaf buds",17,"2025-01-01","2025-12-31",2025-05-09,129,2025-05-14,5,1,0
"offset",319144,44254,44.901379,-93.147896,277,"MN",2043,"Quercus","bicolor","swamp white oak","Plantae",371,"Breaking leaf buds",18,"2026-01-01","2026-12-31",2026-05-08,128,2026-05-22,14,2,0
"offset",319145,44254,44.901379,-93.147896,277,"MN",2043,"Quercus","bicolor","swamp white oak","Plantae",371,"Breaking leaf buds",13,"2021-01-01","2021-12-31",2021-05-21,141,2021-05-28,7,1,0
"offset",319145,44254,44.901379,-93.147896,277,"MN",2043,"Quercus","bicolor","swamp white oak","Plantae",371,"Breaking leaf buds",15,"2023-01-01","2023-12-31",2023-05-25,145,2023-06-02,8,1,0
"offset",319145,44254,44.901379,-93.147896,277,"MN",2043,"Quercus","bicolor","swamp white oak","Plantae",371,"Breaking leaf buds",16,"2024-01-01","2024-12-31",2024-05-22,143,2024-05-29,7,2,0
"offset",319145,44254,44.901379,-93.147896,277,"MN",2043,"Quercus","bicolor","swamp white oak","Plantae",371,"Breaking leaf buds",17,"2025-01-01","2025-12-31",2025-05-14,134,2025-05-22,8,1,0
"offset",319145,44254,44.901379,-93.147896,277,"MN",2043,"Quercus","bicolor","swamp white oak","Plantae",371,"Breaking leaf buds",18,"2026-01-01","2026-12-31",2026-05-08,128,2026-05-22,14,1,0
"offset",319148,44254,44.901379,-93.147896,277,"MN",2043,"Quercus","bicolor","swamp white oak","Plantae",371,"Breaking leaf buds",13,"2021-01-01","2021-12-31",2021-05-28,148,2021-06-04,7,1,0
"offset",319148,44254,44.901379,-93.147896,277,"MN",2043,"Quercus","bicolor","swamp white oak","Plantae",371,"Breaking leaf buds",15,"2023-01-01","2023-12-31",2023-05-25,145,2023-06-02,8,1,0
"offset",319148,44254,44.901379,-93.147896,277,"MN",2043,"Quercus","bicolor","swamp white oak","Plantae",371,"Breaking leaf buds",16,"2024-01-01","2024-12-31",2024-05-22,143,2024-05-29,7,2,0
"offset",319148,44254,44.901379,-93.147896,277,"MN",2043,"Quercus","bicolor","swamp white oak","Plantae",371,"Breaking leaf buds",17,"2025-01-01","2025-12-31",2025-05-02,122,2025-05-09,7,1,0
"offset",319148,44254,44.901379,-93.147896,277,"MN",2043,"Quercus","bicolor","swamp white oak","Plantae",371,"Breaking leaf buds",18,"2026-01-01","2026-12-31",2026-05-08,128,2026-05-22,14,1,0
"offset",319149,44255,44.902611,-93.148041,277,"MN",2043,"Quercus","bicolor","swamp white oak","Plantae",371,"Breaking leaf buds",13,"2021-01-01","2021-12-31",2021-05-28,148,2021-08-27,91,1,0
"offset",319149,44255,44.902611,-93.148041,277,"MN",2043,"Quercus","bicolor","swamp white oak","Plantae",371,"Breaking leaf buds",15,"2023-01-01","2023-12-31",2023-05-18,138,2023-05-26,8,1,0
"offset",319149,44255,44.902611,-93.148041,277,"MN",2043,"Quercus","bicolor","swamp white oak","Plantae",371,"Breaking leaf buds",16,"2024-01-01","2024-12-31",2024-07-25,207,2024-08-09,15,3,0
"offset",319149,44255,44.902611,-93.148041,277,"MN",2043,"Quercus","bicolor","swamp white oak","Plantae",371,"Breaking leaf buds",17,"2025-01-01","2025-12-31",2025-05-09,129,2025-05-14,5,1,0
"offset",319149,44255,44.902611,-93.148041,277,"MN",2043,"Quercus","bicolor","swamp white oak","Plantae",371,"Breaking leaf buds",18,"2026-01-01","2026-12-31",2026-05-08,128,2026-05-15,7,1,0
"offset",319150,44255,44.902611,-93.148041,277,"MN",2043,"Quercus","bicolor","swamp white oak","Plantae",371,"Breaking leaf buds",13,"2021-01-01","2021-12-31",2021-05-28,148,2021-08-27,91,1,0
"offset",319150,44255,44.902611,-93.148041,277,"MN",2043,"Quercus","bicolor","swamp white oak","Plantae",371,"Breaking leaf buds",15,"2023-01-01","2023-12-31",2023-05-26,146,2023-06-02,7,1,0
"offset",319150,44255,44.902611,-93.148041,277,"MN",2043,"Quercus","bicolor","swamp white oak","Plantae",371,"Breaking leaf buds",16,"2024-01-01","2024-12-31",2024-05-22,143,2024-05-29,7,2,0
"offset",319150,44255,44.902611,-93.148041,277,"MN",2043,"Quercus","bicolor","swamp white oak","Plantae",371,"Breaking leaf buds",17,"2025-01-01","2025-12-31",2025-05-02,122,2025-05-09,7,1,0
"offset",319150,44255,44.902611,-93.148041,277,"MN",2043,"Quercus","bicolor","swamp white oak","Plantae",371,"Breaking leaf buds",18,"2026-01-01","2026-12-31",2026-05-15,135,2026-05-22,7,1,0
"offset",319151,44255,44.902611,-93.148041,277,"MN",2043,"Quercus","bicolor","swamp white oak","Plantae",371,"Breaking leaf buds",13,"2021-01-01","2021-12-31",2021-05-28,148,2021-08-27,91,1,0
"offset",319151,44255,44.902611,-93.148041,277,"MN",2043,"Quercus","bicolor","swamp white oak","Plantae",371,"Breaking leaf buds",15,"2023-01-01","2023-12-31",2023-06-02,153,2023-06-08,6,1,0
"offset",319151,44255,44.902611,-93.148041,277,"MN",2043,"Quercus","bicolor","swamp white oak","Plantae",371,"Breaking leaf buds",16,"2024-01-01","2024-12-31",2024-05-22,143,2024-05-29,7,2,0
"offset",319151,44255,44.902611,-93.148041,277,"MN",2043,"Quercus","bicolor","swamp white oak","Plantae",371,"Breaking leaf buds",17,"2025-01-01","2025-12-31",2025-05-09,129,2025-05-14,5,1,0
"offset",319151,44255,44.902611,-93.148041,277,"MN",2043,"Quercus","bicolor","swamp white oak","Plantae",371,"Breaking leaf buds",18,"2026-01-01","2026-12-31",2026-05-15,135,2026-05-22,7,1,0
"offset",319152,44255,44.902611,-93.148041,277,"MN",2043,"Quercus","bicolor","swamp white oak","Plantae",371,"Breaking leaf buds",13,"2021-01-01","2021-12-31",2021-05-28,148,2021-08-27,91,1,0
"offset",319152,44255,44.902611,-93.148041,277,"MN",2043,"Quercus","bicolor","swamp white oak","Plantae",371,"Breaking leaf buds",15,"2023-01-01","2023-12-31",2023-05-26,146,2023-06-02,7,2,0
"offset",319152,44255,44.902611,-93.148041,277,"MN",2043,"Quercus","bicolor","swamp white oak","Plantae",371,"Breaking leaf buds",16,"2024-01-01","2024-12-31",2024-05-22,143,2024-05-29,7,2,0
"offset",319152,44255,44.902611,-93.148041,277,"MN",2043,"Quercus","bicolor","swamp white oak","Plantae",371,"Breaking leaf buds",17,"2025-01-01","2025-12-31",2025-05-02,122,2025-05-09,7,1,0
"offset",319152,44255,44.902611,-93.148041,277,"MN",2043,"Quercus","bicolor","swamp white oak","Plantae",371,"Breaking leaf buds",18,"2026-01-01","2026-12-31",2026-05-08,128,2026-05-15,7,1,0
"offset",319153,44241,44.90081,-93.150246,277,"MN",2043,"Quercus","bicolor","swamp white oak","Plantae",371,"Breaking leaf buds",13,"2021-01-01","2021-12-31",2021-05-28,148,2023-03-24,665,1,0
"offset",319153,44241,44.90081,-93.150246,277,"MN",2043,"Quercus","bicolor","swamp white oak","Plantae",371,"Breaking leaf buds",15,"2023-01-01","2023-12-31",2023-06-02,153,2023-06-08,6,2,0
"offset",319153,44241,44.90081,-93.150246,277,"MN",2043,"Quercus","bicolor","swamp white oak","Plantae",371,"Breaking leaf buds",16,"2024-01-01","2024-12-31",2024-07-27,209,2024-08-02,6,3,0
"offset",319153,44241,44.90081,-93.150246,277,"MN",2043,"Quercus","bicolor","swamp white oak","Plantae",371,"Breaking leaf buds",17,"2025-01-01","2025-12-31",2025-05-09,129,2025-05-16,7,1,0
"offset",319153,44241,44.90081,-93.150246,277,"MN",2043,"Quercus","bicolor","swamp white oak","Plantae",371,"Breaking leaf buds",18,"2026-01-01","2026-12-31",2026-05-15,135,2026-05-22,7,1,0
"offset",319153,44241,44.90081,-93.150246,277,"MN",2043,"Quercus","bicolor","swamp white oak","Plantae",501,"Open flowers",16,"2024-01-01","2024-12-31",2024-05-17,138,2024-05-31,14,1,0
"offset",319153,44241,44.90081,-93.150246,277,"MN",2043,"Quercus","bicolor","swamp white oak","Plantae",501,"Open flowers",18,"2026-01-01","2026-12-31",2026-05-15,135,2026-05-22,7,2,0
"offset",319154,44241,44.90081,-93.150246,277,"MN",2043,"Quercus","bicolor","swamp white oak","Plantae",371,"Breaking leaf buds",13,"2021-01-01","2021-12-31",2021-05-28,148,2023-03-24,665,1,0
"offset",319154,44241,44.90081,-93.150246,277,"MN",2043,"Quercus","bicolor","swamp white oak","Plantae",371,"Breaking leaf buds",15,"2023-01-01","2023-12-31",2023-05-18,138,2023-05-26,8,1,0
"offset",319154,44241,44.90081,-93.150246,277,"MN",2043,"Quercus","bicolor","swamp white oak","Plantae",371,"Breaking leaf buds",16,"2024-01-01","2024-12-31",2024-05-10,131,2024-05-17,7,2,0
"offset",319154,44241,44.90081,-93.150246,277,"MN",2043,"Quercus","bicolor","swamp white oak","Plantae",371,"Breaking leaf buds",17,"2025-01-01","2025-12-31",2025-05-16,136,2025-05-23,7,1,0
"offset",319154,44241,44.90081,-93.150246,277,"MN",2043,"Quercus","bicolor","swamp white oak","Plantae",371,"Breaking leaf buds",18,"2026-01-01","2026-12-31",2026-05-15,135,2026-05-22,7,1,0
"offset",319155,44241,44.90081,-93.150246,277,"MN",2043,"Quercus","bicolor","swamp white oak","Plantae",371,"Breaking leaf buds",13,"2021-01-01","2021-12-31",2021-05-28,148,2023-03-24,665,1,0
"offset",319155,44241,44.90081,-93.150246,277,"MN",2043,"Quercus","bicolor","swamp white oak","Plantae",371,"Breaking leaf buds",15,"2023-01-01","2023-12-31",2023-06-02,153,2023-06-08,6,2,0
"offset",319155,44241,44.90081,-93.150246,277,"MN",2043,"Quercus","bicolor","swamp white oak","Plantae",371,"Breaking leaf buds",16,"2024-01-01","2024-12-31",2024-05-17,138,2024-05-23,6,1,0
"offset",319155,44241,44.90081,-93.150246,277,"MN",2043,"Quercus","bicolor","swamp white oak","Plantae",371,"Breaking leaf buds",17,"2025-01-01","2025-12-31",2025-05-16,136,2025-05-23,7,1,0
"offset",319155,44241,44.90081,-93.150246,277,"MN",2043,"Quercus","bicolor","swamp white oak","Plantae",371,"Breaking leaf buds",18,"2026-01-01","2026-12-31",2026-05-15,135,2026-05-22,7,1,0
"offset",319155,44241,44.90081,-93.150246,277,"MN",2043,"Quercus","bicolor","swamp white oak","Plantae",501,"Open flowers",18,"2026-01-01","2026-12-31",2026-05-15,135,2026-05-22,7,1,0
"offset",319156,44076,44.897518,-93.16597,279,"MN",2043,"Quercus","bicolor","swamp white oak","Plantae",371,"Breaking leaf buds",13,"2021-01-01","2021-12-31",2021-05-28,148,2021-08-27,91,1,0
"offset",319156,44076,44.897518,-93.16597,279,"MN",2043,"Quercus","bicolor","swamp white oak","Plantae",371,"Breaking leaf buds",15,"2023-01-01","2023-12-31",2023-05-18,138,2023-05-26,8,1,0
"offset",319156,44076,44.897518,-93.16597,279,"MN",2043,"Quercus","bicolor","swamp white oak","Plantae",371,"Breaking leaf buds",16,"2024-01-01","2024-12-31",2024-05-10,131,2024-05-17,7,2,0
"offset",319156,44076,44.897518,-93.16597,279,"MN",2043,"Quercus","bicolor","swamp white oak","Plantae",371,"Breaking leaf buds",17,"2025-01-01","2025-12-31",2025-05-09,129,2025-05-14,5,1,0
"offset",319156,44076,44.897518,-93.16597,279,"MN",2043,"Quercus","bicolor","swamp white oak","Plantae",371,"Breaking leaf buds",18,"2026-01-01","2026-12-31",2026-05-08,128,2026-05-15,7,1,0
"offset",319157,44076,44.897518,-93.16597,279,"MN",2043,"Quercus","bicolor","swamp white oak","Plantae",371,"Breaking leaf buds",13,"2021-01-01","2021-12-31",2021-05-28,148,2021-08-27,91,1,0
"offset",319157,44076,44.897518,-93.16597,279,"MN",2043,"Quercus","bicolor","swamp white oak","Plantae",371,"Breaking leaf buds",15,"2023-01-01","2023-12-31",2023-05-18,138,2023-05-26,8,1,0
"offset",319157,44076,44.897518,-93.16597,279,"MN",2043,"Quercus","bicolor","swamp white oak","Plantae",371,"Breaking leaf buds",16,"2024-01-01","2024-12-31",2024-07-18,200,2024-07-25,7,2,0
"offset",319157,44076,44.897518,-93.16597,279,"MN",2043,"Quercus","bicolor","swamp white oak","Plantae",501,"Open flowers",15,"2023-01-01","2023-12-31",2023-05-18,138,2023-06-05,18,1,0
"offset",319157,44076,44.897518,-93.16597,279,"MN",2043,"Quercus","bicolor","swamp white oak","Plantae",501,"Open flowers",16,"2024-01-01","2024-12-31",2024-05-24,145,2024-06-07,14,1,0
"offset",319158,44076,44.897518,-93.16597,279,"MN",2043,"Quercus","bicolor","swamp white oak","Plantae",371,"Breaking leaf buds",13,"2021-01-01","2021-12-31",2021-05-28,148,2021-08-27,91,1,0
"offset",319158,44076,44.897518,-93.16597,279,"MN",2043,"Quercus","bicolor","swamp white oak","Plantae",371,"Breaking leaf buds",15,"2023-01-01","2023-12-31",2023-05-26,146,2023-06-02,7,1,0
"offset",319158,44076,44.897518,-93.16597,279,"MN",2043,"Quercus","bicolor","swamp white oak","Plantae",371,"Breaking leaf buds",16,"2024-01-01","2024-12-31",2024-05-10,131,2024-05-17,7,2,0
"offset",319158,44076,44.897518,-93.16597,279,"MN",2043,"Quercus","bicolor","swamp white oak","Plantae",371,"Breaking leaf buds",17,"2025-01-01","2025-12-31",2025-05-09,129,2025-05-14,5,1,0
"offset",319158,44076,44.897518,-93.16597,279,"MN",2043,"Quercus","bicolor","swamp white oak","Plantae",371,"Breaking leaf buds",18,"2026-01-01","2026-12-31",2026-05-08,128,2026-05-15,7,1,0
"offset",319159,44076,44.897518,-93.16597,279,"MN",2043,"Quercus","bicolor","swamp white oak","Plantae",371,"Breaking leaf buds",13,"2021-01-01","2021-12-31",2021-05-28,148,2021-08-27,91,1,0
"offset",319159,44076,44.897518,-93.16597,279,"MN",2043,"Quercus","bicolor","swamp white oak","Plantae",371,"Breaking leaf buds",15,"2023-01-01","2023-12-31",2023-05-26,146,2023-06-02,7,1,0
"offset",319159,44076,44.897518,-93.16597,279,"MN",2043,"Quercus","bicolor","swamp white oak","Plantae",371,"Breaking leaf buds",16,"2024-01-01","2024-12-31",2024-05-10,131,2024-05-17,7,2,0
"offset",319159,44076,44.897518,-93.16597,279,"MN",2043,"Quercus","bicolor","swamp white oak","Plantae",371,"Breaking leaf buds",17,"2025-01-01","2025-12-31",2025-05-09,129,2025-05-14,5,1,0
"offset",319159,44076,44.897518,-93.16597,279,"MN",2043,"Quercus","bicolor","swamp white oak","Plantae",371,"Breaking leaf buds",18,"2026-01-01","2026-12-31",2026-05-08,128,2026-05-15,7,1,0
"offset",319159,44076,44.897518,-93.16597,279,"MN",2043,"Quercus","bicolor","swamp white oak","Plantae",501,"Open flowers",15,"2023-01-01","2023-12-31",2023-05-18,138,2023-05-26,8,1,0
"offset",319160,44076,44.897518,-93.16597,279,"MN",2043,"Quercus","bicolor","swamp white oak","Plantae",371,"Breaking leaf buds",13,"2021-01-01","2021-12-31",2021-05-28,148,2021-08-27,91,1,0
"offset",319160,44076,44.897518,-93.16597,279,"MN",2043,"Quercus","bicolor","swamp white oak","Plantae",371,"Breaking leaf buds",15,"2023-01-01","2023-12-31",2023-05-26,146,2023-06-02,7,1,0
"offset",319160,44076,44.897518,-93.16597,279,"MN",2043,"Quercus","bicolor","swamp white oak","Plantae",371,"Breaking leaf buds",16,"2024-01-01","2024-12-31",2024-05-10,131,2024-05-17,7,2,0
"offset",319160,44076,44.897518,-93.16597,279,"MN",2043,"Quercus","bicolor","swamp white oak","Plantae",371,"Breaking leaf buds",17,"2025-01-01","2025-12-31",2025-05-09,129,2025-05-14,5,1,0
"offset",319160,44076,44.897518,-93.16597,279,"MN",2043,"Quercus","bicolor","swamp white oak","Plantae",371,"Breaking leaf buds",18,"2026-01-01","2026-12-31",2026-05-08,128,2026-05-15,7,1,0
"offset",319160,44076,44.897518,-93.16597,279,"MN",2043,"Quercus","bicolor","swamp white oak","Plantae",501,"Open flowers",15,"2023-01-01","2023-12-31",2023-05-18,138,2023-05-26,8,1,0
"offset",319161,44256,44.90229,-93.148178,277,"MN",2043,"Quercus","bicolor","swamp white oak","Plantae",371,"Breaking leaf buds",13,"2021-01-01","2021-12-31",2021-05-28,148,2021-08-27,91,1,0
"offset",319161,44256,44.90229,-93.148178,277,"MN",2043,"Quercus","bicolor","swamp white oak","Plantae",371,"Breaking leaf buds",15,"2023-01-01","2023-12-31",2023-05-26,146,2023-06-02,7,1,0
"offset",319161,44256,44.90229,-93.148178,277,"MN",2043,"Quercus","bicolor","swamp white oak","Plantae",371,"Breaking leaf buds",16,"2024-01-01","2024-12-31",2024-05-17,138,2024-05-24,7,2,0
"offset",319161,44256,44.90229,-93.148178,277,"MN",2043,"Quercus","bicolor","swamp white oak","Plantae",371,"Breaking leaf buds",17,"2025-01-01","2025-12-31",2025-05-15,135,2025-05-22,7,1,0
"offset",319161,44256,44.90229,-93.148178,277,"MN",2043,"Quercus","bicolor","swamp white oak","Plantae",371,"Breaking leaf buds",18,"2026-01-01","2026-12-31",2026-05-08,128,2026-05-15,7,1,0
"offset",319162,44256,44.90229,-93.148178,277,"MN",2043,"Quercus","bicolor","swamp white oak","Plantae",371,"Breaking leaf buds",13,"2021-01-01","2021-12-31",2021-05-28,148,2021-08-27,91,1,0
"offset",319162,44256,44.90229,-93.148178,277,"MN",2043,"Quercus","bicolor","swamp white oak","Plantae",371,"Breaking leaf buds",15,"2023-01-01","2023-12-31",2023-05-26,146,2023-06-02,7,1,0
"offset",319162,44256,44.90229,-93.148178,277,"MN",2043,"Quercus","bicolor","swamp white oak","Plantae",371,"Breaking leaf buds",16,"2024-01-01","2024-12-31",2024-05-24,145,2024-05-30,6,1,0
"offset",319162,44256,44.90229,-93.148178,277,"MN",2043,"Quercus","bicolor","swamp white oak","Plantae",371,"Breaking leaf buds",17,"2025-01-01","2025-12-31",2025-05-10,130,2025-05-15,5,1,0
"offset",319162,44256,44.90229,-93.148178,277,"MN",2043,"Quercus","bicolor","swamp white oak","Plantae",371,"Breaking leaf buds",18,"2026-01-01","2026-12-31",2026-05-15,135,2026-05-22,7,1,0
"offset",319163,44256,44.90229,-93.148178,277,"MN",2043,"Quercus","bicolor","swamp white oak","Plantae",371,"Breaking leaf buds",13,"2021-01-01","2021-12-31",2021-05-28,148,2021-08-27,91,1,0
"offset",319163,44256,44.90229,-93.148178,277,"MN",2043,"Quercus","bicolor","swamp white oak","Plantae",371,"Breaking leaf buds",15,"2023-01-01","2023-12-31",2023-05-18,138,2023-05-26,8,1,0
"offset",319163,44256,44.90229,-93.148178,277,"MN",2043,"Quercus","bicolor","swamp white oak","Plantae",371,"Breaking leaf buds",16,"2024-01-01","2024-12-31",2024-05-09,130,2024-05-17,8,1,0
"offset",319163,44256,44.90229,-93.148178,277,"MN",2043,"Quercus","bicolor","swamp white oak","Plantae",371,"Breaking leaf buds",17,"2025-01-01","2025-12-31",2025-05-10,130,2025-05-15,5,1,0
"offset",319200,52554,26.771624,-80.238892,6,"FL",297,"Quercus","geminata","sand live oak","Plantae",371,"Breaking leaf buds",15,"2023-01-01","2023-12-31",2023-07-22,203,NA,NA,1,0
"offset",319200,52554,26.771624,-80.238892,6,"FL",297,"Quercus","geminata","sand live oak","Plantae",501,"Open flowers",15,"2023-01-01","2023-12-31",2023-07-22,203,NA,NA,1,0
"offset",319875,52637,42.386539,-71.108429,21,"MA",2043,"Quercus","bicolor","swamp white oak","Plantae",371,"Breaking leaf buds",16,"2024-01-01","2024-12-31",2024-05-01,122,2024-05-07,6,1,0
"offset",319875,52637,42.386539,-71.108429,21,"MA",2043,"Quercus","bicolor","swamp white oak","Plantae",371,"Breaking leaf buds",17,"2025-01-01","2025-12-31",2025-04-30,120,2025-05-06,6,1,0
"offset",319875,52637,42.386539,-71.108429,21,"MA",2043,"Quercus","bicolor","swamp white oak","Plantae",371,"Breaking leaf buds",18,"2026-01-01","2026-12-31",2026-05-10,130,2026-05-14,4,1,0
"offset",319875,52637,42.386539,-71.108429,21,"MA",2043,"Quercus","bicolor","swamp white oak","Plantae",501,"Open flowers",18,"2026-01-01","2026-12-31",2026-05-17,137,2026-05-20,3,1,0
"offset",319950,47095,41.503468,-91.505867,188,"IA",101,"Quercus","macrocarpa","bur oak","Plantae",371,"Breaking leaf buds",16,"2024-01-01","2024-12-31",2024-06-16,168,2024-07-27,41,2,0
"offset",319950,47095,41.503468,-91.505867,188,"IA",101,"Quercus","macrocarpa","bur oak","Plantae",371,"Breaking leaf buds",17,"2025-01-01","2025-12-31",2025-05-06,126,2025-05-17,11,1,0
"offset",319950,47095,41.503468,-91.505867,188,"IA",101,"Quercus","macrocarpa","bur oak","Plantae",501,"Open flowers",15,"2023-01-01","2023-12-31",2023-08-28,240,2023-10-12,45,1,0
"offset",319950,47095,41.503468,-91.505867,188,"IA",101,"Quercus","macrocarpa","bur oak","Plantae",501,"Open flowers",16,"2024-01-01","2024-12-31",2024-07-27,209,2025-03-12,228,1,0
"offset",320185,52605,38.038338,-84.5047,299,"KY",2043,"Quercus","bicolor","swamp white oak","Plantae",371,"Breaking leaf buds",15,"2023-01-01","2023-12-31",2023-10-12,285,2023-10-19,7,1,0
"offset",320196,52756,38.019615,-84.499451,314,"KY",2050,"Quercus","muehlenbergii","chinquapin oak","Plantae",371,"Breaking leaf buds",15,"2023-01-01","2023-12-31",2023-11-15,319,NA,NA,2,0
"offset",320239,52756,38.019615,-84.499451,314,"KY",2043,"Quercus","bicolor","swamp white oak","Plantae",371,"Breaking leaf buds",15,"2023-01-01","2023-12-31",2023-10-11,284,2023-10-17,6,1,0
"offset",320239,52756,38.019615,-84.499451,314,"KY",2043,"Quercus","bicolor","swamp white oak","Plantae",501,"Open flowers",15,"2023-01-01","2023-12-31",2023-09-21,264,2023-09-28,7,1,0
"offset",320279,52605,38.038338,-84.5047,299,"KY",101,"Quercus","macrocarpa","bur oak","Plantae",371,"Breaking leaf buds",17,"2025-01-01","2025-12-31",2025-11-07,311,2025-11-14,7,2,0
"offset",320284,52605,38.038338,-84.5047,299,"KY",2043,"Quercus","bicolor","swamp white oak","Plantae",371,"Breaking leaf buds",15,"2023-01-01","2023-12-31",2023-09-27,270,2023-10-04,7,1,0
"offset",320372,52756,38.019615,-84.499451,314,"KY",1212,"Quercus","montana","chestnut oak","Plantae",371,"Breaking leaf buds",15,"2023-01-01","2023-12-31",2023-11-17,321,NA,NA,1,0
"offset",320372,52756,38.019615,-84.499451,314,"KY",1212,"Quercus","montana","chestnut oak","Plantae",501,"Open flowers",15,"2023-01-01","2023-12-31",2023-09-14,257,2023-09-21,7,1,0
"offset",320395,52605,38.038338,-84.5047,299,"KY",2043,"Quercus","bicolor","swamp white oak","Plantae",371,"Breaking leaf buds",16,"2024-01-01","2024-12-31",2024-10-01,275,2024-10-06,5,1,0
"offset",320469,52605,38.038338,-84.5047,299,"KY",101,"Quercus","macrocarpa","bur oak","Plantae",371,"Breaking leaf buds",17,"2025-01-01","2025-12-31",2025-11-17,321,2025-12-01,14,1,0
"offset",320539,52605,38.038338,-84.5047,299,"KY",100,"Quercus","alba","white oak","Plantae",371,"Breaking leaf buds",15,"2023-01-01","2023-12-31",2023-09-14,257,2023-09-24,10,1,0
"offset",321340,52820,35.785053,-78.681946,121,"NC",100,"Quercus","alba","white oak","Plantae",371,"Breaking leaf buds",15,"2023-01-01","2023-12-31",2023-09-12,255,2023-09-21,9,1,0
"offset",321342,52880,44.901722,-93.361977,274,"MN",101,"Quercus","macrocarpa","bur oak","Plantae",371,"Breaking leaf buds",15,"2023-01-01","2023-12-31",2023-10-31,304,NA,NA,1,0
"offset",321343,52880,44.901722,-93.361977,274,"MN",101,"Quercus","macrocarpa","bur oak","Plantae",371,"Breaking leaf buds",15,"2023-01-01","2023-12-31",2023-10-18,291,NA,NA,1,0
"offset",321344,52880,44.901722,-93.361977,274,"MN",101,"Quercus","macrocarpa","bur oak","Plantae",371,"Breaking leaf buds",15,"2023-01-01","2023-12-31",2023-10-31,304,NA,NA,1,0
"offset",322696,53242,45.233479,-93.291771,274,"MN",101,"Quercus","macrocarpa","bur oak","Plantae",371,"Breaking leaf buds",15,"2023-01-01","2023-12-31",2023-10-15,288,NA,NA,1,0
"offset",322756,53157,44.022049,-70.963837,136,"ME",100,"Quercus","alba","white oak","Plantae",371,"Breaking leaf buds",16,"2024-01-01","2024-12-31",2024-05-09,130,NA,NA,1,0
"offset",323156,53328,35.5895,-80.461639,244,"NC",1212,"Quercus","montana","chestnut oak","Plantae",371,"Breaking leaf buds",16,"2024-01-01","2024-12-31",2024-05-01,122,NA,NA,1,0
"offset",323344,53380,35.215389,-81.161873,238,"NC",1755,"Quercus","stellata","post oak","Plantae",371,"Breaking leaf buds",15,"2023-01-01","2023-12-31",2023-11-07,311,2023-11-17,10,1,0
"offset",323344,53380,35.215389,-81.161873,238,"NC",1755,"Quercus","stellata","post oak","Plantae",371,"Breaking leaf buds",16,"2024-01-01","2024-12-31",2024-04-24,115,NA,NA,1,0
"offset",323351,53380,35.215389,-81.161873,238,"NC",1755,"Quercus","stellata","post oak","Plantae",371,"Breaking leaf buds",16,"2024-01-01","2024-12-31",2024-04-24,115,NA,NA,1,0
"offset",323797,53312,35.702572,-80.428291,203,"NC",100,"Quercus","alba","white oak","Plantae",371,"Breaking leaf buds",15,"2023-01-01","2023-12-31",2023-10-20,293,2023-10-26,6,1,0
"offset",324332,52757,38.030651,-84.503967,304,"KY",101,"Quercus","macrocarpa","bur oak","Plantae",371,"Breaking leaf buds",15,"2023-01-01","2023-12-31",2023-11-13,317,NA,NA,1,0
"offset",326418,53579,40.087463,-76.002052,230,"PA",1212,"Quercus","montana","chestnut oak","Plantae",371,"Breaking leaf buds",16,"2024-01-01","2024-12-31",2024-04-22,113,2024-04-30,8,1,0
"offset",326418,53579,40.087463,-76.002052,230,"PA",1212,"Quercus","montana","chestnut oak","Plantae",371,"Breaking leaf buds",17,"2025-01-01","2025-12-31",2025-04-22,112,2025-04-28,6,1,0
"offset",326418,53579,40.087463,-76.002052,230,"PA",1212,"Quercus","montana","chestnut oak","Plantae",371,"Breaking leaf buds",18,"2026-01-01","2026-12-31",2026-05-15,135,2026-05-20,5,2,0
"offset",326692,53581,39.81358,-76.349991,127,"PA",1212,"Quercus","montana","chestnut oak","Plantae",371,"Breaking leaf buds",16,"2024-01-01","2024-12-31",2024-04-29,120,2024-05-17,18,1,0
"offset",326692,53581,39.81358,-76.349991,127,"PA",1212,"Quercus","montana","chestnut oak","Plantae",371,"Breaking leaf buds",17,"2025-01-01","2025-12-31",2025-04-29,119,2025-05-12,13,1,0
"offset",326692,53581,39.81358,-76.349991,127,"PA",1212,"Quercus","montana","chestnut oak","Plantae",501,"Open flowers",17,"2025-01-01","2025-12-31",2025-04-29,119,2025-05-12,13,1,0
"offset",326726,53581,39.81358,-76.349991,127,"PA",100,"Quercus","alba","white oak","Plantae",371,"Breaking leaf buds",16,"2024-01-01","2024-12-31",2024-04-29,120,2024-05-17,18,1,0
"offset",326726,53581,39.81358,-76.349991,127,"PA",100,"Quercus","alba","white oak","Plantae",371,"Breaking leaf buds",17,"2025-01-01","2025-12-31",2025-04-29,119,2025-05-12,13,1,0
"offset",326869,53776,30.450026,-84.262054,43,"FL",305,"Quercus","virginiana","live oak","Plantae",371,"Breaking leaf buds",16,"2024-01-01","2024-12-31",2024-03-07,67,NA,NA,1,0
"offset",326869,53776,30.450026,-84.262054,43,"FL",305,"Quercus","virginiana","live oak","Plantae",501,"Open flowers",16,"2024-01-01","2024-12-31",2024-03-07,67,NA,NA,1,0
"offset",326971,50497,34.80901,-80.157257,94,"SC",100,"Quercus","alba","white oak","Plantae",501,"Open flowers",16,"2024-01-01","2024-12-31",2024-03-26,86,NA,NA,1,0
"offset",327088,53774,30.456919,-84.258575,43,"FL",305,"Quercus","virginiana","live oak","Plantae",371,"Breaking leaf buds",16,"2024-01-01","2024-12-31",2024-03-18,78,2024-03-26,8,2,0
"offset",327088,53774,30.456919,-84.258575,43,"FL",305,"Quercus","virginiana","live oak","Plantae",501,"Open flowers",16,"2024-01-01","2024-12-31",2024-03-13,73,2024-03-18,5,1,0
"offset",327277,53859,37.561539,-77.467545,50,"VA",100,"Quercus","alba","white oak","Plantae",371,"Breaking leaf buds",16,"2024-01-01","2024-12-31",2024-03-26,86,NA,NA,1,0
"offset",327772,53774,30.456919,-84.258575,43,"FL",305,"Quercus","virginiana","live oak","Plantae",371,"Breaking leaf buds",16,"2024-01-01","2024-12-31",2024-03-18,78,2024-03-26,8,1,0
"offset",327772,53774,30.456919,-84.258575,43,"FL",305,"Quercus","virginiana","live oak","Plantae",501,"Open flowers",16,"2024-01-01","2024-12-31",2024-03-18,78,2024-03-26,8,1,0
"offset",327774,53866,30.537191,-84.290665,56,"FL",2047,"Quercus","lyrata","overcup oak","Plantae",371,"Breaking leaf buds",16,"2024-01-01","2024-12-31",2024-03-26,86,2024-04-02,7,1,0
"offset",327774,53866,30.537191,-84.290665,56,"FL",2047,"Quercus","lyrata","overcup oak","Plantae",501,"Open flowers",16,"2024-01-01","2024-12-31",2024-03-26,86,2024-04-02,7,1,0
"offset",327775,53866,30.537191,-84.290665,56,"FL",305,"Quercus","virginiana","live oak","Plantae",371,"Breaking leaf buds",16,"2024-01-01","2024-12-31",2024-03-20,80,2024-03-26,6,1,0
"offset",327775,53866,30.537191,-84.290665,56,"FL",305,"Quercus","virginiana","live oak","Plantae",501,"Open flowers",16,"2024-01-01","2024-12-31",2024-03-20,80,2024-03-26,6,1,0
"offset",327781,53882,39.838814,-84.847878,324,"IN",100,"Quercus","alba","white oak","Plantae",371,"Breaking leaf buds",17,"2025-01-01","2025-12-31",2025-05-29,149,2025-07-02,34,1,0
"offset",327781,53882,39.838814,-84.847878,324,"IN",100,"Quercus","alba","white oak","Plantae",371,"Breaking leaf buds",18,"2026-01-01","2026-12-31",2026-04-15,105,2026-04-22,7,1,0
"offset",327781,53882,39.838814,-84.847878,324,"IN",100,"Quercus","alba","white oak","Plantae",501,"Open flowers",16,"2024-01-01","2024-12-31",2024-05-08,129,2024-05-17,9,1,0
"offset",327781,53882,39.838814,-84.847878,324,"IN",100,"Quercus","alba","white oak","Plantae",501,"Open flowers",18,"2026-01-01","2026-12-31",2026-06-17,168,2026-06-24,7,3,0
"offset",327960,53914,27.714729,-82.686462,1,"FL",305,"Quercus","virginiana","live oak","Plantae",371,"Breaking leaf buds",16,"2024-01-01","2024-12-31",2024-02-27,58,NA,NA,1,0
"offset",327960,53914,27.714729,-82.686462,1,"FL",305,"Quercus","virginiana","live oak","Plantae",501,"Open flowers",16,"2024-01-01","2024-12-31",2024-02-27,58,NA,NA,1,0
"offset",327961,53914,27.714729,-82.686462,1,"FL",305,"Quercus","virginiana","live oak","Plantae",371,"Breaking leaf buds",16,"2024-01-01","2024-12-31",2024-02-27,58,NA,NA,1,0
"offset",327961,53914,27.714729,-82.686462,1,"FL",305,"Quercus","virginiana","live oak","Plantae",501,"Open flowers",16,"2024-01-01","2024-12-31",2024-02-27,58,NA,NA,1,0
"offset",327966,53919,27.714451,-82.681618,1,"FL",305,"Quercus","virginiana","live oak","Plantae",371,"Breaking leaf buds",16,"2024-01-01","2024-12-31",2024-03-15,75,2024-03-26,11,1,0
"offset",327966,53919,27.714451,-82.681618,1,"FL",305,"Quercus","virginiana","live oak","Plantae",501,"Open flowers",16,"2024-01-01","2024-12-31",2024-04-22,113,2024-04-30,8,1,0
"offset",327996,53922,27.714729,-82.686462,1,"FL",305,"Quercus","virginiana","live oak","Plantae",371,"Breaking leaf buds",16,"2024-01-01","2024-12-31",2024-02-07,38,NA,NA,1,0
"offset",328041,53954,30.447708,-84.248077,42,"FL",1755,"Quercus","stellata","post oak","Plantae",371,"Breaking leaf buds",16,"2024-01-01","2024-12-31",2024-03-19,79,2024-03-24,5,1,0
"offset",328041,53954,30.447708,-84.248077,42,"FL",1755,"Quercus","stellata","post oak","Plantae",501,"Open flowers",16,"2024-01-01","2024-12-31",2024-03-19,79,2024-03-24,5,2,0
"offset",328127,53954,30.447708,-84.248077,42,"FL",305,"Quercus","virginiana","live oak","Plantae",371,"Breaking leaf buds",16,"2024-01-01","2024-12-31",2024-04-16,107,2024-04-26,10,1,0
"offset",328127,53954,30.447708,-84.248077,42,"FL",305,"Quercus","virginiana","live oak","Plantae",501,"Open flowers",16,"2024-01-01","2024-12-31",2024-03-24,84,2024-03-29,5,1,0
"offset",328299,51776,35.075787,-97.331337,339,"OK",101,"Quercus","macrocarpa","bur oak","Plantae",371,"Breaking leaf buds",16,"2024-01-01","2024-12-31",2024-03-31,91,NA,NA,1,0
"offset",328353,54055,35.477898,-93.468506,128,"AR",100,"Quercus","alba","white oak","Plantae",371,"Breaking leaf buds",16,"2024-01-01","2024-12-31",2024-02-19,50,NA,NA,1,0
"offset",328495,54108,38.771027,-93.758766,226,"MO",1755,"Quercus","stellata","post oak","Plantae",371,"Breaking leaf buds",16,"2024-01-01","2024-12-31",2024-04-12,103,NA,NA,1,0
"offset",328521,52282,38.014748,-84.50634,316,"KY",100,"Quercus","alba","white oak","Plantae",371,"Breaking leaf buds",16,"2024-01-01","2024-12-31",2024-04-28,119,2024-05-05,7,4,0
"offset",328521,52282,38.014748,-84.50634,316,"KY",100,"Quercus","alba","white oak","Plantae",371,"Breaking leaf buds",17,"2025-01-01","2025-12-31",2025-04-28,118,2025-04-29,1,5,0
"offset",328521,52282,38.014748,-84.50634,316,"KY",100,"Quercus","alba","white oak","Plantae",371,"Breaking leaf buds",18,"2026-01-01","2026-12-31",2026-04-23,113,2026-04-27,4,2,0
"offset",328521,52282,38.014748,-84.50634,316,"KY",100,"Quercus","alba","white oak","Plantae",501,"Open flowers",16,"2024-01-01","2024-12-31",2024-12-27,362,2025-02-25,60,4,0
"offset",328521,52282,38.014748,-84.50634,316,"KY",100,"Quercus","alba","white oak","Plantae",501,"Open flowers",17,"2025-01-01","2025-12-31",2025-05-06,126,2025-05-10,4,4,0
"offset",328521,52282,38.014748,-84.50634,316,"KY",100,"Quercus","alba","white oak","Plantae",501,"Open flowers",18,"2026-01-01","2026-12-31",2026-04-30,120,2026-05-03,3,3,0
"offset",328538,54115,38.015823,-84.504768,315,"KY",100,"Quercus","alba","white oak","Plantae",371,"Breaking leaf buds",16,"2024-01-01","2024-12-31",2024-05-08,129,2024-05-13,5,2,0
"offset",328538,54115,38.015823,-84.504768,315,"KY",100,"Quercus","alba","white oak","Plantae",371,"Breaking leaf buds",17,"2025-01-01","2025-12-31",2025-04-21,111,2025-04-28,7,1,0
"offset",328538,54115,38.015823,-84.504768,315,"KY",100,"Quercus","alba","white oak","Plantae",501,"Open flowers",16,"2024-01-01","2024-12-31",2024-04-29,120,2024-05-06,7,1,0
"offset",328538,54115,38.015823,-84.504768,315,"KY",100,"Quercus","alba","white oak","Plantae",501,"Open flowers",17,"2025-01-01","2025-12-31",2025-05-05,125,2025-05-08,3,1,0
"offset",328539,54115,38.015823,-84.504768,315,"KY",100,"Quercus","alba","white oak","Plantae",371,"Breaking leaf buds",16,"2024-01-01","2024-12-31",2024-05-08,129,2024-05-13,5,2,0
"offset",328539,54115,38.015823,-84.504768,315,"KY",100,"Quercus","alba","white oak","Plantae",371,"Breaking leaf buds",17,"2025-01-01","2025-12-31",2025-04-28,118,2025-05-05,7,1,0
"offset",328539,54115,38.015823,-84.504768,315,"KY",100,"Quercus","alba","white oak","Plantae",501,"Open flowers",16,"2024-01-01","2024-12-31",2024-04-29,120,2024-05-06,7,1,0
"offset",328539,54115,38.015823,-84.504768,315,"KY",100,"Quercus","alba","white oak","Plantae",501,"Open flowers",17,"2025-01-01","2025-12-31",2025-04-28,118,2025-05-05,7,1,0
"offset",328552,54116,38.011917,-84.504448,318,"KY",100,"Quercus","alba","white oak","Plantae",371,"Breaking leaf buds",16,"2024-01-01","2024-12-31",2024-05-13,134,2024-05-20,7,2,0
"offset",328552,54116,38.011917,-84.504448,318,"KY",100,"Quercus","alba","white oak","Plantae",371,"Breaking leaf buds",17,"2025-01-01","2025-12-31",2025-05-21,141,2025-05-22,1,6,0
"offset",328553,54116,38.011917,-84.504448,318,"KY",100,"Quercus","alba","white oak","Plantae",371,"Breaking leaf buds",16,"2024-01-01","2024-12-31",2024-05-13,134,2024-05-20,7,1,0
"offset",328553,54116,38.011917,-84.504448,318,"KY",100,"Quercus","alba","white oak","Plantae",371,"Breaking leaf buds",17,"2025-01-01","2025-12-31",2025-05-02,122,2025-05-05,3,4,0
"offset",328553,54116,38.011917,-84.504448,318,"KY",100,"Quercus","alba","white oak","Plantae",371,"Breaking leaf buds",18,"2026-01-01","2026-12-31",2026-04-15,105,2026-04-18,3,1,0
"offset",328553,54116,38.011917,-84.504448,318,"KY",100,"Quercus","alba","white oak","Plantae",501,"Open flowers",16,"2024-01-01","2024-12-31",2024-05-06,127,2024-05-09,3,1,0
"offset",328553,54116,38.011917,-84.504448,318,"KY",100,"Quercus","alba","white oak","Plantae",501,"Open flowers",17,"2025-01-01","2025-12-31",2025-05-28,148,2025-05-29,1,4,0
"offset",328553,54116,38.011917,-84.504448,318,"KY",100,"Quercus","alba","white oak","Plantae",501,"Open flowers",18,"2026-01-01","2026-12-31",2026-04-20,110,2026-04-22,2,2,0
"offset",328660,54108,38.771027,-93.758766,226,"MO",100,"Quercus","alba","white oak","Plantae",371,"Breaking leaf buds",16,"2024-01-01","2024-12-31",2024-04-12,103,NA,NA,1,0
"offset",329006,54244,40.805195,-77.864136,352,"PA",2043,"Quercus","bicolor","swamp white oak","Plantae",371,"Breaking leaf buds",16,"2024-01-01","2024-12-31",2024-04-19,110,NA,NA,1,0
"offset",329006,54244,40.805195,-77.864136,352,"PA",2043,"Quercus","bicolor","swamp white oak","Plantae",501,"Open flowers",16,"2024-01-01","2024-12-31",2024-04-19,110,NA,NA,1,0
"offset",329100,43308,42.375237,-71.144234,4,"MA",101,"Quercus","macrocarpa","bur oak","Plantae",371,"Breaking leaf buds",16,"2024-01-01","2024-12-31",2024-05-02,123,2024-05-03,1,2,0
"offset",329100,43308,42.375237,-71.144234,4,"MA",101,"Quercus","macrocarpa","bur oak","Plantae",371,"Breaking leaf buds",17,"2025-01-01","2025-12-31",2025-04-25,115,2025-04-28,3,2,0
"offset",329100,43308,42.375237,-71.144234,4,"MA",101,"Quercus","macrocarpa","bur oak","Plantae",371,"Breaking leaf buds",18,"2026-01-01","2026-12-31",2026-04-28,118,2026-05-05,7,2,0
"offset",329100,43308,42.375237,-71.144234,4,"MA",101,"Quercus","macrocarpa","bur oak","Plantae",501,"Open flowers",16,"2024-01-01","2024-12-31",2024-06-14,166,2024-06-18,4,5,0
"offset",329100,43308,42.375237,-71.144234,4,"MA",101,"Quercus","macrocarpa","bur oak","Plantae",501,"Open flowers",17,"2025-01-01","2025-12-31",2025-05-28,148,2025-06-02,5,4,0
"offset",329100,43308,42.375237,-71.144234,4,"MA",101,"Quercus","macrocarpa","bur oak","Plantae",501,"Open flowers",18,"2026-01-01","2026-12-31",2026-05-19,139,2026-05-26,7,1,0
"offset",329110,48749,42.373653,-71.143356,4,"MA",101,"Quercus","macrocarpa","bur oak","Plantae",371,"Breaking leaf buds",16,"2024-01-01","2024-12-31",2024-05-13,134,2024-05-19,6,5,0
"offset",329110,48749,42.373653,-71.143356,4,"MA",101,"Quercus","macrocarpa","bur oak","Plantae",371,"Breaking leaf buds",17,"2025-01-01","2025-12-31",2025-06-03,154,2025-06-12,9,2,0
"offset",329110,48749,42.373653,-71.143356,4,"MA",101,"Quercus","macrocarpa","bur oak","Plantae",371,"Breaking leaf buds",18,"2026-01-01","2026-12-31",2026-05-05,125,2026-05-12,7,1,0
"offset",329110,48749,42.373653,-71.143356,4,"MA",101,"Quercus","macrocarpa","bur oak","Plantae",501,"Open flowers",16,"2024-01-01","2024-12-31",2024-05-22,143,2024-05-26,4,2,0
"offset",329110,48749,42.373653,-71.143356,4,"MA",101,"Quercus","macrocarpa","bur oak","Plantae",501,"Open flowers",17,"2025-01-01","2025-12-31",2025-05-07,127,2025-05-13,6,1,0
"offset",329110,48749,42.373653,-71.143356,4,"MA",101,"Quercus","macrocarpa","bur oak","Plantae",501,"Open flowers",18,"2026-01-01","2026-12-31",2026-06-08,159,2026-06-15,7,3,0
"offset",329512,54244,40.805195,-77.864136,352,"PA",101,"Quercus","macrocarpa","bur oak","Plantae",371,"Breaking leaf buds",16,"2024-01-01","2024-12-31",2024-04-19,110,NA,NA,1,0
"offset",329512,54244,40.805195,-77.864136,352,"PA",101,"Quercus","macrocarpa","bur oak","Plantae",501,"Open flowers",16,"2024-01-01","2024-12-31",2024-04-19,110,NA,NA,1,0
"offset",330469,35791,26.231277,-80.265518,3,"FL",305,"Quercus","virginiana","live oak","Plantae",371,"Breaking leaf buds",16,"2024-01-01","2024-12-31",2024-09-19,263,NA,NA,1,0
"offset",330469,35791,26.231277,-80.265518,3,"FL",305,"Quercus","virginiana","live oak","Plantae",501,"Open flowers",16,"2024-01-01","2024-12-31",2024-09-19,263,NA,NA,1,0
"offset",330473,54311,37.646572,-84.687546,255,"KY",101,"Quercus","macrocarpa","bur oak","Plantae",371,"Breaking leaf buds",17,"2025-01-01","2025-12-31",2025-04-24,114,NA,NA,1,0
"offset",330539,54312,44.976898,-93.153297,277,"MN",101,"Quercus","macrocarpa","bur oak","Plantae",371,"Breaking leaf buds",16,"2024-01-01","2024-12-31",2024-05-09,130,2024-05-22,13,1,0
"offset",330539,54312,44.976898,-93.153297,277,"MN",101,"Quercus","macrocarpa","bur oak","Plantae",371,"Breaking leaf buds",17,"2025-01-01","2025-12-31",2025-05-04,124,NA,NA,2,0
"offset",330539,54312,44.976898,-93.153297,277,"MN",101,"Quercus","macrocarpa","bur oak","Plantae",501,"Open flowers",16,"2024-01-01","2024-12-31",2024-05-09,130,2024-05-22,13,1,0
"offset",330540,54312,44.976898,-93.153297,277,"MN",101,"Quercus","macrocarpa","bur oak","Plantae",371,"Breaking leaf buds",16,"2024-01-01","2024-12-31",2024-05-22,143,2024-09-24,125,1,0
"offset",330540,54312,44.976898,-93.153297,277,"MN",101,"Quercus","macrocarpa","bur oak","Plantae",371,"Breaking leaf buds",17,"2025-01-01","2025-12-31",2025-05-04,124,NA,NA,1,0
"offset",330540,54312,44.976898,-93.153297,277,"MN",101,"Quercus","macrocarpa","bur oak","Plantae",501,"Open flowers",16,"2024-01-01","2024-12-31",2024-05-09,130,2024-05-22,13,1,0
"offset",330581,54323,53.93327,-116.576508,1259,"AB",101,"Quercus","macrocarpa","bur oak","Plantae",371,"Breaking leaf buds",16,"2024-01-01","2024-12-31",2024-05-11,132,2024-06-14,34,1,0
"offset",330668,54333,42.716141,-88.310501,233,"WI",2043,"Quercus","bicolor","swamp white oak","Plantae",371,"Breaking leaf buds",16,"2024-01-01","2024-12-31",2024-05-10,131,2024-05-13,3,1,0
"offset",330668,54333,42.716141,-88.310501,233,"WI",2043,"Quercus","bicolor","swamp white oak","Plantae",371,"Breaking leaf buds",17,"2025-01-01","2025-12-31",2025-06-15,166,2025-06-25,10,1,0
"offset",330668,54333,42.716141,-88.310501,233,"WI",2043,"Quercus","bicolor","swamp white oak","Plantae",371,"Breaking leaf buds",18,"2026-01-01","2026-12-31",2026-05-13,133,2026-05-22,9,1,0
"offset",330668,54333,42.716141,-88.310501,233,"WI",2043,"Quercus","bicolor","swamp white oak","Plantae",501,"Open flowers",16,"2024-01-01","2024-12-31",2024-05-13,134,2024-05-21,8,1,0
"offset",330668,54333,42.716141,-88.310501,233,"WI",2043,"Quercus","bicolor","swamp white oak","Plantae",501,"Open flowers",18,"2026-01-01","2026-12-31",2026-05-13,133,2026-05-22,9,1,0
"offset",330669,38379,38.078102,-85.610085,168,"KY",101,"Quercus","macrocarpa","bur oak","Plantae",371,"Breaking leaf buds",16,"2024-01-01","2024-12-31",2024-04-15,106,2024-05-05,20,1,0
"offset",330669,38379,38.078102,-85.610085,168,"KY",101,"Quercus","macrocarpa","bur oak","Plantae",501,"Open flowers",16,"2024-01-01","2024-12-31",2024-05-05,126,2024-06-16,42,1,0
"offset",330678,54344,44.073566,-91.676826,198,"MN",2043,"Quercus","bicolor","swamp white oak","Plantae",371,"Breaking leaf buds",17,"2025-01-01","2025-12-31",2025-05-08,128,2025-05-14,6,1,0
"offset",330678,54344,44.073566,-91.676826,198,"MN",2043,"Quercus","bicolor","swamp white oak","Plantae",371,"Breaking leaf buds",18,"2026-01-01","2026-12-31",2026-04-15,105,2026-05-05,20,1,0
"offset",330678,54344,44.073566,-91.676826,198,"MN",2043,"Quercus","bicolor","swamp white oak","Plantae",501,"Open flowers",17,"2025-01-01","2025-12-31",2025-03-16,75,2025-03-22,6,1,0
"offset",330724,54347,37.261837,-77.55069,91,"VA",100,"Quercus","alba","white oak","Plantae",371,"Breaking leaf buds",16,"2024-01-01","2024-12-31",2024-04-15,106,NA,NA,1,0
"offset",330753,42341,42.383221,-71.097885,19,"MA",1212,"Quercus","montana","chestnut oak","Plantae",371,"Breaking leaf buds",16,"2024-01-01","2024-12-31",2024-05-07,128,2024-05-14,7,1,0
"offset",330753,42341,42.383221,-71.097885,19,"MA",1212,"Quercus","montana","chestnut oak","Plantae",371,"Breaking leaf buds",17,"2025-01-01","2025-12-31",2025-04-29,119,2025-05-06,7,1,0
"offset",330753,42341,42.383221,-71.097885,19,"MA",1212,"Quercus","montana","chestnut oak","Plantae",371,"Breaking leaf buds",18,"2026-01-01","2026-12-31",2026-05-05,125,2026-05-12,7,1,0
"offset",330753,42341,42.383221,-71.097885,19,"MA",1212,"Quercus","montana","chestnut oak","Plantae",501,"Open flowers",18,"2026-01-01","2026-12-31",2026-05-12,132,2026-05-19,7,1,0
"offset",330825,54365,44.971355,-93.283714,264,"MN",101,"Quercus","macrocarpa","bur oak","Plantae",371,"Breaking leaf buds",16,"2024-01-01","2024-12-31",2024-04-23,114,2024-04-30,7,1,0
"offset",330840,54392,33.556099,-101.868202,979,"TX",101,"Quercus","macrocarpa","bur oak","Plantae",371,"Breaking leaf buds",16,"2024-01-01","2024-12-31",2024-04-26,117,2024-08-07,103,2,0
"offset",330840,54392,33.556099,-101.868202,979,"TX",101,"Quercus","macrocarpa","bur oak","Plantae",371,"Breaking leaf buds",17,"2025-01-01","2025-12-31",2025-04-08,98,2025-04-28,20,1,0
"offset",330840,54392,33.556099,-101.868202,979,"TX",101,"Quercus","macrocarpa","bur oak","Plantae",371,"Breaking leaf buds",18,"2026-01-01","2026-12-31",2026-03-23,82,2026-05-13,51,1,0
"offset",330840,54392,33.556099,-101.868202,979,"TX",101,"Quercus","macrocarpa","bur oak","Plantae",501,"Open flowers",16,"2024-01-01","2024-12-31",2024-04-08,99,2024-04-26,18,1,0
"offset",331377,49688,44.739075,-93.602257,232,"MN",101,"Quercus","macrocarpa","bur oak","Plantae",371,"Breaking leaf buds",16,"2024-01-01","2024-12-31",2024-05-15,136,2024-05-18,3,1,0
"offset",331377,49688,44.739075,-93.602257,232,"MN",101,"Quercus","macrocarpa","bur oak","Plantae",371,"Breaking leaf buds",17,"2025-01-01","2025-12-31",2025-05-11,131,2025-05-14,3,1,0
"offset",331377,49688,44.739075,-93.602257,232,"MN",101,"Quercus","macrocarpa","bur oak","Plantae",371,"Breaking leaf buds",18,"2026-01-01","2026-12-31",2026-05-12,132,2026-05-13,1,1,0
"offset",331408,54517,40.817055,-77.881592,354,"PA",100,"Quercus","alba","white oak","Plantae",371,"Breaking leaf buds",16,"2024-01-01","2024-12-31",2024-04-19,110,NA,NA,1,0
"offset",331408,54517,40.817055,-77.881592,354,"PA",100,"Quercus","alba","white oak","Plantae",501,"Open flowers",16,"2024-01-01","2024-12-31",2024-04-19,110,NA,NA,1,0
"offset",331412,33012,42.011364,-93.638145,289,"IA",2043,"Quercus","bicolor","swamp white oak","Plantae",371,"Breaking leaf buds",16,"2024-01-01","2024-12-31",2024-05-16,137,2024-05-20,4,2,0
"offset",331412,33012,42.011364,-93.638145,289,"IA",2043,"Quercus","bicolor","swamp white oak","Plantae",371,"Breaking leaf buds",17,"2025-01-01","2025-12-31",2025-04-30,120,2025-05-21,21,1,0
"offset",331412,33012,42.011364,-93.638145,289,"IA",2043,"Quercus","bicolor","swamp white oak","Plantae",371,"Breaking leaf buds",18,"2026-01-01","2026-12-31",2026-04-23,113,2026-05-27,34,1,0
"offset",331412,33012,42.011364,-93.638145,289,"IA",2043,"Quercus","bicolor","swamp white oak","Plantae",501,"Open flowers",16,"2024-01-01","2024-12-31",2024-05-08,129,2024-05-16,8,2,0
"offset",331451,48750,42.374542,-71.146736,4,"MA",101,"Quercus","macrocarpa","bur oak","Plantae",371,"Breaking leaf buds",16,"2024-01-01","2024-12-31",2024-04-25,116,2024-04-28,3,1,0
"offset",331451,48750,42.374542,-71.146736,4,"MA",101,"Quercus","macrocarpa","bur oak","Plantae",371,"Breaking leaf buds",17,"2025-01-01","2025-12-31",2025-04-23,113,2025-04-28,5,2,0
"offset",331451,48750,42.374542,-71.146736,4,"MA",101,"Quercus","macrocarpa","bur oak","Plantae",371,"Breaking leaf buds",18,"2026-01-01","2026-12-31",2026-04-28,118,2026-05-05,7,1,0
"offset",331451,48750,42.374542,-71.146736,4,"MA",101,"Quercus","macrocarpa","bur oak","Plantae",501,"Open flowers",16,"2024-01-01","2024-12-31",2024-05-26,147,2024-06-04,9,2,0
"offset",331451,48750,42.374542,-71.146736,4,"MA",101,"Quercus","macrocarpa","bur oak","Plantae",501,"Open flowers",17,"2025-01-01","2025-12-31",2025-05-06,126,2025-05-13,7,1,0
"offset",331451,48750,42.374542,-71.146736,4,"MA",101,"Quercus","macrocarpa","bur oak","Plantae",501,"Open flowers",18,"2026-01-01","2026-12-31",2026-05-19,139,2026-05-26,7,1,0
"offset",331457,54519,42.859356,-88.447823,266,"WI",100,"Quercus","alba","white oak","Plantae",371,"Breaking leaf buds",16,"2024-01-01","2024-12-31",2024-04-29,120,NA,NA,1,0
"offset",331457,54519,42.859356,-88.447823,266,"WI",100,"Quercus","alba","white oak","Plantae",501,"Open flowers",16,"2024-01-01","2024-12-31",2024-04-29,120,NA,NA,1,0
"offset",331795,54560,40.901348,-79.730774,382,"PA",100,"Quercus","alba","white oak","Plantae",371,"Breaking leaf buds",16,"2024-01-01","2024-12-31",2024-05-10,131,2024-05-16,6,1,0
"offset",331795,54560,40.901348,-79.730774,382,"PA",100,"Quercus","alba","white oak","Plantae",371,"Breaking leaf buds",18,"2026-01-01","2026-12-31",2026-05-22,142,NA,NA,1,0
"offset",331875,54323,53.93327,-116.576508,1259,"AB",101,"Quercus","macrocarpa","bur oak","Plantae",371,"Breaking leaf buds",16,"2024-01-01","2024-12-31",2024-05-11,132,2024-06-14,34,1,0
"offset",331965,54617,30.3962,-97.622299,200,"TX",305,"Quercus","virginiana","live oak","Plantae",371,"Breaking leaf buds",16,"2024-01-01","2024-12-31",2024-04-12,103,NA,NA,1,0
"offset",331966,54617,30.3962,-97.622299,200,"TX",305,"Quercus","virginiana","live oak","Plantae",371,"Breaking leaf buds",16,"2024-01-01","2024-12-31",2024-04-12,103,NA,NA,1,0
"offset",332016,54636,43.043701,-89.429665,274,"WI",1212,"Quercus","montana","chestnut oak","Plantae",371,"Breaking leaf buds",16,"2024-01-01","2024-12-31",2024-04-19,110,2024-05-01,12,1,0
"offset",332016,54636,43.043701,-89.429665,274,"WI",1212,"Quercus","montana","chestnut oak","Plantae",501,"Open flowers",16,"2024-01-01","2024-12-31",2024-05-16,137,2024-05-24,8,1,0
"offset",332019,54636,43.043701,-89.429665,274,"WI",2050,"Quercus","muehlenbergii","chinquapin oak","Plantae",371,"Breaking leaf buds",16,"2024-01-01","2024-12-31",2024-05-01,122,2024-05-06,5,1,0
"offset",332019,54636,43.043701,-89.429665,274,"WI",2050,"Quercus","muehlenbergii","chinquapin oak","Plantae",501,"Open flowers",16,"2024-01-01","2024-12-31",2024-05-16,137,2024-05-24,8,1,0
"offset",332027,54636,43.043701,-89.429665,274,"WI",2050,"Quercus","muehlenbergii","chinquapin oak","Plantae",371,"Breaking leaf buds",16,"2024-01-01","2024-12-31",2024-05-06,127,2024-05-16,10,1,0
"offset",332027,54636,43.043701,-89.429665,274,"WI",2050,"Quercus","muehlenbergii","chinquapin oak","Plantae",501,"Open flowers",16,"2024-01-01","2024-12-31",2024-05-16,137,2024-05-24,8,1,0
"offset",332043,54636,43.043701,-89.429665,274,"WI",2053,"Quercus","prinoides","dwarf chinquapin oak","Plantae",371,"Breaking leaf buds",16,"2024-01-01","2024-12-31",2024-04-25,116,2024-05-01,6,1,0
"offset",332043,54636,43.043701,-89.429665,274,"WI",2053,"Quercus","prinoides","dwarf chinquapin oak","Plantae",501,"Open flowers",16,"2024-01-01","2024-12-31",2024-05-16,137,2024-05-24,8,1,0
"offset",332063,53718,39.86377,-86.141968,230,"IN",101,"Quercus","macrocarpa","bur oak","Plantae",371,"Breaking leaf buds",16,"2024-01-01","2024-12-31",2024-04-15,106,2024-04-25,10,1,0
"offset",332114,54017,41.868526,-88.19268,228,"IL",100,"Quercus","alba","white oak","Plantae",371,"Breaking leaf buds",16,"2024-01-01","2024-12-31",2024-04-27,118,2024-05-11,14,1,0
"offset",332132,37949,42.962578,-90.137413,380,"WI",2050,"Quercus","muehlenbergii","chinquapin oak","Plantae",371,"Breaking leaf buds",16,"2024-01-01","2024-12-31",2024-08-04,217,2025-03-09,217,3,0
"offset",332132,37949,42.962578,-90.137413,380,"WI",2050,"Quercus","muehlenbergii","chinquapin oak","Plantae",371,"Breaking leaf buds",17,"2025-01-01","2025-12-31",2025-07-29,210,NA,NA,1,0
"offset",332133,37949,42.962578,-90.137413,380,"WI",2050,"Quercus","muehlenbergii","chinquapin oak","Plantae",371,"Breaking leaf buds",16,"2024-01-01","2024-12-31",2024-06-23,175,2024-08-04,42,2,0
"offset",332133,37949,42.962578,-90.137413,380,"WI",2050,"Quercus","muehlenbergii","chinquapin oak","Plantae",371,"Breaking leaf buds",17,"2025-01-01","2025-12-31",2025-07-29,210,NA,NA,1,0
"offset",332134,37949,42.962578,-90.137413,380,"WI",2050,"Quercus","muehlenbergii","chinquapin oak","Plantae",371,"Breaking leaf buds",16,"2024-01-01","2024-12-31",2024-06-23,175,2024-07-01,8,2,0
"offset",332134,37949,42.962578,-90.137413,380,"WI",2050,"Quercus","muehlenbergii","chinquapin oak","Plantae",371,"Breaking leaf buds",17,"2025-01-01","2025-12-31",2025-07-11,192,2025-07-29,18,1,0
"offset",332258,54706,44.975464,-93.321022,266,"MN",100,"Quercus","alba","white oak","Plantae",371,"Breaking leaf buds",16,"2024-01-01","2024-12-31",2024-05-05,126,2024-06-05,31,1,0
"offset",332357,54724,29.2988,-94.805199,-1,"TX",305,"Quercus","virginiana","live oak","Plantae",371,"Breaking leaf buds",17,"2025-01-01","2025-12-31",2025-03-15,74,2025-09-28,197,1,0
"offset",332357,54724,29.2988,-94.805199,-1,"TX",305,"Quercus","virginiana","live oak","Plantae",501,"Open flowers",17,"2025-01-01","2025-12-31",2025-04-04,94,2025-05-01,27,1,0
"offset",332484,54767,44.971436,-93.283966,264,"MN",2043,"Quercus","bicolor","swamp white oak","Plantae",371,"Breaking leaf buds",16,"2024-01-01","2024-12-31",2024-04-30,121,NA,NA,1,0
"offset",332484,54767,44.971436,-93.283966,264,"MN",2043,"Quercus","bicolor","swamp white oak","Plantae",501,"Open flowers",16,"2024-01-01","2024-12-31",2024-04-30,121,NA,NA,1,0
"offset",333090,54866,44.9715,-93.283798,264,"MN",101,"Quercus","macrocarpa","bur oak","Plantae",371,"Breaking leaf buds",16,"2024-01-01","2024-12-31",2024-04-30,121,NA,NA,1,0
"offset",333121,48750,42.374542,-71.146736,4,"MA",101,"Quercus","macrocarpa","bur oak","Plantae",371,"Breaking leaf buds",16,"2024-01-01","2024-12-31",2024-04-28,119,2024-05-05,7,1,0
"offset",333121,48750,42.374542,-71.146736,4,"MA",101,"Quercus","macrocarpa","bur oak","Plantae",371,"Breaking leaf buds",17,"2025-01-01","2025-12-31",2025-04-23,113,2025-04-28,5,3,0
"offset",333121,48750,42.374542,-71.146736,4,"MA",101,"Quercus","macrocarpa","bur oak","Plantae",371,"Breaking leaf buds",18,"2026-01-01","2026-12-31",2026-04-28,118,2026-05-05,7,2,0
"offset",333121,48750,42.374542,-71.146736,4,"MA",101,"Quercus","macrocarpa","bur oak","Plantae",501,"Open flowers",16,"2024-01-01","2024-12-31",2024-05-26,147,2024-06-04,9,2,0
"offset",333121,48750,42.374542,-71.146736,4,"MA",101,"Quercus","macrocarpa","bur oak","Plantae",501,"Open flowers",17,"2025-01-01","2025-12-31",2025-05-06,126,2025-05-13,7,1,0
"offset",333121,48750,42.374542,-71.146736,4,"MA",101,"Quercus","macrocarpa","bur oak","Plantae",501,"Open flowers",18,"2026-01-01","2026-12-31",2026-05-19,139,2026-05-26,7,1,0
"offset",334380,55089,30.310362,-97.823517,265,"TX",305,"Quercus","virginiana","live oak","Plantae",371,"Breaking leaf buds",16,"2024-01-01","2024-12-31",2024-07-05,187,NA,NA,1,0
"offset",335166,55290,39.060555,-94.581932,282,"MO",100,"Quercus","alba","white oak","Plantae",371,"Breaking leaf buds",16,"2024-01-01","2024-12-31",2024-08-30,243,NA,NA,1,0
"offset",335166,55290,39.060555,-94.581932,282,"MO",100,"Quercus","alba","white oak","Plantae",371,"Breaking leaf buds",17,"2025-01-01","2025-12-31",2025-05-02,122,NA,NA,2,0
"offset",335166,55290,39.060555,-94.581932,282,"MO",100,"Quercus","alba","white oak","Plantae",501,"Open flowers",17,"2025-01-01","2025-12-31",2025-05-02,122,NA,NA,2,0
"offset",335167,55351,44.074806,-103.205002,983,NA,101,"Quercus","macrocarpa","bur oak","Plantae",371,"Breaking leaf buds",16,"2024-01-01","2024-12-31",2024-09-04,248,2024-09-16,12,1,0
"offset",335180,55363,44.074883,-103.205841,983,"SD",101,"Quercus","macrocarpa","bur oak","Plantae",371,"Breaking leaf buds",16,"2024-01-01","2024-12-31",2024-09-06,250,2024-09-10,4,1,0
"offset",335194,55376,39.063354,-94.582893,280,"MO",100,"Quercus","alba","white oak","Plantae",371,"Breaking leaf buds",16,"2024-01-01","2024-12-31",2024-08-30,243,NA,NA,1,0
"offset",335194,55376,39.063354,-94.582893,280,"MO",100,"Quercus","alba","white oak","Plantae",501,"Open flowers",16,"2024-01-01","2024-12-31",2024-08-30,243,NA,NA,1,0
"offset",335537,52756,38.019615,-84.499451,314,"KY",100,"Quercus","alba","white oak","Plantae",371,"Breaking leaf buds",17,"2025-01-01","2025-12-31",2025-11-24,328,NA,NA,2,0
"offset",335540,52756,38.019615,-84.499451,314,"KY",100,"Quercus","alba","white oak","Plantae",371,"Breaking leaf buds",16,"2024-01-01","2024-12-31",2024-09-29,273,2024-10-03,4,1,0
"offset",335629,55554,35.873138,-78.923859,87,"NC",100,"Quercus","alba","white oak","Plantae",371,"Breaking leaf buds",17,"2025-01-01","2025-12-31",2025-04-24,114,2025-04-25,1,1,0
"offset",335629,55554,35.873138,-78.923859,87,"NC",100,"Quercus","alba","white oak","Plantae",371,"Breaking leaf buds",18,"2026-01-01","2026-12-31",2026-04-15,105,NA,NA,1,0
"offset",335772,56657,40.329544,-74.942245,49,NA,100,"Quercus","alba","white oak","Plantae",371,"Breaking leaf buds",17,"2025-01-01","2025-12-31",2025-05-08,128,2025-05-16,8,2,0
"offset",335772,56657,40.329544,-74.942245,49,NA,100,"Quercus","alba","white oak","Plantae",371,"Breaking leaf buds",18,"2026-01-01","2026-12-31",2026-07-05,186,2026-07-08,3,6,0
"offset",335825,56657,40.329544,-74.942245,49,NA,1212,"Quercus","montana","chestnut oak","Plantae",371,"Breaking leaf buds",17,"2025-01-01","2025-12-31",2025-05-01,121,2025-05-07,6,2,0
"offset",335825,56657,40.329544,-74.942245,49,NA,1212,"Quercus","montana","chestnut oak","Plantae",371,"Breaking leaf buds",18,"2026-01-01","2026-12-31",2026-07-05,186,2026-07-09,4,8,0
"offset",335825,56657,40.329544,-74.942245,49,NA,1212,"Quercus","montana","chestnut oak","Plantae",501,"Open flowers",18,"2026-01-01","2026-12-31",2026-05-07,127,2026-05-08,1,2,0
"offset",335953,55626,46.939571,-91.896149,296,"MN",101,"Quercus","macrocarpa","bur oak","Plantae",371,"Breaking leaf buds",18,"2026-01-01","2026-12-31",2026-03-31,90,2026-04-02,2,1,0
"offset",336129,55728,35.27816,-81.090729,222,"NC",100,"Quercus","alba","white oak","Plantae",371,"Breaking leaf buds",17,"2025-01-01","2025-12-31",2025-05-01,121,2026-03-26,329,3,0
"offset",336129,55728,35.27816,-81.090729,222,"NC",100,"Quercus","alba","white oak","Plantae",371,"Breaking leaf buds",18,"2026-01-01","2026-12-31",2026-04-21,111,2026-05-19,28,2,0
"offset",336129,55728,35.27816,-81.090729,222,"NC",100,"Quercus","alba","white oak","Plantae",501,"Open flowers",17,"2025-01-01","2025-12-31",2025-03-28,87,2025-04-03,6,1,0
"offset",336134,55728,35.27816,-81.090729,222,"NC",100,"Quercus","alba","white oak","Plantae",371,"Breaking leaf buds",18,"2026-01-01","2026-12-31",2026-04-21,111,2026-04-24,3,1,0
"offset",336227,55756,39.060692,-94.581573,275,"MO",101,"Quercus","macrocarpa","bur oak","Plantae",371,"Breaking leaf buds",17,"2025-01-01","2025-12-31",2025-04-09,99,NA,NA,1,0
"offset",346570,55887,44.477852,-73.196465,61,"VT",100,"Quercus","alba","white oak","Plantae",371,"Breaking leaf buds",17,"2025-01-01","2025-12-31",2025-04-30,120,2026-03-25,329,7,0
"offset",346570,55887,44.477852,-73.196465,61,"VT",100,"Quercus","alba","white oak","Plantae",371,"Breaking leaf buds",18,"2026-01-01","2026-12-31",2026-04-30,120,NA,NA,9,0
"offset",346570,55887,44.477852,-73.196465,61,"VT",100,"Quercus","alba","white oak","Plantae",501,"Open flowers",17,"2025-01-01","2025-12-31",2025-04-28,118,2025-04-29,1,4,0
"offset",347228,55890,30.416599,-88.796501,7,NA,305,"Quercus","virginiana","live oak","Plantae",371,"Breaking leaf buds",17,"2025-01-01","2025-12-31",2025-04-18,108,2025-12-13,239,1,0
"offset",347244,56067,30.312201,-89.605103,5,NA,305,"Quercus","virginiana","live oak","Plantae",371,"Breaking leaf buds",17,"2025-01-01","2025-12-31",2025-05-28,148,2025-06-12,15,2,0
"offset",347244,56067,30.312201,-89.605103,5,NA,305,"Quercus","virginiana","live oak","Plantae",371,"Breaking leaf buds",18,"2026-01-01","2026-12-31",2026-03-18,77,2026-04-15,28,1,0
"offset",347247,56067,30.312201,-89.605103,5,NA,305,"Quercus","virginiana","live oak","Plantae",371,"Breaking leaf buds",17,"2025-01-01","2025-12-31",2025-03-26,85,2025-04-18,23,1,0
"offset",347402,56111,37.574879,-77.539665,57,"VA",2047,"Quercus","lyrata","overcup oak","Plantae",371,"Breaking leaf buds",17,"2025-01-01","2025-12-31",2025-04-02,92,2025-04-09,7,1,0
"offset",347403,56111,37.574879,-77.539665,57,"VA",2047,"Quercus","lyrata","overcup oak","Plantae",371,"Breaking leaf buds",17,"2025-01-01","2025-12-31",2025-04-09,99,NA,NA,1,0
"offset",347404,56111,37.574879,-77.539665,57,"VA",2047,"Quercus","lyrata","overcup oak","Plantae",371,"Breaking leaf buds",17,"2025-01-01","2025-12-31",2025-04-09,99,NA,NA,1,0
"offset",347405,56111,37.574879,-77.539665,57,"VA",2047,"Quercus","lyrata","overcup oak","Plantae",371,"Breaking leaf buds",17,"2025-01-01","2025-12-31",2025-04-09,99,NA,NA,1,0
"offset",347406,56111,37.574879,-77.539665,57,"VA",2047,"Quercus","lyrata","overcup oak","Plantae",371,"Breaking leaf buds",17,"2025-01-01","2025-12-31",2025-04-09,99,NA,NA,1,0
"offset",347407,56111,37.574879,-77.539665,57,"VA",2047,"Quercus","lyrata","overcup oak","Plantae",371,"Breaking leaf buds",17,"2025-01-01","2025-12-31",2025-04-09,99,NA,NA,1,0
"offset",347408,56111,37.574879,-77.539665,57,"VA",2047,"Quercus","lyrata","overcup oak","Plantae",371,"Breaking leaf buds",17,"2025-01-01","2025-12-31",2025-04-09,99,NA,NA,1,0
"offset",347409,56111,37.574879,-77.539665,57,"VA",2047,"Quercus","lyrata","overcup oak","Plantae",371,"Breaking leaf buds",17,"2025-01-01","2025-12-31",2025-04-09,99,NA,NA,1,0
"offset",347671,52757,38.030651,-84.503967,304,"KY",100,"Quercus","alba","white oak","Plantae",371,"Breaking leaf buds",17,"2025-01-01","2025-12-31",2025-04-26,116,2025-04-30,4,1,0
"offset",347672,52757,38.030651,-84.503967,304,"KY",100,"Quercus","alba","white oak","Plantae",371,"Breaking leaf buds",17,"2025-01-01","2025-12-31",2025-04-26,116,2025-04-30,4,1,0
"offset",347673,52757,38.030651,-84.503967,304,"KY",100,"Quercus","alba","white oak","Plantae",371,"Breaking leaf buds",17,"2025-01-01","2025-12-31",2025-04-26,116,2025-04-30,4,1,0
"offset",347674,52757,38.030651,-84.503967,304,"KY",100,"Quercus","alba","white oak","Plantae",371,"Breaking leaf buds",17,"2025-01-01","2025-12-31",2025-04-26,116,2025-04-30,4,1,0
"offset",347675,52757,38.030651,-84.503967,304,"KY",100,"Quercus","alba","white oak","Plantae",371,"Breaking leaf buds",17,"2025-01-01","2025-12-31",2025-04-26,116,2025-04-30,4,1,0
"offset",347675,52757,38.030651,-84.503967,304,"KY",100,"Quercus","alba","white oak","Plantae",501,"Open flowers",17,"2025-01-01","2025-12-31",2025-05-04,124,2025-05-07,3,1,0
"offset",347676,52757,38.030651,-84.503967,304,"KY",100,"Quercus","alba","white oak","Plantae",371,"Breaking leaf buds",17,"2025-01-01","2025-12-31",2025-04-26,116,2025-04-30,4,1,0
"offset",347677,52757,38.030651,-84.503967,304,"KY",100,"Quercus","alba","white oak","Plantae",371,"Breaking leaf buds",17,"2025-01-01","2025-12-31",2025-04-26,116,2025-04-30,4,1,0
"offset",347682,56166,39.060528,-94.581902,282,"MO",101,"Quercus","macrocarpa","bur oak","Plantae",371,"Breaking leaf buds",17,"2025-01-01","2025-12-31",2025-04-16,106,NA,NA,1,0
"offset",347683,56167,39.099728,-94.578568,258,"MO",100,"Quercus","alba","white oak","Plantae",371,"Breaking leaf buds",17,"2025-01-01","2025-12-31",2025-05-05,125,NA,NA,2,0
"offset",347721,32789,40.73082,-73.99733,7,"NY",100,"Quercus","alba","white oak","Plantae",371,"Breaking leaf buds",17,"2025-01-01","2025-12-31",2025-04-23,113,2025-04-29,6,1,0
"offset",347721,32789,40.73082,-73.99733,7,"NY",100,"Quercus","alba","white oak","Plantae",371,"Breaking leaf buds",18,"2026-01-01","2026-12-31",2026-04-11,101,2026-06-04,54,1,0
"offset",347721,32789,40.73082,-73.99733,7,"NY",100,"Quercus","alba","white oak","Plantae",501,"Open flowers",18,"2026-01-01","2026-12-31",2026-04-17,107,2026-04-30,13,1,0
"offset",347736,56180,39.060467,-94.581688,282,"MO",100,"Quercus","alba","white oak","Plantae",371,"Breaking leaf buds",17,"2025-01-01","2025-12-31",2025-04-08,98,NA,NA,1,0
"offset",347864,56218,45.601425,-122.560875,37,"WA",100,"Quercus","alba","white oak","Plantae",371,"Breaking leaf buds",17,"2025-01-01","2025-12-31",2025-04-17,107,NA,NA,1,0
"offset",347864,56218,45.601425,-122.560875,37,"WA",100,"Quercus","alba","white oak","Plantae",501,"Open flowers",17,"2025-01-01","2025-12-31",2025-04-17,107,NA,NA,1,0
"offset",347926,56252,30.395105,-84.303589,17,"FL",100,"Quercus","alba","white oak","Plantae",371,"Breaking leaf buds",17,"2025-01-01","2025-12-31",2025-03-20,79,NA,NA,1,0
"offset",348385,56657,40.329544,-74.942245,49,NA,2043,"Quercus","bicolor","swamp white oak","Plantae",371,"Breaking leaf buds",17,"2025-01-01","2025-12-31",2025-05-08,128,2025-05-12,4,4,0
"offset",348385,56657,40.329544,-74.942245,49,NA,2043,"Quercus","bicolor","swamp white oak","Plantae",371,"Breaking leaf buds",18,"2026-01-01","2026-12-31",2026-06-13,164,2026-06-15,2,6,0
"offset",348385,56657,40.329544,-74.942245,49,NA,2043,"Quercus","bicolor","swamp white oak","Plantae",501,"Open flowers",17,"2025-01-01","2025-12-31",2025-05-07,127,2025-05-08,1,1,0
"offset",348385,56657,40.329544,-74.942245,49,NA,2043,"Quercus","bicolor","swamp white oak","Plantae",501,"Open flowers",18,"2026-01-01","2026-12-31",2026-04-17,107,2026-04-20,3,1,0
"offset",348508,56219,45.730705,-122.635559,52,"WA",100,"Quercus","alba","white oak","Plantae",371,"Breaking leaf buds",17,"2025-01-01","2025-12-31",2025-04-18,108,NA,NA,1,0
"offset",348508,56219,45.730705,-122.635559,52,"WA",100,"Quercus","alba","white oak","Plantae",501,"Open flowers",17,"2025-01-01","2025-12-31",2025-04-18,108,NA,NA,1,0
"offset",348532,56320,27.712273,-82.686874,1,"FL",305,"Quercus","virginiana","live oak","Plantae",371,"Breaking leaf buds",17,"2025-01-01","2025-12-31",2025-03-04,63,NA,NA,1,0
"offset",348532,56320,27.712273,-82.686874,1,"FL",305,"Quercus","virginiana","live oak","Plantae",501,"Open flowers",17,"2025-01-01","2025-12-31",2025-03-04,63,NA,NA,1,0
"offset",348533,56320,27.712273,-82.686874,1,"FL",305,"Quercus","virginiana","live oak","Plantae",371,"Breaking leaf buds",17,"2025-01-01","2025-12-31",2025-02-20,51,NA,NA,1,0
"offset",348597,56325,30.294142,-87.576637,2,NA,305,"Quercus","virginiana","live oak","Plantae",371,"Breaking leaf buds",17,"2025-01-01","2025-12-31",2025-04-03,93,2025-04-05,2,1,0
"offset",348597,56325,30.294142,-87.576637,2,NA,305,"Quercus","virginiana","live oak","Plantae",501,"Open flowers",17,"2025-01-01","2025-12-31",2025-03-22,81,2025-04-03,12,1,0
"offset",348970,56420,42.619869,-87.821167,180,NA,2043,"Quercus","bicolor","swamp white oak","Plantae",371,"Breaking leaf buds",17,"2025-01-01","2025-12-31",2025-04-26,116,NA,NA,1,0
"offset",348976,56291,29.5406,-95.073448,3,"TX",305,"Quercus","virginiana","live oak","Plantae",371,"Breaking leaf buds",17,"2025-01-01","2025-12-31",2025-05-10,130,2025-05-14,4,4,0
"offset",348976,56291,29.5406,-95.073448,3,"TX",305,"Quercus","virginiana","live oak","Plantae",501,"Open flowers",17,"2025-01-01","2025-12-31",2025-03-18,77,2025-03-29,11,1,0
"offset",349543,54311,37.646572,-84.687546,255,"KY",101,"Quercus","macrocarpa","bur oak","Plantae",371,"Breaking leaf buds",17,"2025-01-01","2025-12-31",2025-04-24,114,NA,NA,1,0
"offset",349665,56563,43.092583,-89.335663,263,"WI",2043,"Quercus","bicolor","swamp white oak","Plantae",371,"Breaking leaf buds",17,"2025-01-01","2025-12-31",2025-05-24,144,2025-05-25,1,4,0
"offset",349665,56563,43.092583,-89.335663,263,"WI",2043,"Quercus","bicolor","swamp white oak","Plantae",371,"Breaking leaf buds",18,"2026-01-01","2026-12-31",2026-05-25,145,2026-06-01,7,4,0
"offset",349665,56563,43.092583,-89.335663,263,"WI",2043,"Quercus","bicolor","swamp white oak","Plantae",501,"Open flowers",17,"2025-01-01","2025-12-31",2025-05-10,130,2025-05-13,3,1,0
"offset",349665,56563,43.092583,-89.335663,263,"WI",2043,"Quercus","bicolor","swamp white oak","Plantae",501,"Open flowers",18,"2026-01-01","2026-12-31",2026-05-12,132,2026-05-14,2,2,0
"offset",349666,56563,43.092583,-89.335663,263,"WI",2043,"Quercus","bicolor","swamp white oak","Plantae",371,"Breaking leaf buds",17,"2025-01-01","2025-12-31",2025-06-08,159,2025-06-09,1,4,0
"offset",349666,56563,43.092583,-89.335663,263,"WI",2043,"Quercus","bicolor","swamp white oak","Plantae",371,"Breaking leaf buds",18,"2026-01-01","2026-12-31",2026-06-03,154,2026-06-04,1,5,0
"offset",349666,56563,43.092583,-89.335663,263,"WI",2043,"Quercus","bicolor","swamp white oak","Plantae",501,"Open flowers",17,"2025-01-01","2025-12-31",2025-05-17,137,2025-05-18,1,1,0
"offset",349666,56563,43.092583,-89.335663,263,"WI",2043,"Quercus","bicolor","swamp white oak","Plantae",501,"Open flowers",18,"2026-01-01","2026-12-31",2026-06-12,163,2026-06-13,1,4,0
"offset",349673,56563,43.092583,-89.335663,263,"WI",101,"Quercus","macrocarpa","bur oak","Plantae",371,"Breaking leaf buds",17,"2025-01-01","2025-12-31",2025-06-08,159,2025-06-09,1,3,0
"offset",349673,56563,43.092583,-89.335663,263,"WI",101,"Quercus","macrocarpa","bur oak","Plantae",371,"Breaking leaf buds",18,"2026-01-01","2026-12-31",2026-05-23,143,2026-05-25,2,6,0
"offset",349673,56563,43.092583,-89.335663,263,"WI",101,"Quercus","macrocarpa","bur oak","Plantae",501,"Open flowers",17,"2025-01-01","2025-12-31",2025-05-17,137,2025-05-18,1,1,0
"offset",349673,56563,43.092583,-89.335663,263,"WI",101,"Quercus","macrocarpa","bur oak","Plantae",501,"Open flowers",18,"2026-01-01","2026-12-31",2026-05-23,143,2026-05-25,2,4,0
"offset",350164,56606,36.634457,-78.771889,130,"VA",100,"Quercus","alba","white oak","Plantae",371,"Breaking leaf buds",17,"2025-01-01","2025-12-31",2025-04-14,104,2025-04-21,7,1,0
"offset",350164,56606,36.634457,-78.771889,130,"VA",100,"Quercus","alba","white oak","Plantae",501,"Open flowers",17,"2025-01-01","2025-12-31",2025-04-09,99,2025-04-14,5,1,0
"offset",350167,56606,36.634457,-78.771889,130,"VA",1755,"Quercus","stellata","post oak","Plantae",371,"Breaking leaf buds",17,"2025-01-01","2025-12-31",2025-04-14,104,2025-04-21,7,2,0
"offset",350167,56606,36.634457,-78.771889,130,"VA",1755,"Quercus","stellata","post oak","Plantae",501,"Open flowers",17,"2025-01-01","2025-12-31",2025-04-09,99,2025-04-14,5,1,0
"offset",350204,50102,44.953388,-93.057167,253,"MN",100,"Quercus","alba","white oak","Plantae",371,"Breaking leaf buds",17,"2025-01-01","2025-12-31",2025-04-24,114,NA,NA,1,0
"offset",350204,50102,44.953388,-93.057167,253,"MN",100,"Quercus","alba","white oak","Plantae",371,"Breaking leaf buds",18,"2026-01-01","2026-12-31",2026-04-27,117,NA,NA,1,0
"offset",350217,56626,30.134932,-97.421585,138,"TX",305,"Quercus","virginiana","live oak","Plantae",371,"Breaking leaf buds",17,"2025-01-01","2025-12-31",2025-03-22,81,2025-03-25,3,1,0
"offset",350217,56626,30.134932,-97.421585,138,"TX",305,"Quercus","virginiana","live oak","Plantae",501,"Open flowers",17,"2025-01-01","2025-12-31",2025-03-29,88,2025-03-31,2,1,0
"offset",350218,56626,30.134932,-97.421585,138,"TX",2050,"Quercus","muehlenbergii","chinquapin oak","Plantae",371,"Breaking leaf buds",17,"2025-01-01","2025-12-31",2025-03-31,90,NA,NA,1,0
"offset",350218,56626,30.134932,-97.421585,138,"TX",2050,"Quercus","muehlenbergii","chinquapin oak","Plantae",501,"Open flowers",17,"2025-01-01","2025-12-31",2025-03-31,90,NA,NA,1,0
"offset",350406,56421,42.619869,-87.821167,180,NA,2043,"Quercus","bicolor","swamp white oak","Plantae",371,"Breaking leaf buds",17,"2025-01-01","2025-12-31",2025-04-26,116,NA,NA,1,0
"offset",350407,56421,42.619869,-87.821167,180,NA,100,"Quercus","alba","white oak","Plantae",371,"Breaking leaf buds",17,"2025-01-01","2025-12-31",2025-04-26,116,NA,NA,1,0
"offset",350458,55255,31.838547,-81.254349,5,"GA",2049,"Quercus","michauxii","swamp chestnut oak","Plantae",371,"Breaking leaf buds",17,"2025-01-01","2025-12-31",2025-03-22,81,2025-03-27,5,1,0
"offset",350459,55255,31.838547,-81.254349,5,"GA",305,"Quercus","virginiana","live oak","Plantae",501,"Open flowers",17,"2025-01-01","2025-12-31",2025-04-26,116,2025-05-01,5,2,0
"offset",350497,47095,41.503468,-91.505867,188,"IA",101,"Quercus","macrocarpa","bur oak","Plantae",371,"Breaking leaf buds",17,"2025-01-01","2025-12-31",2025-05-02,122,2025-05-06,4,1,0
"offset",351117,56799,42.603268,-88.510445,294,"WI",2043,"Quercus","bicolor","swamp white oak","Plantae",371,"Breaking leaf buds",18,"2026-01-01","2026-12-31",2026-04-25,115,NA,NA,1,0
"offset",351308,56856,40.052708,-75.687523,134,"PA",100,"Quercus","alba","white oak","Plantae",371,"Breaking leaf buds",17,"2025-01-01","2025-12-31",2025-04-20,110,2025-05-01,11,1,0
"offset",351308,56856,40.052708,-75.687523,134,"PA",100,"Quercus","alba","white oak","Plantae",371,"Breaking leaf buds",18,"2026-01-01","2026-12-31",2026-04-14,104,2026-04-19,5,1,0
"offset",351348,56351,27.246859,-80.282982,2,NA,297,"Quercus","geminata","sand live oak","Plantae",371,"Breaking leaf buds",17,"2025-01-01","2025-12-31",2025-10-11,284,2025-10-19,8,2,0
"offset",351348,56351,27.246859,-80.282982,2,NA,297,"Quercus","geminata","sand live oak","Plantae",371,"Breaking leaf buds",18,"2026-01-01","2026-12-31",2026-03-15,74,NA,NA,1,0
"offset",351348,56351,27.246859,-80.282982,2,NA,297,"Quercus","geminata","sand live oak","Plantae",501,"Open flowers",17,"2025-01-01","2025-12-31",2025-10-19,292,2026-02-08,112,2,0
"offset",351349,56351,27.246859,-80.282982,2,NA,305,"Quercus","virginiana","live oak","Plantae",501,"Open flowers",18,"2026-01-01","2026-12-31",2026-03-15,74,NA,NA,1,0
"offset",351402,56434,42.619869,-87.821167,180,NA,100,"Quercus","alba","white oak","Plantae",371,"Breaking leaf buds",17,"2025-01-01","2025-12-31",2025-04-25,115,NA,NA,1,0
"offset",351642,56091,43.957001,-97.028801,499,NA,101,"Quercus","macrocarpa","bur oak","Plantae",371,"Breaking leaf buds",17,"2025-01-01","2025-12-31",2025-05-06,126,NA,NA,1,0
"offset",355413,57060,39.099045,-96.565102,387,"KS",2050,"Quercus","muehlenbergii","chinquapin oak","Plantae",371,"Breaking leaf buds",13,"2021-01-01","2021-12-31",2021-05-10,130,2021-05-13,3,1,0
"offset",355413,57060,39.099045,-96.565102,387,"KS",2050,"Quercus","muehlenbergii","chinquapin oak","Plantae",371,"Breaking leaf buds",14,"2022-01-01","2022-12-31",2022-05-11,131,2022-05-16,5,1,0
"offset",355413,57060,39.099045,-96.565102,387,"KS",2050,"Quercus","muehlenbergii","chinquapin oak","Plantae",371,"Breaking leaf buds",15,"2023-01-01","2023-12-31",2023-05-09,129,2023-05-12,3,1,0
"offset",355413,57060,39.099045,-96.565102,387,"KS",2050,"Quercus","muehlenbergii","chinquapin oak","Plantae",371,"Breaking leaf buds",16,"2024-01-01","2024-12-31",2024-05-23,144,2024-05-31,8,1,0
"offset",355413,57060,39.099045,-96.565102,387,"KS",2050,"Quercus","muehlenbergii","chinquapin oak","Plantae",371,"Breaking leaf buds",17,"2025-01-01","2025-12-31",2025-05-05,125,2025-07-01,57,1,0
"offset",355413,57060,39.099045,-96.565102,387,"KS",2050,"Quercus","muehlenbergii","chinquapin oak","Plantae",501,"Open flowers",13,"2021-01-01","2021-12-31",2021-05-18,138,2021-05-24,6,1,0
"offset",355413,57060,39.099045,-96.565102,387,"KS",2050,"Quercus","muehlenbergii","chinquapin oak","Plantae",501,"Open flowers",14,"2022-01-01","2022-12-31",2022-05-11,131,2022-05-16,5,1,0
"offset",355413,57060,39.099045,-96.565102,387,"KS",2050,"Quercus","muehlenbergii","chinquapin oak","Plantae",501,"Open flowers",15,"2023-01-01","2023-12-31",2023-05-04,124,2023-05-09,5,1,0
"offset",355413,57060,39.099045,-96.565102,387,"KS",2050,"Quercus","muehlenbergii","chinquapin oak","Plantae",501,"Open flowers",16,"2024-01-01","2024-12-31",2024-05-02,123,2024-05-06,4,1,0
"offset",355413,57060,39.099045,-96.565102,387,"KS",2050,"Quercus","muehlenbergii","chinquapin oak","Plantae",501,"Open flowers",17,"2025-01-01","2025-12-31",2025-04-28,118,2025-05-01,3,1,0
"offset",355429,57060,39.099045,-96.565102,387,"KS",2050,"Quercus","muehlenbergii","chinquapin oak","Plantae",371,"Breaking leaf buds",13,"2021-01-01","2021-12-31",2021-05-10,130,2021-05-13,3,1,0
"offset",355429,57060,39.099045,-96.565102,387,"KS",2050,"Quercus","muehlenbergii","chinquapin oak","Plantae",371,"Breaking leaf buds",14,"2022-01-01","2022-12-31",2022-05-11,131,2022-05-16,5,1,0
"offset",355429,57060,39.099045,-96.565102,387,"KS",2050,"Quercus","muehlenbergii","chinquapin oak","Plantae",371,"Breaking leaf buds",15,"2023-01-01","2023-12-31",2023-05-04,124,2023-05-09,5,1,0
"offset",355429,57060,39.099045,-96.565102,387,"KS",2050,"Quercus","muehlenbergii","chinquapin oak","Plantae",371,"Breaking leaf buds",16,"2024-01-01","2024-12-31",2024-05-09,130,2024-05-14,5,1,0
"offset",355429,57060,39.099045,-96.565102,387,"KS",2050,"Quercus","muehlenbergii","chinquapin oak","Plantae",371,"Breaking leaf buds",17,"2025-01-01","2025-12-31",2025-04-28,118,2025-05-01,3,1,0
"offset",355429,57060,39.099045,-96.565102,387,"KS",2050,"Quercus","muehlenbergii","chinquapin oak","Plantae",501,"Open flowers",13,"2021-01-01","2021-12-31",2021-05-18,138,2021-05-24,6,1,0
"offset",355429,57060,39.099045,-96.565102,387,"KS",2050,"Quercus","muehlenbergii","chinquapin oak","Plantae",501,"Open flowers",14,"2022-01-01","2022-12-31",2022-05-11,131,2022-05-16,5,1,0
"offset",355429,57060,39.099045,-96.565102,387,"KS",2050,"Quercus","muehlenbergii","chinquapin oak","Plantae",501,"Open flowers",15,"2023-01-01","2023-12-31",2023-05-04,124,2023-05-09,5,1,0
"offset",355429,57060,39.099045,-96.565102,387,"KS",2050,"Quercus","muehlenbergii","chinquapin oak","Plantae",501,"Open flowers",16,"2024-01-01","2024-12-31",2024-05-02,123,2024-05-06,4,1,0
"offset",355429,57060,39.099045,-96.565102,387,"KS",2050,"Quercus","muehlenbergii","chinquapin oak","Plantae",501,"Open flowers",17,"2025-01-01","2025-12-31",2025-05-01,121,2025-05-05,4,1,0
"offset",355438,57060,39.099045,-96.565102,387,"KS",2050,"Quercus","muehlenbergii","chinquapin oak","Plantae",371,"Breaking leaf buds",13,"2021-01-01","2021-12-31",2021-05-10,130,2021-05-13,3,1,0
"offset",355438,57060,39.099045,-96.565102,387,"KS",2050,"Quercus","muehlenbergii","chinquapin oak","Plantae",371,"Breaking leaf buds",14,"2022-01-01","2022-12-31",2022-05-11,131,2022-05-16,5,1,0
"offset",355438,57060,39.099045,-96.565102,387,"KS",2050,"Quercus","muehlenbergii","chinquapin oak","Plantae",371,"Breaking leaf buds",15,"2023-01-01","2023-12-31",2023-05-15,135,2023-05-18,3,1,0
"offset",355438,57060,39.099045,-96.565102,387,"KS",2050,"Quercus","muehlenbergii","chinquapin oak","Plantae",371,"Breaking leaf buds",16,"2024-01-01","2024-12-31",2024-05-09,130,2024-05-14,5,1,0
"offset",355438,57060,39.099045,-96.565102,387,"KS",2050,"Quercus","muehlenbergii","chinquapin oak","Plantae",371,"Breaking leaf buds",17,"2025-01-01","2025-12-31",2025-04-28,118,2025-05-01,3,1,0
"offset",355438,57060,39.099045,-96.565102,387,"KS",2050,"Quercus","muehlenbergii","chinquapin oak","Plantae",501,"Open flowers",13,"2021-01-01","2021-12-31",2021-05-10,130,2021-05-13,3,1,0
"offset",355438,57060,39.099045,-96.565102,387,"KS",2050,"Quercus","muehlenbergii","chinquapin oak","Plantae",501,"Open flowers",14,"2022-01-01","2022-12-31",2022-05-11,131,2022-05-16,5,1,0
"offset",355438,57060,39.099045,-96.565102,387,"KS",2050,"Quercus","muehlenbergii","chinquapin oak","Plantae",501,"Open flowers",15,"2023-01-01","2023-12-31",2023-05-01,121,2023-05-04,3,1,0
"offset",355438,57060,39.099045,-96.565102,387,"KS",2050,"Quercus","muehlenbergii","chinquapin oak","Plantae",501,"Open flowers",16,"2024-01-01","2024-12-31",2024-04-29,120,2024-05-02,3,1,0
"offset",355438,57060,39.099045,-96.565102,387,"KS",2050,"Quercus","muehlenbergii","chinquapin oak","Plantae",501,"Open flowers",17,"2025-01-01","2025-12-31",2025-04-28,118,2025-05-01,3,1,0
"offset",355446,57060,39.099045,-96.565102,387,"KS",2050,"Quercus","muehlenbergii","chinquapin oak","Plantae",371,"Breaking leaf buds",13,"2021-01-01","2021-12-31",2021-05-10,130,2021-05-13,3,1,0
"offset",355446,57060,39.099045,-96.565102,387,"KS",2050,"Quercus","muehlenbergii","chinquapin oak","Plantae",371,"Breaking leaf buds",14,"2022-01-01","2022-12-31",2022-05-11,131,2022-05-16,5,1,0
"offset",355446,57060,39.099045,-96.565102,387,"KS",2050,"Quercus","muehlenbergii","chinquapin oak","Plantae",371,"Breaking leaf buds",15,"2023-01-01","2023-12-31",2023-05-09,129,2023-05-12,3,1,0
"offset",355446,57060,39.099045,-96.565102,387,"KS",2050,"Quercus","muehlenbergii","chinquapin oak","Plantae",371,"Breaking leaf buds",16,"2024-01-01","2024-12-31",2024-05-09,130,2024-05-14,5,1,0
"offset",355446,57060,39.099045,-96.565102,387,"KS",2050,"Quercus","muehlenbergii","chinquapin oak","Plantae",371,"Breaking leaf buds",17,"2025-01-01","2025-12-31",2025-05-05,125,2025-07-01,57,1,0
"offset",355446,57060,39.099045,-96.565102,387,"KS",2050,"Quercus","muehlenbergii","chinquapin oak","Plantae",501,"Open flowers",15,"2023-01-01","2023-12-31",2023-04-24,114,2023-04-27,3,1,0
"offset",355446,57060,39.099045,-96.565102,387,"KS",2050,"Quercus","muehlenbergii","chinquapin oak","Plantae",501,"Open flowers",16,"2024-01-01","2024-12-31",2024-04-25,116,2024-04-29,4,1,0
"offset",355446,57060,39.099045,-96.565102,387,"KS",2050,"Quercus","muehlenbergii","chinquapin oak","Plantae",501,"Open flowers",17,"2025-01-01","2025-12-31",2025-04-24,114,2025-04-28,4,1,0
"offset",355449,57060,39.099045,-96.565102,387,"KS",2050,"Quercus","muehlenbergii","chinquapin oak","Plantae",371,"Breaking leaf buds",13,"2021-01-01","2021-12-31",2021-05-10,130,2021-05-13,3,1,0
"offset",355449,57060,39.099045,-96.565102,387,"KS",2050,"Quercus","muehlenbergii","chinquapin oak","Plantae",371,"Breaking leaf buds",14,"2022-01-01","2022-12-31",2022-05-11,131,2022-05-16,5,1,0
"offset",355449,57060,39.099045,-96.565102,387,"KS",2050,"Quercus","muehlenbergii","chinquapin oak","Plantae",371,"Breaking leaf buds",15,"2023-01-01","2023-12-31",2023-05-09,129,2023-05-12,3,1,0
"offset",355449,57060,39.099045,-96.565102,387,"KS",2050,"Quercus","muehlenbergii","chinquapin oak","Plantae",371,"Breaking leaf buds",16,"2024-01-01","2024-12-31",2024-05-23,144,2024-05-31,8,1,0
"offset",355449,57060,39.099045,-96.565102,387,"KS",2050,"Quercus","muehlenbergii","chinquapin oak","Plantae",371,"Breaking leaf buds",17,"2025-01-01","2025-12-31",2025-05-05,125,2025-07-01,57,1,0
"offset",355449,57060,39.099045,-96.565102,387,"KS",2050,"Quercus","muehlenbergii","chinquapin oak","Plantae",501,"Open flowers",13,"2021-01-01","2021-12-31",2021-05-13,133,2021-05-18,5,1,0
"offset",355449,57060,39.099045,-96.565102,387,"KS",2050,"Quercus","muehlenbergii","chinquapin oak","Plantae",501,"Open flowers",14,"2022-01-01","2022-12-31",2022-05-11,131,2022-05-16,5,1,0
"offset",355449,57060,39.099045,-96.565102,387,"KS",2050,"Quercus","muehlenbergii","chinquapin oak","Plantae",501,"Open flowers",15,"2023-01-01","2023-12-31",2023-05-04,124,2023-05-09,5,1,0
"offset",355449,57060,39.099045,-96.565102,387,"KS",2050,"Quercus","muehlenbergii","chinquapin oak","Plantae",501,"Open flowers",16,"2024-01-01","2024-12-31",2024-05-02,123,2024-05-06,4,1,0
"offset",355449,57060,39.099045,-96.565102,387,"KS",2050,"Quercus","muehlenbergii","chinquapin oak","Plantae",501,"Open flowers",17,"2025-01-01","2025-12-31",2025-05-05,125,2025-07-01,57,1,0
"offset",355594,57064,39.036751,-95.19268,273,"KS",2050,"Quercus","muehlenbergii","chinquapin oak","Plantae",371,"Breaking leaf buds",13,"2021-01-01","2021-12-31",2021-05-04,124,2021-05-10,6,1,0
"offset",355594,57064,39.036751,-95.19268,273,"KS",2050,"Quercus","muehlenbergii","chinquapin oak","Plantae",371,"Breaking leaf buds",14,"2022-01-01","2022-12-31",2022-05-05,125,2022-05-10,5,1,0
"offset",355594,57064,39.036751,-95.19268,273,"KS",2050,"Quercus","muehlenbergii","chinquapin oak","Plantae",371,"Breaking leaf buds",15,"2023-01-01","2023-12-31",2023-04-18,108,2023-04-25,7,1,0
"offset",355594,57064,39.036751,-95.19268,273,"KS",2050,"Quercus","muehlenbergii","chinquapin oak","Plantae",371,"Breaking leaf buds",16,"2024-01-01","2024-12-31",2024-04-17,108,2024-04-23,6,1,0
"offset",355594,57064,39.036751,-95.19268,273,"KS",2050,"Quercus","muehlenbergii","chinquapin oak","Plantae",371,"Breaking leaf buds",17,"2025-01-01","2025-12-31",2025-04-15,105,2025-07-02,78,1,0
"offset",355594,57064,39.036751,-95.19268,273,"KS",2050,"Quercus","muehlenbergii","chinquapin oak","Plantae",501,"Open flowers",14,"2022-01-01","2022-12-31",2022-05-10,130,2022-05-18,8,1,0
"offset",355594,57064,39.036751,-95.19268,273,"KS",2050,"Quercus","muehlenbergii","chinquapin oak","Plantae",501,"Open flowers",15,"2023-01-01","2023-12-31",2023-04-25,115,2023-05-02,7,1,0
"offset",355594,57064,39.036751,-95.19268,273,"KS",2050,"Quercus","muehlenbergii","chinquapin oak","Plantae",501,"Open flowers",16,"2024-01-01","2024-12-31",2024-04-17,108,2024-04-23,6,1,0
"offset",355594,57064,39.036751,-95.19268,273,"KS",2050,"Quercus","muehlenbergii","chinquapin oak","Plantae",501,"Open flowers",17,"2025-01-01","2025-12-31",2025-04-15,105,2025-07-02,78,1,0
"offset",355604,57064,39.036751,-95.19268,273,"KS",2050,"Quercus","muehlenbergii","chinquapin oak","Plantae",371,"Breaking leaf buds",13,"2021-01-01","2021-12-31",2021-05-17,137,2021-05-24,7,1,0
"offset",355604,57064,39.036751,-95.19268,273,"KS",2050,"Quercus","muehlenbergii","chinquapin oak","Plantae",371,"Breaking leaf buds",14,"2022-01-01","2022-12-31",2022-05-10,130,2022-05-18,8,1,0
"offset",355604,57064,39.036751,-95.19268,273,"KS",2050,"Quercus","muehlenbergii","chinquapin oak","Plantae",371,"Breaking leaf buds",15,"2023-01-01","2023-12-31",2023-05-02,122,2023-05-09,7,1,0
"offset",355604,57064,39.036751,-95.19268,273,"KS",2050,"Quercus","muehlenbergii","chinquapin oak","Plantae",371,"Breaking leaf buds",16,"2024-01-01","2024-12-31",2024-04-23,114,2024-04-30,7,1,0
"offset",355604,57064,39.036751,-95.19268,273,"KS",2050,"Quercus","muehlenbergii","chinquapin oak","Plantae",371,"Breaking leaf buds",17,"2025-01-01","2025-12-31",2025-04-15,105,2025-07-02,78,1,0
"offset",355604,57064,39.036751,-95.19268,273,"KS",2050,"Quercus","muehlenbergii","chinquapin oak","Plantae",501,"Open flowers",14,"2022-01-01","2022-12-31",2022-05-10,130,2022-05-18,8,1,0
"offset",355604,57064,39.036751,-95.19268,273,"KS",2050,"Quercus","muehlenbergii","chinquapin oak","Plantae",501,"Open flowers",15,"2023-01-01","2023-12-31",2023-04-25,115,2023-05-02,7,1,0
"offset",355604,57064,39.036751,-95.19268,273,"KS",2050,"Quercus","muehlenbergii","chinquapin oak","Plantae",501,"Open flowers",16,"2024-01-01","2024-12-31",2024-04-23,114,2024-04-30,7,1,0
"offset",355604,57064,39.036751,-95.19268,273,"KS",2050,"Quercus","muehlenbergii","chinquapin oak","Plantae",501,"Open flowers",17,"2025-01-01","2025-12-31",2025-04-15,105,2025-07-02,78,1,0
"offset",355615,57064,39.036751,-95.19268,273,"KS",2050,"Quercus","muehlenbergii","chinquapin oak","Plantae",371,"Breaking leaf buds",13,"2021-01-01","2021-12-31",2021-05-10,130,2021-05-17,7,1,0
"offset",355615,57064,39.036751,-95.19268,273,"KS",2050,"Quercus","muehlenbergii","chinquapin oak","Plantae",371,"Breaking leaf buds",14,"2022-01-01","2022-12-31",2022-05-10,130,2022-05-18,8,1,0
"offset",355615,57064,39.036751,-95.19268,273,"KS",2050,"Quercus","muehlenbergii","chinquapin oak","Plantae",371,"Breaking leaf buds",15,"2023-01-01","2023-12-31",2023-05-02,122,2023-05-09,7,1,0
"offset",355615,57064,39.036751,-95.19268,273,"KS",2050,"Quercus","muehlenbergii","chinquapin oak","Plantae",371,"Breaking leaf buds",16,"2024-01-01","2024-12-31",2024-04-17,108,2024-04-23,6,1,0
"offset",355615,57064,39.036751,-95.19268,273,"KS",2050,"Quercus","muehlenbergii","chinquapin oak","Plantae",371,"Breaking leaf buds",17,"2025-01-01","2025-12-31",2025-04-15,105,2025-07-02,78,1,0
"offset",355615,57064,39.036751,-95.19268,273,"KS",2050,"Quercus","muehlenbergii","chinquapin oak","Plantae",501,"Open flowers",13,"2021-01-01","2021-12-31",2021-05-10,130,2021-05-17,7,1,0
"offset",355615,57064,39.036751,-95.19268,273,"KS",2050,"Quercus","muehlenbergii","chinquapin oak","Plantae",501,"Open flowers",14,"2022-01-01","2022-12-31",2022-05-10,130,2022-05-18,8,1,0
"offset",355615,57064,39.036751,-95.19268,273,"KS",2050,"Quercus","muehlenbergii","chinquapin oak","Plantae",501,"Open flowers",15,"2023-01-01","2023-12-31",2023-05-02,122,2023-05-09,7,1,0
"offset",355615,57064,39.036751,-95.19268,273,"KS",2050,"Quercus","muehlenbergii","chinquapin oak","Plantae",501,"Open flowers",16,"2024-01-01","2024-12-31",2024-04-23,114,2024-04-30,7,1,0
"offset",355615,57064,39.036751,-95.19268,273,"KS",2050,"Quercus","muehlenbergii","chinquapin oak","Plantae",501,"Open flowers",17,"2025-01-01","2025-12-31",2025-04-15,105,2025-07-02,78,1,0
"offset",355649,57064,39.036751,-95.19268,273,"KS",2050,"Quercus","muehlenbergii","chinquapin oak","Plantae",371,"Breaking leaf buds",13,"2021-01-01","2021-12-31",2021-05-10,130,2021-05-17,7,1,0
"offset",355649,57064,39.036751,-95.19268,273,"KS",2050,"Quercus","muehlenbergii","chinquapin oak","Plantae",371,"Breaking leaf buds",14,"2022-01-01","2022-12-31",2022-05-10,130,2022-05-18,8,1,0
"offset",355649,57064,39.036751,-95.19268,273,"KS",2050,"Quercus","muehlenbergii","chinquapin oak","Plantae",371,"Breaking leaf buds",15,"2023-01-01","2023-12-31",2023-04-25,115,2023-05-02,7,1,0
"offset",355649,57064,39.036751,-95.19268,273,"KS",2050,"Quercus","muehlenbergii","chinquapin oak","Plantae",371,"Breaking leaf buds",16,"2024-01-01","2024-12-31",2024-04-17,108,2024-04-23,6,1,0
"offset",355649,57064,39.036751,-95.19268,273,"KS",2050,"Quercus","muehlenbergii","chinquapin oak","Plantae",371,"Breaking leaf buds",17,"2025-01-01","2025-12-31",2025-04-15,105,2025-07-02,78,1,0
"offset",355649,57064,39.036751,-95.19268,273,"KS",2050,"Quercus","muehlenbergii","chinquapin oak","Plantae",501,"Open flowers",13,"2021-01-01","2021-12-31",2021-05-17,137,2021-05-24,7,1,0
"offset",355649,57064,39.036751,-95.19268,273,"KS",2050,"Quercus","muehlenbergii","chinquapin oak","Plantae",501,"Open flowers",15,"2023-01-01","2023-12-31",2023-05-02,122,2023-05-09,7,1,0
"offset",355649,57064,39.036751,-95.19268,273,"KS",2050,"Quercus","muehlenbergii","chinquapin oak","Plantae",501,"Open flowers",16,"2024-01-01","2024-12-31",2024-04-23,114,2024-04-30,7,1,0
"offset",355651,57064,39.036751,-95.19268,273,"KS",2050,"Quercus","muehlenbergii","chinquapin oak","Plantae",371,"Breaking leaf buds",13,"2021-01-01","2021-12-31",2021-05-10,130,2021-05-17,7,1,0
"offset",355651,57064,39.036751,-95.19268,273,"KS",2050,"Quercus","muehlenbergii","chinquapin oak","Plantae",371,"Breaking leaf buds",14,"2022-01-01","2022-12-31",2022-05-05,125,2022-05-10,5,1,0
"offset",355651,57064,39.036751,-95.19268,273,"KS",2050,"Quercus","muehlenbergii","chinquapin oak","Plantae",371,"Breaking leaf buds",15,"2023-01-01","2023-12-31",2023-05-02,122,2023-05-09,7,1,0
"offset",355651,57064,39.036751,-95.19268,273,"KS",2050,"Quercus","muehlenbergii","chinquapin oak","Plantae",371,"Breaking leaf buds",16,"2024-01-01","2024-12-31",2024-04-09,100,2024-04-17,8,1,0
"offset",355651,57064,39.036751,-95.19268,273,"KS",2050,"Quercus","muehlenbergii","chinquapin oak","Plantae",371,"Breaking leaf buds",17,"2025-01-01","2025-12-31",2025-04-15,105,2025-07-02,78,1,0
"offset",355849,57066,35.685448,-83.503128,675,"TN",1212,"Quercus","montana","chestnut oak","Plantae",371,"Breaking leaf buds",13,"2021-01-01","2021-12-31",2021-04-26,116,2021-04-29,3,1,0
"offset",355849,57066,35.685448,-83.503128,675,"TN",1212,"Quercus","montana","chestnut oak","Plantae",371,"Breaking leaf buds",14,"2022-01-01","2022-12-31",2022-04-25,115,2022-04-28,3,1,0
"offset",355849,57066,35.685448,-83.503128,675,"TN",1212,"Quercus","montana","chestnut oak","Plantae",371,"Breaking leaf buds",15,"2023-01-01","2023-12-31",2023-04-10,100,2023-04-17,7,2,0
"offset",355849,57066,35.685448,-83.503128,675,"TN",1212,"Quercus","montana","chestnut oak","Plantae",371,"Breaking leaf buds",16,"2024-01-01","2024-12-31",2024-04-22,113,2024-05-06,14,1,0
"offset",355849,57066,35.685448,-83.503128,675,"TN",1212,"Quercus","montana","chestnut oak","Plantae",501,"Open flowers",13,"2021-01-01","2021-12-31",2021-04-26,116,2021-04-29,3,1,0
"offset",355849,57066,35.685448,-83.503128,675,"TN",1212,"Quercus","montana","chestnut oak","Plantae",501,"Open flowers",14,"2022-01-01","2022-12-31",2022-04-28,118,2022-05-02,4,1,0
"offset",355849,57066,35.685448,-83.503128,675,"TN",1212,"Quercus","montana","chestnut oak","Plantae",501,"Open flowers",15,"2023-01-01","2023-12-31",2023-04-17,107,2023-04-24,7,1,0
"offset",355857,57066,35.685448,-83.503128,675,"TN",1212,"Quercus","montana","chestnut oak","Plantae",371,"Breaking leaf buds",13,"2021-01-01","2021-12-31",2021-04-19,109,2021-04-22,3,1,0
"offset",355857,57066,35.685448,-83.503128,675,"TN",1212,"Quercus","montana","chestnut oak","Plantae",371,"Breaking leaf buds",14,"2022-01-01","2022-12-31",2022-04-21,111,2022-04-25,4,1,0
"offset",355857,57066,35.685448,-83.503128,675,"TN",1212,"Quercus","montana","chestnut oak","Plantae",371,"Breaking leaf buds",15,"2023-01-01","2023-12-31",2023-04-10,100,2023-04-17,7,1,0
"offset",355857,57066,35.685448,-83.503128,675,"TN",1212,"Quercus","montana","chestnut oak","Plantae",371,"Breaking leaf buds",16,"2024-01-01","2024-12-31",2024-04-15,106,2024-04-22,7,1,0
"offset",355857,57066,35.685448,-83.503128,675,"TN",1212,"Quercus","montana","chestnut oak","Plantae",371,"Breaking leaf buds",17,"2025-01-01","2025-12-31",2025-04-14,104,NA,NA,1,0
"offset",355872,57066,35.685448,-83.503128,675,"TN",1212,"Quercus","montana","chestnut oak","Plantae",371,"Breaking leaf buds",13,"2021-01-01","2021-12-31",2021-04-26,116,2021-04-29,3,1,0
"offset",355872,57066,35.685448,-83.503128,675,"TN",1212,"Quercus","montana","chestnut oak","Plantae",371,"Breaking leaf buds",14,"2022-01-01","2022-12-31",2022-04-25,115,2022-04-28,3,1,0
"offset",355872,57066,35.685448,-83.503128,675,"TN",1212,"Quercus","montana","chestnut oak","Plantae",371,"Breaking leaf buds",15,"2023-01-01","2023-12-31",2023-04-10,100,2023-04-17,7,1,0
"offset",355872,57066,35.685448,-83.503128,675,"TN",1212,"Quercus","montana","chestnut oak","Plantae",371,"Breaking leaf buds",16,"2024-01-01","2024-12-31",2024-04-22,113,2024-05-06,14,1,0
"offset",355872,57066,35.685448,-83.503128,675,"TN",1212,"Quercus","montana","chestnut oak","Plantae",371,"Breaking leaf buds",17,"2025-01-01","2025-12-31",2025-04-14,104,NA,NA,1,0
"offset",355872,57066,35.685448,-83.503128,675,"TN",1212,"Quercus","montana","chestnut oak","Plantae",501,"Open flowers",13,"2021-01-01","2021-12-31",2021-04-26,116,2021-04-29,3,1,0
"offset",355872,57066,35.685448,-83.503128,675,"TN",1212,"Quercus","montana","chestnut oak","Plantae",501,"Open flowers",14,"2022-01-01","2022-12-31",2022-04-25,115,2022-04-28,3,1,0
"offset",355872,57066,35.685448,-83.503128,675,"TN",1212,"Quercus","montana","chestnut oak","Plantae",501,"Open flowers",15,"2023-01-01","2023-12-31",2023-04-17,107,2023-04-24,7,1,0
"offset",355877,57066,35.685448,-83.503128,675,"TN",1212,"Quercus","montana","chestnut oak","Plantae",371,"Breaking leaf buds",13,"2021-01-01","2021-12-31",2021-04-26,116,2021-04-29,3,1,0
"offset",355877,57066,35.685448,-83.503128,675,"TN",1212,"Quercus","montana","chestnut oak","Plantae",371,"Breaking leaf buds",14,"2022-01-01","2022-12-31",2022-04-21,111,2022-04-25,4,1,0
"offset",355877,57066,35.685448,-83.503128,675,"TN",1212,"Quercus","montana","chestnut oak","Plantae",371,"Breaking leaf buds",15,"2023-01-01","2023-12-31",2023-04-10,100,2023-04-17,7,1,0
"offset",355877,57066,35.685448,-83.503128,675,"TN",1212,"Quercus","montana","chestnut oak","Plantae",371,"Breaking leaf buds",16,"2024-01-01","2024-12-31",2024-04-15,106,2024-04-22,7,1,0
"offset",355877,57066,35.685448,-83.503128,675,"TN",1212,"Quercus","montana","chestnut oak","Plantae",501,"Open flowers",13,"2021-01-01","2021-12-31",2021-04-26,116,2021-04-29,3,1,0
"offset",355877,57066,35.685448,-83.503128,675,"TN",1212,"Quercus","montana","chestnut oak","Plantae",501,"Open flowers",14,"2022-01-01","2022-12-31",2022-04-28,118,2022-05-02,4,1,0
"offset",355877,57066,35.685448,-83.503128,675,"TN",1212,"Quercus","montana","chestnut oak","Plantae",501,"Open flowers",15,"2023-01-01","2023-12-31",2023-04-17,107,2023-04-24,7,1,0
"offset",355877,57066,35.685448,-83.503128,675,"TN",1212,"Quercus","montana","chestnut oak","Plantae",501,"Open flowers",16,"2024-01-01","2024-12-31",2024-04-15,106,2024-04-22,7,1,0
"offset",355882,57066,35.685448,-83.503128,675,"TN",1212,"Quercus","montana","chestnut oak","Plantae",371,"Breaking leaf buds",13,"2021-01-01","2021-12-31",2021-05-10,130,2021-05-14,4,1,0
"offset",355882,57066,35.685448,-83.503128,675,"TN",1212,"Quercus","montana","chestnut oak","Plantae",501,"Open flowers",13,"2021-01-01","2021-12-31",2021-04-29,119,2021-05-03,4,1,0
"offset",355901,57066,35.685448,-83.503128,675,"TN",1212,"Quercus","montana","chestnut oak","Plantae",371,"Breaking leaf buds",15,"2023-01-01","2023-12-31",2023-04-10,100,2023-04-17,7,1,0
"offset",355901,57066,35.685448,-83.503128,675,"TN",1212,"Quercus","montana","chestnut oak","Plantae",371,"Breaking leaf buds",16,"2024-01-01","2024-12-31",2024-04-22,113,2024-05-06,14,1,0
"offset",355901,57066,35.685448,-83.503128,675,"TN",1212,"Quercus","montana","chestnut oak","Plantae",371,"Breaking leaf buds",17,"2025-01-01","2025-12-31",2025-04-14,104,NA,NA,1,0
"offset",355901,57066,35.685448,-83.503128,675,"TN",1212,"Quercus","montana","chestnut oak","Plantae",501,"Open flowers",15,"2023-01-01","2023-12-31",2023-04-17,107,2023-04-24,7,1,0
"offset",355906,57066,35.685448,-83.503128,675,"TN",1212,"Quercus","montana","chestnut oak","Plantae",371,"Breaking leaf buds",17,"2025-01-01","2025-12-31",2025-04-14,104,NA,NA,1,0
"offset",355908,57068,37.377354,-80.526581,877,"VA",100,"Quercus","alba","white oak","Plantae",371,"Breaking leaf buds",10,"2018-01-01","2018-12-31",2018-05-24,144,2018-05-29,5,1,0
"offset",355908,57068,37.377354,-80.526581,877,"VA",100,"Quercus","alba","white oak","Plantae",371,"Breaking leaf buds",11,"2019-01-01","2019-12-31",2019-05-13,133,2019-05-15,2,1,0
"offset",355908,57068,37.377354,-80.526581,877,"VA",100,"Quercus","alba","white oak","Plantae",501,"Open flowers",10,"2018-01-01","2018-12-31",2018-05-21,141,2018-05-24,3,1,0
"offset",355909,57068,37.377354,-80.526581,877,"VA",100,"Quercus","alba","white oak","Plantae",371,"Breaking leaf buds",10,"2018-01-01","2018-12-31",2018-05-24,144,2018-05-29,5,1,0
"offset",355909,57068,37.377354,-80.526581,877,"VA",100,"Quercus","alba","white oak","Plantae",371,"Breaking leaf buds",11,"2019-01-01","2019-12-31",2019-05-22,142,2019-05-24,2,1,0
"offset",355910,57068,37.377354,-80.526581,877,"VA",100,"Quercus","alba","white oak","Plantae",371,"Breaking leaf buds",10,"2018-01-01","2018-12-31",2018-05-24,144,2018-05-29,5,1,0
"offset",355910,57068,37.377354,-80.526581,877,"VA",100,"Quercus","alba","white oak","Plantae",371,"Breaking leaf buds",11,"2019-01-01","2019-12-31",2019-05-15,135,2019-05-20,5,1,0
"offset",355915,57068,37.377354,-80.526581,877,"VA",100,"Quercus","alba","white oak","Plantae",371,"Breaking leaf buds",10,"2018-01-01","2018-12-31",2018-05-24,144,2018-05-29,5,1,0
"offset",355916,57068,37.377354,-80.526581,877,"VA",100,"Quercus","alba","white oak","Plantae",371,"Breaking leaf buds",10,"2018-01-01","2018-12-31",2018-05-24,144,2018-05-29,5,1,0
"offset",355916,57068,37.377354,-80.526581,877,"VA",100,"Quercus","alba","white oak","Plantae",371,"Breaking leaf buds",11,"2019-01-01","2019-12-31",2019-05-22,142,2019-05-24,2,1,0
"offset",355918,57068,37.377354,-80.526581,877,"VA",100,"Quercus","alba","white oak","Plantae",371,"Breaking leaf buds",10,"2018-01-01","2018-12-31",2018-05-21,141,2018-05-24,3,1,0
"offset",355918,57068,37.377354,-80.526581,877,"VA",100,"Quercus","alba","white oak","Plantae",371,"Breaking leaf buds",11,"2019-01-01","2019-12-31",2019-05-08,128,2019-05-13,5,1,0
"offset",355918,57068,37.377354,-80.526581,877,"VA",100,"Quercus","alba","white oak","Plantae",371,"Breaking leaf buds",13,"2021-01-01","2021-12-31",2021-05-31,151,2021-06-03,3,1,0
"offset",355923,57068,37.377354,-80.526581,877,"VA",100,"Quercus","alba","white oak","Plantae",371,"Breaking leaf buds",10,"2018-01-01","2018-12-31",2018-05-24,144,2018-05-29,5,1,0
"offset",355923,57068,37.377354,-80.526581,877,"VA",100,"Quercus","alba","white oak","Plantae",371,"Breaking leaf buds",11,"2019-01-01","2019-12-31",2019-05-20,140,2019-05-22,2,1,0
"offset",355923,57068,37.377354,-80.526581,877,"VA",100,"Quercus","alba","white oak","Plantae",371,"Breaking leaf buds",13,"2021-01-01","2021-12-31",2021-05-20,140,2021-05-24,4,2,0
"offset",355923,57068,37.377354,-80.526581,877,"VA",100,"Quercus","alba","white oak","Plantae",501,"Open flowers",13,"2021-01-01","2021-12-31",2021-06-14,165,2021-06-22,8,2,0
"offset",355928,57068,37.377354,-80.526581,877,"VA",100,"Quercus","alba","white oak","Plantae",371,"Breaking leaf buds",10,"2018-01-01","2018-12-31",2018-05-24,144,2018-05-29,5,1,0
"offset",355928,57068,37.377354,-80.526581,877,"VA",100,"Quercus","alba","white oak","Plantae",371,"Breaking leaf buds",11,"2019-01-01","2019-12-31",2019-05-15,135,2019-05-20,5,1,0
"offset",355928,57068,37.377354,-80.526581,877,"VA",100,"Quercus","alba","white oak","Plantae",371,"Breaking leaf buds",13,"2021-01-01","2021-12-31",2021-05-24,144,2021-05-31,7,1,0
"offset",355928,57068,37.377354,-80.526581,877,"VA",100,"Quercus","alba","white oak","Plantae",501,"Open flowers",13,"2021-01-01","2021-12-31",2021-06-03,154,2021-06-14,11,2,0
"offset",355929,57068,37.377354,-80.526581,877,"VA",100,"Quercus","alba","white oak","Plantae",371,"Breaking leaf buds",10,"2018-01-01","2018-12-31",2018-05-24,144,2018-05-29,5,1,0
"offset",355929,57068,37.377354,-80.526581,877,"VA",100,"Quercus","alba","white oak","Plantae",371,"Breaking leaf buds",11,"2019-01-01","2019-12-31",2019-05-15,135,2019-05-20,5,1,0
"offset",355929,57068,37.377354,-80.526581,877,"VA",100,"Quercus","alba","white oak","Plantae",371,"Breaking leaf buds",13,"2021-01-01","2021-12-31",2021-05-20,140,2021-05-24,4,2,0
"offset",355929,57068,37.377354,-80.526581,877,"VA",100,"Quercus","alba","white oak","Plantae",501,"Open flowers",13,"2021-01-01","2021-12-31",2021-06-14,165,2021-06-22,8,2,0
"offset",355938,57068,37.377354,-80.526581,877,"VA",100,"Quercus","alba","white oak","Plantae",371,"Breaking leaf buds",10,"2018-01-01","2018-12-31",2018-05-24,144,2018-05-29,5,1,0
"offset",355938,57068,37.377354,-80.526581,877,"VA",100,"Quercus","alba","white oak","Plantae",371,"Breaking leaf buds",11,"2019-01-01","2019-12-31",2019-05-15,135,2019-05-20,5,1,0
"offset",355938,57068,37.377354,-80.526581,877,"VA",100,"Quercus","alba","white oak","Plantae",371,"Breaking leaf buds",13,"2021-01-01","2021-12-31",2021-05-24,144,2021-05-31,7,1,0
"offset",355938,57068,37.377354,-80.526581,877,"VA",100,"Quercus","alba","white oak","Plantae",501,"Open flowers",13,"2021-01-01","2021-12-31",2021-05-01,121,2021-05-03,2,1,0
"offset",355940,57068,37.377354,-80.526581,877,"VA",100,"Quercus","alba","white oak","Plantae",371,"Breaking leaf buds",10,"2018-01-01","2018-12-31",2018-05-24,144,2018-05-29,5,1,0
"offset",355940,57068,37.377354,-80.526581,877,"VA",100,"Quercus","alba","white oak","Plantae",371,"Breaking leaf buds",11,"2019-01-01","2019-12-31",2019-05-15,135,2019-05-20,5,1,0
"offset",355940,57068,37.377354,-80.526581,877,"VA",100,"Quercus","alba","white oak","Plantae",371,"Breaking leaf buds",13,"2021-01-01","2021-12-31",2021-05-24,144,2021-05-31,7,1,0
"offset",355940,57068,37.377354,-80.526581,877,"VA",100,"Quercus","alba","white oak","Plantae",501,"Open flowers",13,"2021-01-01","2021-12-31",2021-06-14,165,2021-06-22,8,2,0
"offset",355941,57068,37.377354,-80.526581,877,"VA",100,"Quercus","alba","white oak","Plantae",371,"Breaking leaf buds",10,"2018-01-01","2018-12-31",2018-05-24,144,2018-05-29,5,1,0
"offset",355941,57068,37.377354,-80.526581,877,"VA",100,"Quercus","alba","white oak","Plantae",371,"Breaking leaf buds",11,"2019-01-01","2019-12-31",2019-05-20,140,2019-05-22,2,1,0
"offset",355941,57068,37.377354,-80.526581,877,"VA",100,"Quercus","alba","white oak","Plantae",371,"Breaking leaf buds",13,"2021-01-01","2021-12-31",2021-05-20,140,2021-05-24,4,2,0
"offset",355941,57068,37.377354,-80.526581,877,"VA",100,"Quercus","alba","white oak","Plantae",501,"Open flowers",13,"2021-01-01","2021-12-31",2021-05-20,140,2021-05-24,4,2,0
"offset",355948,57068,37.377354,-80.526581,877,"VA",100,"Quercus","alba","white oak","Plantae",371,"Breaking leaf buds",10,"2018-01-01","2018-12-31",2018-05-24,144,2018-05-29,5,1,0
"offset",355948,57068,37.377354,-80.526581,877,"VA",100,"Quercus","alba","white oak","Plantae",371,"Breaking leaf buds",11,"2019-01-01","2019-12-31",2019-05-15,135,2019-05-20,5,1,0
"offset",355948,57068,37.377354,-80.526581,877,"VA",100,"Quercus","alba","white oak","Plantae",371,"Breaking leaf buds",13,"2021-01-01","2021-12-31",2021-05-24,144,2021-05-31,7,1,0
"offset",355948,57068,37.377354,-80.526581,877,"VA",100,"Quercus","alba","white oak","Plantae",371,"Breaking leaf buds",14,"2022-01-01","2022-12-31",2022-05-19,139,2022-05-23,4,1,0
"offset",355948,57068,37.377354,-80.526581,877,"VA",100,"Quercus","alba","white oak","Plantae",371,"Breaking leaf buds",15,"2023-01-01","2023-12-31",2023-05-15,135,2023-05-23,8,1,0
"offset",355948,57068,37.377354,-80.526581,877,"VA",100,"Quercus","alba","white oak","Plantae",371,"Breaking leaf buds",16,"2024-01-01","2024-12-31",2024-05-07,128,2024-05-13,6,1,0
"offset",355948,57068,37.377354,-80.526581,877,"VA",100,"Quercus","alba","white oak","Plantae",501,"Open flowers",13,"2021-01-01","2021-12-31",2021-06-03,154,2021-06-14,11,2,0
"offset",355948,57068,37.377354,-80.526581,877,"VA",100,"Quercus","alba","white oak","Plantae",501,"Open flowers",14,"2022-01-01","2022-12-31",2022-05-19,139,2022-05-23,4,2,0
"offset",355948,57068,37.377354,-80.526581,877,"VA",100,"Quercus","alba","white oak","Plantae",501,"Open flowers",16,"2024-01-01","2024-12-31",2024-05-13,134,2024-05-21,8,1,0
"offset",355953,57068,37.377354,-80.526581,877,"VA",100,"Quercus","alba","white oak","Plantae",371,"Breaking leaf buds",10,"2018-01-01","2018-12-31",2018-05-24,144,2018-05-29,5,1,0
"offset",355953,57068,37.377354,-80.526581,877,"VA",100,"Quercus","alba","white oak","Plantae",371,"Breaking leaf buds",11,"2019-01-01","2019-12-31",2019-05-08,128,2019-05-13,5,1,0
"offset",355953,57068,37.377354,-80.526581,877,"VA",100,"Quercus","alba","white oak","Plantae",371,"Breaking leaf buds",13,"2021-01-01","2021-12-31",2021-05-31,151,2021-06-03,3,1,0
"offset",355953,57068,37.377354,-80.526581,877,"VA",100,"Quercus","alba","white oak","Plantae",501,"Open flowers",13,"2021-01-01","2021-12-31",2021-06-03,154,2021-06-14,11,2,0
"offset",355954,57068,37.377354,-80.526581,877,"VA",100,"Quercus","alba","white oak","Plantae",371,"Breaking leaf buds",10,"2018-01-01","2018-12-31",2018-05-24,144,2018-06-04,11,1,0
"offset",355954,57068,37.377354,-80.526581,877,"VA",100,"Quercus","alba","white oak","Plantae",371,"Breaking leaf buds",11,"2019-01-01","2019-12-31",2019-05-20,140,2019-05-22,2,1,0
"offset",355954,57068,37.377354,-80.526581,877,"VA",100,"Quercus","alba","white oak","Plantae",371,"Breaking leaf buds",13,"2021-01-01","2021-12-31",2021-05-24,144,2021-05-31,7,1,0
"offset",355954,57068,37.377354,-80.526581,877,"VA",100,"Quercus","alba","white oak","Plantae",371,"Breaking leaf buds",14,"2022-01-01","2022-12-31",2022-05-26,146,2022-05-30,4,1,0
"offset",355954,57068,37.377354,-80.526581,877,"VA",100,"Quercus","alba","white oak","Plantae",371,"Breaking leaf buds",15,"2023-01-01","2023-12-31",2023-05-08,128,2023-05-15,7,1,0
"offset",355954,57068,37.377354,-80.526581,877,"VA",100,"Quercus","alba","white oak","Plantae",371,"Breaking leaf buds",16,"2024-01-01","2024-12-31",2024-05-13,134,2024-05-21,8,1,0
"offset",355954,57068,37.377354,-80.526581,877,"VA",100,"Quercus","alba","white oak","Plantae",501,"Open flowers",11,"2019-01-01","2019-12-31",2019-05-22,142,2019-05-24,2,1,0
"offset",355954,57068,37.377354,-80.526581,877,"VA",100,"Quercus","alba","white oak","Plantae",501,"Open flowers",13,"2021-01-01","2021-12-31",2021-06-14,165,2021-06-22,8,2,0
"offset",355954,57068,37.377354,-80.526581,877,"VA",100,"Quercus","alba","white oak","Plantae",501,"Open flowers",14,"2022-01-01","2022-12-31",2022-05-30,150,2022-06-02,3,1,0
"offset",355954,57068,37.377354,-80.526581,877,"VA",100,"Quercus","alba","white oak","Plantae",501,"Open flowers",15,"2023-01-01","2023-12-31",2023-05-15,135,2023-05-23,8,1,0
"offset",355954,57068,37.377354,-80.526581,877,"VA",100,"Quercus","alba","white oak","Plantae",501,"Open flowers",16,"2024-01-01","2024-12-31",2024-05-21,142,2024-05-27,6,1,0
"offset",355958,57068,37.377354,-80.526581,877,"VA",100,"Quercus","alba","white oak","Plantae",371,"Breaking leaf buds",10,"2018-01-01","2018-12-31",2018-05-24,144,2018-05-29,5,1,0
"offset",355958,57068,37.377354,-80.526581,877,"VA",100,"Quercus","alba","white oak","Plantae",371,"Breaking leaf buds",11,"2019-01-01","2019-12-31",2019-05-15,135,2019-05-20,5,1,0
"offset",355958,57068,37.377354,-80.526581,877,"VA",100,"Quercus","alba","white oak","Plantae",371,"Breaking leaf buds",13,"2021-01-01","2021-12-31",2021-05-24,144,2021-05-31,7,2,0
"offset",355958,57068,37.377354,-80.526581,877,"VA",100,"Quercus","alba","white oak","Plantae",501,"Open flowers",13,"2021-01-01","2021-12-31",2021-06-03,154,2021-06-14,11,2,0
"offset",355959,57068,37.377354,-80.526581,877,"VA",100,"Quercus","alba","white oak","Plantae",371,"Breaking leaf buds",10,"2018-01-01","2018-12-31",2018-05-24,144,2018-05-29,5,2,0
"offset",355959,57068,37.377354,-80.526581,877,"VA",100,"Quercus","alba","white oak","Plantae",371,"Breaking leaf buds",11,"2019-01-01","2019-12-31",2019-05-15,135,2019-05-20,5,1,0
"offset",355961,57068,37.377354,-80.526581,877,"VA",100,"Quercus","alba","white oak","Plantae",371,"Breaking leaf buds",10,"2018-01-01","2018-12-31",2018-05-24,144,2018-05-29,5,1,0
"offset",355961,57068,37.377354,-80.526581,877,"VA",100,"Quercus","alba","white oak","Plantae",371,"Breaking leaf buds",11,"2019-01-01","2019-12-31",2019-05-15,135,2019-05-20,5,1,0
"offset",355961,57068,37.377354,-80.526581,877,"VA",100,"Quercus","alba","white oak","Plantae",371,"Breaking leaf buds",13,"2021-01-01","2021-12-31",2021-05-20,140,2021-05-24,4,2,0
"offset",355961,57068,37.377354,-80.526581,877,"VA",100,"Quercus","alba","white oak","Plantae",501,"Open flowers",13,"2021-01-01","2021-12-31",2021-06-03,154,2021-06-14,11,2,0
"offset",355967,57068,37.377354,-80.526581,877,"VA",100,"Quercus","alba","white oak","Plantae",371,"Breaking leaf buds",10,"2018-01-01","2018-12-31",2018-05-24,144,2018-05-29,5,1,0
"offset",355967,57068,37.377354,-80.526581,877,"VA",100,"Quercus","alba","white oak","Plantae",371,"Breaking leaf buds",11,"2019-01-01","2019-12-31",2019-05-22,142,2019-05-24,2,1,0
"offset",355967,57068,37.377354,-80.526581,877,"VA",100,"Quercus","alba","white oak","Plantae",371,"Breaking leaf buds",13,"2021-01-01","2021-12-31",2021-05-24,144,2021-05-31,7,1,0
"offset",355967,57068,37.377354,-80.526581,877,"VA",100,"Quercus","alba","white oak","Plantae",371,"Breaking leaf buds",14,"2022-01-01","2022-12-31",2022-05-19,139,2022-05-23,4,1,0
"offset",355967,57068,37.377354,-80.526581,877,"VA",100,"Quercus","alba","white oak","Plantae",371,"Breaking leaf buds",15,"2023-01-01","2023-12-31",2023-05-23,143,2023-05-29,6,1,0
"offset",355967,57068,37.377354,-80.526581,877,"VA",100,"Quercus","alba","white oak","Plantae",371,"Breaking leaf buds",16,"2024-01-01","2024-12-31",2024-05-13,134,2024-05-21,8,1,0
"offset",355967,57068,37.377354,-80.526581,877,"VA",100,"Quercus","alba","white oak","Plantae",501,"Open flowers",13,"2021-01-01","2021-12-31",2021-06-03,154,2021-06-14,11,2,0
"offset",355967,57068,37.377354,-80.526581,877,"VA",100,"Quercus","alba","white oak","Plantae",501,"Open flowers",14,"2022-01-01","2022-12-31",2022-05-26,146,2022-05-30,4,1,0
"offset",355967,57068,37.377354,-80.526581,877,"VA",100,"Quercus","alba","white oak","Plantae",501,"Open flowers",16,"2024-01-01","2024-12-31",2024-05-21,142,2024-05-27,6,1,0
"offset",355969,57068,37.377354,-80.526581,877,"VA",100,"Quercus","alba","white oak","Plantae",371,"Breaking leaf buds",10,"2018-01-01","2018-12-31",2018-05-24,144,2018-05-29,5,1,0
"offset",355969,57068,37.377354,-80.526581,877,"VA",100,"Quercus","alba","white oak","Plantae",371,"Breaking leaf buds",11,"2019-01-01","2019-12-31",2019-05-20,140,2019-05-22,2,1,0
"offset",355969,57068,37.377354,-80.526581,877,"VA",100,"Quercus","alba","white oak","Plantae",371,"Breaking leaf buds",13,"2021-01-01","2021-12-31",2021-05-31,151,2021-06-03,3,1,0
"offset",355969,57068,37.377354,-80.526581,877,"VA",100,"Quercus","alba","white oak","Plantae",501,"Open flowers",13,"2021-01-01","2021-12-31",2021-05-31,151,2021-06-03,3,2,0
"offset",355970,57068,37.377354,-80.526581,877,"VA",100,"Quercus","alba","white oak","Plantae",371,"Breaking leaf buds",10,"2018-01-01","2018-12-31",2018-05-24,144,2018-05-29,5,1,0
"offset",355970,57068,37.377354,-80.526581,877,"VA",100,"Quercus","alba","white oak","Plantae",371,"Breaking leaf buds",11,"2019-01-01","2019-12-31",2019-05-15,135,2019-05-20,5,1,0
"offset",355970,57068,37.377354,-80.526581,877,"VA",100,"Quercus","alba","white oak","Plantae",371,"Breaking leaf buds",13,"2021-01-01","2021-12-31",2021-05-24,144,2021-05-31,7,1,0
"offset",355970,57068,37.377354,-80.526581,877,"VA",100,"Quercus","alba","white oak","Plantae",371,"Breaking leaf buds",14,"2022-01-01","2022-12-31",2022-05-16,136,2022-05-19,3,1,0
"offset",355970,57068,37.377354,-80.526581,877,"VA",100,"Quercus","alba","white oak","Plantae",371,"Breaking leaf buds",15,"2023-01-01","2023-12-31",2023-05-08,128,2023-05-15,7,1,0
"offset",355970,57068,37.377354,-80.526581,877,"VA",100,"Quercus","alba","white oak","Plantae",371,"Breaking leaf buds",16,"2024-01-01","2024-12-31",2024-05-07,128,2024-05-13,6,1,0
"offset",355970,57068,37.377354,-80.526581,877,"VA",100,"Quercus","alba","white oak","Plantae",501,"Open flowers",13,"2021-01-01","2021-12-31",2021-06-03,154,2021-06-14,11,2,0
"offset",355970,57068,37.377354,-80.526581,877,"VA",100,"Quercus","alba","white oak","Plantae",501,"Open flowers",14,"2022-01-01","2022-12-31",2022-05-19,139,2022-05-23,4,1,0
"offset",355970,57068,37.377354,-80.526581,877,"VA",100,"Quercus","alba","white oak","Plantae",501,"Open flowers",16,"2024-01-01","2024-12-31",2024-05-21,142,2024-05-27,6,1,0
"offset",355974,57068,37.377354,-80.526581,877,"VA",100,"Quercus","alba","white oak","Plantae",371,"Breaking leaf buds",10,"2018-01-01","2018-12-31",2018-05-24,144,2018-05-29,5,2,0
"offset",355974,57068,37.377354,-80.526581,877,"VA",100,"Quercus","alba","white oak","Plantae",371,"Breaking leaf buds",11,"2019-01-01","2019-12-31",2019-05-15,135,2019-05-20,5,1,0
"offset",355974,57068,37.377354,-80.526581,877,"VA",100,"Quercus","alba","white oak","Plantae",371,"Breaking leaf buds",13,"2021-01-01","2021-12-31",2021-05-20,140,2021-05-24,4,2,0
"offset",355974,57068,37.377354,-80.526581,877,"VA",100,"Quercus","alba","white oak","Plantae",501,"Open flowers",13,"2021-01-01","2021-12-31",2021-06-03,154,2021-06-14,11,2,0
"offset",355976,57068,37.377354,-80.526581,877,"VA",100,"Quercus","alba","white oak","Plantae",371,"Breaking leaf buds",10,"2018-01-01","2018-12-31",2018-05-24,144,2018-05-29,5,1,0
"offset",355976,57068,37.377354,-80.526581,877,"VA",100,"Quercus","alba","white oak","Plantae",371,"Breaking leaf buds",11,"2019-01-01","2019-12-31",2019-05-08,128,2019-05-13,5,1,0
"offset",355976,57068,37.377354,-80.526581,877,"VA",100,"Quercus","alba","white oak","Plantae",371,"Breaking leaf buds",13,"2021-01-01","2021-12-31",2021-05-20,140,2021-05-24,4,2,0
"offset",355976,57068,37.377354,-80.526581,877,"VA",100,"Quercus","alba","white oak","Plantae",501,"Open flowers",13,"2021-01-01","2021-12-31",2021-06-03,154,2021-06-14,11,2,0
"offset",355980,57068,37.377354,-80.526581,877,"VA",100,"Quercus","alba","white oak","Plantae",371,"Breaking leaf buds",10,"2018-01-01","2018-12-31",2018-05-24,144,2018-05-29,5,1,0
"offset",355980,57068,37.377354,-80.526581,877,"VA",100,"Quercus","alba","white oak","Plantae",371,"Breaking leaf buds",11,"2019-01-01","2019-12-31",2019-05-22,142,2019-05-24,2,1,0
"offset",355980,57068,37.377354,-80.526581,877,"VA",100,"Quercus","alba","white oak","Plantae",371,"Breaking leaf buds",13,"2021-01-01","2021-12-31",2021-05-20,140,2021-05-24,4,1,0
"offset",355980,57068,37.377354,-80.526581,877,"VA",100,"Quercus","alba","white oak","Plantae",501,"Open flowers",13,"2021-01-01","2021-12-31",2021-06-14,165,2021-06-22,8,2,0
"offset",355981,57068,37.377354,-80.526581,877,"VA",100,"Quercus","alba","white oak","Plantae",371,"Breaking leaf buds",10,"2018-01-01","2018-12-31",2018-05-24,144,2018-05-29,5,1,0
"offset",355981,57068,37.377354,-80.526581,877,"VA",100,"Quercus","alba","white oak","Plantae",371,"Breaking leaf buds",11,"2019-01-01","2019-12-31",2019-05-13,133,2019-05-15,2,1,0
"offset",355981,57068,37.377354,-80.526581,877,"VA",100,"Quercus","alba","white oak","Plantae",371,"Breaking leaf buds",13,"2021-01-01","2021-12-31",2021-05-24,144,2021-05-31,7,1,0
"offset",355981,57068,37.377354,-80.526581,877,"VA",100,"Quercus","alba","white oak","Plantae",501,"Open flowers",11,"2019-01-01","2019-12-31",2019-05-24,144,2019-05-30,6,1,0
"offset",355981,57068,37.377354,-80.526581,877,"VA",100,"Quercus","alba","white oak","Plantae",501,"Open flowers",13,"2021-01-01","2021-12-31",2021-06-14,165,2021-06-22,8,2,0
"offset",355983,57068,37.377354,-80.526581,877,"VA",100,"Quercus","alba","white oak","Plantae",371,"Breaking leaf buds",10,"2018-01-01","2018-12-31",2018-05-24,144,2018-05-29,5,1,0
"offset",355983,57068,37.377354,-80.526581,877,"VA",100,"Quercus","alba","white oak","Plantae",371,"Breaking leaf buds",11,"2019-01-01","2019-12-31",2019-05-15,135,2019-05-20,5,1,0
"offset",355983,57068,37.377354,-80.526581,877,"VA",100,"Quercus","alba","white oak","Plantae",371,"Breaking leaf buds",13,"2021-01-01","2021-12-31",2021-05-31,151,2021-06-03,3,1,0
"offset",355983,57068,37.377354,-80.526581,877,"VA",100,"Quercus","alba","white oak","Plantae",501,"Open flowers",13,"2021-01-01","2021-12-31",2021-06-14,165,2021-06-22,8,2,0
"offset",355984,57068,37.377354,-80.526581,877,"VA",100,"Quercus","alba","white oak","Plantae",371,"Breaking leaf buds",10,"2018-01-01","2018-12-31",2018-05-24,144,2018-05-29,5,1,0
"offset",355984,57068,37.377354,-80.526581,877,"VA",100,"Quercus","alba","white oak","Plantae",371,"Breaking leaf buds",11,"2019-01-01","2019-12-31",2019-05-15,135,2019-05-20,5,1,0
"offset",355984,57068,37.377354,-80.526581,877,"VA",100,"Quercus","alba","white oak","Plantae",371,"Breaking leaf buds",13,"2021-01-01","2021-12-31",2021-06-03,154,2021-06-14,11,1,0
"offset",355984,57068,37.377354,-80.526581,877,"VA",100,"Quercus","alba","white oak","Plantae",371,"Breaking leaf buds",14,"2022-01-01","2022-12-31",2022-05-26,146,2022-05-30,4,1,0
"offset",355984,57068,37.377354,-80.526581,877,"VA",100,"Quercus","alba","white oak","Plantae",371,"Breaking leaf buds",15,"2023-01-01","2023-12-31",2023-05-23,143,2023-05-29,6,1,0
"offset",355984,57068,37.377354,-80.526581,877,"VA",100,"Quercus","alba","white oak","Plantae",371,"Breaking leaf buds",16,"2024-01-01","2024-12-31",2024-05-07,128,2024-05-13,6,1,0
"offset",355984,57068,37.377354,-80.526581,877,"VA",100,"Quercus","alba","white oak","Plantae",501,"Open flowers",13,"2021-01-01","2021-12-31",2021-06-14,165,2021-06-22,8,2,0
"offset",355984,57068,37.377354,-80.526581,877,"VA",100,"Quercus","alba","white oak","Plantae",501,"Open flowers",14,"2022-01-01","2022-12-31",2022-05-23,143,2022-05-26,3,1,0
"offset",355984,57068,37.377354,-80.526581,877,"VA",100,"Quercus","alba","white oak","Plantae",501,"Open flowers",15,"2023-01-01","2023-12-31",2023-05-15,135,2023-05-23,8,1,0
"offset",355984,57068,37.377354,-80.526581,877,"VA",100,"Quercus","alba","white oak","Plantae",501,"Open flowers",16,"2024-01-01","2024-12-31",2024-05-21,142,2024-05-27,6,1,0
"offset",355989,57068,37.377354,-80.526581,877,"VA",100,"Quercus","alba","white oak","Plantae",371,"Breaking leaf buds",10,"2018-01-01","2018-12-31",2018-05-24,144,2018-05-29,5,1,0
"offset",355989,57068,37.377354,-80.526581,877,"VA",100,"Quercus","alba","white oak","Plantae",371,"Breaking leaf buds",11,"2019-01-01","2019-12-31",2019-05-15,135,2019-05-20,5,2,0
"offset",355989,57068,37.377354,-80.526581,877,"VA",100,"Quercus","alba","white oak","Plantae",371,"Breaking leaf buds",13,"2021-01-01","2021-12-31",2021-05-24,144,2021-05-31,7,1,0
"offset",355989,57068,37.377354,-80.526581,877,"VA",100,"Quercus","alba","white oak","Plantae",501,"Open flowers",13,"2021-01-01","2021-12-31",2021-06-14,165,2021-06-22,8,2,0
"offset",355993,57068,37.377354,-80.526581,877,"VA",100,"Quercus","alba","white oak","Plantae",371,"Breaking leaf buds",10,"2018-01-01","2018-12-31",2018-05-24,144,2018-05-29,5,1,0
"offset",355993,57068,37.377354,-80.526581,877,"VA",100,"Quercus","alba","white oak","Plantae",371,"Breaking leaf buds",11,"2019-01-01","2019-12-31",2019-05-15,135,2019-05-20,5,1,0
"offset",355993,57068,37.377354,-80.526581,877,"VA",100,"Quercus","alba","white oak","Plantae",371,"Breaking leaf buds",13,"2021-01-01","2021-12-31",2021-05-20,140,2021-05-24,4,2,0
"offset",355993,57068,37.377354,-80.526581,877,"VA",100,"Quercus","alba","white oak","Plantae",501,"Open flowers",13,"2021-01-01","2021-12-31",2021-06-14,165,2021-06-22,8,2,0
"offset",355994,57068,37.377354,-80.526581,877,"VA",100,"Quercus","alba","white oak","Plantae",371,"Breaking leaf buds",10,"2018-01-01","2018-12-31",2018-05-24,144,2018-05-29,5,1,0
"offset",355994,57068,37.377354,-80.526581,877,"VA",100,"Quercus","alba","white oak","Plantae",371,"Breaking leaf buds",11,"2019-01-01","2019-12-31",2019-05-15,135,2019-05-20,5,1,0
"offset",355994,57068,37.377354,-80.526581,877,"VA",100,"Quercus","alba","white oak","Plantae",371,"Breaking leaf buds",13,"2021-01-01","2021-12-31",2021-05-24,144,2021-05-31,7,1,0
"offset",355994,57068,37.377354,-80.526581,877,"VA",100,"Quercus","alba","white oak","Plantae",501,"Open flowers",13,"2021-01-01","2021-12-31",2021-06-14,165,2021-06-22,8,2,0
"offset",355999,57068,37.377354,-80.526581,877,"VA",100,"Quercus","alba","white oak","Plantae",371,"Breaking leaf buds",13,"2021-01-01","2021-12-31",2021-05-24,144,2021-05-31,7,1,0
"offset",355999,57068,37.377354,-80.526581,877,"VA",100,"Quercus","alba","white oak","Plantae",501,"Open flowers",13,"2021-01-01","2021-12-31",2021-06-14,165,2021-06-22,8,2,0
"offset",356094,57069,35.96397,-84.286339,273,"TN",1212,"Quercus","montana","chestnut oak","Plantae",371,"Breaking leaf buds",7,"2015-01-01","2015-12-31",2015-04-27,117,2015-04-29,2,1,0
"offset",356094,57069,35.96397,-84.286339,273,"TN",1212,"Quercus","montana","chestnut oak","Plantae",371,"Breaking leaf buds",8,"2016-01-01","2016-12-31",2016-04-22,113,2016-04-25,3,1,0
"offset",356094,57069,35.96397,-84.286339,273,"TN",1212,"Quercus","montana","chestnut oak","Plantae",371,"Breaking leaf buds",9,"2017-01-01","2017-12-31",2017-04-17,107,2017-04-20,3,1,0
"offset",356094,57069,35.96397,-84.286339,273,"TN",1212,"Quercus","montana","chestnut oak","Plantae",371,"Breaking leaf buds",10,"2018-01-01","2018-12-31",2018-04-27,117,2018-05-01,4,1,0
"offset",356094,57069,35.96397,-84.286339,273,"TN",1212,"Quercus","montana","chestnut oak","Plantae",371,"Breaking leaf buds",11,"2019-01-01","2019-12-31",2019-04-12,102,2019-04-16,4,1,0
"offset",356094,57069,35.96397,-84.286339,273,"TN",1212,"Quercus","montana","chestnut oak","Plantae",501,"Open flowers",7,"2015-01-01","2015-12-31",2015-04-20,110,2015-04-22,2,1,0
"offset",356094,57069,35.96397,-84.286339,273,"TN",1212,"Quercus","montana","chestnut oak","Plantae",501,"Open flowers",8,"2016-01-01","2016-12-31",2016-04-25,116,2016-04-27,2,1,0
"offset",356094,57069,35.96397,-84.286339,273,"TN",1212,"Quercus","montana","chestnut oak","Plantae",501,"Open flowers",9,"2017-01-01","2017-12-31",2017-04-17,107,2017-04-20,3,1,0
"offset",356094,57069,35.96397,-84.286339,273,"TN",1212,"Quercus","montana","chestnut oak","Plantae",501,"Open flowers",10,"2018-01-01","2018-12-31",2018-04-27,117,2018-05-01,4,1,0
"offset",356094,57069,35.96397,-84.286339,273,"TN",1212,"Quercus","montana","chestnut oak","Plantae",501,"Open flowers",11,"2019-01-01","2019-12-31",2019-04-16,106,2019-04-19,3,1,0
"offset",356095,57069,35.96397,-84.286339,273,"TN",1212,"Quercus","montana","chestnut oak","Plantae",371,"Breaking leaf buds",7,"2015-01-01","2015-12-31",2015-04-20,110,2015-04-22,2,1,0
"offset",356095,57069,35.96397,-84.286339,273,"TN",1212,"Quercus","montana","chestnut oak","Plantae",371,"Breaking leaf buds",8,"2016-01-01","2016-12-31",2016-04-22,113,2016-04-25,3,1,0
"offset",356095,57069,35.96397,-84.286339,273,"TN",1212,"Quercus","montana","chestnut oak","Plantae",371,"Breaking leaf buds",9,"2017-01-01","2017-12-31",2017-04-17,107,2017-04-20,3,1,0
"offset",356095,57069,35.96397,-84.286339,273,"TN",1212,"Quercus","montana","chestnut oak","Plantae",371,"Breaking leaf buds",10,"2018-01-01","2018-12-31",2018-04-27,117,2018-05-01,4,1,0
"offset",356095,57069,35.96397,-84.286339,273,"TN",1212,"Quercus","montana","chestnut oak","Plantae",371,"Breaking leaf buds",11,"2019-01-01","2019-12-31",2019-04-12,102,2019-04-16,4,1,0
"offset",356095,57069,35.96397,-84.286339,273,"TN",1212,"Quercus","montana","chestnut oak","Plantae",501,"Open flowers",7,"2015-01-01","2015-12-31",2015-04-20,110,2015-04-22,2,1,0
"offset",356095,57069,35.96397,-84.286339,273,"TN",1212,"Quercus","montana","chestnut oak","Plantae",501,"Open flowers",8,"2016-01-01","2016-12-31",2016-04-22,113,2016-04-25,3,1,0
"offset",356095,57069,35.96397,-84.286339,273,"TN",1212,"Quercus","montana","chestnut oak","Plantae",501,"Open flowers",9,"2017-01-01","2017-12-31",2017-04-17,107,2017-04-20,3,1,0
"offset",356095,57069,35.96397,-84.286339,273,"TN",1212,"Quercus","montana","chestnut oak","Plantae",501,"Open flowers",10,"2018-01-01","2018-12-31",2018-04-27,117,2018-05-01,4,1,0
"offset",356095,57069,35.96397,-84.286339,273,"TN",1212,"Quercus","montana","chestnut oak","Plantae",501,"Open flowers",11,"2019-01-01","2019-12-31",2019-04-16,106,2019-04-19,3,1,0
"offset",356100,57069,35.96397,-84.286339,273,"TN",1212,"Quercus","montana","chestnut oak","Plantae",371,"Breaking leaf buds",7,"2015-01-01","2015-12-31",2015-04-27,117,2015-04-29,2,1,0
"offset",356100,57069,35.96397,-84.286339,273,"TN",1212,"Quercus","montana","chestnut oak","Plantae",371,"Breaking leaf buds",8,"2016-01-01","2016-12-31",2016-04-22,113,2016-04-25,3,1,0
"offset",356100,57069,35.96397,-84.286339,273,"TN",1212,"Quercus","montana","chestnut oak","Plantae",371,"Breaking leaf buds",9,"2017-01-01","2017-12-31",2017-04-17,107,2017-04-20,3,1,0
"offset",356100,57069,35.96397,-84.286339,273,"TN",1212,"Quercus","montana","chestnut oak","Plantae",371,"Breaking leaf buds",10,"2018-01-01","2018-12-31",2018-04-27,117,2018-05-01,4,1,0
"offset",356100,57069,35.96397,-84.286339,273,"TN",1212,"Quercus","montana","chestnut oak","Plantae",371,"Breaking leaf buds",11,"2019-01-01","2019-12-31",2019-04-16,106,2019-04-19,3,1,0
"offset",356102,57069,35.96397,-84.286339,273,"TN",1212,"Quercus","montana","chestnut oak","Plantae",371,"Breaking leaf buds",7,"2015-01-01","2015-12-31",2015-04-22,112,2015-04-24,2,1,0
"offset",356102,57069,35.96397,-84.286339,273,"TN",1212,"Quercus","montana","chestnut oak","Plantae",371,"Breaking leaf buds",8,"2016-01-01","2016-12-31",2016-04-22,113,2016-04-25,3,1,0
"offset",356102,57069,35.96397,-84.286339,273,"TN",1212,"Quercus","montana","chestnut oak","Plantae",371,"Breaking leaf buds",9,"2017-01-01","2017-12-31",2017-04-14,104,2017-04-17,3,1,0
"offset",356102,57069,35.96397,-84.286339,273,"TN",1212,"Quercus","montana","chestnut oak","Plantae",371,"Breaking leaf buds",10,"2018-01-01","2018-12-31",2018-04-27,117,2018-05-01,4,1,0
"offset",356102,57069,35.96397,-84.286339,273,"TN",1212,"Quercus","montana","chestnut oak","Plantae",371,"Breaking leaf buds",11,"2019-01-01","2019-12-31",2019-04-12,102,2019-04-16,4,1,0
"offset",356102,57069,35.96397,-84.286339,273,"TN",1212,"Quercus","montana","chestnut oak","Plantae",501,"Open flowers",7,"2015-01-01","2015-12-31",2015-04-22,112,2015-04-24,2,1,0
"offset",356102,57069,35.96397,-84.286339,273,"TN",1212,"Quercus","montana","chestnut oak","Plantae",501,"Open flowers",8,"2016-01-01","2016-12-31",2016-04-25,116,2016-04-27,2,1,0
"offset",356102,57069,35.96397,-84.286339,273,"TN",1212,"Quercus","montana","chestnut oak","Plantae",501,"Open flowers",9,"2017-01-01","2017-12-31",2017-04-17,107,2017-04-20,3,1,0
"offset",356102,57069,35.96397,-84.286339,273,"TN",1212,"Quercus","montana","chestnut oak","Plantae",501,"Open flowers",10,"2018-01-01","2018-12-31",2018-04-27,117,2018-05-01,4,1,0
"offset",356102,57069,35.96397,-84.286339,273,"TN",1212,"Quercus","montana","chestnut oak","Plantae",501,"Open flowers",11,"2019-01-01","2019-12-31",2019-04-19,109,2019-04-23,4,1,0
"offset",356103,57069,35.96397,-84.286339,273,"TN",1212,"Quercus","montana","chestnut oak","Plantae",371,"Breaking leaf buds",7,"2015-01-01","2015-12-31",2015-04-17,107,2015-04-22,5,1,0
"offset",356103,57069,35.96397,-84.286339,273,"TN",1212,"Quercus","montana","chestnut oak","Plantae",371,"Breaking leaf buds",8,"2016-01-01","2016-12-31",2016-04-22,113,2016-04-25,3,1,0
"offset",356103,57069,35.96397,-84.286339,273,"TN",1212,"Quercus","montana","chestnut oak","Plantae",371,"Breaking leaf buds",9,"2017-01-01","2017-12-31",2017-04-17,107,2017-04-20,3,1,0
"offset",356103,57069,35.96397,-84.286339,273,"TN",1212,"Quercus","montana","chestnut oak","Plantae",371,"Breaking leaf buds",10,"2018-01-01","2018-12-31",2018-04-24,114,2018-04-27,3,1,0
"offset",356103,57069,35.96397,-84.286339,273,"TN",1212,"Quercus","montana","chestnut oak","Plantae",371,"Breaking leaf buds",11,"2019-01-01","2019-12-31",2019-04-12,102,2019-04-16,4,1,0
"offset",356103,57069,35.96397,-84.286339,273,"TN",1212,"Quercus","montana","chestnut oak","Plantae",501,"Open flowers",7,"2015-01-01","2015-12-31",2015-04-22,112,2015-04-24,2,1,0
"offset",356103,57069,35.96397,-84.286339,273,"TN",1212,"Quercus","montana","chestnut oak","Plantae",501,"Open flowers",8,"2016-01-01","2016-12-31",2016-04-13,104,2016-04-15,2,1,0
"offset",356103,57069,35.96397,-84.286339,273,"TN",1212,"Quercus","montana","chestnut oak","Plantae",501,"Open flowers",9,"2017-01-01","2017-12-31",2017-04-17,107,2017-04-20,3,1,0
"offset",356103,57069,35.96397,-84.286339,273,"TN",1212,"Quercus","montana","chestnut oak","Plantae",501,"Open flowers",11,"2019-01-01","2019-12-31",2019-04-16,106,2019-04-19,3,1,0
"offset",356107,57069,35.96397,-84.286339,273,"TN",1212,"Quercus","montana","chestnut oak","Plantae",371,"Breaking leaf buds",7,"2015-01-01","2015-12-31",2015-04-20,110,2015-04-22,2,1,0
"offset",356107,57069,35.96397,-84.286339,273,"TN",1212,"Quercus","montana","chestnut oak","Plantae",371,"Breaking leaf buds",8,"2016-01-01","2016-12-31",2016-04-20,111,2016-04-22,2,1,0
"offset",356107,57069,35.96397,-84.286339,273,"TN",1212,"Quercus","montana","chestnut oak","Plantae",371,"Breaking leaf buds",9,"2017-01-01","2017-12-31",2017-04-14,104,2017-04-17,3,1,0
"offset",356107,57069,35.96397,-84.286339,273,"TN",1212,"Quercus","montana","chestnut oak","Plantae",371,"Breaking leaf buds",10,"2018-01-01","2018-12-31",2018-04-24,114,2018-04-27,3,1,0
"offset",356107,57069,35.96397,-84.286339,273,"TN",1212,"Quercus","montana","chestnut oak","Plantae",371,"Breaking leaf buds",11,"2019-01-01","2019-12-31",2019-04-16,106,2019-04-19,3,1,0
"offset",356107,57069,35.96397,-84.286339,273,"TN",1212,"Quercus","montana","chestnut oak","Plantae",371,"Breaking leaf buds",13,"2021-01-01","2021-12-31",2021-04-16,106,2021-04-19,3,1,0
"offset",356107,57069,35.96397,-84.286339,273,"TN",1212,"Quercus","montana","chestnut oak","Plantae",371,"Breaking leaf buds",14,"2022-01-01","2022-12-31",2022-04-19,109,2022-04-22,3,1,0
"offset",356107,57069,35.96397,-84.286339,273,"TN",1212,"Quercus","montana","chestnut oak","Plantae",371,"Breaking leaf buds",15,"2023-01-01","2023-12-31",2023-04-14,104,2023-04-18,4,1,0
"offset",356107,57069,35.96397,-84.286339,273,"TN",1212,"Quercus","montana","chestnut oak","Plantae",371,"Breaking leaf buds",16,"2024-01-01","2024-12-31",2024-04-16,107,2024-04-19,3,1,0
"offset",356107,57069,35.96397,-84.286339,273,"TN",1212,"Quercus","montana","chestnut oak","Plantae",371,"Breaking leaf buds",17,"2025-01-01","2025-12-31",2025-04-11,101,NA,NA,1,0
"offset",356107,57069,35.96397,-84.286339,273,"TN",1212,"Quercus","montana","chestnut oak","Plantae",501,"Open flowers",7,"2015-01-01","2015-12-31",2015-04-22,112,2015-04-24,2,1,0
"offset",356107,57069,35.96397,-84.286339,273,"TN",1212,"Quercus","montana","chestnut oak","Plantae",501,"Open flowers",8,"2016-01-01","2016-12-31",2016-04-22,113,2016-04-25,3,1,0
"offset",356107,57069,35.96397,-84.286339,273,"TN",1212,"Quercus","montana","chestnut oak","Plantae",501,"Open flowers",9,"2017-01-01","2017-12-31",2017-04-17,107,2017-04-20,3,1,0
"offset",356107,57069,35.96397,-84.286339,273,"TN",1212,"Quercus","montana","chestnut oak","Plantae",501,"Open flowers",10,"2018-01-01","2018-12-31",2018-05-07,127,2018-05-11,4,1,0
"offset",356107,57069,35.96397,-84.286339,273,"TN",1212,"Quercus","montana","chestnut oak","Plantae",501,"Open flowers",11,"2019-01-01","2019-12-31",2019-04-19,109,2019-04-23,4,1,0
"offset",356107,57069,35.96397,-84.286339,273,"TN",1212,"Quercus","montana","chestnut oak","Plantae",501,"Open flowers",13,"2021-01-01","2021-12-31",2021-04-19,109,2021-04-22,3,1,0
"offset",356107,57069,35.96397,-84.286339,273,"TN",1212,"Quercus","montana","chestnut oak","Plantae",501,"Open flowers",14,"2022-01-01","2022-12-31",2022-04-22,112,2022-04-26,4,1,0
"offset",356107,57069,35.96397,-84.286339,273,"TN",1212,"Quercus","montana","chestnut oak","Plantae",501,"Open flowers",15,"2023-01-01","2023-12-31",2023-04-21,111,2023-04-25,4,1,0
"offset",356107,57069,35.96397,-84.286339,273,"TN",1212,"Quercus","montana","chestnut oak","Plantae",501,"Open flowers",16,"2024-01-01","2024-12-31",2024-04-19,110,2024-04-23,4,1,0
"offset",356107,57069,35.96397,-84.286339,273,"TN",1212,"Quercus","montana","chestnut oak","Plantae",501,"Open flowers",17,"2025-01-01","2025-12-31",2025-04-11,101,NA,NA,1,0
"offset",356108,57069,35.96397,-84.286339,273,"TN",1212,"Quercus","montana","chestnut oak","Plantae",371,"Breaking leaf buds",7,"2015-01-01","2015-12-31",2015-04-17,107,2015-04-22,5,1,0
"offset",356108,57069,35.96397,-84.286339,273,"TN",1212,"Quercus","montana","chestnut oak","Plantae",371,"Breaking leaf buds",8,"2016-01-01","2016-12-31",2016-04-15,106,2016-04-18,3,1,0
"offset",356108,57069,35.96397,-84.286339,273,"TN",1212,"Quercus","montana","chestnut oak","Plantae",371,"Breaking leaf buds",9,"2017-01-01","2017-12-31",2017-04-14,104,2017-04-17,3,1,0
"offset",356108,57069,35.96397,-84.286339,273,"TN",1212,"Quercus","montana","chestnut oak","Plantae",371,"Breaking leaf buds",10,"2018-01-01","2018-12-31",2018-04-27,117,2018-05-01,4,1,0
"offset",356108,57069,35.96397,-84.286339,273,"TN",1212,"Quercus","montana","chestnut oak","Plantae",371,"Breaking leaf buds",11,"2019-01-01","2019-12-31",2019-04-12,102,2019-04-16,4,1,0
"offset",356108,57069,35.96397,-84.286339,273,"TN",1212,"Quercus","montana","chestnut oak","Plantae",501,"Open flowers",7,"2015-01-01","2015-12-31",2015-04-17,107,2015-04-22,5,1,0
"offset",356108,57069,35.96397,-84.286339,273,"TN",1212,"Quercus","montana","chestnut oak","Plantae",501,"Open flowers",8,"2016-01-01","2016-12-31",2016-04-22,113,2016-04-25,3,1,0
"offset",356108,57069,35.96397,-84.286339,273,"TN",1212,"Quercus","montana","chestnut oak","Plantae",501,"Open flowers",9,"2017-01-01","2017-12-31",2017-04-17,107,2017-04-20,3,1,0
"offset",356108,57069,35.96397,-84.286339,273,"TN",1212,"Quercus","montana","chestnut oak","Plantae",501,"Open flowers",10,"2018-01-01","2018-12-31",2018-04-27,117,2018-05-01,4,1,0
"offset",356108,57069,35.96397,-84.286339,273,"TN",1212,"Quercus","montana","chestnut oak","Plantae",501,"Open flowers",11,"2019-01-01","2019-12-31",2019-04-19,109,2019-04-23,4,1,0
"offset",356109,57069,35.96397,-84.286339,273,"TN",1212,"Quercus","montana","chestnut oak","Plantae",371,"Breaking leaf buds",7,"2015-01-01","2015-12-31",2015-04-22,112,2015-04-24,2,1,0
"offset",356109,57069,35.96397,-84.286339,273,"TN",1212,"Quercus","montana","chestnut oak","Plantae",371,"Breaking leaf buds",8,"2016-01-01","2016-12-31",2016-04-22,113,2016-04-25,3,1,0
"offset",356109,57069,35.96397,-84.286339,273,"TN",1212,"Quercus","montana","chestnut oak","Plantae",371,"Breaking leaf buds",9,"2017-01-01","2017-12-31",2017-04-17,107,2017-04-20,3,1,0
"offset",356109,57069,35.96397,-84.286339,273,"TN",1212,"Quercus","montana","chestnut oak","Plantae",371,"Breaking leaf buds",10,"2018-01-01","2018-12-31",2018-04-24,114,2018-04-27,3,1,0
"offset",356109,57069,35.96397,-84.286339,273,"TN",1212,"Quercus","montana","chestnut oak","Plantae",371,"Breaking leaf buds",11,"2019-01-01","2019-12-31",2019-04-16,106,2019-04-19,3,1,0
"offset",356109,57069,35.96397,-84.286339,273,"TN",1212,"Quercus","montana","chestnut oak","Plantae",501,"Open flowers",7,"2015-01-01","2015-12-31",2015-04-22,112,2015-04-24,2,1,0
"offset",356109,57069,35.96397,-84.286339,273,"TN",1212,"Quercus","montana","chestnut oak","Plantae",501,"Open flowers",8,"2016-01-01","2016-12-31",2016-04-22,113,2016-04-25,3,1,0
"offset",356109,57069,35.96397,-84.286339,273,"TN",1212,"Quercus","montana","chestnut oak","Plantae",501,"Open flowers",9,"2017-01-01","2017-12-31",2017-04-17,107,2017-04-20,3,1,0
"offset",356109,57069,35.96397,-84.286339,273,"TN",1212,"Quercus","montana","chestnut oak","Plantae",501,"Open flowers",10,"2018-01-01","2018-12-31",2018-04-27,117,2018-05-01,4,1,0
"offset",356109,57069,35.96397,-84.286339,273,"TN",1212,"Quercus","montana","chestnut oak","Plantae",501,"Open flowers",11,"2019-01-01","2019-12-31",2019-04-16,106,2019-04-19,3,1,0
"offset",356110,57069,35.96397,-84.286339,273,"TN",1212,"Quercus","montana","chestnut oak","Plantae",371,"Breaking leaf buds",7,"2015-01-01","2015-12-31",2015-04-27,117,2015-04-29,2,1,0
"offset",356110,57069,35.96397,-84.286339,273,"TN",1212,"Quercus","montana","chestnut oak","Plantae",371,"Breaking leaf buds",8,"2016-01-01","2016-12-31",2016-04-22,113,2016-04-25,3,1,0
"offset",356110,57069,35.96397,-84.286339,273,"TN",1212,"Quercus","montana","chestnut oak","Plantae",371,"Breaking leaf buds",9,"2017-01-01","2017-12-31",2017-04-17,107,2017-04-20,3,1,0
"offset",356110,57069,35.96397,-84.286339,273,"TN",1212,"Quercus","montana","chestnut oak","Plantae",371,"Breaking leaf buds",10,"2018-01-01","2018-12-31",2018-04-27,117,2018-05-01,4,1,0
"offset",356110,57069,35.96397,-84.286339,273,"TN",1212,"Quercus","montana","chestnut oak","Plantae",371,"Breaking leaf buds",11,"2019-01-01","2019-12-31",2019-04-16,106,2019-04-19,3,1,0
"offset",356110,57069,35.96397,-84.286339,273,"TN",1212,"Quercus","montana","chestnut oak","Plantae",501,"Open flowers",7,"2015-01-01","2015-12-31",2015-04-22,112,2015-04-24,2,1,0
"offset",356110,57069,35.96397,-84.286339,273,"TN",1212,"Quercus","montana","chestnut oak","Plantae",501,"Open flowers",8,"2016-01-01","2016-12-31",2016-04-25,116,2016-04-27,2,1,0
"offset",356110,57069,35.96397,-84.286339,273,"TN",1212,"Quercus","montana","chestnut oak","Plantae",501,"Open flowers",9,"2017-01-01","2017-12-31",2017-04-17,107,2017-04-20,3,1,0
"offset",356110,57069,35.96397,-84.286339,273,"TN",1212,"Quercus","montana","chestnut oak","Plantae",501,"Open flowers",11,"2019-01-01","2019-12-31",2019-04-16,106,2019-04-19,3,1,0
"offset",356111,57069,35.96397,-84.286339,273,"TN",1212,"Quercus","montana","chestnut oak","Plantae",371,"Breaking leaf buds",7,"2015-01-01","2015-12-31",2015-04-27,117,2015-04-29,2,1,0
"offset",356111,57069,35.96397,-84.286339,273,"TN",1212,"Quercus","montana","chestnut oak","Plantae",371,"Breaking leaf buds",8,"2016-01-01","2016-12-31",2016-04-22,113,NA,NA,1,0
"offset",356112,57069,35.96397,-84.286339,273,"TN",1212,"Quercus","montana","chestnut oak","Plantae",371,"Breaking leaf buds",9,"2017-01-01","2017-12-31",2017-04-14,104,2017-04-17,3,1,0
"offset",356112,57069,35.96397,-84.286339,273,"TN",1212,"Quercus","montana","chestnut oak","Plantae",371,"Breaking leaf buds",10,"2018-01-01","2018-12-31",2018-04-24,114,2018-04-27,3,1,0
"offset",356112,57069,35.96397,-84.286339,273,"TN",1212,"Quercus","montana","chestnut oak","Plantae",371,"Breaking leaf buds",11,"2019-01-01","2019-12-31",2019-04-09,99,2019-04-12,3,1,0
"offset",356117,57069,35.96397,-84.286339,273,"TN",1212,"Quercus","montana","chestnut oak","Plantae",371,"Breaking leaf buds",7,"2015-01-01","2015-12-31",2015-04-17,107,2015-04-22,5,1,0
"offset",356117,57069,35.96397,-84.286339,273,"TN",1212,"Quercus","montana","chestnut oak","Plantae",371,"Breaking leaf buds",8,"2016-01-01","2016-12-31",2016-04-18,109,2016-04-20,2,1,0
"offset",356117,57069,35.96397,-84.286339,273,"TN",1212,"Quercus","montana","chestnut oak","Plantae",371,"Breaking leaf buds",9,"2017-01-01","2017-12-31",2017-04-17,107,2017-04-20,3,1,0
"offset",356117,57069,35.96397,-84.286339,273,"TN",1212,"Quercus","montana","chestnut oak","Plantae",371,"Breaking leaf buds",10,"2018-01-01","2018-12-31",2018-04-24,114,2018-04-27,3,1,0
"offset",356117,57069,35.96397,-84.286339,273,"TN",1212,"Quercus","montana","chestnut oak","Plantae",371,"Breaking leaf buds",11,"2019-01-01","2019-12-31",2019-04-12,102,2019-04-16,4,1,0
"offset",356117,57069,35.96397,-84.286339,273,"TN",1212,"Quercus","montana","chestnut oak","Plantae",371,"Breaking leaf buds",12,"2020-01-01","2020-12-31",2020-03-20,80,2020-05-27,68,1,0
"offset",356117,57069,35.96397,-84.286339,273,"TN",1212,"Quercus","montana","chestnut oak","Plantae",501,"Open flowers",7,"2015-01-01","2015-12-31",2015-04-22,112,2015-04-24,2,1,0
"offset",356117,57069,35.96397,-84.286339,273,"TN",1212,"Quercus","montana","chestnut oak","Plantae",501,"Open flowers",8,"2016-01-01","2016-12-31",2016-04-22,113,2016-04-25,3,1,0
"offset",356117,57069,35.96397,-84.286339,273,"TN",1212,"Quercus","montana","chestnut oak","Plantae",501,"Open flowers",9,"2017-01-01","2017-12-31",2017-04-17,107,2017-04-20,3,1,0
"offset",356117,57069,35.96397,-84.286339,273,"TN",1212,"Quercus","montana","chestnut oak","Plantae",501,"Open flowers",10,"2018-01-01","2018-12-31",2018-04-27,117,2018-05-01,4,1,0
"offset",356117,57069,35.96397,-84.286339,273,"TN",1212,"Quercus","montana","chestnut oak","Plantae",501,"Open flowers",11,"2019-01-01","2019-12-31",2019-04-16,106,2019-04-19,3,1,0
"offset",356118,57069,35.96397,-84.286339,273,"TN",1212,"Quercus","montana","chestnut oak","Plantae",371,"Breaking leaf buds",7,"2015-01-01","2015-12-31",2015-04-17,107,2015-04-22,5,1,0
"offset",356118,57069,35.96397,-84.286339,273,"TN",1212,"Quercus","montana","chestnut oak","Plantae",371,"Breaking leaf buds",8,"2016-01-01","2016-12-31",2016-04-22,113,2016-04-25,3,1,0
"offset",356118,57069,35.96397,-84.286339,273,"TN",1212,"Quercus","montana","chestnut oak","Plantae",371,"Breaking leaf buds",9,"2017-01-01","2017-12-31",2017-04-14,104,2017-04-17,3,1,0
"offset",356118,57069,35.96397,-84.286339,273,"TN",1212,"Quercus","montana","chestnut oak","Plantae",371,"Breaking leaf buds",10,"2018-01-01","2018-12-31",2018-04-24,114,2018-04-27,3,1,0
"offset",356118,57069,35.96397,-84.286339,273,"TN",1212,"Quercus","montana","chestnut oak","Plantae",371,"Breaking leaf buds",11,"2019-01-01","2019-12-31",2019-04-12,102,2019-04-16,4,1,0
"offset",356118,57069,35.96397,-84.286339,273,"TN",1212,"Quercus","montana","chestnut oak","Plantae",501,"Open flowers",7,"2015-01-01","2015-12-31",2015-04-20,110,2015-04-22,2,1,0
"offset",356118,57069,35.96397,-84.286339,273,"TN",1212,"Quercus","montana","chestnut oak","Plantae",501,"Open flowers",8,"2016-01-01","2016-12-31",2016-04-22,113,2016-04-25,3,1,0
"offset",356118,57069,35.96397,-84.286339,273,"TN",1212,"Quercus","montana","chestnut oak","Plantae",501,"Open flowers",9,"2017-01-01","2017-12-31",2017-04-17,107,2017-04-20,3,1,0
"offset",356118,57069,35.96397,-84.286339,273,"TN",1212,"Quercus","montana","chestnut oak","Plantae",501,"Open flowers",10,"2018-01-01","2018-12-31",2018-04-27,117,2018-05-01,4,1,0
"offset",356118,57069,35.96397,-84.286339,273,"TN",1212,"Quercus","montana","chestnut oak","Plantae",501,"Open flowers",11,"2019-01-01","2019-12-31",2019-04-16,106,2019-04-19,3,1,0
"offset",356119,57069,35.96397,-84.286339,273,"TN",1212,"Quercus","montana","chestnut oak","Plantae",371,"Breaking leaf buds",7,"2015-01-01","2015-12-31",2015-04-20,110,2015-04-22,2,1,0
"offset",356119,57069,35.96397,-84.286339,273,"TN",1212,"Quercus","montana","chestnut oak","Plantae",371,"Breaking leaf buds",8,"2016-01-01","2016-12-31",2016-04-22,113,2016-04-25,3,1,0
"offset",356119,57069,35.96397,-84.286339,273,"TN",1212,"Quercus","montana","chestnut oak","Plantae",371,"Breaking leaf buds",9,"2017-01-01","2017-12-31",2017-04-14,104,2017-04-17,3,1,0
"offset",356119,57069,35.96397,-84.286339,273,"TN",1212,"Quercus","montana","chestnut oak","Plantae",371,"Breaking leaf buds",10,"2018-01-01","2018-12-31",2018-04-24,114,2018-04-27,3,1,0
"offset",356119,57069,35.96397,-84.286339,273,"TN",1212,"Quercus","montana","chestnut oak","Plantae",371,"Breaking leaf buds",11,"2019-01-01","2019-12-31",2019-04-09,99,2019-04-12,3,1,0
"offset",356131,57069,35.96397,-84.286339,273,"TN",1212,"Quercus","montana","chestnut oak","Plantae",371,"Breaking leaf buds",7,"2015-01-01","2015-12-31",2015-04-24,114,2015-04-27,3,1,0
"offset",356131,57069,35.96397,-84.286339,273,"TN",1212,"Quercus","montana","chestnut oak","Plantae",371,"Breaking leaf buds",8,"2016-01-01","2016-12-31",2016-04-22,113,2016-04-25,3,1,0
"offset",356131,57069,35.96397,-84.286339,273,"TN",1212,"Quercus","montana","chestnut oak","Plantae",371,"Breaking leaf buds",9,"2017-01-01","2017-12-31",2017-04-20,110,2017-04-25,5,1,0
"offset",356131,57069,35.96397,-84.286339,273,"TN",1212,"Quercus","montana","chestnut oak","Plantae",371,"Breaking leaf buds",10,"2018-01-01","2018-12-31",2018-05-01,121,2018-05-07,6,1,0
"offset",356131,57069,35.96397,-84.286339,273,"TN",1212,"Quercus","montana","chestnut oak","Plantae",501,"Open flowers",7,"2015-01-01","2015-12-31",2015-04-22,112,2015-04-24,2,1,0
"offset",356131,57069,35.96397,-84.286339,273,"TN",1212,"Quercus","montana","chestnut oak","Plantae",501,"Open flowers",8,"2016-01-01","2016-12-31",2016-04-27,118,2016-05-05,8,1,0
"offset",356131,57069,35.96397,-84.286339,273,"TN",1212,"Quercus","montana","chestnut oak","Plantae",501,"Open flowers",9,"2017-01-01","2017-12-31",2017-04-28,118,2017-05-01,3,1,0
"offset",356131,57069,35.96397,-84.286339,273,"TN",1212,"Quercus","montana","chestnut oak","Plantae",501,"Open flowers",10,"2018-01-01","2018-12-31",2018-05-07,127,2018-05-11,4,1,0
"offset",356133,57069,35.96397,-84.286339,273,"TN",1212,"Quercus","montana","chestnut oak","Plantae",371,"Breaking leaf buds",7,"2015-01-01","2015-12-31",2015-04-22,112,2015-04-24,2,1,0
"offset",356133,57069,35.96397,-84.286339,273,"TN",1212,"Quercus","montana","chestnut oak","Plantae",371,"Breaking leaf buds",8,"2016-01-01","2016-12-31",2016-04-22,113,2016-04-25,3,1,0
"offset",356133,57069,35.96397,-84.286339,273,"TN",1212,"Quercus","montana","chestnut oak","Plantae",371,"Breaking leaf buds",9,"2017-01-01","2017-12-31",2017-04-14,104,2017-04-17,3,1,0
"offset",356133,57069,35.96397,-84.286339,273,"TN",1212,"Quercus","montana","chestnut oak","Plantae",371,"Breaking leaf buds",10,"2018-01-01","2018-12-31",2018-04-27,117,2018-05-01,4,1,0
"offset",356133,57069,35.96397,-84.286339,273,"TN",1212,"Quercus","montana","chestnut oak","Plantae",371,"Breaking leaf buds",11,"2019-01-01","2019-12-31",2019-04-16,106,2019-04-19,3,1,0
"offset",356133,57069,35.96397,-84.286339,273,"TN",1212,"Quercus","montana","chestnut oak","Plantae",501,"Open flowers",7,"2015-01-01","2015-12-31",2015-04-22,112,2015-04-24,2,1,0
"offset",356133,57069,35.96397,-84.286339,273,"TN",1212,"Quercus","montana","chestnut oak","Plantae",501,"Open flowers",8,"2016-01-01","2016-12-31",2016-04-25,116,2016-04-27,2,1,0
"offset",356133,57069,35.96397,-84.286339,273,"TN",1212,"Quercus","montana","chestnut oak","Plantae",501,"Open flowers",9,"2017-01-01","2017-12-31",2017-04-25,115,2017-04-28,3,1,0
"offset",356133,57069,35.96397,-84.286339,273,"TN",1212,"Quercus","montana","chestnut oak","Plantae",501,"Open flowers",11,"2019-01-01","2019-12-31",2019-04-16,106,2019-04-19,3,1,0
"offset",356141,57069,35.96397,-84.286339,273,"TN",1212,"Quercus","montana","chestnut oak","Plantae",371,"Breaking leaf buds",7,"2015-01-01","2015-12-31",2015-04-17,107,2015-04-22,5,1,0
"offset",356141,57069,35.96397,-84.286339,273,"TN",1212,"Quercus","montana","chestnut oak","Plantae",371,"Breaking leaf buds",8,"2016-01-01","2016-12-31",2016-04-15,106,2016-04-18,3,1,0
"offset",356141,57069,35.96397,-84.286339,273,"TN",1212,"Quercus","montana","chestnut oak","Plantae",371,"Breaking leaf buds",9,"2017-01-01","2017-12-31",2017-04-17,107,2017-04-20,3,1,0
"offset",356141,57069,35.96397,-84.286339,273,"TN",1212,"Quercus","montana","chestnut oak","Plantae",371,"Breaking leaf buds",10,"2018-01-01","2018-12-31",2018-04-24,114,2018-04-27,3,1,0
"offset",356141,57069,35.96397,-84.286339,273,"TN",1212,"Quercus","montana","chestnut oak","Plantae",371,"Breaking leaf buds",11,"2019-01-01","2019-12-31",2019-04-12,102,2019-04-16,4,1,0
"offset",356141,57069,35.96397,-84.286339,273,"TN",1212,"Quercus","montana","chestnut oak","Plantae",501,"Open flowers",7,"2015-01-01","2015-12-31",2015-04-17,107,2015-04-22,5,1,0
"offset",356141,57069,35.96397,-84.286339,273,"TN",1212,"Quercus","montana","chestnut oak","Plantae",501,"Open flowers",8,"2016-01-01","2016-12-31",2016-04-22,113,2016-04-25,3,1,0
"offset",356141,57069,35.96397,-84.286339,273,"TN",1212,"Quercus","montana","chestnut oak","Plantae",501,"Open flowers",9,"2017-01-01","2017-12-31",2017-04-17,107,2017-04-20,3,1,0
"offset",356141,57069,35.96397,-84.286339,273,"TN",1212,"Quercus","montana","chestnut oak","Plantae",501,"Open flowers",10,"2018-01-01","2018-12-31",2018-04-27,117,2018-05-01,4,1,0
"offset",356141,57069,35.96397,-84.286339,273,"TN",1212,"Quercus","montana","chestnut oak","Plantae",501,"Open flowers",11,"2019-01-01","2019-12-31",2019-04-16,106,2019-04-19,3,1,0
"offset",356144,57069,35.96397,-84.286339,273,"TN",1212,"Quercus","montana","chestnut oak","Plantae",371,"Breaking leaf buds",7,"2015-01-01","2015-12-31",2015-04-13,103,2015-04-17,4,1,0
"offset",356144,57069,35.96397,-84.286339,273,"TN",1212,"Quercus","montana","chestnut oak","Plantae",371,"Breaking leaf buds",8,"2016-01-01","2016-12-31",2016-04-11,102,2016-04-13,2,1,0
"offset",356144,57069,35.96397,-84.286339,273,"TN",1212,"Quercus","montana","chestnut oak","Plantae",371,"Breaking leaf buds",9,"2017-01-01","2017-12-31",2017-04-14,104,2017-04-17,3,1,0
"offset",356144,57069,35.96397,-84.286339,273,"TN",1212,"Quercus","montana","chestnut oak","Plantae",371,"Breaking leaf buds",10,"2018-01-01","2018-12-31",2018-04-24,114,2018-04-27,3,1,0
"offset",356144,57069,35.96397,-84.286339,273,"TN",1212,"Quercus","montana","chestnut oak","Plantae",371,"Breaking leaf buds",11,"2019-01-01","2019-12-31",2019-04-09,99,2019-04-12,3,1,0
"offset",356144,57069,35.96397,-84.286339,273,"TN",1212,"Quercus","montana","chestnut oak","Plantae",501,"Open flowers",7,"2015-01-01","2015-12-31",2015-04-20,110,2015-04-22,2,1,0
"offset",356144,57069,35.96397,-84.286339,273,"TN",1212,"Quercus","montana","chestnut oak","Plantae",501,"Open flowers",8,"2016-01-01","2016-12-31",2016-04-13,104,2016-04-15,2,1,0
"offset",356144,57069,35.96397,-84.286339,273,"TN",1212,"Quercus","montana","chestnut oak","Plantae",501,"Open flowers",9,"2017-01-01","2017-12-31",2017-04-17,107,2017-04-20,3,1,0
"offset",356144,57069,35.96397,-84.286339,273,"TN",1212,"Quercus","montana","chestnut oak","Plantae",501,"Open flowers",11,"2019-01-01","2019-12-31",2019-04-16,106,2019-04-19,3,1,0
"offset",356146,57069,35.96397,-84.286339,273,"TN",1212,"Quercus","montana","chestnut oak","Plantae",371,"Breaking leaf buds",7,"2015-01-01","2015-12-31",2015-04-17,107,2015-04-22,5,1,0
"offset",356146,57069,35.96397,-84.286339,273,"TN",1212,"Quercus","montana","chestnut oak","Plantae",371,"Breaking leaf buds",8,"2016-01-01","2016-12-31",2016-04-22,113,2016-04-25,3,1,0
"offset",356146,57069,35.96397,-84.286339,273,"TN",1212,"Quercus","montana","chestnut oak","Plantae",371,"Breaking leaf buds",9,"2017-01-01","2017-12-31",2017-04-17,107,2017-04-20,3,1,0
"offset",356146,57069,35.96397,-84.286339,273,"TN",1212,"Quercus","montana","chestnut oak","Plantae",371,"Breaking leaf buds",10,"2018-01-01","2018-12-31",2018-04-27,117,2018-05-01,4,1,0
"offset",356146,57069,35.96397,-84.286339,273,"TN",1212,"Quercus","montana","chestnut oak","Plantae",371,"Breaking leaf buds",11,"2019-01-01","2019-12-31",2019-04-12,102,2019-04-16,4,1,0
"offset",356146,57069,35.96397,-84.286339,273,"TN",1212,"Quercus","montana","chestnut oak","Plantae",501,"Open flowers",7,"2015-01-01","2015-12-31",2015-04-20,110,2015-04-22,2,1,0
"offset",356146,57069,35.96397,-84.286339,273,"TN",1212,"Quercus","montana","chestnut oak","Plantae",501,"Open flowers",8,"2016-01-01","2016-12-31",2016-04-22,113,2016-04-25,3,1,0
"offset",356146,57069,35.96397,-84.286339,273,"TN",1212,"Quercus","montana","chestnut oak","Plantae",501,"Open flowers",9,"2017-01-01","2017-12-31",2017-04-17,107,2017-04-20,3,1,0
"offset",356146,57069,35.96397,-84.286339,273,"TN",1212,"Quercus","montana","chestnut oak","Plantae",501,"Open flowers",10,"2018-01-01","2018-12-31",2018-04-27,117,2018-05-01,4,1,0
"offset",356146,57069,35.96397,-84.286339,273,"TN",1212,"Quercus","montana","chestnut oak","Plantae",501,"Open flowers",11,"2019-01-01","2019-12-31",2019-04-16,106,2019-04-19,3,1,0
"offset",356157,57069,35.96397,-84.286339,273,"TN",1212,"Quercus","montana","chestnut oak","Plantae",371,"Breaking leaf buds",7,"2015-01-01","2015-12-31",2015-04-22,112,2015-04-24,2,1,0
"offset",356157,57069,35.96397,-84.286339,273,"TN",1212,"Quercus","montana","chestnut oak","Plantae",371,"Breaking leaf buds",8,"2016-01-01","2016-12-31",2016-04-22,113,2016-04-25,3,1,0
"offset",356157,57069,35.96397,-84.286339,273,"TN",1212,"Quercus","montana","chestnut oak","Plantae",371,"Breaking leaf buds",9,"2017-01-01","2017-12-31",2017-04-14,104,2017-04-17,3,1,0
"offset",356157,57069,35.96397,-84.286339,273,"TN",1212,"Quercus","montana","chestnut oak","Plantae",371,"Breaking leaf buds",10,"2018-01-01","2018-12-31",2018-04-27,117,2018-05-01,4,1,0
"offset",356157,57069,35.96397,-84.286339,273,"TN",1212,"Quercus","montana","chestnut oak","Plantae",371,"Breaking leaf buds",11,"2019-01-01","2019-12-31",2019-04-09,99,2019-04-12,3,1,0
"offset",356160,57069,35.96397,-84.286339,273,"TN",1212,"Quercus","montana","chestnut oak","Plantae",371,"Breaking leaf buds",7,"2015-01-01","2015-12-31",2015-04-17,107,2015-04-22,5,1,0
"offset",356160,57069,35.96397,-84.286339,273,"TN",1212,"Quercus","montana","chestnut oak","Plantae",371,"Breaking leaf buds",8,"2016-01-01","2016-12-31",2016-04-22,113,2016-04-25,3,1,0
"offset",356160,57069,35.96397,-84.286339,273,"TN",1212,"Quercus","montana","chestnut oak","Plantae",371,"Breaking leaf buds",9,"2017-01-01","2017-12-31",2017-04-14,104,2017-04-17,3,1,0
"offset",356160,57069,35.96397,-84.286339,273,"TN",1212,"Quercus","montana","chestnut oak","Plantae",371,"Breaking leaf buds",10,"2018-01-01","2018-12-31",2018-04-24,114,2018-04-27,3,1,0
"offset",356160,57069,35.96397,-84.286339,273,"TN",1212,"Quercus","montana","chestnut oak","Plantae",371,"Breaking leaf buds",11,"2019-01-01","2019-12-31",2019-04-09,99,2019-04-12,3,1,0
"offset",356160,57069,35.96397,-84.286339,273,"TN",1212,"Quercus","montana","chestnut oak","Plantae",501,"Open flowers",7,"2015-01-01","2015-12-31",2015-04-20,110,2015-04-22,2,1,0
"offset",356160,57069,35.96397,-84.286339,273,"TN",1212,"Quercus","montana","chestnut oak","Plantae",501,"Open flowers",8,"2016-01-01","2016-12-31",2016-04-22,113,2016-04-25,3,1,0
"offset",356160,57069,35.96397,-84.286339,273,"TN",1212,"Quercus","montana","chestnut oak","Plantae",501,"Open flowers",9,"2017-01-01","2017-12-31",2017-04-14,104,2017-04-17,3,1,0
"offset",356160,57069,35.96397,-84.286339,273,"TN",1212,"Quercus","montana","chestnut oak","Plantae",501,"Open flowers",11,"2019-01-01","2019-12-31",2019-04-16,106,2019-04-19,3,1,0
"offset",356162,57069,35.96397,-84.286339,273,"TN",1212,"Quercus","montana","chestnut oak","Plantae",371,"Breaking leaf buds",7,"2015-01-01","2015-12-31",2015-04-17,107,2015-04-22,5,1,0
"offset",356162,57069,35.96397,-84.286339,273,"TN",1212,"Quercus","montana","chestnut oak","Plantae",371,"Breaking leaf buds",8,"2016-01-01","2016-12-31",2016-04-20,111,2016-04-22,2,1,0
"offset",356162,57069,35.96397,-84.286339,273,"TN",1212,"Quercus","montana","chestnut oak","Plantae",371,"Breaking leaf buds",9,"2017-01-01","2017-12-31",2017-04-14,104,2017-04-17,3,1,0
"offset",356162,57069,35.96397,-84.286339,273,"TN",1212,"Quercus","montana","chestnut oak","Plantae",371,"Breaking leaf buds",10,"2018-01-01","2018-12-31",2018-04-27,117,2018-05-01,4,1,0
"offset",356162,57069,35.96397,-84.286339,273,"TN",1212,"Quercus","montana","chestnut oak","Plantae",371,"Breaking leaf buds",11,"2019-01-01","2019-12-31",2019-04-12,102,2019-04-16,4,1,0
"offset",356162,57069,35.96397,-84.286339,273,"TN",1212,"Quercus","montana","chestnut oak","Plantae",371,"Breaking leaf buds",13,"2021-01-01","2021-12-31",2021-04-12,102,2021-04-16,4,1,0
"offset",356162,57069,35.96397,-84.286339,273,"TN",1212,"Quercus","montana","chestnut oak","Plantae",371,"Breaking leaf buds",14,"2022-01-01","2022-12-31",2022-04-22,112,2022-04-26,4,2,0
"offset",356162,57069,35.96397,-84.286339,273,"TN",1212,"Quercus","montana","chestnut oak","Plantae",371,"Breaking leaf buds",15,"2023-01-01","2023-12-31",2023-04-21,111,2023-04-25,4,1,0
"offset",356162,57069,35.96397,-84.286339,273,"TN",1212,"Quercus","montana","chestnut oak","Plantae",371,"Breaking leaf buds",16,"2024-01-01","2024-12-31",2024-04-12,103,2024-04-16,4,1,0
"offset",356162,57069,35.96397,-84.286339,273,"TN",1212,"Quercus","montana","chestnut oak","Plantae",371,"Breaking leaf buds",17,"2025-01-01","2025-12-31",2025-04-04,94,2025-04-08,4,1,0
"offset",356162,57069,35.96397,-84.286339,273,"TN",1212,"Quercus","montana","chestnut oak","Plantae",501,"Open flowers",7,"2015-01-01","2015-12-31",2015-04-20,110,2015-04-22,2,1,0
"offset",356162,57069,35.96397,-84.286339,273,"TN",1212,"Quercus","montana","chestnut oak","Plantae",501,"Open flowers",8,"2016-01-01","2016-12-31",2016-04-22,113,2016-04-25,3,1,0
"offset",356162,57069,35.96397,-84.286339,273,"TN",1212,"Quercus","montana","chestnut oak","Plantae",501,"Open flowers",9,"2017-01-01","2017-12-31",2017-04-17,107,2017-04-20,3,1,0
"offset",356162,57069,35.96397,-84.286339,273,"TN",1212,"Quercus","montana","chestnut oak","Plantae",501,"Open flowers",10,"2018-01-01","2018-12-31",2018-04-27,117,2018-05-01,4,1,0
"offset",356162,57069,35.96397,-84.286339,273,"TN",1212,"Quercus","montana","chestnut oak","Plantae",501,"Open flowers",11,"2019-01-01","2019-12-31",2019-04-16,106,2019-04-19,3,1,0
"offset",356162,57069,35.96397,-84.286339,273,"TN",1212,"Quercus","montana","chestnut oak","Plantae",501,"Open flowers",13,"2021-01-01","2021-12-31",2021-04-12,102,2021-04-16,4,1,0
"offset",356162,57069,35.96397,-84.286339,273,"TN",1212,"Quercus","montana","chestnut oak","Plantae",501,"Open flowers",14,"2022-01-01","2022-12-31",2022-04-22,112,2022-04-26,4,1,0
"offset",356162,57069,35.96397,-84.286339,273,"TN",1212,"Quercus","montana","chestnut oak","Plantae",501,"Open flowers",15,"2023-01-01","2023-12-31",2023-04-03,93,2023-04-07,4,1,0
"offset",356162,57069,35.96397,-84.286339,273,"TN",1212,"Quercus","montana","chestnut oak","Plantae",501,"Open flowers",17,"2025-01-01","2025-12-31",2025-04-11,101,NA,NA,1,0
"offset",356163,57069,35.96397,-84.286339,273,"TN",1212,"Quercus","montana","chestnut oak","Plantae",371,"Breaking leaf buds",7,"2015-01-01","2015-12-31",2015-04-20,110,2015-04-22,2,1,0
"offset",356163,57069,35.96397,-84.286339,273,"TN",1212,"Quercus","montana","chestnut oak","Plantae",371,"Breaking leaf buds",8,"2016-01-01","2016-12-31",2016-04-22,113,2016-04-25,3,1,0
"offset",356163,57069,35.96397,-84.286339,273,"TN",1212,"Quercus","montana","chestnut oak","Plantae",371,"Breaking leaf buds",9,"2017-01-01","2017-12-31",2017-04-14,104,2017-04-17,3,1,0
"offset",356163,57069,35.96397,-84.286339,273,"TN",1212,"Quercus","montana","chestnut oak","Plantae",371,"Breaking leaf buds",10,"2018-01-01","2018-12-31",2018-04-24,114,2018-04-27,3,1,0
"offset",356163,57069,35.96397,-84.286339,273,"TN",1212,"Quercus","montana","chestnut oak","Plantae",371,"Breaking leaf buds",11,"2019-01-01","2019-12-31",2019-04-12,102,2019-04-16,4,1,0
"offset",356163,57069,35.96397,-84.286339,273,"TN",1212,"Quercus","montana","chestnut oak","Plantae",371,"Breaking leaf buds",13,"2021-01-01","2021-12-31",2021-04-16,106,2021-04-19,3,1,0
"offset",356163,57069,35.96397,-84.286339,273,"TN",1212,"Quercus","montana","chestnut oak","Plantae",371,"Breaking leaf buds",14,"2022-01-01","2022-12-31",2022-04-22,112,2022-04-26,4,1,0
"offset",356163,57069,35.96397,-84.286339,273,"TN",1212,"Quercus","montana","chestnut oak","Plantae",371,"Breaking leaf buds",15,"2023-01-01","2023-12-31",2023-04-14,104,2023-04-18,4,1,0
"offset",356163,57069,35.96397,-84.286339,273,"TN",1212,"Quercus","montana","chestnut oak","Plantae",371,"Breaking leaf buds",16,"2024-01-01","2024-12-31",2024-04-16,107,2024-04-19,3,1,0
"offset",356163,57069,35.96397,-84.286339,273,"TN",1212,"Quercus","montana","chestnut oak","Plantae",371,"Breaking leaf buds",17,"2025-01-01","2025-12-31",2025-04-04,94,2025-04-08,4,1,0
"offset",356163,57069,35.96397,-84.286339,273,"TN",1212,"Quercus","montana","chestnut oak","Plantae",501,"Open flowers",7,"2015-01-01","2015-12-31",2015-04-20,110,2015-04-22,2,1,0
"offset",356163,57069,35.96397,-84.286339,273,"TN",1212,"Quercus","montana","chestnut oak","Plantae",501,"Open flowers",8,"2016-01-01","2016-12-31",2016-04-22,113,2016-04-25,3,1,0
"offset",356163,57069,35.96397,-84.286339,273,"TN",1212,"Quercus","montana","chestnut oak","Plantae",501,"Open flowers",9,"2017-01-01","2017-12-31",2017-04-17,107,2017-04-20,3,1,0
"offset",356163,57069,35.96397,-84.286339,273,"TN",1212,"Quercus","montana","chestnut oak","Plantae",501,"Open flowers",10,"2018-01-01","2018-12-31",2018-04-27,117,2018-05-01,4,1,0
"offset",356163,57069,35.96397,-84.286339,273,"TN",1212,"Quercus","montana","chestnut oak","Plantae",501,"Open flowers",11,"2019-01-01","2019-12-31",2019-04-16,106,2019-04-19,3,1,0
"offset",356163,57069,35.96397,-84.286339,273,"TN",1212,"Quercus","montana","chestnut oak","Plantae",501,"Open flowers",13,"2021-01-01","2021-12-31",2021-04-12,102,2021-04-16,4,1,0
"offset",356163,57069,35.96397,-84.286339,273,"TN",1212,"Quercus","montana","chestnut oak","Plantae",501,"Open flowers",14,"2022-01-01","2022-12-31",2022-04-22,112,2022-04-26,4,2,0
"offset",356163,57069,35.96397,-84.286339,273,"TN",1212,"Quercus","montana","chestnut oak","Plantae",501,"Open flowers",15,"2023-01-01","2023-12-31",2023-04-18,108,2023-04-21,3,1,0
"offset",356163,57069,35.96397,-84.286339,273,"TN",1212,"Quercus","montana","chestnut oak","Plantae",501,"Open flowers",16,"2024-01-01","2024-12-31",2024-04-23,114,2024-04-26,3,1,0
"offset",356163,57069,35.96397,-84.286339,273,"TN",1212,"Quercus","montana","chestnut oak","Plantae",501,"Open flowers",17,"2025-01-01","2025-12-31",2025-04-11,101,NA,NA,1,0
"offset",356168,57069,35.96397,-84.286339,273,"TN",1212,"Quercus","montana","chestnut oak","Plantae",371,"Breaking leaf buds",7,"2015-01-01","2015-12-31",2015-04-17,107,2015-04-22,5,1,0
"offset",356168,57069,35.96397,-84.286339,273,"TN",1212,"Quercus","montana","chestnut oak","Plantae",371,"Breaking leaf buds",8,"2016-01-01","2016-12-31",2016-04-20,111,2016-04-22,2,1,0
"offset",356168,57069,35.96397,-84.286339,273,"TN",1212,"Quercus","montana","chestnut oak","Plantae",371,"Breaking leaf buds",9,"2017-01-01","2017-12-31",2017-04-14,104,2017-04-17,3,1,0
"offset",356168,57069,35.96397,-84.286339,273,"TN",1212,"Quercus","montana","chestnut oak","Plantae",371,"Breaking leaf buds",10,"2018-01-01","2018-12-31",2018-04-27,117,2018-05-01,4,1,0
"offset",356168,57069,35.96397,-84.286339,273,"TN",1212,"Quercus","montana","chestnut oak","Plantae",371,"Breaking leaf buds",11,"2019-01-01","2019-12-31",2019-04-12,102,2019-04-16,4,1,0
"offset",356168,57069,35.96397,-84.286339,273,"TN",1212,"Quercus","montana","chestnut oak","Plantae",371,"Breaking leaf buds",13,"2021-01-01","2021-12-31",2021-04-12,102,2021-04-16,4,1,0
"offset",356168,57069,35.96397,-84.286339,273,"TN",1212,"Quercus","montana","chestnut oak","Plantae",371,"Breaking leaf buds",14,"2022-01-01","2022-12-31",2022-04-12,102,2022-04-15,3,1,0
"offset",356168,57069,35.96397,-84.286339,273,"TN",1212,"Quercus","montana","chestnut oak","Plantae",371,"Breaking leaf buds",15,"2023-01-01","2023-12-31",2023-04-11,101,2023-04-14,3,1,0
"offset",356168,57069,35.96397,-84.286339,273,"TN",1212,"Quercus","montana","chestnut oak","Plantae",371,"Breaking leaf buds",16,"2024-01-01","2024-12-31",2024-04-16,107,2024-04-19,3,1,0
"offset",356168,57069,35.96397,-84.286339,273,"TN",1212,"Quercus","montana","chestnut oak","Plantae",371,"Breaking leaf buds",17,"2025-01-01","2025-12-31",2025-04-04,94,2025-04-08,4,1,0
"offset",356168,57069,35.96397,-84.286339,273,"TN",1212,"Quercus","montana","chestnut oak","Plantae",501,"Open flowers",7,"2015-01-01","2015-12-31",2015-04-20,110,2015-04-22,2,1,0
"offset",356168,57069,35.96397,-84.286339,273,"TN",1212,"Quercus","montana","chestnut oak","Plantae",501,"Open flowers",8,"2016-01-01","2016-12-31",2016-04-22,113,2016-04-25,3,1,0
"offset",356168,57069,35.96397,-84.286339,273,"TN",1212,"Quercus","montana","chestnut oak","Plantae",501,"Open flowers",9,"2017-01-01","2017-12-31",2017-04-17,107,2017-04-20,3,1,0
"offset",356168,57069,35.96397,-84.286339,273,"TN",1212,"Quercus","montana","chestnut oak","Plantae",501,"Open flowers",11,"2019-01-01","2019-12-31",2019-04-16,106,2019-04-19,3,1,0
"offset",356168,57069,35.96397,-84.286339,273,"TN",1212,"Quercus","montana","chestnut oak","Plantae",501,"Open flowers",14,"2022-01-01","2022-12-31",2022-04-19,109,2022-04-22,3,1,0
"offset",356168,57069,35.96397,-84.286339,273,"TN",1212,"Quercus","montana","chestnut oak","Plantae",501,"Open flowers",15,"2023-01-01","2023-12-31",2023-03-31,90,2023-04-03,3,1,0
"offset",356168,57069,35.96397,-84.286339,273,"TN",1212,"Quercus","montana","chestnut oak","Plantae",501,"Open flowers",17,"2025-01-01","2025-12-31",2025-04-11,101,NA,NA,1,0
"offset",356171,57069,35.96397,-84.286339,273,"TN",1212,"Quercus","montana","chestnut oak","Plantae",371,"Breaking leaf buds",7,"2015-01-01","2015-12-31",2015-04-17,107,2015-04-22,5,1,0
"offset",356171,57069,35.96397,-84.286339,273,"TN",1212,"Quercus","montana","chestnut oak","Plantae",371,"Breaking leaf buds",8,"2016-01-01","2016-12-31",2016-04-13,104,2016-04-15,2,1,0
"offset",356171,57069,35.96397,-84.286339,273,"TN",1212,"Quercus","montana","chestnut oak","Plantae",371,"Breaking leaf buds",9,"2017-01-01","2017-12-31",2017-04-17,107,2017-04-20,3,1,0
"offset",356171,57069,35.96397,-84.286339,273,"TN",1212,"Quercus","montana","chestnut oak","Plantae",371,"Breaking leaf buds",10,"2018-01-01","2018-12-31",2018-04-27,117,2018-05-01,4,1,0
"offset",356171,57069,35.96397,-84.286339,273,"TN",1212,"Quercus","montana","chestnut oak","Plantae",371,"Breaking leaf buds",11,"2019-01-01","2019-12-31",2019-04-12,102,2019-04-16,4,1,0
"offset",356171,57069,35.96397,-84.286339,273,"TN",1212,"Quercus","montana","chestnut oak","Plantae",371,"Breaking leaf buds",13,"2021-01-01","2021-12-31",2021-04-09,99,2021-04-12,3,1,0
"offset",356171,57069,35.96397,-84.286339,273,"TN",1212,"Quercus","montana","chestnut oak","Plantae",371,"Breaking leaf buds",14,"2022-01-01","2022-12-31",2022-04-26,116,2022-04-29,3,1,0
"offset",356171,57069,35.96397,-84.286339,273,"TN",1212,"Quercus","montana","chestnut oak","Plantae",371,"Breaking leaf buds",15,"2023-01-01","2023-12-31",2023-05-04,124,2023-05-09,5,1,0
"offset",356171,57069,35.96397,-84.286339,273,"TN",1212,"Quercus","montana","chestnut oak","Plantae",371,"Breaking leaf buds",16,"2024-01-01","2024-12-31",2024-04-12,103,2024-04-16,4,1,0
"offset",356171,57069,35.96397,-84.286339,273,"TN",1212,"Quercus","montana","chestnut oak","Plantae",371,"Breaking leaf buds",17,"2025-01-01","2025-12-31",2025-04-01,91,2025-04-04,3,1,0
"offset",356171,57069,35.96397,-84.286339,273,"TN",1212,"Quercus","montana","chestnut oak","Plantae",501,"Open flowers",7,"2015-01-01","2015-12-31",2015-04-22,112,2015-04-24,2,1,0
"offset",356171,57069,35.96397,-84.286339,273,"TN",1212,"Quercus","montana","chestnut oak","Plantae",501,"Open flowers",8,"2016-01-01","2016-12-31",2016-04-13,104,2016-04-15,2,1,0
"offset",356171,57069,35.96397,-84.286339,273,"TN",1212,"Quercus","montana","chestnut oak","Plantae",501,"Open flowers",9,"2017-01-01","2017-12-31",2017-04-17,107,2017-04-20,3,1,0
"offset",356171,57069,35.96397,-84.286339,273,"TN",1212,"Quercus","montana","chestnut oak","Plantae",501,"Open flowers",10,"2018-01-01","2018-12-31",2018-04-27,117,2018-05-01,4,1,0
"offset",356171,57069,35.96397,-84.286339,273,"TN",1212,"Quercus","montana","chestnut oak","Plantae",501,"Open flowers",11,"2019-01-01","2019-12-31",2019-04-16,106,2019-04-19,3,1,0
"offset",356171,57069,35.96397,-84.286339,273,"TN",1212,"Quercus","montana","chestnut oak","Plantae",501,"Open flowers",13,"2021-01-01","2021-12-31",2021-04-16,106,2021-04-19,3,1,0
"offset",356171,57069,35.96397,-84.286339,273,"TN",1212,"Quercus","montana","chestnut oak","Plantae",501,"Open flowers",14,"2022-01-01","2022-12-31",2022-04-22,112,2022-04-26,4,1,0
"offset",356171,57069,35.96397,-84.286339,273,"TN",1212,"Quercus","montana","chestnut oak","Plantae",501,"Open flowers",15,"2023-01-01","2023-12-31",2023-04-18,108,2023-04-21,3,2,0
"offset",356171,57069,35.96397,-84.286339,273,"TN",1212,"Quercus","montana","chestnut oak","Plantae",501,"Open flowers",16,"2024-01-01","2024-12-31",2024-04-19,110,2024-04-23,4,1,0
"offset",356171,57069,35.96397,-84.286339,273,"TN",1212,"Quercus","montana","chestnut oak","Plantae",501,"Open flowers",17,"2025-01-01","2025-12-31",2025-04-11,101,NA,NA,1,0
"offset",356173,57069,35.96397,-84.286339,273,"TN",1212,"Quercus","montana","chestnut oak","Plantae",371,"Breaking leaf buds",7,"2015-01-01","2015-12-31",2015-04-17,107,2015-04-22,5,1,0
"offset",356173,57069,35.96397,-84.286339,273,"TN",1212,"Quercus","montana","chestnut oak","Plantae",371,"Breaking leaf buds",8,"2016-01-01","2016-12-31",2016-04-22,113,2016-04-25,3,1,0
"offset",356173,57069,35.96397,-84.286339,273,"TN",1212,"Quercus","montana","chestnut oak","Plantae",371,"Breaking leaf buds",9,"2017-01-01","2017-12-31",2017-04-17,107,2017-04-20,3,1,0
"offset",356173,57069,35.96397,-84.286339,273,"TN",1212,"Quercus","montana","chestnut oak","Plantae",371,"Breaking leaf buds",10,"2018-01-01","2018-12-31",2018-04-27,117,2018-05-01,4,1,0
"offset",356173,57069,35.96397,-84.286339,273,"TN",1212,"Quercus","montana","chestnut oak","Plantae",371,"Breaking leaf buds",11,"2019-01-01","2019-12-31",2019-04-12,102,2019-04-16,4,1,0
"offset",356173,57069,35.96397,-84.286339,273,"TN",1212,"Quercus","montana","chestnut oak","Plantae",501,"Open flowers",7,"2015-01-01","2015-12-31",2015-04-22,112,2015-04-24,2,1,0
"offset",356173,57069,35.96397,-84.286339,273,"TN",1212,"Quercus","montana","chestnut oak","Plantae",501,"Open flowers",8,"2016-01-01","2016-12-31",2016-04-22,113,2016-04-25,3,1,0
"offset",356173,57069,35.96397,-84.286339,273,"TN",1212,"Quercus","montana","chestnut oak","Plantae",501,"Open flowers",9,"2017-01-01","2017-12-31",2017-04-25,115,2017-04-28,3,1,0
"offset",356173,57069,35.96397,-84.286339,273,"TN",1212,"Quercus","montana","chestnut oak","Plantae",501,"Open flowers",11,"2019-01-01","2019-12-31",2019-04-19,109,2019-04-23,4,1,0
"offset",356174,57069,35.96397,-84.286339,273,"TN",1212,"Quercus","montana","chestnut oak","Plantae",371,"Breaking leaf buds",7,"2015-01-01","2015-12-31",2015-04-17,107,2015-04-22,5,1,0
"offset",356174,57069,35.96397,-84.286339,273,"TN",1212,"Quercus","montana","chestnut oak","Plantae",371,"Breaking leaf buds",8,"2016-01-01","2016-12-31",2016-04-15,106,2016-04-18,3,1,0
"offset",356174,57069,35.96397,-84.286339,273,"TN",1212,"Quercus","montana","chestnut oak","Plantae",371,"Breaking leaf buds",9,"2017-01-01","2017-12-31",2017-04-14,104,2017-04-17,3,1,0
"offset",356174,57069,35.96397,-84.286339,273,"TN",1212,"Quercus","montana","chestnut oak","Plantae",371,"Breaking leaf buds",10,"2018-01-01","2018-12-31",2018-04-27,117,2018-05-01,4,1,0
"offset",356174,57069,35.96397,-84.286339,273,"TN",1212,"Quercus","montana","chestnut oak","Plantae",371,"Breaking leaf buds",11,"2019-01-01","2019-12-31",2019-04-12,102,2019-04-16,4,1,0
"offset",356174,57069,35.96397,-84.286339,273,"TN",1212,"Quercus","montana","chestnut oak","Plantae",501,"Open flowers",7,"2015-01-01","2015-12-31",2015-04-20,110,2015-04-22,2,1,0
"offset",356174,57069,35.96397,-84.286339,273,"TN",1212,"Quercus","montana","chestnut oak","Plantae",501,"Open flowers",8,"2016-01-01","2016-12-31",2016-04-22,113,2016-04-25,3,1,0
"offset",356174,57069,35.96397,-84.286339,273,"TN",1212,"Quercus","montana","chestnut oak","Plantae",501,"Open flowers",9,"2017-01-01","2017-12-31",2017-04-17,107,2017-04-20,3,1,0
"offset",356174,57069,35.96397,-84.286339,273,"TN",1212,"Quercus","montana","chestnut oak","Plantae",501,"Open flowers",10,"2018-01-01","2018-12-31",2018-04-27,117,2018-05-01,4,1,0
"offset",356174,57069,35.96397,-84.286339,273,"TN",1212,"Quercus","montana","chestnut oak","Plantae",501,"Open flowers",11,"2019-01-01","2019-12-31",2019-04-16,106,2019-04-19,3,1,0
"offset",356175,57069,35.96397,-84.286339,273,"TN",1212,"Quercus","montana","chestnut oak","Plantae",371,"Breaking leaf buds",7,"2015-01-01","2015-12-31",2015-04-17,107,2015-04-22,5,1,0
"offset",356175,57069,35.96397,-84.286339,273,"TN",1212,"Quercus","montana","chestnut oak","Plantae",371,"Breaking leaf buds",8,"2016-01-01","2016-12-31",2016-04-22,113,2016-04-25,3,1,0
"offset",356175,57069,35.96397,-84.286339,273,"TN",1212,"Quercus","montana","chestnut oak","Plantae",371,"Breaking leaf buds",9,"2017-01-01","2017-12-31",2017-04-17,107,2017-04-20,3,1,0
"offset",356175,57069,35.96397,-84.286339,273,"TN",1212,"Quercus","montana","chestnut oak","Plantae",371,"Breaking leaf buds",10,"2018-01-01","2018-12-31",2018-04-27,117,2018-05-01,4,1,0
"offset",356175,57069,35.96397,-84.286339,273,"TN",1212,"Quercus","montana","chestnut oak","Plantae",371,"Breaking leaf buds",11,"2019-01-01","2019-12-31",2019-04-16,106,2019-04-19,3,1,0
"offset",356175,57069,35.96397,-84.286339,273,"TN",1212,"Quercus","montana","chestnut oak","Plantae",501,"Open flowers",7,"2015-01-01","2015-12-31",2015-04-17,107,2015-04-22,5,1,0
"offset",356175,57069,35.96397,-84.286339,273,"TN",1212,"Quercus","montana","chestnut oak","Plantae",501,"Open flowers",8,"2016-01-01","2016-12-31",2016-04-22,113,2016-04-25,3,1,0
"offset",356175,57069,35.96397,-84.286339,273,"TN",1212,"Quercus","montana","chestnut oak","Plantae",501,"Open flowers",9,"2017-01-01","2017-12-31",2017-04-17,107,2017-04-20,3,1,0
"offset",356175,57069,35.96397,-84.286339,273,"TN",1212,"Quercus","montana","chestnut oak","Plantae",501,"Open flowers",11,"2019-01-01","2019-12-31",2019-04-16,106,2019-04-19,3,1,0
"offset",356182,57069,35.96397,-84.286339,273,"TN",1212,"Quercus","montana","chestnut oak","Plantae",371,"Breaking leaf buds",7,"2015-01-01","2015-12-31",2015-04-17,107,2015-04-22,5,1,0
"offset",356182,57069,35.96397,-84.286339,273,"TN",1212,"Quercus","montana","chestnut oak","Plantae",371,"Breaking leaf buds",8,"2016-01-01","2016-12-31",2016-04-22,113,2016-04-25,3,1,0
"offset",356182,57069,35.96397,-84.286339,273,"TN",1212,"Quercus","montana","chestnut oak","Plantae",371,"Breaking leaf buds",9,"2017-01-01","2017-12-31",2017-04-14,104,2017-04-17,3,1,0
"offset",356182,57069,35.96397,-84.286339,273,"TN",1212,"Quercus","montana","chestnut oak","Plantae",371,"Breaking leaf buds",10,"2018-01-01","2018-12-31",2018-04-27,117,2018-05-01,4,1,0
"offset",356182,57069,35.96397,-84.286339,273,"TN",1212,"Quercus","montana","chestnut oak","Plantae",371,"Breaking leaf buds",11,"2019-01-01","2019-12-31",2019-04-12,102,2019-04-16,4,1,0
"offset",356182,57069,35.96397,-84.286339,273,"TN",1212,"Quercus","montana","chestnut oak","Plantae",501,"Open flowers",7,"2015-01-01","2015-12-31",2015-04-22,112,2015-04-24,2,2,0
"offset",356182,57069,35.96397,-84.286339,273,"TN",1212,"Quercus","montana","chestnut oak","Plantae",501,"Open flowers",8,"2016-01-01","2016-12-31",2016-04-22,113,2016-04-25,3,1,0
"offset",356182,57069,35.96397,-84.286339,273,"TN",1212,"Quercus","montana","chestnut oak","Plantae",501,"Open flowers",9,"2017-01-01","2017-12-31",2017-04-17,107,2017-04-20,3,1,0
"offset",356182,57069,35.96397,-84.286339,273,"TN",1212,"Quercus","montana","chestnut oak","Plantae",501,"Open flowers",11,"2019-01-01","2019-12-31",2019-04-19,109,2019-04-23,4,1,0
"offset",356184,57069,35.96397,-84.286339,273,"TN",1212,"Quercus","montana","chestnut oak","Plantae",371,"Breaking leaf buds",7,"2015-01-01","2015-12-31",2015-04-17,107,2015-04-22,5,1,0
"offset",356184,57069,35.96397,-84.286339,273,"TN",1212,"Quercus","montana","chestnut oak","Plantae",371,"Breaking leaf buds",8,"2016-01-01","2016-12-31",2016-04-20,111,2016-04-22,2,1,0
"offset",356184,57069,35.96397,-84.286339,273,"TN",1212,"Quercus","montana","chestnut oak","Plantae",371,"Breaking leaf buds",9,"2017-01-01","2017-12-31",2017-04-14,104,2017-04-17,3,1,0
"offset",356184,57069,35.96397,-84.286339,273,"TN",1212,"Quercus","montana","chestnut oak","Plantae",371,"Breaking leaf buds",10,"2018-01-01","2018-12-31",2018-04-27,117,2018-05-01,4,1,0
"offset",356184,57069,35.96397,-84.286339,273,"TN",1212,"Quercus","montana","chestnut oak","Plantae",371,"Breaking leaf buds",11,"2019-01-01","2019-12-31",2019-04-12,102,2019-04-16,4,1,0
"offset",356184,57069,35.96397,-84.286339,273,"TN",1212,"Quercus","montana","chestnut oak","Plantae",501,"Open flowers",7,"2015-01-01","2015-12-31",2015-04-20,110,2015-04-22,2,1,0
"offset",356184,57069,35.96397,-84.286339,273,"TN",1212,"Quercus","montana","chestnut oak","Plantae",501,"Open flowers",8,"2016-01-01","2016-12-31",2016-04-22,113,2016-04-25,3,1,0
"offset",356184,57069,35.96397,-84.286339,273,"TN",1212,"Quercus","montana","chestnut oak","Plantae",501,"Open flowers",9,"2017-01-01","2017-12-31",2017-04-17,107,2017-04-20,3,1,0
"offset",356184,57069,35.96397,-84.286339,273,"TN",1212,"Quercus","montana","chestnut oak","Plantae",501,"Open flowers",11,"2019-01-01","2019-12-31",2019-04-16,106,2019-04-19,3,1,0
"offset",356197,57069,35.96397,-84.286339,273,"TN",1212,"Quercus","montana","chestnut oak","Plantae",371,"Breaking leaf buds",11,"2019-01-01","2019-12-31",2019-04-12,102,2019-04-16,4,1,0
"offset",356197,57069,35.96397,-84.286339,273,"TN",1212,"Quercus","montana","chestnut oak","Plantae",501,"Open flowers",11,"2019-01-01","2019-12-31",2019-04-16,106,2019-04-19,3,1,0
"offset",356261,57069,35.96397,-84.286339,273,"TN",100,"Quercus","alba","white oak","Plantae",371,"Breaking leaf buds",13,"2021-01-01","2021-12-31",2021-04-12,102,2021-04-16,4,1,0
"offset",356261,57069,35.96397,-84.286339,273,"TN",100,"Quercus","alba","white oak","Plantae",371,"Breaking leaf buds",14,"2022-01-01","2022-12-31",2022-04-26,116,2022-04-29,3,1,0
"offset",356261,57069,35.96397,-84.286339,273,"TN",100,"Quercus","alba","white oak","Plantae",371,"Breaking leaf buds",15,"2023-01-01","2023-12-31",2023-04-21,111,2023-04-25,4,1,0
"offset",356261,57069,35.96397,-84.286339,273,"TN",100,"Quercus","alba","white oak","Plantae",371,"Breaking leaf buds",16,"2024-01-01","2024-12-31",2024-04-16,107,2024-04-19,3,1,0
"offset",356261,57069,35.96397,-84.286339,273,"TN",100,"Quercus","alba","white oak","Plantae",371,"Breaking leaf buds",17,"2025-01-01","2025-12-31",2025-04-11,101,NA,NA,1,0
"offset",356261,57069,35.96397,-84.286339,273,"TN",100,"Quercus","alba","white oak","Plantae",501,"Open flowers",13,"2021-01-01","2021-12-31",2021-04-12,102,2021-04-16,4,1,0
"offset",356261,57069,35.96397,-84.286339,273,"TN",100,"Quercus","alba","white oak","Plantae",501,"Open flowers",17,"2025-01-01","2025-12-31",2025-04-11,101,NA,NA,1,0
"offset",356266,57069,35.96397,-84.286339,273,"TN",100,"Quercus","alba","white oak","Plantae",371,"Breaking leaf buds",13,"2021-01-01","2021-12-31",2021-04-16,106,2021-04-19,3,1,0
"offset",356266,57069,35.96397,-84.286339,273,"TN",100,"Quercus","alba","white oak","Plantae",371,"Breaking leaf buds",14,"2022-01-01","2022-12-31",2022-04-19,109,2022-04-22,3,1,0
"offset",356266,57069,35.96397,-84.286339,273,"TN",100,"Quercus","alba","white oak","Plantae",371,"Breaking leaf buds",15,"2023-01-01","2023-12-31",2023-04-18,108,2023-04-21,3,1,0
"offset",356266,57069,35.96397,-84.286339,273,"TN",100,"Quercus","alba","white oak","Plantae",371,"Breaking leaf buds",16,"2024-01-01","2024-12-31",2024-04-05,96,2024-04-08,3,1,0
"offset",356266,57069,35.96397,-84.286339,273,"TN",100,"Quercus","alba","white oak","Plantae",371,"Breaking leaf buds",17,"2025-01-01","2025-12-31",2025-04-11,101,NA,NA,1,0
"offset",356266,57069,35.96397,-84.286339,273,"TN",100,"Quercus","alba","white oak","Plantae",501,"Open flowers",14,"2022-01-01","2022-12-31",2022-04-08,98,2022-04-12,4,1,0
"offset",356266,57069,35.96397,-84.286339,273,"TN",100,"Quercus","alba","white oak","Plantae",501,"Open flowers",15,"2023-01-01","2023-12-31",2023-03-31,90,2023-04-03,3,1,0
"offset",356266,57069,35.96397,-84.286339,273,"TN",100,"Quercus","alba","white oak","Plantae",501,"Open flowers",16,"2024-01-01","2024-12-31",2024-04-08,99,2024-04-12,4,1,0
"offset",356271,57069,35.96397,-84.286339,273,"TN",100,"Quercus","alba","white oak","Plantae",371,"Breaking leaf buds",13,"2021-01-01","2021-12-31",2021-04-16,106,2021-04-19,3,1,0
"offset",356271,57069,35.96397,-84.286339,273,"TN",100,"Quercus","alba","white oak","Plantae",371,"Breaking leaf buds",14,"2022-01-01","2022-12-31",2022-04-22,112,2022-04-26,4,1,0
"offset",356271,57069,35.96397,-84.286339,273,"TN",100,"Quercus","alba","white oak","Plantae",371,"Breaking leaf buds",15,"2023-01-01","2023-12-31",2023-04-25,115,2023-04-28,3,2,0
"offset",356271,57069,35.96397,-84.286339,273,"TN",100,"Quercus","alba","white oak","Plantae",371,"Breaking leaf buds",16,"2024-01-01","2024-12-31",2024-04-26,117,2024-04-30,4,1,0
"offset",356271,57069,35.96397,-84.286339,273,"TN",100,"Quercus","alba","white oak","Plantae",371,"Breaking leaf buds",17,"2025-01-01","2025-12-31",2025-04-11,101,NA,NA,1,0
"offset",356271,57069,35.96397,-84.286339,273,"TN",100,"Quercus","alba","white oak","Plantae",501,"Open flowers",13,"2021-01-01","2021-12-31",2021-04-27,117,2021-04-30,3,1,0
"offset",356271,57069,35.96397,-84.286339,273,"TN",100,"Quercus","alba","white oak","Plantae",501,"Open flowers",14,"2022-01-01","2022-12-31",2022-05-03,123,2022-05-06,3,1,0
"offset",356271,57069,35.96397,-84.286339,273,"TN",100,"Quercus","alba","white oak","Plantae",501,"Open flowers",15,"2023-01-01","2023-12-31",2023-05-01,121,2023-05-04,3,1,0
"offset",356271,57069,35.96397,-84.286339,273,"TN",100,"Quercus","alba","white oak","Plantae",501,"Open flowers",16,"2024-01-01","2024-12-31",2024-05-03,124,2024-05-07,4,1,0
"offset",356271,57069,35.96397,-84.286339,273,"TN",100,"Quercus","alba","white oak","Plantae",501,"Open flowers",17,"2025-01-01","2025-12-31",2025-04-11,101,NA,NA,1,0
"offset",356273,57069,35.96397,-84.286339,273,"TN",100,"Quercus","alba","white oak","Plantae",371,"Breaking leaf buds",13,"2021-01-01","2021-12-31",2021-04-30,120,2021-05-07,7,1,0
"offset",356273,57069,35.96397,-84.286339,273,"TN",100,"Quercus","alba","white oak","Plantae",371,"Breaking leaf buds",14,"2022-01-01","2022-12-31",2022-04-29,119,2022-05-03,4,1,0
"offset",356273,57069,35.96397,-84.286339,273,"TN",100,"Quercus","alba","white oak","Plantae",371,"Breaking leaf buds",15,"2023-01-01","2023-12-31",2023-04-11,101,2023-04-14,3,1,0
"offset",356273,57069,35.96397,-84.286339,273,"TN",100,"Quercus","alba","white oak","Plantae",371,"Breaking leaf buds",16,"2024-01-01","2024-12-31",2024-04-26,117,2024-04-30,4,1,0
"offset",356273,57069,35.96397,-84.286339,273,"TN",100,"Quercus","alba","white oak","Plantae",371,"Breaking leaf buds",17,"2025-01-01","2025-12-31",2025-04-11,101,NA,NA,1,0
"offset",356274,57069,35.96397,-84.286339,273,"TN",100,"Quercus","alba","white oak","Plantae",371,"Breaking leaf buds",13,"2021-01-01","2021-12-31",2021-04-09,99,2021-04-12,3,1,0
"offset",356274,57069,35.96397,-84.286339,273,"TN",100,"Quercus","alba","white oak","Plantae",371,"Breaking leaf buds",14,"2022-01-01","2022-12-31",2022-04-22,112,2022-04-26,4,1,0
"offset",356274,57069,35.96397,-84.286339,273,"TN",100,"Quercus","alba","white oak","Plantae",371,"Breaking leaf buds",15,"2023-01-01","2023-12-31",2023-04-14,104,2023-04-18,4,1,0
"offset",356274,57069,35.96397,-84.286339,273,"TN",100,"Quercus","alba","white oak","Plantae",371,"Breaking leaf buds",16,"2024-01-01","2024-12-31",2024-04-12,103,2024-04-16,4,1,0
"offset",356274,57069,35.96397,-84.286339,273,"TN",100,"Quercus","alba","white oak","Plantae",371,"Breaking leaf buds",17,"2025-01-01","2025-12-31",2025-04-11,101,NA,NA,1,0
"offset",356274,57069,35.96397,-84.286339,273,"TN",100,"Quercus","alba","white oak","Plantae",501,"Open flowers",13,"2021-01-01","2021-12-31",2021-04-16,106,2021-04-19,3,1,0
"offset",356274,57069,35.96397,-84.286339,273,"TN",100,"Quercus","alba","white oak","Plantae",501,"Open flowers",14,"2022-01-01","2022-12-31",2022-04-22,112,2022-04-26,4,1,0
"offset",356274,57069,35.96397,-84.286339,273,"TN",100,"Quercus","alba","white oak","Plantae",501,"Open flowers",15,"2023-01-01","2023-12-31",2023-04-14,104,2023-04-18,4,1,0
"offset",356274,57069,35.96397,-84.286339,273,"TN",100,"Quercus","alba","white oak","Plantae",501,"Open flowers",16,"2024-01-01","2024-12-31",2024-04-19,110,2024-04-23,4,1,0
"offset",356274,57069,35.96397,-84.286339,273,"TN",100,"Quercus","alba","white oak","Plantae",501,"Open flowers",17,"2025-01-01","2025-12-31",2025-04-11,101,NA,NA,1,0
"offset",356398,57073,32.542931,-87.803902,26,"AL",100,"Quercus","alba","white oak","Plantae",371,"Breaking leaf buds",11,"2019-01-01","2019-12-31",2019-04-04,94,2019-04-11,7,2,0
"offset",356398,57073,32.542931,-87.803902,26,"AL",100,"Quercus","alba","white oak","Plantae",371,"Breaking leaf buds",12,"2020-01-01","2020-12-31",2020-03-11,71,2020-03-18,7,1,0
"offset",356398,57073,32.542931,-87.803902,26,"AL",100,"Quercus","alba","white oak","Plantae",371,"Breaking leaf buds",13,"2021-01-01","2021-12-31",2021-03-23,82,2021-04-07,15,1,0
"offset",356398,57073,32.542931,-87.803902,26,"AL",100,"Quercus","alba","white oak","Plantae",371,"Breaking leaf buds",14,"2022-01-01","2022-12-31",2022-04-14,104,2022-04-28,14,1,0
"offset",356398,57073,32.542931,-87.803902,26,"AL",100,"Quercus","alba","white oak","Plantae",371,"Breaking leaf buds",15,"2023-01-01","2023-12-31",2023-04-03,93,2023-04-18,15,1,0
"offset",356398,57073,32.542931,-87.803902,26,"AL",100,"Quercus","alba","white oak","Plantae",371,"Breaking leaf buds",16,"2024-01-01","2024-12-31",2024-03-19,79,2024-05-09,51,1,0
"offset",356398,57073,32.542931,-87.803902,26,"AL",100,"Quercus","alba","white oak","Plantae",501,"Open flowers",11,"2019-01-01","2019-12-31",2019-04-04,94,2019-04-11,7,2,0
"offset",356398,57073,32.542931,-87.803902,26,"AL",100,"Quercus","alba","white oak","Plantae",501,"Open flowers",12,"2020-01-01","2020-12-31",2020-03-18,78,2020-05-19,62,1,0
"offset",356398,57073,32.542931,-87.803902,26,"AL",100,"Quercus","alba","white oak","Plantae",501,"Open flowers",13,"2021-01-01","2021-12-31",2021-04-07,97,2021-04-14,7,1,0
"offset",356398,57073,32.542931,-87.803902,26,"AL",100,"Quercus","alba","white oak","Plantae",501,"Open flowers",15,"2023-01-01","2023-12-31",2023-03-21,80,2023-03-27,6,1,0
"offset",356398,57073,32.542931,-87.803902,26,"AL",100,"Quercus","alba","white oak","Plantae",501,"Open flowers",16,"2024-01-01","2024-12-31",2024-03-26,86,2024-05-09,44,1,0
"offset",356400,57073,32.542931,-87.803902,26,"AL",100,"Quercus","alba","white oak","Plantae",371,"Breaking leaf buds",11,"2019-01-01","2019-12-31",2019-03-13,72,2019-03-20,7,1,0
"offset",356400,57073,32.542931,-87.803902,26,"AL",100,"Quercus","alba","white oak","Plantae",371,"Breaking leaf buds",12,"2020-01-01","2020-12-31",2020-03-11,71,2020-03-18,7,1,0
"offset",356400,57073,32.542931,-87.803902,26,"AL",100,"Quercus","alba","white oak","Plantae",371,"Breaking leaf buds",13,"2021-01-01","2021-12-31",2021-03-23,82,2021-04-07,15,1,0
"offset",356400,57073,32.542931,-87.803902,26,"AL",100,"Quercus","alba","white oak","Plantae",371,"Breaking leaf buds",14,"2022-01-01","2022-12-31",2022-04-06,96,2022-04-14,8,2,0
"offset",356400,57073,32.542931,-87.803902,26,"AL",100,"Quercus","alba","white oak","Plantae",371,"Breaking leaf buds",15,"2023-01-01","2023-12-31",2023-04-03,93,2023-04-18,15,1,0
"offset",356400,57073,32.542931,-87.803902,26,"AL",100,"Quercus","alba","white oak","Plantae",371,"Breaking leaf buds",16,"2024-01-01","2024-12-31",2024-03-26,86,2024-05-09,44,1,0
"offset",356400,57073,32.542931,-87.803902,26,"AL",100,"Quercus","alba","white oak","Plantae",501,"Open flowers",11,"2019-01-01","2019-12-31",2019-03-26,85,2019-04-04,9,1,0
"offset",356400,57073,32.542931,-87.803902,26,"AL",100,"Quercus","alba","white oak","Plantae",501,"Open flowers",13,"2021-01-01","2021-12-31",2021-03-23,82,2021-04-07,15,1,0
"offset",356400,57073,32.542931,-87.803902,26,"AL",100,"Quercus","alba","white oak","Plantae",501,"Open flowers",15,"2023-01-01","2023-12-31",2023-03-21,80,2023-03-27,6,1,0
"offset",356400,57073,32.542931,-87.803902,26,"AL",100,"Quercus","alba","white oak","Plantae",501,"Open flowers",16,"2024-01-01","2024-12-31",2024-03-26,86,2024-05-09,44,1,0
"offset",356422,57072,32.542336,-87.806023,26,"AL",100,"Quercus","alba","white oak","Plantae",371,"Breaking leaf buds",13,"2021-01-01","2021-12-31",2021-03-23,82,2021-04-07,15,1,0
"offset",356422,57072,32.542336,-87.806023,26,"AL",100,"Quercus","alba","white oak","Plantae",371,"Breaking leaf buds",14,"2022-01-01","2022-12-31",2022-04-06,96,2022-04-14,8,1,0
"offset",356422,57072,32.542336,-87.806023,26,"AL",100,"Quercus","alba","white oak","Plantae",371,"Breaking leaf buds",15,"2023-01-01","2023-12-31",2023-04-03,93,2023-04-18,15,1,0
"offset",356422,57072,32.542336,-87.806023,26,"AL",100,"Quercus","alba","white oak","Plantae",371,"Breaking leaf buds",16,"2024-01-01","2024-12-31",2024-03-26,86,2024-05-09,44,1,0
"offset",356422,57072,32.542336,-87.806023,26,"AL",100,"Quercus","alba","white oak","Plantae",501,"Open flowers",13,"2021-01-01","2021-12-31",2021-04-07,97,2021-04-14,7,2,0
"offset",356422,57072,32.542336,-87.806023,26,"AL",100,"Quercus","alba","white oak","Plantae",501,"Open flowers",14,"2022-01-01","2022-12-31",2022-04-06,96,2022-04-14,8,1,0
"offset",356422,57072,32.542336,-87.806023,26,"AL",100,"Quercus","alba","white oak","Plantae",501,"Open flowers",15,"2023-01-01","2023-12-31",2023-03-21,80,2023-03-27,6,1,0
"offset",356426,57072,32.542336,-87.806023,26,"AL",100,"Quercus","alba","white oak","Plantae",371,"Breaking leaf buds",13,"2021-01-01","2021-12-31",2021-03-23,82,2021-04-07,15,1,0
"offset",356426,57072,32.542336,-87.806023,26,"AL",100,"Quercus","alba","white oak","Plantae",371,"Breaking leaf buds",14,"2022-01-01","2022-12-31",2022-04-06,96,2022-04-14,8,2,0
"offset",356426,57072,32.542336,-87.806023,26,"AL",100,"Quercus","alba","white oak","Plantae",371,"Breaking leaf buds",15,"2023-01-01","2023-12-31",2023-03-27,86,2023-04-03,7,1,0
"offset",356426,57072,32.542336,-87.806023,26,"AL",100,"Quercus","alba","white oak","Plantae",371,"Breaking leaf buds",16,"2024-01-01","2024-12-31",2024-03-26,86,2024-05-09,44,1,0
"offset",356426,57072,32.542336,-87.806023,26,"AL",100,"Quercus","alba","white oak","Plantae",501,"Open flowers",13,"2021-01-01","2021-12-31",2021-04-14,104,2021-04-20,6,2,0
"offset",356426,57072,32.542336,-87.806023,26,"AL",100,"Quercus","alba","white oak","Plantae",501,"Open flowers",15,"2023-01-01","2023-12-31",2023-03-21,80,2023-03-27,6,1,0
"offset",356426,57072,32.542336,-87.806023,26,"AL",100,"Quercus","alba","white oak","Plantae",501,"Open flowers",16,"2024-01-01","2024-12-31",2024-03-26,86,2024-05-09,44,2,0
"offset",356433,57072,32.542336,-87.806023,26,"AL",100,"Quercus","alba","white oak","Plantae",371,"Breaking leaf buds",13,"2021-01-01","2021-12-31",2021-03-23,82,2021-04-07,15,1,0
"offset",356433,57072,32.542336,-87.806023,26,"AL",100,"Quercus","alba","white oak","Plantae",371,"Breaking leaf buds",14,"2022-01-01","2022-12-31",2022-04-14,104,2022-04-28,14,2,0
"offset",356433,57072,32.542336,-87.806023,26,"AL",100,"Quercus","alba","white oak","Plantae",371,"Breaking leaf buds",15,"2023-01-01","2023-12-31",2023-03-21,80,2023-03-27,6,1,0
"offset",356433,57072,32.542336,-87.806023,26,"AL",100,"Quercus","alba","white oak","Plantae",371,"Breaking leaf buds",16,"2024-01-01","2024-12-31",2024-03-26,86,2024-05-09,44,1,0
"offset",356433,57072,32.542336,-87.806023,26,"AL",100,"Quercus","alba","white oak","Plantae",501,"Open flowers",13,"2021-01-01","2021-12-31",2021-04-07,97,2021-04-14,7,1,0
"offset",356433,57072,32.542336,-87.806023,26,"AL",100,"Quercus","alba","white oak","Plantae",501,"Open flowers",14,"2022-01-01","2022-12-31",2022-04-14,104,2022-04-28,14,1,0
"offset",356433,57072,32.542336,-87.806023,26,"AL",100,"Quercus","alba","white oak","Plantae",501,"Open flowers",15,"2023-01-01","2023-12-31",2023-03-21,80,2023-03-27,6,1,0
"offset",356433,57072,32.542336,-87.806023,26,"AL",100,"Quercus","alba","white oak","Plantae",501,"Open flowers",16,"2024-01-01","2024-12-31",2024-03-26,86,2024-05-09,44,1,0
"offset",356445,57072,32.542336,-87.806023,26,"AL",100,"Quercus","alba","white oak","Plantae",371,"Breaking leaf buds",13,"2021-01-01","2021-12-31",2021-03-23,82,2021-04-07,15,1,0
"offset",356445,57072,32.542336,-87.806023,26,"AL",100,"Quercus","alba","white oak","Plantae",371,"Breaking leaf buds",14,"2022-01-01","2022-12-31",2022-04-06,96,2022-04-14,8,2,0
"offset",356445,57072,32.542336,-87.806023,26,"AL",100,"Quercus","alba","white oak","Plantae",371,"Breaking leaf buds",15,"2023-01-01","2023-12-31",2023-03-27,86,2023-04-03,7,1,0
"offset",356445,57072,32.542336,-87.806023,26,"AL",100,"Quercus","alba","white oak","Plantae",371,"Breaking leaf buds",16,"2024-01-01","2024-12-31",2024-03-26,86,2024-05-09,44,1,0
"offset",356445,57072,32.542336,-87.806023,26,"AL",100,"Quercus","alba","white oak","Plantae",501,"Open flowers",13,"2021-01-01","2021-12-31",2021-04-07,97,2021-04-14,7,1,0
"offset",356445,57072,32.542336,-87.806023,26,"AL",100,"Quercus","alba","white oak","Plantae",501,"Open flowers",14,"2022-01-01","2022-12-31",2022-04-06,96,2022-04-14,8,1,0
"offset",356445,57072,32.542336,-87.806023,26,"AL",100,"Quercus","alba","white oak","Plantae",501,"Open flowers",15,"2023-01-01","2023-12-31",2023-03-21,80,2023-03-27,6,1,0
"offset",356445,57072,32.542336,-87.806023,26,"AL",100,"Quercus","alba","white oak","Plantae",501,"Open flowers",16,"2024-01-01","2024-12-31",2024-03-26,86,2024-05-09,44,1,0
"offset",356448,57072,32.542336,-87.806023,26,"AL",100,"Quercus","alba","white oak","Plantae",371,"Breaking leaf buds",13,"2021-01-01","2021-12-31",2021-03-23,82,2021-04-07,15,1,0
"offset",356448,57072,32.542336,-87.806023,26,"AL",100,"Quercus","alba","white oak","Plantae",371,"Breaking leaf buds",14,"2022-01-01","2022-12-31",2022-04-06,96,2022-04-14,8,1,0
"offset",356448,57072,32.542336,-87.806023,26,"AL",100,"Quercus","alba","white oak","Plantae",371,"Breaking leaf buds",15,"2023-01-01","2023-12-31",2023-03-21,80,2023-03-27,6,1,0
"offset",356448,57072,32.542336,-87.806023,26,"AL",100,"Quercus","alba","white oak","Plantae",371,"Breaking leaf buds",16,"2024-01-01","2024-12-31",2024-03-26,86,2024-05-09,44,1,0
"offset",356448,57072,32.542336,-87.806023,26,"AL",100,"Quercus","alba","white oak","Plantae",501,"Open flowers",13,"2021-01-01","2021-12-31",2021-04-07,97,2021-04-14,7,1,0
"offset",356448,57072,32.542336,-87.806023,26,"AL",100,"Quercus","alba","white oak","Plantae",501,"Open flowers",14,"2022-01-01","2022-12-31",2022-04-06,96,2022-04-14,8,1,0
"offset",356448,57072,32.542336,-87.806023,26,"AL",100,"Quercus","alba","white oak","Plantae",501,"Open flowers",15,"2023-01-01","2023-12-31",2023-03-21,80,2023-03-27,6,1,0
"offset",356448,57072,32.542336,-87.806023,26,"AL",100,"Quercus","alba","white oak","Plantae",501,"Open flowers",16,"2024-01-01","2024-12-31",2024-03-26,86,2024-05-09,44,1,0
"offset",356815,57077,32.950741,-87.391136,131,"AL",1212,"Quercus","montana","chestnut oak","Plantae",371,"Breaking leaf buds",12,"2020-01-01","2020-12-31",2020-03-17,77,2020-03-24,7,1,0
"offset",356815,57077,32.950741,-87.391136,131,"AL",1212,"Quercus","montana","chestnut oak","Plantae",371,"Breaking leaf buds",13,"2021-01-01","2021-12-31",2021-04-06,96,2021-04-13,7,1,0
"offset",356815,57077,32.950741,-87.391136,131,"AL",1212,"Quercus","montana","chestnut oak","Plantae",371,"Breaking leaf buds",14,"2022-01-01","2022-12-31",2022-04-13,103,2022-04-19,6,1,0
"offset",356815,57077,32.950741,-87.391136,131,"AL",1212,"Quercus","montana","chestnut oak","Plantae",371,"Breaking leaf buds",15,"2023-01-01","2023-12-31",2023-04-19,109,2023-04-25,6,2,0
"offset",356815,57077,32.950741,-87.391136,131,"AL",1212,"Quercus","montana","chestnut oak","Plantae",371,"Breaking leaf buds",16,"2024-01-01","2024-12-31",2024-04-10,101,2024-04-16,6,1,0
"offset",356815,57077,32.950741,-87.391136,131,"AL",1212,"Quercus","montana","chestnut oak","Plantae",371,"Breaking leaf buds",17,"2025-01-01","2025-12-31",2025-04-28,118,2025-07-03,66,2,0
"offset",356815,57077,32.950741,-87.391136,131,"AL",1212,"Quercus","montana","chestnut oak","Plantae",501,"Open flowers",14,"2022-01-01","2022-12-31",2022-04-19,109,2022-04-27,8,1,0
"offset",356815,57077,32.950741,-87.391136,131,"AL",1212,"Quercus","montana","chestnut oak","Plantae",501,"Open flowers",15,"2023-01-01","2023-12-31",2023-03-28,87,2023-04-05,8,1,0
"offset",356815,57077,32.950741,-87.391136,131,"AL",1212,"Quercus","montana","chestnut oak","Plantae",501,"Open flowers",17,"2025-01-01","2025-12-31",2025-04-02,92,2025-04-09,7,1,0
"offset",356818,57077,32.950741,-87.391136,131,"AL",1212,"Quercus","montana","chestnut oak","Plantae",371,"Breaking leaf buds",12,"2020-01-01","2020-12-31",2020-03-17,77,2020-03-24,7,1,0
"offset",356818,57077,32.950741,-87.391136,131,"AL",1212,"Quercus","montana","chestnut oak","Plantae",371,"Breaking leaf buds",13,"2021-01-01","2021-12-31",2021-04-06,96,2021-04-13,7,1,0
"offset",356818,57077,32.950741,-87.391136,131,"AL",1212,"Quercus","montana","chestnut oak","Plantae",371,"Breaking leaf buds",14,"2022-01-01","2022-12-31",2022-04-13,103,2022-04-19,6,1,0
"offset",356818,57077,32.950741,-87.391136,131,"AL",1212,"Quercus","montana","chestnut oak","Plantae",371,"Breaking leaf buds",15,"2023-01-01","2023-12-31",2023-04-11,101,2023-04-19,8,1,0
"offset",356818,57077,32.950741,-87.391136,131,"AL",1212,"Quercus","montana","chestnut oak","Plantae",371,"Breaking leaf buds",16,"2024-01-01","2024-12-31",2024-04-03,94,2024-04-10,7,1,0
"offset",356818,57077,32.950741,-87.391136,131,"AL",1212,"Quercus","montana","chestnut oak","Plantae",371,"Breaking leaf buds",17,"2025-01-01","2025-12-31",2025-04-02,92,2025-04-09,7,1,0
"offset",356818,57077,32.950741,-87.391136,131,"AL",1212,"Quercus","montana","chestnut oak","Plantae",501,"Open flowers",13,"2021-01-01","2021-12-31",2021-04-13,103,2021-04-20,7,1,0
"offset",356818,57077,32.950741,-87.391136,131,"AL",1212,"Quercus","montana","chestnut oak","Plantae",501,"Open flowers",14,"2022-01-01","2022-12-31",2022-04-19,109,2022-04-27,8,1,0
"offset",356818,57077,32.950741,-87.391136,131,"AL",1212,"Quercus","montana","chestnut oak","Plantae",501,"Open flowers",15,"2023-01-01","2023-12-31",2023-04-19,109,2023-04-25,6,1,0
"offset",356818,57077,32.950741,-87.391136,131,"AL",1212,"Quercus","montana","chestnut oak","Plantae",501,"Open flowers",16,"2024-01-01","2024-12-31",2024-04-16,107,2024-04-23,7,1,0
"offset",356818,57077,32.950741,-87.391136,131,"AL",1212,"Quercus","montana","chestnut oak","Plantae",501,"Open flowers",17,"2025-01-01","2025-12-31",2025-04-15,105,2025-04-21,6,1,0
"offset",356822,57076,32.950008,-87.396454,131,"AL",1212,"Quercus","montana","chestnut oak","Plantae",371,"Breaking leaf buds",13,"2021-01-01","2021-12-31",2021-04-06,96,2021-04-13,7,1,0
"offset",356822,57076,32.950008,-87.396454,131,"AL",1212,"Quercus","montana","chestnut oak","Plantae",371,"Breaking leaf buds",14,"2022-01-01","2022-12-31",2022-04-13,103,2022-04-19,6,2,0
"offset",356822,57076,32.950008,-87.396454,131,"AL",1212,"Quercus","montana","chestnut oak","Plantae",371,"Breaking leaf buds",15,"2023-01-01","2023-12-31",2023-04-25,115,2023-05-02,7,1,0
"offset",356822,57076,32.950008,-87.396454,131,"AL",1212,"Quercus","montana","chestnut oak","Plantae",371,"Breaking leaf buds",16,"2024-01-01","2024-12-31",2024-04-10,101,2024-04-16,6,2,0
"offset",356822,57076,32.950008,-87.396454,131,"AL",1212,"Quercus","montana","chestnut oak","Plantae",371,"Breaking leaf buds",17,"2025-01-01","2025-12-31",2025-04-21,111,2025-04-28,7,1,0
"offset",356822,57076,32.950008,-87.396454,131,"AL",1212,"Quercus","montana","chestnut oak","Plantae",501,"Open flowers",13,"2021-01-01","2021-12-31",2021-04-13,103,2021-04-20,7,1,0
"offset",356822,57076,32.950008,-87.396454,131,"AL",1212,"Quercus","montana","chestnut oak","Plantae",501,"Open flowers",14,"2022-01-01","2022-12-31",2022-04-19,109,2022-04-27,8,1,0
"offset",356822,57076,32.950008,-87.396454,131,"AL",1212,"Quercus","montana","chestnut oak","Plantae",501,"Open flowers",15,"2023-01-01","2023-12-31",2023-04-11,101,2023-04-19,8,1,0
"offset",356837,57076,32.950008,-87.396454,131,"AL",1212,"Quercus","montana","chestnut oak","Plantae",371,"Breaking leaf buds",13,"2021-01-01","2021-12-31",2021-04-13,103,2021-04-20,7,1,0
"offset",356837,57076,32.950008,-87.396454,131,"AL",1212,"Quercus","montana","chestnut oak","Plantae",371,"Breaking leaf buds",14,"2022-01-01","2022-12-31",2022-04-19,109,2022-04-27,8,1,0
"offset",356837,57076,32.950008,-87.396454,131,"AL",1212,"Quercus","montana","chestnut oak","Plantae",371,"Breaking leaf buds",15,"2023-01-01","2023-12-31",2023-04-19,109,2023-04-25,6,2,0
"offset",356837,57076,32.950008,-87.396454,131,"AL",1212,"Quercus","montana","chestnut oak","Plantae",371,"Breaking leaf buds",16,"2024-01-01","2024-12-31",2024-04-10,101,2024-04-16,6,2,0
"offset",356837,57076,32.950008,-87.396454,131,"AL",1212,"Quercus","montana","chestnut oak","Plantae",371,"Breaking leaf buds",17,"2025-01-01","2025-12-31",2025-04-09,99,2025-04-15,6,2,0
"offset",356837,57076,32.950008,-87.396454,131,"AL",1212,"Quercus","montana","chestnut oak","Plantae",501,"Open flowers",13,"2021-01-01","2021-12-31",2021-04-13,103,2021-04-20,7,1,0
"offset",356837,57076,32.950008,-87.396454,131,"AL",1212,"Quercus","montana","chestnut oak","Plantae",501,"Open flowers",14,"2022-01-01","2022-12-31",2022-04-27,117,2022-05-04,7,1,0
"offset",356837,57076,32.950008,-87.396454,131,"AL",1212,"Quercus","montana","chestnut oak","Plantae",501,"Open flowers",15,"2023-01-01","2023-12-31",2023-04-11,101,2023-04-19,8,1,0
"offset",356837,57076,32.950008,-87.396454,131,"AL",1212,"Quercus","montana","chestnut oak","Plantae",501,"Open flowers",17,"2025-01-01","2025-12-31",2025-04-21,111,2025-04-28,7,1,0
"offset",356863,57076,32.950008,-87.396454,131,"AL",1212,"Quercus","montana","chestnut oak","Plantae",371,"Breaking leaf buds",13,"2021-01-01","2021-12-31",2021-04-06,96,2021-04-13,7,1,0
"offset",356863,57076,32.950008,-87.396454,131,"AL",1212,"Quercus","montana","chestnut oak","Plantae",371,"Breaking leaf buds",14,"2022-01-01","2022-12-31",2022-04-13,103,2022-04-19,6,1,0
"offset",356863,57076,32.950008,-87.396454,131,"AL",1212,"Quercus","montana","chestnut oak","Plantae",371,"Breaking leaf buds",15,"2023-01-01","2023-12-31",2023-04-05,95,2023-04-11,6,2,0
"offset",356863,57076,32.950008,-87.396454,131,"AL",1212,"Quercus","montana","chestnut oak","Plantae",371,"Breaking leaf buds",16,"2024-01-01","2024-12-31",2024-04-10,101,2024-04-16,6,1,0
"offset",356863,57076,32.950008,-87.396454,131,"AL",1212,"Quercus","montana","chestnut oak","Plantae",371,"Breaking leaf buds",17,"2025-01-01","2025-12-31",2025-04-15,105,2025-04-21,6,1,0
"offset",356863,57076,32.950008,-87.396454,131,"AL",1212,"Quercus","montana","chestnut oak","Plantae",501,"Open flowers",13,"2021-01-01","2021-12-31",2021-04-13,103,2021-04-20,7,1,0
"offset",356863,57076,32.950008,-87.396454,131,"AL",1212,"Quercus","montana","chestnut oak","Plantae",501,"Open flowers",14,"2022-01-01","2022-12-31",2022-04-19,109,2022-04-27,8,1,0
"offset",356863,57076,32.950008,-87.396454,131,"AL",1212,"Quercus","montana","chestnut oak","Plantae",501,"Open flowers",17,"2025-01-01","2025-12-31",2025-04-09,99,2025-04-15,6,1,0
"offset",356895,57076,32.950008,-87.396454,131,"AL",1212,"Quercus","montana","chestnut oak","Plantae",371,"Breaking leaf buds",13,"2021-01-01","2021-12-31",2021-04-27,117,2021-05-05,8,2,0
"offset",356895,57076,32.950008,-87.396454,131,"AL",1212,"Quercus","montana","chestnut oak","Plantae",371,"Breaking leaf buds",14,"2022-01-01","2022-12-31",2022-06-01,152,2022-06-08,7,2,0
"offset",356895,57076,32.950008,-87.396454,131,"AL",1212,"Quercus","montana","chestnut oak","Plantae",371,"Breaking leaf buds",15,"2023-01-01","2023-12-31",2023-04-19,109,2023-04-25,6,1,0
"offset",356895,57076,32.950008,-87.396454,131,"AL",1212,"Quercus","montana","chestnut oak","Plantae",371,"Breaking leaf buds",16,"2024-01-01","2024-12-31",2024-04-10,101,2024-04-16,6,1,0
"offset",356895,57076,32.950008,-87.396454,131,"AL",1212,"Quercus","montana","chestnut oak","Plantae",371,"Breaking leaf buds",17,"2025-01-01","2025-12-31",2025-04-21,111,2025-04-28,7,1,0
"offset",356896,57076,32.950008,-87.396454,131,"AL",1212,"Quercus","montana","chestnut oak","Plantae",371,"Breaking leaf buds",13,"2021-01-01","2021-12-31",2021-03-30,89,2021-04-06,7,1,0
"offset",356896,57076,32.950008,-87.396454,131,"AL",1212,"Quercus","montana","chestnut oak","Plantae",371,"Breaking leaf buds",14,"2022-01-01","2022-12-31",2022-04-13,103,2022-04-19,6,1,0
"offset",356896,57076,32.950008,-87.396454,131,"AL",1212,"Quercus","montana","chestnut oak","Plantae",371,"Breaking leaf buds",15,"2023-01-01","2023-12-31",2023-04-19,109,2023-04-25,6,1,0
"offset",356896,57076,32.950008,-87.396454,131,"AL",1212,"Quercus","montana","chestnut oak","Plantae",371,"Breaking leaf buds",16,"2024-01-01","2024-12-31",2024-04-03,94,2024-04-10,7,1,0
"offset",356896,57076,32.950008,-87.396454,131,"AL",1212,"Quercus","montana","chestnut oak","Plantae",371,"Breaking leaf buds",17,"2025-01-01","2025-12-31",2025-04-28,118,2025-07-03,66,2,0
"offset",356896,57076,32.950008,-87.396454,131,"AL",1212,"Quercus","montana","chestnut oak","Plantae",501,"Open flowers",13,"2021-01-01","2021-12-31",2021-04-06,96,2021-04-13,7,1,0
"offset",356896,57076,32.950008,-87.396454,131,"AL",1212,"Quercus","montana","chestnut oak","Plantae",501,"Open flowers",14,"2022-01-01","2022-12-31",2022-04-19,109,2022-04-27,8,1,0
"offset",356896,57076,32.950008,-87.396454,131,"AL",1212,"Quercus","montana","chestnut oak","Plantae",501,"Open flowers",16,"2024-01-01","2024-12-31",2024-04-10,101,2024-04-16,6,1,0
"offset",356896,57076,32.950008,-87.396454,131,"AL",1212,"Quercus","montana","chestnut oak","Plantae",501,"Open flowers",17,"2025-01-01","2025-12-31",2025-04-21,111,2025-04-28,7,1,0
"offset",358092,57092,33.402458,-97.570007,270,"TX",1755,"Quercus","stellata","post oak","Plantae",371,"Breaking leaf buds",10,"2018-01-01","2018-12-31",2018-04-10,100,2018-04-16,6,1,0
"offset",358092,57092,33.402458,-97.570007,270,"TX",1755,"Quercus","stellata","post oak","Plantae",371,"Breaking leaf buds",11,"2019-01-01","2019-12-31",2019-04-01,91,2019-04-08,7,1,0
"offset",358092,57092,33.402458,-97.570007,270,"TX",1755,"Quercus","stellata","post oak","Plantae",371,"Breaking leaf buds",13,"2021-01-01","2021-12-31",2021-04-08,98,2021-04-21,13,1,0
"offset",358092,57092,33.402458,-97.570007,270,"TX",1755,"Quercus","stellata","post oak","Plantae",371,"Breaking leaf buds",14,"2022-01-01","2022-12-31",2022-05-02,122,2022-05-10,8,1,0
"offset",358092,57092,33.402458,-97.570007,270,"TX",1755,"Quercus","stellata","post oak","Plantae",371,"Breaking leaf buds",15,"2023-01-01","2023-12-31",2023-04-17,107,2023-04-24,7,1,0
"offset",358092,57092,33.402458,-97.570007,270,"TX",1755,"Quercus","stellata","post oak","Plantae",371,"Breaking leaf buds",16,"2024-01-01","2024-12-31",2024-04-09,100,2024-04-15,6,1,0
"offset",358092,57092,33.402458,-97.570007,270,"TX",1755,"Quercus","stellata","post oak","Plantae",371,"Breaking leaf buds",17,"2025-01-01","2025-12-31",2025-04-21,111,2025-04-28,7,1,0
"offset",358092,57092,33.402458,-97.570007,270,"TX",1755,"Quercus","stellata","post oak","Plantae",501,"Open flowers",10,"2018-01-01","2018-12-31",2018-09-24,267,2018-10-03,9,2,0
"offset",358092,57092,33.402458,-97.570007,270,"TX",1755,"Quercus","stellata","post oak","Plantae",501,"Open flowers",11,"2019-01-01","2019-12-31",2019-05-14,134,2019-05-21,7,2,0
"offset",358092,57092,33.402458,-97.570007,270,"TX",1755,"Quercus","stellata","post oak","Plantae",501,"Open flowers",13,"2021-01-01","2021-12-31",2021-04-08,98,2021-04-21,13,1,0
"offset",358092,57092,33.402458,-97.570007,270,"TX",1755,"Quercus","stellata","post oak","Plantae",501,"Open flowers",14,"2022-01-01","2022-12-31",2022-04-18,108,2022-04-25,7,1,0
"offset",358092,57092,33.402458,-97.570007,270,"TX",1755,"Quercus","stellata","post oak","Plantae",501,"Open flowers",15,"2023-01-01","2023-12-31",2023-04-10,100,2023-04-17,7,1,0
"offset",358092,57092,33.402458,-97.570007,270,"TX",1755,"Quercus","stellata","post oak","Plantae",501,"Open flowers",17,"2025-01-01","2025-12-31",2025-04-14,104,2025-04-21,7,1,0
"offset",358093,57092,33.402458,-97.570007,270,"TX",1755,"Quercus","stellata","post oak","Plantae",371,"Breaking leaf buds",10,"2018-01-01","2018-12-31",2018-09-05,248,2018-09-11,6,2,0
"offset",358093,57092,33.402458,-97.570007,270,"TX",1755,"Quercus","stellata","post oak","Plantae",371,"Breaking leaf buds",11,"2019-01-01","2019-12-31",2019-04-08,98,2019-04-16,8,1,0
"offset",358093,57092,33.402458,-97.570007,270,"TX",1755,"Quercus","stellata","post oak","Plantae",371,"Breaking leaf buds",13,"2021-01-01","2021-12-31",2021-04-08,98,2021-04-21,13,1,0
"offset",358093,57092,33.402458,-97.570007,270,"TX",1755,"Quercus","stellata","post oak","Plantae",371,"Breaking leaf buds",14,"2022-01-01","2022-12-31",2022-05-02,122,2022-05-10,8,1,0
"offset",358093,57092,33.402458,-97.570007,270,"TX",1755,"Quercus","stellata","post oak","Plantae",371,"Breaking leaf buds",15,"2023-01-01","2023-12-31",2023-04-24,114,2023-05-01,7,2,0
"offset",358093,57092,33.402458,-97.570007,270,"TX",1755,"Quercus","stellata","post oak","Plantae",371,"Breaking leaf buds",16,"2024-01-01","2024-12-31",2024-04-29,120,2024-05-07,8,2,0
"offset",358093,57092,33.402458,-97.570007,270,"TX",1755,"Quercus","stellata","post oak","Plantae",371,"Breaking leaf buds",17,"2025-01-01","2025-12-31",2025-04-21,111,2025-04-28,7,1,0
"offset",358093,57092,33.402458,-97.570007,270,"TX",1755,"Quercus","stellata","post oak","Plantae",501,"Open flowers",10,"2018-01-01","2018-12-31",2018-09-24,267,2018-10-03,9,5,0
"offset",358093,57092,33.402458,-97.570007,270,"TX",1755,"Quercus","stellata","post oak","Plantae",501,"Open flowers",11,"2019-01-01","2019-12-31",2019-05-14,134,2019-05-21,7,2,0
"offset",358093,57092,33.402458,-97.570007,270,"TX",1755,"Quercus","stellata","post oak","Plantae",501,"Open flowers",13,"2021-01-01","2021-12-31",2021-04-08,98,2021-04-21,13,1,0
"offset",358093,57092,33.402458,-97.570007,270,"TX",1755,"Quercus","stellata","post oak","Plantae",501,"Open flowers",14,"2022-01-01","2022-12-31",2022-05-02,122,2022-05-10,8,2,0
"offset",358093,57092,33.402458,-97.570007,270,"TX",1755,"Quercus","stellata","post oak","Plantae",501,"Open flowers",15,"2023-01-01","2023-12-31",2023-04-10,100,2023-04-17,7,1,0
"offset",358093,57092,33.402458,-97.570007,270,"TX",1755,"Quercus","stellata","post oak","Plantae",501,"Open flowers",17,"2025-01-01","2025-12-31",2025-04-14,104,2025-04-21,7,1,0
"offset",358094,57092,33.402458,-97.570007,270,"TX",1755,"Quercus","stellata","post oak","Plantae",371,"Breaking leaf buds",10,"2018-01-01","2018-12-31",2018-04-10,100,2018-04-16,6,1,0
"offset",358094,57092,33.402458,-97.570007,270,"TX",1755,"Quercus","stellata","post oak","Plantae",371,"Breaking leaf buds",11,"2019-01-01","2019-12-31",2019-04-08,98,2019-04-16,8,1,0
"offset",358094,57092,33.402458,-97.570007,270,"TX",1755,"Quercus","stellata","post oak","Plantae",371,"Breaking leaf buds",12,"2020-01-01","2020-12-31",2020-03-02,62,2020-03-11,9,1,0
"offset",358094,57092,33.402458,-97.570007,270,"TX",1755,"Quercus","stellata","post oak","Plantae",371,"Breaking leaf buds",13,"2021-01-01","2021-12-31",2021-04-08,98,2021-04-21,13,1,0
"offset",358094,57092,33.402458,-97.570007,270,"TX",1755,"Quercus","stellata","post oak","Plantae",371,"Breaking leaf buds",14,"2022-01-01","2022-12-31",2022-05-02,122,2022-05-10,8,1,0
"offset",358094,57092,33.402458,-97.570007,270,"TX",1755,"Quercus","stellata","post oak","Plantae",371,"Breaking leaf buds",15,"2023-01-01","2023-12-31",2023-04-17,107,2023-04-24,7,1,0
"offset",358094,57092,33.402458,-97.570007,270,"TX",1755,"Quercus","stellata","post oak","Plantae",371,"Breaking leaf buds",16,"2024-01-01","2024-12-31",2024-04-09,100,2024-04-15,6,1,0
"offset",358094,57092,33.402458,-97.570007,270,"TX",1755,"Quercus","stellata","post oak","Plantae",371,"Breaking leaf buds",17,"2025-01-01","2025-12-31",2025-04-21,111,2025-04-28,7,1,0
"offset",358094,57092,33.402458,-97.570007,270,"TX",1755,"Quercus","stellata","post oak","Plantae",501,"Open flowers",10,"2018-01-01","2018-12-31",2018-09-24,267,2018-10-03,9,3,0
"offset",358094,57092,33.402458,-97.570007,270,"TX",1755,"Quercus","stellata","post oak","Plantae",501,"Open flowers",11,"2019-01-01","2019-12-31",2019-05-14,134,2019-05-21,7,2,0
"offset",358094,57092,33.402458,-97.570007,270,"TX",1755,"Quercus","stellata","post oak","Plantae",501,"Open flowers",13,"2021-01-01","2021-12-31",2021-04-08,98,2021-04-21,13,1,0
"offset",358094,57092,33.402458,-97.570007,270,"TX",1755,"Quercus","stellata","post oak","Plantae",501,"Open flowers",15,"2023-01-01","2023-12-31",2023-04-10,100,2023-04-17,7,1,0
"offset",358094,57092,33.402458,-97.570007,270,"TX",1755,"Quercus","stellata","post oak","Plantae",501,"Open flowers",17,"2025-01-01","2025-12-31",2025-04-14,104,2025-04-21,7,1,0
"offset",358095,57091,33.398136,-97.569969,267,"TX",1755,"Quercus","stellata","post oak","Plantae",371,"Breaking leaf buds",11,"2019-01-01","2019-12-31",2019-04-08,98,2019-04-16,8,1,0
"offset",358095,57091,33.398136,-97.569969,267,"TX",1755,"Quercus","stellata","post oak","Plantae",371,"Breaking leaf buds",12,"2020-01-01","2020-12-31",2020-03-11,71,2020-03-17,6,1,0
"offset",358095,57091,33.398136,-97.569969,267,"TX",1755,"Quercus","stellata","post oak","Plantae",371,"Breaking leaf buds",13,"2021-01-01","2021-12-31",2021-04-08,98,2021-04-21,13,1,0
"offset",358095,57091,33.398136,-97.569969,267,"TX",1755,"Quercus","stellata","post oak","Plantae",371,"Breaking leaf buds",14,"2022-01-01","2022-12-31",2022-05-02,122,2022-05-10,8,1,0
"offset",358095,57091,33.398136,-97.569969,267,"TX",1755,"Quercus","stellata","post oak","Plantae",371,"Breaking leaf buds",15,"2023-01-01","2023-12-31",2023-04-24,114,2023-05-01,7,1,0
"offset",358095,57091,33.398136,-97.569969,267,"TX",1755,"Quercus","stellata","post oak","Plantae",371,"Breaking leaf buds",16,"2024-01-01","2024-12-31",2024-04-01,92,2024-04-09,8,1,0
"offset",358095,57091,33.398136,-97.569969,267,"TX",1755,"Quercus","stellata","post oak","Plantae",371,"Breaking leaf buds",17,"2025-01-01","2025-12-31",2025-04-21,111,2025-04-28,7,1,0
"offset",358095,57091,33.398136,-97.569969,267,"TX",1755,"Quercus","stellata","post oak","Plantae",501,"Open flowers",10,"2018-01-01","2018-12-31",2018-09-17,260,2018-10-03,16,3,0
"offset",358095,57091,33.398136,-97.569969,267,"TX",1755,"Quercus","stellata","post oak","Plantae",501,"Open flowers",11,"2019-01-01","2019-12-31",2019-05-14,134,2019-05-21,7,2,0
"offset",358095,57091,33.398136,-97.569969,267,"TX",1755,"Quercus","stellata","post oak","Plantae",501,"Open flowers",13,"2021-01-01","2021-12-31",2021-04-08,98,2021-04-21,13,1,0
"offset",358095,57091,33.398136,-97.569969,267,"TX",1755,"Quercus","stellata","post oak","Plantae",501,"Open flowers",14,"2022-01-01","2022-12-31",2022-05-02,122,2022-05-10,8,1,0
"offset",358095,57091,33.398136,-97.569969,267,"TX",1755,"Quercus","stellata","post oak","Plantae",501,"Open flowers",15,"2023-01-01","2023-12-31",2023-04-17,107,2023-04-24,7,1,0
"offset",358095,57091,33.398136,-97.569969,267,"TX",1755,"Quercus","stellata","post oak","Plantae",501,"Open flowers",17,"2025-01-01","2025-12-31",2025-04-14,104,2025-04-21,7,1,0
"offset",358096,57091,33.398136,-97.569969,267,"TX",1755,"Quercus","stellata","post oak","Plantae",371,"Breaking leaf buds",11,"2019-01-01","2019-12-31",2019-04-08,98,2019-04-16,8,1,0
"offset",358096,57091,33.398136,-97.569969,267,"TX",1755,"Quercus","stellata","post oak","Plantae",371,"Breaking leaf buds",12,"2020-01-01","2020-12-31",2020-03-11,71,2020-03-17,6,1,0
"offset",358096,57091,33.398136,-97.569969,267,"TX",1755,"Quercus","stellata","post oak","Plantae",371,"Breaking leaf buds",13,"2021-01-01","2021-12-31",2021-04-21,111,2021-04-27,6,1,0
"offset",358096,57091,33.398136,-97.569969,267,"TX",1755,"Quercus","stellata","post oak","Plantae",371,"Breaking leaf buds",14,"2022-01-01","2022-12-31",2022-05-02,122,NA,NA,1,0
"offset",358096,57091,33.398136,-97.569969,267,"TX",1755,"Quercus","stellata","post oak","Plantae",501,"Open flowers",10,"2018-01-01","2018-12-31",2018-08-27,239,2018-09-11,15,2,0
"offset",358096,57091,33.398136,-97.569969,267,"TX",1755,"Quercus","stellata","post oak","Plantae",501,"Open flowers",11,"2019-01-01","2019-12-31",2019-05-14,134,2019-05-21,7,2,0
"offset",358096,57091,33.398136,-97.569969,267,"TX",1755,"Quercus","stellata","post oak","Plantae",501,"Open flowers",13,"2021-01-01","2021-12-31",2021-04-21,111,2021-04-27,6,1,0
"offset",358096,57091,33.398136,-97.569969,267,"TX",1755,"Quercus","stellata","post oak","Plantae",501,"Open flowers",14,"2022-01-01","2022-12-31",2022-05-02,122,NA,NA,1,0
"offset",358104,57091,33.398136,-97.569969,267,"TX",1755,"Quercus","stellata","post oak","Plantae",371,"Breaking leaf buds",11,"2019-01-01","2019-12-31",2019-04-08,98,2019-04-16,8,1,0
"offset",358104,57091,33.398136,-97.569969,267,"TX",1755,"Quercus","stellata","post oak","Plantae",371,"Breaking leaf buds",12,"2020-01-01","2020-12-31",2020-03-11,71,2020-03-17,6,1,0
"offset",358104,57091,33.398136,-97.569969,267,"TX",1755,"Quercus","stellata","post oak","Plantae",371,"Breaking leaf buds",13,"2021-01-01","2021-12-31",2021-05-25,145,2021-06-10,16,2,0
"offset",358104,57091,33.398136,-97.569969,267,"TX",1755,"Quercus","stellata","post oak","Plantae",371,"Breaking leaf buds",14,"2022-01-01","2022-12-31",2022-05-02,122,NA,NA,1,0
"offset",358104,57091,33.398136,-97.569969,267,"TX",1755,"Quercus","stellata","post oak","Plantae",501,"Open flowers",10,"2018-01-01","2018-12-31",2018-09-24,267,2018-10-03,9,2,0
"offset",358104,57091,33.398136,-97.569969,267,"TX",1755,"Quercus","stellata","post oak","Plantae",501,"Open flowers",11,"2019-01-01","2019-12-31",2019-05-14,134,2019-05-21,7,2,0
"offset",358104,57091,33.398136,-97.569969,267,"TX",1755,"Quercus","stellata","post oak","Plantae",501,"Open flowers",13,"2021-01-01","2021-12-31",2021-04-21,111,2021-04-27,6,1,0
"offset",358104,57091,33.398136,-97.569969,267,"TX",1755,"Quercus","stellata","post oak","Plantae",501,"Open flowers",14,"2022-01-01","2022-12-31",2022-05-02,122,NA,NA,1,0
"offset",358107,57091,33.398136,-97.569969,267,"TX",1755,"Quercus","stellata","post oak","Plantae",371,"Breaking leaf buds",11,"2019-01-01","2019-12-31",2019-04-01,91,2019-04-08,7,1,0
"offset",358107,57091,33.398136,-97.569969,267,"TX",1755,"Quercus","stellata","post oak","Plantae",371,"Breaking leaf buds",12,"2020-01-01","2020-12-31",2020-03-11,71,2020-03-17,6,1,0
"offset",358107,57091,33.398136,-97.569969,267,"TX",1755,"Quercus","stellata","post oak","Plantae",371,"Breaking leaf buds",13,"2021-01-01","2021-12-31",2021-04-21,111,2021-04-27,6,1,0
"offset",358107,57091,33.398136,-97.569969,267,"TX",1755,"Quercus","stellata","post oak","Plantae",371,"Breaking leaf buds",14,"2022-01-01","2022-12-31",2022-05-02,122,NA,NA,1,0
"offset",358107,57091,33.398136,-97.569969,267,"TX",1755,"Quercus","stellata","post oak","Plantae",501,"Open flowers",10,"2018-01-01","2018-12-31",2018-08-21,233,2018-09-11,21,1,0
"offset",358107,57091,33.398136,-97.569969,267,"TX",1755,"Quercus","stellata","post oak","Plantae",501,"Open flowers",11,"2019-01-01","2019-12-31",2019-05-14,134,2019-05-21,7,2,0
"offset",358107,57091,33.398136,-97.569969,267,"TX",1755,"Quercus","stellata","post oak","Plantae",501,"Open flowers",13,"2021-01-01","2021-12-31",2021-04-08,98,2021-04-21,13,1,0
"offset",358107,57091,33.398136,-97.569969,267,"TX",1755,"Quercus","stellata","post oak","Plantae",501,"Open flowers",14,"2022-01-01","2022-12-31",2022-05-02,122,NA,NA,2,0
"offset",358108,57091,33.398136,-97.569969,267,"TX",1755,"Quercus","stellata","post oak","Plantae",371,"Breaking leaf buds",11,"2019-01-01","2019-12-31",2019-04-08,98,2019-04-16,8,1,0
"offset",358108,57091,33.398136,-97.569969,267,"TX",1755,"Quercus","stellata","post oak","Plantae",371,"Breaking leaf buds",12,"2020-01-01","2020-12-31",2020-03-17,77,2020-11-02,230,1,0
"offset",358108,57091,33.398136,-97.569969,267,"TX",1755,"Quercus","stellata","post oak","Plantae",371,"Breaking leaf buds",13,"2021-01-01","2021-12-31",2021-04-08,98,2021-04-21,13,1,0
"offset",358108,57091,33.398136,-97.569969,267,"TX",1755,"Quercus","stellata","post oak","Plantae",371,"Breaking leaf buds",14,"2022-01-01","2022-12-31",2022-05-02,122,NA,NA,1,0
"offset",358108,57091,33.398136,-97.569969,267,"TX",1755,"Quercus","stellata","post oak","Plantae",501,"Open flowers",10,"2018-01-01","2018-12-31",2018-09-24,267,2018-10-03,9,1,0
"offset",358108,57091,33.398136,-97.569969,267,"TX",1755,"Quercus","stellata","post oak","Plantae",501,"Open flowers",11,"2019-01-01","2019-12-31",2019-05-14,134,2019-05-21,7,2,0
"offset",358108,57091,33.398136,-97.569969,267,"TX",1755,"Quercus","stellata","post oak","Plantae",501,"Open flowers",13,"2021-01-01","2021-12-31",2021-04-08,98,2021-04-21,13,1,0
"offset",358108,57091,33.398136,-97.569969,267,"TX",1755,"Quercus","stellata","post oak","Plantae",501,"Open flowers",14,"2022-01-01","2022-12-31",2022-05-02,122,NA,NA,1,0
"offset",358109,57091,33.398136,-97.569969,267,"TX",1755,"Quercus","stellata","post oak","Plantae",371,"Breaking leaf buds",11,"2019-01-01","2019-12-31",2019-04-08,98,2019-04-16,8,1,0
"offset",358109,57091,33.398136,-97.569969,267,"TX",1755,"Quercus","stellata","post oak","Plantae",371,"Breaking leaf buds",12,"2020-01-01","2020-12-31",2020-03-11,71,2020-03-17,6,1,0
"offset",358109,57091,33.398136,-97.569969,267,"TX",1755,"Quercus","stellata","post oak","Plantae",371,"Breaking leaf buds",13,"2021-01-01","2021-12-31",2021-04-21,111,2021-04-27,6,1,0
"offset",358109,57091,33.398136,-97.569969,267,"TX",1755,"Quercus","stellata","post oak","Plantae",371,"Breaking leaf buds",14,"2022-01-01","2022-12-31",2022-05-02,122,NA,NA,1,0
"offset",358109,57091,33.398136,-97.569969,267,"TX",1755,"Quercus","stellata","post oak","Plantae",501,"Open flowers",10,"2018-01-01","2018-12-31",2018-09-17,260,2018-10-03,16,4,0
"offset",358109,57091,33.398136,-97.569969,267,"TX",1755,"Quercus","stellata","post oak","Plantae",501,"Open flowers",11,"2019-01-01","2019-12-31",2019-05-14,134,2019-05-21,7,2,0
"offset",358109,57091,33.398136,-97.569969,267,"TX",1755,"Quercus","stellata","post oak","Plantae",501,"Open flowers",13,"2021-01-01","2021-12-31",2021-04-21,111,2021-04-27,6,1,0
"offset",358109,57091,33.398136,-97.569969,267,"TX",1755,"Quercus","stellata","post oak","Plantae",501,"Open flowers",14,"2022-01-01","2022-12-31",2022-04-18,108,2022-04-25,7,1,0
"offset",358110,57091,33.398136,-97.569969,267,"TX",1755,"Quercus","stellata","post oak","Plantae",371,"Breaking leaf buds",10,"2018-01-01","2018-12-31",2018-05-30,150,2018-06-06,7,1,0
"offset",358110,57091,33.398136,-97.569969,267,"TX",1755,"Quercus","stellata","post oak","Plantae",371,"Breaking leaf buds",11,"2019-01-01","2019-12-31",2019-04-08,98,2019-04-16,8,1,0
"offset",358110,57091,33.398136,-97.569969,267,"TX",1755,"Quercus","stellata","post oak","Plantae",371,"Breaking leaf buds",12,"2020-01-01","2020-12-31",2020-03-11,71,2020-03-17,6,1,0
"offset",358110,57091,33.398136,-97.569969,267,"TX",1755,"Quercus","stellata","post oak","Plantae",371,"Breaking leaf buds",13,"2021-01-01","2021-12-31",2021-05-25,145,2021-06-10,16,2,0
"offset",358110,57091,33.398136,-97.569969,267,"TX",1755,"Quercus","stellata","post oak","Plantae",371,"Breaking leaf buds",14,"2022-01-01","2022-12-31",2022-05-02,122,NA,NA,1,0
"offset",358110,57091,33.398136,-97.569969,267,"TX",1755,"Quercus","stellata","post oak","Plantae",501,"Open flowers",10,"2018-01-01","2018-12-31",2018-09-17,260,2018-10-03,16,1,0
"offset",358110,57091,33.398136,-97.569969,267,"TX",1755,"Quercus","stellata","post oak","Plantae",501,"Open flowers",11,"2019-01-01","2019-12-31",2019-05-14,134,2019-05-21,7,2,0
"offset",358110,57091,33.398136,-97.569969,267,"TX",1755,"Quercus","stellata","post oak","Plantae",501,"Open flowers",13,"2021-01-01","2021-12-31",2021-04-08,98,2021-04-21,13,1,0
"offset",358110,57091,33.398136,-97.569969,267,"TX",1755,"Quercus","stellata","post oak","Plantae",501,"Open flowers",14,"2022-01-01","2022-12-31",2022-05-02,122,NA,NA,1,0
"offset",358111,57091,33.398136,-97.569969,267,"TX",1755,"Quercus","stellata","post oak","Plantae",371,"Breaking leaf buds",11,"2019-01-01","2019-12-31",2019-04-08,98,2019-04-16,8,1,0
"offset",358111,57091,33.398136,-97.569969,267,"TX",1755,"Quercus","stellata","post oak","Plantae",371,"Breaking leaf buds",12,"2020-01-01","2020-12-31",2020-03-11,71,2020-03-17,6,1,0
"offset",358111,57091,33.398136,-97.569969,267,"TX",1755,"Quercus","stellata","post oak","Plantae",371,"Breaking leaf buds",13,"2021-01-01","2021-12-31",2021-04-08,98,2021-04-21,13,1,0
"offset",358111,57091,33.398136,-97.569969,267,"TX",1755,"Quercus","stellata","post oak","Plantae",371,"Breaking leaf buds",14,"2022-01-01","2022-12-31",2022-05-02,122,NA,NA,1,0
"offset",358111,57091,33.398136,-97.569969,267,"TX",1755,"Quercus","stellata","post oak","Plantae",501,"Open flowers",11,"2019-01-01","2019-12-31",2019-05-14,134,2019-05-21,7,2,0
"offset",358111,57091,33.398136,-97.569969,267,"TX",1755,"Quercus","stellata","post oak","Plantae",501,"Open flowers",13,"2021-01-01","2021-12-31",2021-04-21,111,2021-04-27,6,1,0
"offset",358111,57091,33.398136,-97.569969,267,"TX",1755,"Quercus","stellata","post oak","Plantae",501,"Open flowers",14,"2022-01-01","2022-12-31",2022-04-11,101,2022-04-18,7,1,0
"offset",358112,57091,33.398136,-97.569969,267,"TX",1755,"Quercus","stellata","post oak","Plantae",371,"Breaking leaf buds",11,"2019-01-01","2019-12-31",2019-04-01,91,2019-04-08,7,1,0
"offset",358112,57091,33.398136,-97.569969,267,"TX",1755,"Quercus","stellata","post oak","Plantae",371,"Breaking leaf buds",12,"2020-01-01","2020-12-31",2020-03-11,71,2020-03-17,6,1,0
"offset",358112,57091,33.398136,-97.569969,267,"TX",1755,"Quercus","stellata","post oak","Plantae",371,"Breaking leaf buds",13,"2021-01-01","2021-12-31",2021-04-08,98,2021-04-21,13,1,0
"offset",358112,57091,33.398136,-97.569969,267,"TX",1755,"Quercus","stellata","post oak","Plantae",371,"Breaking leaf buds",14,"2022-01-01","2022-12-31",2022-05-02,122,2022-05-10,8,1,0
"offset",358112,57091,33.398136,-97.569969,267,"TX",1755,"Quercus","stellata","post oak","Plantae",371,"Breaking leaf buds",15,"2023-01-01","2023-12-31",2023-04-10,100,2023-04-17,7,1,0
"offset",358112,57091,33.398136,-97.569969,267,"TX",1755,"Quercus","stellata","post oak","Plantae",371,"Breaking leaf buds",16,"2024-01-01","2024-12-31",2024-04-01,92,2024-04-09,8,1,0
"offset",358112,57091,33.398136,-97.569969,267,"TX",1755,"Quercus","stellata","post oak","Plantae",371,"Breaking leaf buds",17,"2025-01-01","2025-12-31",2025-04-14,104,2025-04-21,7,1,0
"offset",358112,57091,33.398136,-97.569969,267,"TX",1755,"Quercus","stellata","post oak","Plantae",501,"Open flowers",10,"2018-01-01","2018-12-31",2018-08-21,233,2018-09-11,21,1,0
"offset",358112,57091,33.398136,-97.569969,267,"TX",1755,"Quercus","stellata","post oak","Plantae",501,"Open flowers",11,"2019-01-01","2019-12-31",2019-05-14,134,2019-05-21,7,2,0
"offset",358112,57091,33.398136,-97.569969,267,"TX",1755,"Quercus","stellata","post oak","Plantae",501,"Open flowers",13,"2021-01-01","2021-12-31",2021-04-08,98,2021-04-21,13,1,0
"offset",358112,57091,33.398136,-97.569969,267,"TX",1755,"Quercus","stellata","post oak","Plantae",501,"Open flowers",14,"2022-01-01","2022-12-31",2022-05-02,122,2022-05-10,8,1,0
"offset",358112,57091,33.398136,-97.569969,267,"TX",1755,"Quercus","stellata","post oak","Plantae",501,"Open flowers",15,"2023-01-01","2023-12-31",2023-04-10,100,2023-04-17,7,1,0
"offset",358112,57091,33.398136,-97.569969,267,"TX",1755,"Quercus","stellata","post oak","Plantae",501,"Open flowers",16,"2024-01-01","2024-12-31",2024-04-01,92,2024-04-09,8,1,0
"offset",358112,57091,33.398136,-97.569969,267,"TX",1755,"Quercus","stellata","post oak","Plantae",501,"Open flowers",17,"2025-01-01","2025-12-31",2025-04-14,104,2025-04-21,7,1,0
"offset",358123,57091,33.398136,-97.569969,267,"TX",1755,"Quercus","stellata","post oak","Plantae",371,"Breaking leaf buds",10,"2018-01-01","2018-12-31",2018-05-22,142,2018-05-30,8,1,0
"offset",358123,57091,33.398136,-97.569969,267,"TX",1755,"Quercus","stellata","post oak","Plantae",371,"Breaking leaf buds",11,"2019-01-01","2019-12-31",2019-04-01,91,2019-04-08,7,1,0
"offset",358123,57091,33.398136,-97.569969,267,"TX",1755,"Quercus","stellata","post oak","Plantae",371,"Breaking leaf buds",13,"2021-01-01","2021-12-31",2021-04-08,98,2021-04-21,13,1,0
"offset",358123,57091,33.398136,-97.569969,267,"TX",1755,"Quercus","stellata","post oak","Plantae",371,"Breaking leaf buds",14,"2022-01-01","2022-12-31",2022-05-02,122,NA,NA,1,0
"offset",358123,57091,33.398136,-97.569969,267,"TX",1755,"Quercus","stellata","post oak","Plantae",501,"Open flowers",10,"2018-01-01","2018-12-31",2018-09-17,260,2018-09-24,7,2,0
"offset",358123,57091,33.398136,-97.569969,267,"TX",1755,"Quercus","stellata","post oak","Plantae",501,"Open flowers",11,"2019-01-01","2019-12-31",2019-05-14,134,2019-05-21,7,2,0
"offset",358123,57091,33.398136,-97.569969,267,"TX",1755,"Quercus","stellata","post oak","Plantae",501,"Open flowers",13,"2021-01-01","2021-12-31",2021-04-08,98,2021-04-21,13,1,0
"offset",358123,57091,33.398136,-97.569969,267,"TX",1755,"Quercus","stellata","post oak","Plantae",501,"Open flowers",14,"2022-01-01","2022-12-31",2022-04-18,108,2022-04-25,7,1,0
"offset",358129,57091,33.398136,-97.569969,267,"TX",1755,"Quercus","stellata","post oak","Plantae",371,"Breaking leaf buds",11,"2019-01-01","2019-12-31",2019-04-08,98,2019-04-16,8,1,0
"offset",358129,57091,33.398136,-97.569969,267,"TX",1755,"Quercus","stellata","post oak","Plantae",371,"Breaking leaf buds",12,"2020-01-01","2020-12-31",2020-03-11,71,2020-03-17,6,1,0
"offset",358129,57091,33.398136,-97.569969,267,"TX",1755,"Quercus","stellata","post oak","Plantae",371,"Breaking leaf buds",13,"2021-01-01","2021-12-31",2021-04-21,111,2021-04-27,6,1,0
"offset",358129,57091,33.398136,-97.569969,267,"TX",1755,"Quercus","stellata","post oak","Plantae",371,"Breaking leaf buds",14,"2022-01-01","2022-12-31",2022-05-02,122,NA,NA,1,0
"offset",358129,57091,33.398136,-97.569969,267,"TX",1755,"Quercus","stellata","post oak","Plantae",501,"Open flowers",10,"2018-01-01","2018-12-31",2018-09-24,267,2018-10-03,9,2,0
"offset",358129,57091,33.398136,-97.569969,267,"TX",1755,"Quercus","stellata","post oak","Plantae",501,"Open flowers",11,"2019-01-01","2019-12-31",2019-05-14,134,2019-05-21,7,2,0
"offset",358129,57091,33.398136,-97.569969,267,"TX",1755,"Quercus","stellata","post oak","Plantae",501,"Open flowers",13,"2021-01-01","2021-12-31",2021-04-21,111,2021-04-27,6,1,0
"offset",358129,57091,33.398136,-97.569969,267,"TX",1755,"Quercus","stellata","post oak","Plantae",501,"Open flowers",14,"2022-01-01","2022-12-31",2022-05-02,122,NA,NA,1,0
"offset",358130,57091,33.398136,-97.569969,267,"TX",1755,"Quercus","stellata","post oak","Plantae",371,"Breaking leaf buds",11,"2019-01-01","2019-12-31",2019-04-08,98,2019-04-16,8,1,0
"offset",358130,57091,33.398136,-97.569969,267,"TX",1755,"Quercus","stellata","post oak","Plantae",371,"Breaking leaf buds",12,"2020-01-01","2020-12-31",2020-03-11,71,2020-03-17,6,1,0
"offset",358130,57091,33.398136,-97.569969,267,"TX",1755,"Quercus","stellata","post oak","Plantae",371,"Breaking leaf buds",13,"2021-01-01","2021-12-31",2021-04-21,111,2021-04-27,6,1,0
"offset",358130,57091,33.398136,-97.569969,267,"TX",1755,"Quercus","stellata","post oak","Plantae",371,"Breaking leaf buds",14,"2022-01-01","2022-12-31",2022-05-02,122,NA,NA,1,0
"offset",358130,57091,33.398136,-97.569969,267,"TX",1755,"Quercus","stellata","post oak","Plantae",501,"Open flowers",11,"2019-01-01","2019-12-31",2019-05-14,134,2019-05-21,7,1,0
"offset",358130,57091,33.398136,-97.569969,267,"TX",1755,"Quercus","stellata","post oak","Plantae",501,"Open flowers",14,"2022-01-01","2022-12-31",2022-05-02,122,NA,NA,1,0
"offset",358132,57091,33.398136,-97.569969,267,"TX",1755,"Quercus","stellata","post oak","Plantae",371,"Breaking leaf buds",11,"2019-01-01","2019-12-31",2019-04-01,91,2019-04-08,7,1,0
"offset",358132,57091,33.398136,-97.569969,267,"TX",1755,"Quercus","stellata","post oak","Plantae",371,"Breaking leaf buds",12,"2020-01-01","2020-12-31",2020-03-11,71,2020-03-17,6,1,0
"offset",358132,57091,33.398136,-97.569969,267,"TX",1755,"Quercus","stellata","post oak","Plantae",371,"Breaking leaf buds",13,"2021-01-01","2021-12-31",2021-04-21,111,2021-04-27,6,2,0
"offset",358132,57091,33.398136,-97.569969,267,"TX",1755,"Quercus","stellata","post oak","Plantae",371,"Breaking leaf buds",14,"2022-01-01","2022-12-31",2022-05-02,122,2022-05-10,8,1,0
"offset",358132,57091,33.398136,-97.569969,267,"TX",1755,"Quercus","stellata","post oak","Plantae",371,"Breaking leaf buds",15,"2023-01-01","2023-12-31",2023-04-17,107,2023-04-24,7,1,0
"offset",358132,57091,33.398136,-97.569969,267,"TX",1755,"Quercus","stellata","post oak","Plantae",371,"Breaking leaf buds",16,"2024-01-01","2024-12-31",2024-05-07,128,2024-05-13,6,1,0
"offset",358132,57091,33.398136,-97.569969,267,"TX",1755,"Quercus","stellata","post oak","Plantae",371,"Breaking leaf buds",17,"2025-01-01","2025-12-31",2025-04-21,111,2025-04-28,7,1,0
"offset",358132,57091,33.398136,-97.569969,267,"TX",1755,"Quercus","stellata","post oak","Plantae",501,"Open flowers",10,"2018-01-01","2018-12-31",2018-09-24,267,2018-10-03,9,2,0
"offset",358132,57091,33.398136,-97.569969,267,"TX",1755,"Quercus","stellata","post oak","Plantae",501,"Open flowers",11,"2019-01-01","2019-12-31",2019-05-14,134,2019-05-21,7,2,0
"offset",358132,57091,33.398136,-97.569969,267,"TX",1755,"Quercus","stellata","post oak","Plantae",501,"Open flowers",14,"2022-01-01","2022-12-31",2022-05-02,122,2022-05-10,8,2,0
"offset",358132,57091,33.398136,-97.569969,267,"TX",1755,"Quercus","stellata","post oak","Plantae",501,"Open flowers",15,"2023-01-01","2023-12-31",2023-04-10,100,2023-04-17,7,1,0
"offset",358132,57091,33.398136,-97.569969,267,"TX",1755,"Quercus","stellata","post oak","Plantae",501,"Open flowers",17,"2025-01-01","2025-12-31",2025-04-14,104,2025-04-21,7,1,0
"offset",358133,57091,33.398136,-97.569969,267,"TX",1755,"Quercus","stellata","post oak","Plantae",371,"Breaking leaf buds",11,"2019-01-01","2019-12-31",2019-04-08,98,2019-04-16,8,1,0
"offset",358133,57091,33.398136,-97.569969,267,"TX",1755,"Quercus","stellata","post oak","Plantae",371,"Breaking leaf buds",12,"2020-01-01","2020-12-31",2020-03-11,71,2020-03-17,6,1,0
"offset",358133,57091,33.398136,-97.569969,267,"TX",1755,"Quercus","stellata","post oak","Plantae",371,"Breaking leaf buds",13,"2021-01-01","2021-12-31",2021-04-08,98,2021-04-21,13,1,0
"offset",358133,57091,33.398136,-97.569969,267,"TX",1755,"Quercus","stellata","post oak","Plantae",371,"Breaking leaf buds",14,"2022-01-01","2022-12-31",2022-05-02,122,NA,NA,1,0
"offset",358133,57091,33.398136,-97.569969,267,"TX",1755,"Quercus","stellata","post oak","Plantae",501,"Open flowers",10,"2018-01-01","2018-12-31",2018-08-21,233,2018-09-05,15,2,0
"offset",358133,57091,33.398136,-97.569969,267,"TX",1755,"Quercus","stellata","post oak","Plantae",501,"Open flowers",11,"2019-01-01","2019-12-31",2019-05-14,134,2019-05-21,7,2,0
"offset",358133,57091,33.398136,-97.569969,267,"TX",1755,"Quercus","stellata","post oak","Plantae",501,"Open flowers",13,"2021-01-01","2021-12-31",2021-04-21,111,2021-04-27,6,1,0
"offset",358133,57091,33.398136,-97.569969,267,"TX",1755,"Quercus","stellata","post oak","Plantae",501,"Open flowers",14,"2022-01-01","2022-12-31",2022-05-02,122,NA,NA,2,0
"offset",358135,57091,33.398136,-97.569969,267,"TX",1755,"Quercus","stellata","post oak","Plantae",371,"Breaking leaf buds",11,"2019-01-01","2019-12-31",2019-04-08,98,2019-04-16,8,1,0
"offset",358135,57091,33.398136,-97.569969,267,"TX",1755,"Quercus","stellata","post oak","Plantae",371,"Breaking leaf buds",13,"2021-01-01","2021-12-31",2021-04-08,98,2021-04-21,13,1,0
"offset",358135,57091,33.398136,-97.569969,267,"TX",1755,"Quercus","stellata","post oak","Plantae",371,"Breaking leaf buds",14,"2022-01-01","2022-12-31",2022-05-02,122,NA,NA,1,0
"offset",358135,57091,33.398136,-97.569969,267,"TX",1755,"Quercus","stellata","post oak","Plantae",501,"Open flowers",10,"2018-01-01","2018-12-31",2018-09-11,254,2018-09-17,6,1,0
"offset",358135,57091,33.398136,-97.569969,267,"TX",1755,"Quercus","stellata","post oak","Plantae",501,"Open flowers",11,"2019-01-01","2019-12-31",2019-05-14,134,2019-05-21,7,2,0
"offset",358135,57091,33.398136,-97.569969,267,"TX",1755,"Quercus","stellata","post oak","Plantae",501,"Open flowers",13,"2021-01-01","2021-12-31",2021-04-08,98,2021-04-21,13,1,0
"offset",358135,57091,33.398136,-97.569969,267,"TX",1755,"Quercus","stellata","post oak","Plantae",501,"Open flowers",14,"2022-01-01","2022-12-31",2022-04-18,108,2022-04-25,7,1,0
"offset",358137,57091,33.398136,-97.569969,267,"TX",1755,"Quercus","stellata","post oak","Plantae",371,"Breaking leaf buds",10,"2018-01-01","2018-12-31",2018-05-30,150,2018-06-06,7,1,0
"offset",358137,57091,33.398136,-97.569969,267,"TX",1755,"Quercus","stellata","post oak","Plantae",371,"Breaking leaf buds",11,"2019-01-01","2019-12-31",2019-04-08,98,2019-04-16,8,1,0
"offset",358137,57091,33.398136,-97.569969,267,"TX",1755,"Quercus","stellata","post oak","Plantae",371,"Breaking leaf buds",12,"2020-01-01","2020-12-31",2020-03-11,71,2020-03-17,6,1,0
"offset",358137,57091,33.398136,-97.569969,267,"TX",1755,"Quercus","stellata","post oak","Plantae",371,"Breaking leaf buds",13,"2021-01-01","2021-12-31",2021-04-21,111,2021-04-27,6,1,0
"offset",358137,57091,33.398136,-97.569969,267,"TX",1755,"Quercus","stellata","post oak","Plantae",371,"Breaking leaf buds",14,"2022-01-01","2022-12-31",2022-05-02,122,NA,NA,1,0
"offset",358137,57091,33.398136,-97.569969,267,"TX",1755,"Quercus","stellata","post oak","Plantae",501,"Open flowers",10,"2018-01-01","2018-12-31",2018-08-21,233,2018-09-11,21,2,0
"offset",358137,57091,33.398136,-97.569969,267,"TX",1755,"Quercus","stellata","post oak","Plantae",501,"Open flowers",11,"2019-01-01","2019-12-31",2019-05-14,134,2019-05-21,7,2,0
"offset",358137,57091,33.398136,-97.569969,267,"TX",1755,"Quercus","stellata","post oak","Plantae",501,"Open flowers",13,"2021-01-01","2021-12-31",2021-04-08,98,2021-04-21,13,1,0
"offset",358137,57091,33.398136,-97.569969,267,"TX",1755,"Quercus","stellata","post oak","Plantae",501,"Open flowers",14,"2022-01-01","2022-12-31",2022-05-02,122,NA,NA,1,0
"offset",358139,57091,33.398136,-97.569969,267,"TX",1755,"Quercus","stellata","post oak","Plantae",371,"Breaking leaf buds",11,"2019-01-01","2019-12-31",2019-04-01,91,2019-04-08,7,1,0
"offset",358139,57091,33.398136,-97.569969,267,"TX",1755,"Quercus","stellata","post oak","Plantae",371,"Breaking leaf buds",12,"2020-01-01","2020-12-31",2020-03-11,71,2020-03-17,6,1,0
"offset",358139,57091,33.398136,-97.569969,267,"TX",1755,"Quercus","stellata","post oak","Plantae",371,"Breaking leaf buds",13,"2021-01-01","2021-12-31",2021-04-21,111,2021-04-27,6,1,0
"offset",358139,57091,33.398136,-97.569969,267,"TX",1755,"Quercus","stellata","post oak","Plantae",371,"Breaking leaf buds",14,"2022-01-01","2022-12-31",2022-05-02,122,NA,NA,1,0
"offset",358139,57091,33.398136,-97.569969,267,"TX",1755,"Quercus","stellata","post oak","Plantae",501,"Open flowers",10,"2018-01-01","2018-12-31",2018-11-01,305,2018-11-07,6,2,0
"offset",358139,57091,33.398136,-97.569969,267,"TX",1755,"Quercus","stellata","post oak","Plantae",501,"Open flowers",11,"2019-01-01","2019-12-31",2019-05-14,134,2019-05-21,7,2,0
"offset",358139,57091,33.398136,-97.569969,267,"TX",1755,"Quercus","stellata","post oak","Plantae",501,"Open flowers",13,"2021-01-01","2021-12-31",2021-04-21,111,2021-04-27,6,1,0
"offset",358139,57091,33.398136,-97.569969,267,"TX",1755,"Quercus","stellata","post oak","Plantae",501,"Open flowers",14,"2022-01-01","2022-12-31",2022-05-02,122,NA,NA,1,0
"offset",358140,57091,33.398136,-97.569969,267,"TX",1755,"Quercus","stellata","post oak","Plantae",371,"Breaking leaf buds",11,"2019-01-01","2019-12-31",2019-04-01,91,2019-04-08,7,1,0
"offset",358140,57091,33.398136,-97.569969,267,"TX",1755,"Quercus","stellata","post oak","Plantae",371,"Breaking leaf buds",12,"2020-01-01","2020-12-31",2020-03-11,71,2020-03-17,6,1,0
"offset",358140,57091,33.398136,-97.569969,267,"TX",1755,"Quercus","stellata","post oak","Plantae",371,"Breaking leaf buds",13,"2021-01-01","2021-12-31",2021-04-08,98,2021-04-21,13,1,0
"offset",358140,57091,33.398136,-97.569969,267,"TX",1755,"Quercus","stellata","post oak","Plantae",371,"Breaking leaf buds",14,"2022-01-01","2022-12-31",2022-05-02,122,NA,NA,1,0
"offset",358140,57091,33.398136,-97.569969,267,"TX",1755,"Quercus","stellata","post oak","Plantae",501,"Open flowers",10,"2018-01-01","2018-12-31",2018-08-27,239,2018-09-11,15,1,0
"offset",358140,57091,33.398136,-97.569969,267,"TX",1755,"Quercus","stellata","post oak","Plantae",501,"Open flowers",11,"2019-01-01","2019-12-31",2019-05-14,134,2019-05-21,7,2,0
"offset",358140,57091,33.398136,-97.569969,267,"TX",1755,"Quercus","stellata","post oak","Plantae",501,"Open flowers",13,"2021-01-01","2021-12-31",2021-04-08,98,2021-04-21,13,1,0
"offset",358140,57091,33.398136,-97.569969,267,"TX",1755,"Quercus","stellata","post oak","Plantae",501,"Open flowers",14,"2022-01-01","2022-12-31",2022-05-02,122,NA,NA,2,0
"offset",358141,57091,33.398136,-97.569969,267,"TX",1755,"Quercus","stellata","post oak","Plantae",371,"Breaking leaf buds",11,"2019-01-01","2019-12-31",2019-04-08,98,2019-04-16,8,1,0
"offset",358141,57091,33.398136,-97.569969,267,"TX",1755,"Quercus","stellata","post oak","Plantae",371,"Breaking leaf buds",12,"2020-01-01","2020-12-31",2020-03-11,71,2020-03-17,6,1,0
"offset",358141,57091,33.398136,-97.569969,267,"TX",1755,"Quercus","stellata","post oak","Plantae",371,"Breaking leaf buds",13,"2021-01-01","2021-12-31",2021-05-25,145,2021-06-10,16,2,0
"offset",358141,57091,33.398136,-97.569969,267,"TX",1755,"Quercus","stellata","post oak","Plantae",371,"Breaking leaf buds",14,"2022-01-01","2022-12-31",2022-05-02,122,NA,NA,1,0
"offset",358141,57091,33.398136,-97.569969,267,"TX",1755,"Quercus","stellata","post oak","Plantae",501,"Open flowers",10,"2018-01-01","2018-12-31",2018-09-24,267,2018-10-03,9,2,0
"offset",358141,57091,33.398136,-97.569969,267,"TX",1755,"Quercus","stellata","post oak","Plantae",501,"Open flowers",11,"2019-01-01","2019-12-31",2019-05-14,134,2019-05-21,7,2,0
"offset",358141,57091,33.398136,-97.569969,267,"TX",1755,"Quercus","stellata","post oak","Plantae",501,"Open flowers",13,"2021-01-01","2021-12-31",2021-04-21,111,2021-04-27,6,1,0
"offset",358141,57091,33.398136,-97.569969,267,"TX",1755,"Quercus","stellata","post oak","Plantae",501,"Open flowers",14,"2022-01-01","2022-12-31",2022-04-18,108,2022-04-25,7,1,0
"offset",358143,57091,33.398136,-97.569969,267,"TX",1755,"Quercus","stellata","post oak","Plantae",371,"Breaking leaf buds",11,"2019-01-01","2019-12-31",2019-04-08,98,2019-04-16,8,1,0
"offset",358143,57091,33.398136,-97.569969,267,"TX",1755,"Quercus","stellata","post oak","Plantae",371,"Breaking leaf buds",12,"2020-01-01","2020-12-31",2020-03-11,71,2020-03-17,6,1,0
"offset",358143,57091,33.398136,-97.569969,267,"TX",1755,"Quercus","stellata","post oak","Plantae",371,"Breaking leaf buds",13,"2021-01-01","2021-12-31",2021-05-25,145,2021-06-10,16,2,0
"offset",358143,57091,33.398136,-97.569969,267,"TX",1755,"Quercus","stellata","post oak","Plantae",371,"Breaking leaf buds",14,"2022-01-01","2022-12-31",2022-05-02,122,NA,NA,1,0
"offset",358143,57091,33.398136,-97.569969,267,"TX",1755,"Quercus","stellata","post oak","Plantae",501,"Open flowers",10,"2018-01-01","2018-12-31",2018-09-24,267,2018-10-12,18,2,0
"offset",358143,57091,33.398136,-97.569969,267,"TX",1755,"Quercus","stellata","post oak","Plantae",501,"Open flowers",11,"2019-01-01","2019-12-31",2019-05-14,134,2019-05-21,7,2,0
"offset",358143,57091,33.398136,-97.569969,267,"TX",1755,"Quercus","stellata","post oak","Plantae",501,"Open flowers",13,"2021-01-01","2021-12-31",2021-04-21,111,2021-04-27,6,1,0
"offset",358143,57091,33.398136,-97.569969,267,"TX",1755,"Quercus","stellata","post oak","Plantae",501,"Open flowers",14,"2022-01-01","2022-12-31",2022-05-02,122,NA,NA,2,0
"offset",358144,57091,33.398136,-97.569969,267,"TX",1755,"Quercus","stellata","post oak","Plantae",371,"Breaking leaf buds",11,"2019-01-01","2019-12-31",2019-04-08,98,2019-04-16,8,1,0
"offset",358144,57091,33.398136,-97.569969,267,"TX",1755,"Quercus","stellata","post oak","Plantae",371,"Breaking leaf buds",12,"2020-01-01","2020-12-31",2020-03-11,71,2020-03-17,6,1,0
"offset",358144,57091,33.398136,-97.569969,267,"TX",1755,"Quercus","stellata","post oak","Plantae",371,"Breaking leaf buds",13,"2021-01-01","2021-12-31",2021-04-08,98,2021-04-21,13,1,0
"offset",358144,57091,33.398136,-97.569969,267,"TX",1755,"Quercus","stellata","post oak","Plantae",371,"Breaking leaf buds",14,"2022-01-01","2022-12-31",2022-05-02,122,NA,NA,1,0
"offset",358144,57091,33.398136,-97.569969,267,"TX",1755,"Quercus","stellata","post oak","Plantae",501,"Open flowers",10,"2018-01-01","2018-12-31",2018-09-24,267,2018-10-03,9,2,0
"offset",358144,57091,33.398136,-97.569969,267,"TX",1755,"Quercus","stellata","post oak","Plantae",501,"Open flowers",11,"2019-01-01","2019-12-31",2019-05-14,134,2019-05-21,7,2,0
"offset",358144,57091,33.398136,-97.569969,267,"TX",1755,"Quercus","stellata","post oak","Plantae",501,"Open flowers",13,"2021-01-01","2021-12-31",2021-04-08,98,2021-04-21,13,1,0
"offset",358144,57091,33.398136,-97.569969,267,"TX",1755,"Quercus","stellata","post oak","Plantae",501,"Open flowers",14,"2022-01-01","2022-12-31",2022-04-18,108,2022-04-25,7,1,0
"offset",358145,57091,33.398136,-97.569969,267,"TX",1755,"Quercus","stellata","post oak","Plantae",371,"Breaking leaf buds",10,"2018-01-01","2018-12-31",2018-05-22,142,2018-05-30,8,1,0
"offset",358145,57091,33.398136,-97.569969,267,"TX",1755,"Quercus","stellata","post oak","Plantae",371,"Breaking leaf buds",11,"2019-01-01","2019-12-31",2019-04-01,91,2019-04-08,7,1,0
"offset",358145,57091,33.398136,-97.569969,267,"TX",1755,"Quercus","stellata","post oak","Plantae",371,"Breaking leaf buds",12,"2020-01-01","2020-12-31",2020-03-11,71,2020-03-17,6,1,0
"offset",358145,57091,33.398136,-97.569969,267,"TX",1755,"Quercus","stellata","post oak","Plantae",371,"Breaking leaf buds",13,"2021-01-01","2021-12-31",2021-04-08,98,2021-04-21,13,1,0
"offset",358145,57091,33.398136,-97.569969,267,"TX",1755,"Quercus","stellata","post oak","Plantae",371,"Breaking leaf buds",14,"2022-01-01","2022-12-31",2022-05-02,122,NA,NA,1,0
"offset",358145,57091,33.398136,-97.569969,267,"TX",1755,"Quercus","stellata","post oak","Plantae",501,"Open flowers",10,"2018-01-01","2018-12-31",2018-09-24,267,2018-10-03,9,2,0
"offset",358145,57091,33.398136,-97.569969,267,"TX",1755,"Quercus","stellata","post oak","Plantae",501,"Open flowers",11,"2019-01-01","2019-12-31",2019-05-14,134,2019-05-21,7,2,0
"offset",358145,57091,33.398136,-97.569969,267,"TX",1755,"Quercus","stellata","post oak","Plantae",501,"Open flowers",13,"2021-01-01","2021-12-31",2021-04-08,98,2021-04-21,13,1,0
"offset",358145,57091,33.398136,-97.569969,267,"TX",1755,"Quercus","stellata","post oak","Plantae",501,"Open flowers",14,"2022-01-01","2022-12-31",2022-05-02,122,NA,NA,2,0
"offset",358148,57091,33.398136,-97.569969,267,"TX",1755,"Quercus","stellata","post oak","Plantae",371,"Breaking leaf buds",11,"2019-01-01","2019-12-31",2019-04-16,106,2019-04-25,9,1,0
"offset",358148,57091,33.398136,-97.569969,267,"TX",1755,"Quercus","stellata","post oak","Plantae",371,"Breaking leaf buds",12,"2020-01-01","2020-12-31",2020-03-11,71,2020-03-17,6,1,0
"offset",358148,57091,33.398136,-97.569969,267,"TX",1755,"Quercus","stellata","post oak","Plantae",371,"Breaking leaf buds",13,"2021-01-01","2021-12-31",2021-04-21,111,2021-04-27,6,1,0
"offset",358148,57091,33.398136,-97.569969,267,"TX",1755,"Quercus","stellata","post oak","Plantae",371,"Breaking leaf buds",14,"2022-01-01","2022-12-31",2022-05-02,122,NA,NA,1,0
"offset",358148,57091,33.398136,-97.569969,267,"TX",1755,"Quercus","stellata","post oak","Plantae",501,"Open flowers",10,"2018-01-01","2018-12-31",2018-07-31,212,2018-08-06,6,2,0
"offset",358148,57091,33.398136,-97.569969,267,"TX",1755,"Quercus","stellata","post oak","Plantae",501,"Open flowers",11,"2019-01-01","2019-12-31",2019-05-14,134,2019-05-21,7,2,0
"offset",358148,57091,33.398136,-97.569969,267,"TX",1755,"Quercus","stellata","post oak","Plantae",501,"Open flowers",14,"2022-01-01","2022-12-31",2022-04-25,115,2022-05-02,7,1,0
"offset",358149,57091,33.398136,-97.569969,267,"TX",1755,"Quercus","stellata","post oak","Plantae",371,"Breaking leaf buds",11,"2019-01-01","2019-12-31",2019-05-21,141,2019-05-28,7,2,0
"offset",358149,57091,33.398136,-97.569969,267,"TX",1755,"Quercus","stellata","post oak","Plantae",371,"Breaking leaf buds",12,"2020-01-01","2020-12-31",2020-03-11,71,2020-03-17,6,1,0
"offset",358149,57091,33.398136,-97.569969,267,"TX",1755,"Quercus","stellata","post oak","Plantae",371,"Breaking leaf buds",13,"2021-01-01","2021-12-31",2021-04-08,98,2021-04-21,13,1,0
"offset",358149,57091,33.398136,-97.569969,267,"TX",1755,"Quercus","stellata","post oak","Plantae",371,"Breaking leaf buds",14,"2022-01-01","2022-12-31",2022-05-02,122,NA,NA,1,0
"offset",358149,57091,33.398136,-97.569969,267,"TX",1755,"Quercus","stellata","post oak","Plantae",501,"Open flowers",11,"2019-01-01","2019-12-31",2019-05-28,148,2019-06-04,7,1,0
"offset",358152,57091,33.398136,-97.569969,267,"TX",1755,"Quercus","stellata","post oak","Plantae",371,"Breaking leaf buds",11,"2019-01-01","2019-12-31",2019-04-01,91,2019-04-08,7,1,0
"offset",358152,57091,33.398136,-97.569969,267,"TX",1755,"Quercus","stellata","post oak","Plantae",371,"Breaking leaf buds",13,"2021-01-01","2021-12-31",2021-04-21,111,2021-04-27,6,1,0
"offset",358152,57091,33.398136,-97.569969,267,"TX",1755,"Quercus","stellata","post oak","Plantae",371,"Breaking leaf buds",14,"2022-01-01","2022-12-31",2022-05-02,122,NA,NA,1,0
"offset",358152,57091,33.398136,-97.569969,267,"TX",1755,"Quercus","stellata","post oak","Plantae",501,"Open flowers",10,"2018-01-01","2018-12-31",2018-08-06,218,2018-08-15,9,1,0
"offset",358152,57091,33.398136,-97.569969,267,"TX",1755,"Quercus","stellata","post oak","Plantae",501,"Open flowers",11,"2019-01-01","2019-12-31",2019-05-14,134,2019-05-21,7,2,0
"offset",358152,57091,33.398136,-97.569969,267,"TX",1755,"Quercus","stellata","post oak","Plantae",501,"Open flowers",13,"2021-01-01","2021-12-31",2021-04-08,98,2021-04-21,13,1,0
"offset",358152,57091,33.398136,-97.569969,267,"TX",1755,"Quercus","stellata","post oak","Plantae",501,"Open flowers",14,"2022-01-01","2022-12-31",2022-05-02,122,NA,NA,1,0
"offset",358158,57091,33.398136,-97.569969,267,"TX",1755,"Quercus","stellata","post oak","Plantae",371,"Breaking leaf buds",11,"2019-01-01","2019-12-31",2019-04-08,98,2019-04-16,8,1,0
"offset",358158,57091,33.398136,-97.569969,267,"TX",1755,"Quercus","stellata","post oak","Plantae",371,"Breaking leaf buds",12,"2020-01-01","2020-12-31",2020-03-11,71,2020-03-17,6,1,0
"offset",358158,57091,33.398136,-97.569969,267,"TX",1755,"Quercus","stellata","post oak","Plantae",371,"Breaking leaf buds",13,"2021-01-01","2021-12-31",2021-04-21,111,2021-04-27,6,1,0
"offset",358158,57091,33.398136,-97.569969,267,"TX",1755,"Quercus","stellata","post oak","Plantae",371,"Breaking leaf buds",14,"2022-01-01","2022-12-31",2022-05-02,122,2022-05-10,8,1,0
"offset",358158,57091,33.398136,-97.569969,267,"TX",1755,"Quercus","stellata","post oak","Plantae",371,"Breaking leaf buds",15,"2023-01-01","2023-12-31",2023-05-08,128,2023-05-16,8,1,0
"offset",358158,57091,33.398136,-97.569969,267,"TX",1755,"Quercus","stellata","post oak","Plantae",501,"Open flowers",13,"2021-01-01","2021-12-31",2021-04-01,91,2021-04-08,7,1,0
"offset",358161,57091,33.398136,-97.569969,267,"TX",1755,"Quercus","stellata","post oak","Plantae",371,"Breaking leaf buds",11,"2019-01-01","2019-12-31",2019-04-08,98,2019-04-16,8,1,0
"offset",358161,57091,33.398136,-97.569969,267,"TX",1755,"Quercus","stellata","post oak","Plantae",371,"Breaking leaf buds",12,"2020-01-01","2020-12-31",2020-03-11,71,2020-03-17,6,1,0
"offset",358161,57091,33.398136,-97.569969,267,"TX",1755,"Quercus","stellata","post oak","Plantae",371,"Breaking leaf buds",13,"2021-01-01","2021-12-31",2021-04-21,111,2021-04-27,6,1,0
"offset",358161,57091,33.398136,-97.569969,267,"TX",1755,"Quercus","stellata","post oak","Plantae",371,"Breaking leaf buds",14,"2022-01-01","2022-12-31",2022-05-02,122,2022-05-10,8,1,0
"offset",358161,57091,33.398136,-97.569969,267,"TX",1755,"Quercus","stellata","post oak","Plantae",371,"Breaking leaf buds",15,"2023-01-01","2023-12-31",2023-04-17,107,2023-04-24,7,1,0
"offset",358161,57091,33.398136,-97.569969,267,"TX",1755,"Quercus","stellata","post oak","Plantae",371,"Breaking leaf buds",16,"2024-01-01","2024-12-31",2024-04-22,113,2024-04-29,7,1,0
"offset",358161,57091,33.398136,-97.569969,267,"TX",1755,"Quercus","stellata","post oak","Plantae",371,"Breaking leaf buds",17,"2025-01-01","2025-12-31",2025-04-21,111,2025-04-28,7,1,0
"offset",358161,57091,33.398136,-97.569969,267,"TX",1755,"Quercus","stellata","post oak","Plantae",501,"Open flowers",10,"2018-01-01","2018-12-31",2018-09-24,267,2018-10-03,9,1,0
"offset",358161,57091,33.398136,-97.569969,267,"TX",1755,"Quercus","stellata","post oak","Plantae",501,"Open flowers",11,"2019-01-01","2019-12-31",2019-05-14,134,2019-05-21,7,1,0
"offset",358161,57091,33.398136,-97.569969,267,"TX",1755,"Quercus","stellata","post oak","Plantae",501,"Open flowers",13,"2021-01-01","2021-12-31",2021-04-21,111,2021-04-27,6,1,0
"offset",358161,57091,33.398136,-97.569969,267,"TX",1755,"Quercus","stellata","post oak","Plantae",501,"Open flowers",14,"2022-01-01","2022-12-31",2022-05-02,122,2022-05-10,8,1,0
"offset",358161,57091,33.398136,-97.569969,267,"TX",1755,"Quercus","stellata","post oak","Plantae",501,"Open flowers",15,"2023-01-01","2023-12-31",2023-04-24,114,2023-05-01,7,1,0
"offset",358161,57091,33.398136,-97.569969,267,"TX",1755,"Quercus","stellata","post oak","Plantae",501,"Open flowers",17,"2025-01-01","2025-12-31",2025-04-14,104,2025-04-21,7,1,0
"offset",358162,57091,33.398136,-97.569969,267,"TX",1755,"Quercus","stellata","post oak","Plantae",371,"Breaking leaf buds",11,"2019-01-01","2019-12-31",2019-04-16,106,2019-04-25,9,1,0
"offset",358162,57091,33.398136,-97.569969,267,"TX",1755,"Quercus","stellata","post oak","Plantae",371,"Breaking leaf buds",12,"2020-01-01","2020-12-31",2020-03-11,71,2020-03-17,6,1,0
"offset",358162,57091,33.398136,-97.569969,267,"TX",1755,"Quercus","stellata","post oak","Plantae",371,"Breaking leaf buds",13,"2021-01-01","2021-12-31",2021-04-21,111,2021-04-27,6,1,0
"offset",358162,57091,33.398136,-97.569969,267,"TX",1755,"Quercus","stellata","post oak","Plantae",371,"Breaking leaf buds",14,"2022-01-01","2022-12-31",2022-05-02,122,NA,NA,1,0
"offset",358162,57091,33.398136,-97.569969,267,"TX",1755,"Quercus","stellata","post oak","Plantae",501,"Open flowers",10,"2018-01-01","2018-12-31",2018-07-23,204,2018-07-31,8,1,0
"offset",358162,57091,33.398136,-97.569969,267,"TX",1755,"Quercus","stellata","post oak","Plantae",501,"Open flowers",14,"2022-01-01","2022-12-31",2022-04-25,115,2022-05-02,7,1,0
"offset",358168,57091,33.398136,-97.569969,267,"TX",1755,"Quercus","stellata","post oak","Plantae",371,"Breaking leaf buds",11,"2019-01-01","2019-12-31",2019-04-01,91,2019-04-08,7,1,0
"offset",358168,57091,33.398136,-97.569969,267,"TX",1755,"Quercus","stellata","post oak","Plantae",371,"Breaking leaf buds",12,"2020-01-01","2020-12-31",2020-03-11,71,2020-03-17,6,1,0
"offset",358168,57091,33.398136,-97.569969,267,"TX",1755,"Quercus","stellata","post oak","Plantae",371,"Breaking leaf buds",13,"2021-01-01","2021-12-31",2021-07-01,182,2021-07-08,7,2,0
"offset",358168,57091,33.398136,-97.569969,267,"TX",1755,"Quercus","stellata","post oak","Plantae",371,"Breaking leaf buds",14,"2022-01-01","2022-12-31",2022-05-02,122,NA,NA,1,0
"offset",358168,57091,33.398136,-97.569969,267,"TX",1755,"Quercus","stellata","post oak","Plantae",501,"Open flowers",10,"2018-01-01","2018-12-31",2018-08-21,233,2018-09-11,21,1,0
"offset",358168,57091,33.398136,-97.569969,267,"TX",1755,"Quercus","stellata","post oak","Plantae",501,"Open flowers",11,"2019-01-01","2019-12-31",2019-05-14,134,2019-05-21,7,2,0
"offset",358168,57091,33.398136,-97.569969,267,"TX",1755,"Quercus","stellata","post oak","Plantae",501,"Open flowers",13,"2021-01-01","2021-12-31",2021-04-08,98,2021-04-21,13,1,0
"offset",358168,57091,33.398136,-97.569969,267,"TX",1755,"Quercus","stellata","post oak","Plantae",501,"Open flowers",14,"2022-01-01","2022-12-31",2022-05-02,122,NA,NA,2,0
"offset",358189,57091,33.398136,-97.569969,267,"TX",1755,"Quercus","stellata","post oak","Plantae",371,"Breaking leaf buds",11,"2019-01-01","2019-12-31",2019-04-01,91,2019-04-08,7,1,0
"offset",358189,57091,33.398136,-97.569969,267,"TX",1755,"Quercus","stellata","post oak","Plantae",371,"Breaking leaf buds",12,"2020-01-01","2020-12-31",2020-03-11,71,2020-03-17,6,1,0
"offset",358189,57091,33.398136,-97.569969,267,"TX",1755,"Quercus","stellata","post oak","Plantae",371,"Breaking leaf buds",13,"2021-01-01","2021-12-31",2021-04-08,98,2021-04-21,13,1,0
"offset",358189,57091,33.398136,-97.569969,267,"TX",1755,"Quercus","stellata","post oak","Plantae",371,"Breaking leaf buds",14,"2022-01-01","2022-12-31",2022-05-02,122,NA,NA,1,0
"offset",358189,57091,33.398136,-97.569969,267,"TX",1755,"Quercus","stellata","post oak","Plantae",501,"Open flowers",11,"2019-01-01","2019-12-31",2019-05-14,134,2019-05-21,7,2,0
"offset",358189,57091,33.398136,-97.569969,267,"TX",1755,"Quercus","stellata","post oak","Plantae",501,"Open flowers",13,"2021-01-01","2021-12-31",2021-04-01,91,2021-04-08,7,1,0
"offset",358189,57091,33.398136,-97.569969,267,"TX",1755,"Quercus","stellata","post oak","Plantae",501,"Open flowers",14,"2022-01-01","2022-12-31",2022-05-02,122,NA,NA,1,0
"offset",358314,57091,33.398136,-97.569969,267,"TX",1755,"Quercus","stellata","post oak","Plantae",371,"Breaking leaf buds",16,"2024-01-01","2024-12-31",2024-05-07,128,2024-05-13,6,1,0
"offset",358314,57091,33.398136,-97.569969,267,"TX",1755,"Quercus","stellata","post oak","Plantae",371,"Breaking leaf buds",17,"2025-01-01","2025-12-31",2025-04-21,111,2025-04-28,7,1,0
"offset",362082,57129,39.037086,-84.459587,257,NA,100,"Quercus","alba","white oak","Plantae",371,"Breaking leaf buds",17,"2025-01-01","2025-12-31",2025-05-02,122,2025-05-07,5,1,0
"offset",362082,57129,39.037086,-84.459587,257,NA,100,"Quercus","alba","white oak","Plantae",371,"Breaking leaf buds",18,"2026-01-01","2026-12-31",2026-05-01,121,2026-05-11,10,1,0
"offset",362131,57130,37.747749,-89.052528,131,"IL",2047,"Quercus","lyrata","overcup oak","Plantae",371,"Breaking leaf buds",17,"2025-01-01","2025-12-31",2025-04-18,108,2025-04-25,7,1,0
"offset",362131,57130,37.747749,-89.052528,131,"IL",2047,"Quercus","lyrata","overcup oak","Plantae",501,"Open flowers",17,"2025-01-01","2025-12-31",2025-04-08,98,2025-04-18,10,1,0
"offset",362132,57130,37.747749,-89.052528,131,"IL",2043,"Quercus","bicolor","swamp white oak","Plantae",371,"Breaking leaf buds",17,"2025-01-01","2025-12-31",2025-04-18,108,2025-04-25,7,1,0
"offset",362132,57130,37.747749,-89.052528,131,"IL",2043,"Quercus","bicolor","swamp white oak","Plantae",501,"Open flowers",17,"2025-01-01","2025-12-31",2025-04-18,108,2025-04-25,7,1,0
"offset",362302,33269,41.124557,-73.730301,154,"NY",1212,"Quercus","montana","chestnut oak","Plantae",371,"Breaking leaf buds",17,"2025-01-01","2025-12-31",2025-05-05,125,NA,NA,1,0
"offset",362302,33269,41.124557,-73.730301,154,"NY",1212,"Quercus","montana","chestnut oak","Plantae",501,"Open flowers",17,"2025-01-01","2025-12-31",2025-04-28,118,2025-05-05,7,1,0
"offset",362303,33269,41.124557,-73.730301,154,"NY",100,"Quercus","alba","white oak","Plantae",371,"Breaking leaf buds",17,"2025-01-01","2025-12-31",2025-05-05,125,NA,NA,1,0
"offset",362303,33269,41.124557,-73.730301,154,"NY",100,"Quercus","alba","white oak","Plantae",501,"Open flowers",17,"2025-01-01","2025-12-31",2025-04-28,118,2025-05-05,7,1,0
"offset",362336,57185,44.971527,-93.283791,264,"MN",101,"Quercus","macrocarpa","bur oak","Plantae",371,"Breaking leaf buds",17,"2025-01-01","2025-12-31",2025-05-01,121,NA,NA,1,0
"offset",362349,57021,44.987099,-93.184799,285,NA,101,"Quercus","macrocarpa","bur oak","Plantae",371,"Breaking leaf buds",17,"2025-01-01","2025-12-31",2025-04-10,100,2025-04-23,13,1,0
"offset",362349,57021,44.987099,-93.184799,285,NA,101,"Quercus","macrocarpa","bur oak","Plantae",371,"Breaking leaf buds",18,"2026-01-01","2026-12-31",2026-04-16,106,NA,NA,1,0
"offset",362349,57021,44.987099,-93.184799,285,NA,101,"Quercus","macrocarpa","bur oak","Plantae",501,"Open flowers",18,"2026-01-01","2026-12-31",2026-04-16,106,NA,NA,1,0
"offset",362581,57225,42.6236,-87.820374,177,NA,100,"Quercus","alba","white oak","Plantae",371,"Breaking leaf buds",17,"2025-01-01","2025-12-31",2025-04-25,115,NA,NA,1,0
"offset",362879,44525,30.430553,-88.833412,7,"MS",305,"Quercus","virginiana","live oak","Plantae",501,"Open flowers",17,"2025-01-01","2025-12-31",2025-03-28,87,2025-04-17,20,1,0
"offset",362889,57139,46.556442,-87.401115,230,NA,100,"Quercus","alba","white oak","Plantae",371,"Breaking leaf buds",17,"2025-01-01","2025-12-31",2025-05-14,134,2025-05-16,2,1,0
"offset",362891,57139,46.556442,-87.401115,230,NA,100,"Quercus","alba","white oak","Plantae",371,"Breaking leaf buds",17,"2025-01-01","2025-12-31",2025-05-14,134,2025-05-16,2,2,0
"offset",362909,50056,30.353901,-89.136078,3,"MS",305,"Quercus","virginiana","live oak","Plantae",371,"Breaking leaf buds",17,"2025-01-01","2025-12-31",2025-04-24,114,2025-04-30,6,1,0
"offset",362909,50056,30.353901,-89.136078,3,"MS",305,"Quercus","virginiana","live oak","Plantae",371,"Breaking leaf buds",18,"2026-01-01","2026-12-31",2026-03-16,75,2026-03-26,10,1,0
"offset",362909,50056,30.353901,-89.136078,3,"MS",305,"Quercus","virginiana","live oak","Plantae",501,"Open flowers",18,"2026-01-01","2026-12-31",2026-03-26,85,2026-04-01,6,1,0
"offset",363254,57295,44.971024,-93.284065,264,"MN",101,"Quercus","macrocarpa","bur oak","Plantae",371,"Breaking leaf buds",17,"2025-01-01","2025-12-31",2025-04-17,107,2025-05-01,14,1,0
"offset",363255,57299,44.971668,-93.283569,264,"MN",101,"Quercus","macrocarpa","bur oak","Plantae",371,"Breaking leaf buds",17,"2025-01-01","2025-12-31",2025-04-24,114,NA,NA,1,0
"offset",364131,56456,41.257023,-73.455482,170,"CT",100,"Quercus","alba","white oak","Plantae",371,"Breaking leaf buds",17,"2025-01-01","2025-12-31",2025-04-30,120,2025-05-07,7,1,0
"offset",364131,56456,41.257023,-73.455482,170,"CT",100,"Quercus","alba","white oak","Plantae",371,"Breaking leaf buds",18,"2026-01-01","2026-12-31",2026-05-03,123,2026-05-06,3,2,0
"offset",364318,57424,42.885025,-89.882797,312,"WI",100,"Quercus","alba","white oak","Plantae",371,"Breaking leaf buds",17,"2025-01-01","2025-12-31",2025-05-10,130,2025-05-11,1,1,0
"offset",364318,57424,42.885025,-89.882797,312,"WI",100,"Quercus","alba","white oak","Plantae",371,"Breaking leaf buds",18,"2026-01-01","2026-12-31",2026-05-07,127,2026-05-20,13,1,0
"offset",364318,57424,42.885025,-89.882797,312,"WI",100,"Quercus","alba","white oak","Plantae",501,"Open flowers",17,"2025-01-01","2025-12-31",2025-05-18,138,2025-06-24,37,1,0
"offset",364318,57424,42.885025,-89.882797,312,"WI",100,"Quercus","alba","white oak","Plantae",501,"Open flowers",18,"2026-01-01","2026-12-31",2026-05-20,140,2026-07-29,70,1,0
"offset",364319,57424,42.885025,-89.882797,312,"WI",100,"Quercus","alba","white oak","Plantae",371,"Breaking leaf buds",17,"2025-01-01","2025-12-31",2025-05-12,132,2025-05-13,1,1,0
"offset",364320,57424,42.885025,-89.882797,312,"WI",100,"Quercus","alba","white oak","Plantae",371,"Breaking leaf buds",17,"2025-01-01","2025-12-31",2025-05-18,138,2025-06-24,37,1,0
"offset",364321,57425,42.884689,-89.883125,312,"WI",100,"Quercus","alba","white oak","Plantae",371,"Breaking leaf buds",17,"2025-01-01","2025-12-31",2025-05-12,132,2025-05-13,1,1,0
"offset",364321,57425,42.884689,-89.883125,312,"WI",100,"Quercus","alba","white oak","Plantae",371,"Breaking leaf buds",18,"2026-01-01","2026-12-31",2026-05-07,127,2026-05-20,13,1,0
"offset",364322,57425,42.884689,-89.883125,312,"WI",100,"Quercus","alba","white oak","Plantae",371,"Breaking leaf buds",17,"2025-01-01","2025-12-31",2025-05-10,130,2025-05-11,1,1,0
"offset",364322,57425,42.884689,-89.883125,312,"WI",100,"Quercus","alba","white oak","Plantae",371,"Breaking leaf buds",18,"2026-01-01","2026-12-31",2026-05-07,127,2026-05-20,13,1,0
"offset",364322,57425,42.884689,-89.883125,312,"WI",100,"Quercus","alba","white oak","Plantae",501,"Open flowers",17,"2025-01-01","2025-12-31",2025-05-18,138,2025-06-24,37,1,0
"offset",364322,57425,42.884689,-89.883125,312,"WI",100,"Quercus","alba","white oak","Plantae",501,"Open flowers",18,"2026-01-01","2026-12-31",2026-05-20,140,2026-07-29,70,1,0
"offset",364367,57430,40.86097,-73.887985,35,NA,2043,"Quercus","bicolor","swamp white oak","Plantae",371,"Breaking leaf buds",17,"2025-01-01","2025-12-31",2025-04-22,112,NA,NA,1,0
"offset",365151,56423,42.624886,-87.820358,179,NA,2043,"Quercus","bicolor","swamp white oak","Plantae",371,"Breaking leaf buds",17,"2025-01-01","2025-12-31",2025-05-06,126,NA,NA,1,0
"offset",365218,263,40.58725,-104.963005,1527,"CO",101,"Quercus","macrocarpa","bur oak","Plantae",501,"Open flowers",17,"2025-01-01","2025-12-31",2025-05-14,134,2025-09-20,129,1,0
"offset",365218,263,40.58725,-104.963005,1527,"CO",101,"Quercus","macrocarpa","bur oak","Plantae",501,"Open flowers",18,"2026-01-01","2026-12-31",2026-03-31,90,2026-08-06,128,1,0
"offset",365332,57637,44.033279,-92.436081,322,"MN",101,"Quercus","macrocarpa","bur oak","Plantae",371,"Breaking leaf buds",17,"2025-01-01","2025-12-31",2025-05-09,129,2025-05-25,16,1,0
"offset",365332,57637,44.033279,-92.436081,322,"MN",101,"Quercus","macrocarpa","bur oak","Plantae",501,"Open flowers",17,"2025-01-01","2025-12-31",2025-05-25,145,NA,NA,1,0
"offset",365847,57066,35.685448,-83.503128,675,"TN",1212,"Quercus","montana","chestnut oak","Plantae",371,"Breaking leaf buds",17,"2025-01-01","2025-12-31",2025-04-14,104,NA,NA,1,0
"offset",365893,21395,43.83971,-103.191017,1034,"SD",101,"Quercus","macrocarpa","bur oak","Plantae",371,"Breaking leaf buds",17,"2025-01-01","2025-12-31",2025-05-22,142,NA,NA,1,0
"offset",365893,21395,43.83971,-103.191017,1034,"SD",101,"Quercus","macrocarpa","bur oak","Plantae",501,"Open flowers",17,"2025-01-01","2025-12-31",2025-05-22,142,NA,NA,1,0
"offset",365909,57744,44.944553,-93.19883,254,"MN",101,"Quercus","macrocarpa","bur oak","Plantae",371,"Breaking leaf buds",17,"2025-01-01","2025-12-31",2025-05-22,142,NA,NA,1,0
"offset",366240,57556,30.623699,-97.478798,171,NA,101,"Quercus","macrocarpa","bur oak","Plantae",371,"Breaking leaf buds",17,"2025-01-01","2025-12-31",2025-06-05,156,2025-08-30,86,1,0
"offset",366400,57871,30.446932,-81.67337,6,"FL",100,"Quercus","alba","white oak","Plantae",371,"Breaking leaf buds",17,"2025-01-01","2025-12-31",2025-06-14,165,2025-06-22,8,1,0
"offset",366490,48555,33.813538,-84.28347,307,"GA",100,"Quercus","alba","white oak","Plantae",371,"Breaking leaf buds",17,"2025-01-01","2025-12-31",2025-06-28,179,2025-07-11,13,1,0
"offset",366490,48555,33.813538,-84.28347,307,"GA",100,"Quercus","alba","white oak","Plantae",371,"Breaking leaf buds",18,"2026-01-01","2026-12-31",2026-04-03,93,2026-04-20,17,1,0
"offset",367602,57999,39.790115,-75.647255,83,NA,2049,"Quercus","michauxii","swamp chestnut oak","Plantae",371,"Breaking leaf buds",17,"2025-01-01","2025-12-31",2025-07-11,192,NA,NA,1,0
"offset",367694,58019,40.480484,-74.43766,32,"NJ",100,"Quercus","alba","white oak","Plantae",371,"Breaking leaf buds",17,"2025-01-01","2025-12-31",2025-11-07,311,2025-11-14,7,5,0
"offset",367694,58019,40.480484,-74.43766,32,"NJ",100,"Quercus","alba","white oak","Plantae",371,"Breaking leaf buds",18,"2026-01-01","2026-12-31",2026-04-09,99,2026-04-16,7,1,0
"offset",367694,58019,40.480484,-74.43766,32,"NJ",100,"Quercus","alba","white oak","Plantae",501,"Open flowers",18,"2026-01-01","2026-12-31",2026-04-30,120,2026-05-06,6,1,0
"offset",367704,58024,35.954514,-83.868134,280,"TN",100,"Quercus","alba","white oak","Plantae",371,"Breaking leaf buds",18,"2026-01-01","2026-12-31",2026-03-26,85,2026-05-14,49,1,0
"offset",367798,58019,40.480484,-74.43766,32,"NJ",100,"Quercus","alba","white oak","Plantae",371,"Breaking leaf buds",18,"2026-01-01","2026-12-31",2026-04-09,99,2026-04-16,7,1,0
"offset",367798,58019,40.480484,-74.43766,32,"NJ",100,"Quercus","alba","white oak","Plantae",501,"Open flowers",18,"2026-01-01","2026-12-31",2026-04-23,113,2026-04-30,7,1,0
"offset",367799,58019,40.480484,-74.43766,32,"NJ",100,"Quercus","alba","white oak","Plantae",371,"Breaking leaf buds",18,"2026-01-01","2026-12-31",2026-04-09,99,2026-04-16,7,1,0
"offset",367799,58019,40.480484,-74.43766,32,"NJ",100,"Quercus","alba","white oak","Plantae",501,"Open flowers",18,"2026-01-01","2026-12-31",2026-04-30,120,2026-05-06,6,1,0
"offset",367801,58019,40.480484,-74.43766,32,"NJ",100,"Quercus","alba","white oak","Plantae",371,"Breaking leaf buds",17,"2025-01-01","2025-12-31",2025-09-26,269,2025-10-02,6,1,0
"offset",367801,58019,40.480484,-74.43766,32,"NJ",100,"Quercus","alba","white oak","Plantae",371,"Breaking leaf buds",18,"2026-01-01","2026-12-31",2026-04-02,92,2026-04-16,14,1,0
"offset",367801,58019,40.480484,-74.43766,32,"NJ",100,"Quercus","alba","white oak","Plantae",501,"Open flowers",18,"2026-01-01","2026-12-31",2026-04-30,120,2026-05-06,6,1,0
"offset",367802,58019,40.480484,-74.43766,32,"NJ",100,"Quercus","alba","white oak","Plantae",371,"Breaking leaf buds",18,"2026-01-01","2026-12-31",2026-04-09,99,2026-04-16,7,1,0
"offset",367802,58019,40.480484,-74.43766,32,"NJ",100,"Quercus","alba","white oak","Plantae",501,"Open flowers",18,"2026-01-01","2026-12-31",2026-04-23,113,2026-04-30,7,1,0
"offset",367803,58019,40.480484,-74.43766,32,"NJ",100,"Quercus","alba","white oak","Plantae",371,"Breaking leaf buds",17,"2025-01-01","2025-12-31",2025-10-02,275,2025-10-07,5,2,0
"offset",367803,58019,40.480484,-74.43766,32,"NJ",100,"Quercus","alba","white oak","Plantae",371,"Breaking leaf buds",18,"2026-01-01","2026-12-31",2026-04-02,92,2026-04-09,7,1,0
"offset",367803,58019,40.480484,-74.43766,32,"NJ",100,"Quercus","alba","white oak","Plantae",501,"Open flowers",18,"2026-01-01","2026-12-31",2026-04-30,120,2026-05-06,6,1,0
"offset",368780,58282,37.226589,-80.422318,639,"VA",101,"Quercus","macrocarpa","bur oak","Plantae",371,"Breaking leaf buds",17,"2025-01-01","2025-12-31",2025-10-24,297,NA,NA,2,0
"offset",368791,58319,35.577744,-77.54277,17,"NC",1212,"Quercus","montana","chestnut oak","Plantae",371,"Breaking leaf buds",17,"2025-01-01","2025-12-31",2025-11-07,311,2025-11-08,1,1,0
"offset",368920,58355,37.56974,-77.535728,58,"VA",100,"Quercus","alba","white oak","Plantae",371,"Breaking leaf buds",17,"2025-01-01","2025-12-31",2025-11-03,307,NA,NA,2,0
"offset",369006,58136,41.691967,-72.766533,42,"CT",100,"Quercus","alba","white oak","Plantae",371,"Breaking leaf buds",17,"2025-01-01","2025-12-31",2025-09-23,266,2026-02-26,156,1,0
"offset",369006,58136,41.691967,-72.766533,42,"CT",100,"Quercus","alba","white oak","Plantae",371,"Breaking leaf buds",18,"2026-01-01","2026-12-31",2026-04-16,106,NA,NA,1,0
"offset",369259,58487,38.015598,-84.504097,316,NA,100,"Quercus","alba","white oak","Plantae",371,"Breaking leaf buds",17,"2025-01-01","2025-12-31",2025-10-06,279,2025-10-13,7,1,0
"offset",369355,58518,35.794659,-78.690636,137,NA,1212,"Quercus","montana","chestnut oak","Plantae",371,"Breaking leaf buds",17,"2025-01-01","2025-12-31",2025-10-13,286,NA,NA,1,0
"offset",369361,58518,35.794659,-78.690636,137,NA,1212,"Quercus","montana","chestnut oak","Plantae",371,"Breaking leaf buds",17,"2025-01-01","2025-12-31",2025-10-13,286,NA,NA,1,0
"offset",369453,57318,39.485081,-84.727791,256,"OH",100,"Quercus","alba","white oak","Plantae",371,"Breaking leaf buds",18,"2026-01-01","2026-12-31",2026-04-16,106,2026-04-23,7,1,0
"offset",370528,58095,30.491096,-89.990852,9,"LA",305,"Quercus","virginiana","live oak","Plantae",371,"Breaking leaf buds",18,"2026-01-01","2026-12-31",2026-03-13,72,NA,NA,1,0
"offset",370713,58741,40.015217,-105.280434,1631,NA,101,"Quercus","macrocarpa","bur oak","Plantae",371,"Breaking leaf buds",18,"2026-01-01","2026-12-31",2026-04-26,116,2026-05-02,6,1,0
"offset",370713,58741,40.015217,-105.280434,1631,NA,101,"Quercus","macrocarpa","bur oak","Plantae",501,"Open flowers",18,"2026-01-01","2026-12-31",2026-05-08,128,2026-05-15,7,2,0
"offset",370714,58741,40.015217,-105.280434,1631,NA,2043,"Quercus","bicolor","swamp white oak","Plantae",371,"Breaking leaf buds",18,"2026-01-01","2026-12-31",2026-05-02,122,2026-05-08,6,1,0
"offset",370714,58741,40.015217,-105.280434,1631,NA,2043,"Quercus","bicolor","swamp white oak","Plantae",501,"Open flowers",18,"2026-01-01","2026-12-31",2026-05-08,128,2026-05-15,7,1,0
"offset",370879,58741,40.015217,-105.280434,1631,NA,101,"Quercus","macrocarpa","bur oak","Plantae",371,"Breaking leaf buds",18,"2026-01-01","2026-12-31",2026-05-02,122,2026-05-08,6,1,0
"offset",370879,58741,40.015217,-105.280434,1631,NA,101,"Quercus","macrocarpa","bur oak","Plantae",501,"Open flowers",18,"2026-01-01","2026-12-31",2026-05-02,122,2026-05-08,6,1,0
"offset",370901,58741,40.015217,-105.280434,1631,NA,2043,"Quercus","bicolor","swamp white oak","Plantae",371,"Breaking leaf buds",18,"2026-01-01","2026-12-31",2026-05-02,122,2026-05-08,6,1,0
"offset",370901,58741,40.015217,-105.280434,1631,NA,2043,"Quercus","bicolor","swamp white oak","Plantae",501,"Open flowers",18,"2026-01-01","2026-12-31",2026-05-08,128,2026-05-15,7,1,0
"offset",371044,54115,38.015823,-84.504768,315,"KY",100,"Quercus","alba","white oak","Plantae",371,"Breaking leaf buds",18,"2026-01-01","2026-12-31",2026-05-13,133,2026-05-18,5,1,0
"offset",371044,54115,38.015823,-84.504768,315,"KY",100,"Quercus","alba","white oak","Plantae",501,"Open flowers",18,"2026-01-01","2026-12-31",2026-05-04,124,2026-05-11,7,1,0
"offset",371173,58892,38.015095,-84.500648,313,"KY",2047,"Quercus","lyrata","overcup oak","Plantae",371,"Breaking leaf buds",18,"2026-01-01","2026-12-31",2026-06-21,172,2026-06-22,1,6,0
"offset",371173,58892,38.015095,-84.500648,313,"KY",2047,"Quercus","lyrata","overcup oak","Plantae",501,"Open flowers",18,"2026-01-01","2026-12-31",2026-04-17,107,2026-04-18,1,2,0
"offset",371174,58892,38.015095,-84.500648,313,"KY",2047,"Quercus","lyrata","overcup oak","Plantae",371,"Breaking leaf buds",18,"2026-01-01","2026-12-31",2026-06-21,172,2026-06-22,1,6,0
"offset",371174,58892,38.015095,-84.500648,313,"KY",2047,"Quercus","lyrata","overcup oak","Plantae",501,"Open flowers",18,"2026-01-01","2026-12-31",2026-05-25,145,2026-05-31,6,3,0
"offset",371177,58892,38.015095,-84.500648,313,"KY",1212,"Quercus","montana","chestnut oak","Plantae",371,"Breaking leaf buds",18,"2026-01-01","2026-12-31",2026-04-19,109,2026-04-21,2,2,0
"offset",371177,58892,38.015095,-84.500648,313,"KY",1212,"Quercus","montana","chestnut oak","Plantae",501,"Open flowers",18,"2026-01-01","2026-12-31",2026-05-08,128,2026-05-10,2,3,0
"offset",371178,58892,38.015095,-84.500648,313,"KY",1212,"Quercus","montana","chestnut oak","Plantae",371,"Breaking leaf buds",18,"2026-01-01","2026-12-31",2026-04-19,109,2026-04-21,2,2,0
"offset",371178,58892,38.015095,-84.500648,313,"KY",1212,"Quercus","montana","chestnut oak","Plantae",501,"Open flowers",18,"2026-01-01","2026-12-31",2026-05-25,145,2026-05-31,6,3,0
"offset",371185,58892,38.015095,-84.500648,313,"KY",101,"Quercus","macrocarpa","bur oak","Plantae",371,"Breaking leaf buds",18,"2026-01-01","2026-12-31",2026-04-19,109,2026-04-21,2,3,0
"offset",371185,58892,38.015095,-84.500648,313,"KY",101,"Quercus","macrocarpa","bur oak","Plantae",501,"Open flowers",18,"2026-01-01","2026-12-31",2026-05-08,128,2026-05-10,2,4,0
"offset",371189,58892,38.015095,-84.500648,313,"KY",101,"Quercus","macrocarpa","bur oak","Plantae",371,"Breaking leaf buds",18,"2026-01-01","2026-12-31",2026-04-30,120,2026-05-06,6,2,0
"offset",371189,58892,38.015095,-84.500648,313,"KY",101,"Quercus","macrocarpa","bur oak","Plantae",501,"Open flowers",18,"2026-01-01","2026-12-31",2026-05-08,128,2026-05-10,2,3,0
"offset",371220,58910,32.943764,-97.189232,207,NA,305,"Quercus","virginiana","live oak","Plantae",501,"Open flowers",18,"2026-01-01","2026-12-31",2026-03-16,75,NA,NA,1,0
"offset",371543,58860,35.745899,-77.537201,14,NA,100,"Quercus","alba","white oak","Plantae",371,"Breaking leaf buds",18,"2026-01-01","2026-12-31",2026-04-06,96,NA,NA,1,0
"offset",371543,58860,35.745899,-77.537201,14,NA,100,"Quercus","alba","white oak","Plantae",501,"Open flowers",18,"2026-01-01","2026-12-31",2026-04-06,96,NA,NA,2,0
"offset",371547,59004,35.59433,-82.497726,NA,"NC",100,"Quercus","alba","white oak","Plantae",371,"Breaking leaf buds",18,"2026-01-01","2026-12-31",2026-04-17,107,2026-05-11,24,1,0
"offset",371547,59004,35.59433,-82.497726,NA,"NC",100,"Quercus","alba","white oak","Plantae",501,"Open flowers",18,"2026-01-01","2026-12-31",2026-05-11,131,NA,NA,1,0
"offset",371563,59018,40.407188,-87.067108,NA,"IN",2050,"Quercus","muehlenbergii","chinquapin oak","Plantae",371,"Breaking leaf buds",18,"2026-01-01","2026-12-31",2026-05-06,126,2026-05-13,7,1,0
"offset",371564,59018,40.407188,-87.067108,NA,"IN",2050,"Quercus","muehlenbergii","chinquapin oak","Plantae",371,"Breaking leaf buds",18,"2026-01-01","2026-12-31",2026-05-06,126,2026-05-13,7,1,0
"offset",371565,59018,40.407188,-87.067108,NA,"IN",2050,"Quercus","muehlenbergii","chinquapin oak","Plantae",371,"Breaking leaf buds",18,"2026-01-01","2026-12-31",2026-05-01,121,2026-05-06,5,1,0
"offset",371566,59018,40.407188,-87.067108,NA,"IN",2050,"Quercus","muehlenbergii","chinquapin oak","Plantae",371,"Breaking leaf buds",18,"2026-01-01","2026-12-31",2026-05-01,121,2026-05-06,5,1,0
"offset",371567,59018,40.407188,-87.067108,NA,"IN",2050,"Quercus","muehlenbergii","chinquapin oak","Plantae",371,"Breaking leaf buds",18,"2026-01-01","2026-12-31",2026-05-01,121,2026-05-06,5,1,0
"offset",371568,59018,40.407188,-87.067108,NA,"IN",2050,"Quercus","muehlenbergii","chinquapin oak","Plantae",371,"Breaking leaf buds",18,"2026-01-01","2026-12-31",2026-05-01,121,2026-05-06,5,1,0
"offset",371569,59018,40.407188,-87.067108,NA,"IN",2050,"Quercus","muehlenbergii","chinquapin oak","Plantae",371,"Breaking leaf buds",18,"2026-01-01","2026-12-31",2026-05-01,121,2026-05-06,5,1,0
"offset",371570,59018,40.407188,-87.067108,NA,"IN",2050,"Quercus","muehlenbergii","chinquapin oak","Plantae",371,"Breaking leaf buds",18,"2026-01-01","2026-12-31",2026-05-01,121,2026-05-06,5,1,0
"offset",371571,59018,40.407188,-87.067108,NA,"IN",2050,"Quercus","muehlenbergii","chinquapin oak","Plantae",371,"Breaking leaf buds",18,"2026-01-01","2026-12-31",2026-05-01,121,2026-05-06,5,1,0
"offset",371572,59018,40.407188,-87.067108,NA,"IN",2050,"Quercus","muehlenbergii","chinquapin oak","Plantae",371,"Breaking leaf buds",18,"2026-01-01","2026-12-31",2026-05-01,121,2026-05-06,5,1,0
"offset",371573,59018,40.407188,-87.067108,NA,"IN",2050,"Quercus","muehlenbergii","chinquapin oak","Plantae",371,"Breaking leaf buds",18,"2026-01-01","2026-12-31",2026-05-01,121,2026-05-06,5,1,0
"offset",371574,59018,40.407188,-87.067108,NA,"IN",2050,"Quercus","muehlenbergii","chinquapin oak","Plantae",371,"Breaking leaf buds",18,"2026-01-01","2026-12-31",2026-05-01,121,2026-05-06,5,1,0
"offset",371575,59018,40.407188,-87.067108,NA,"IN",2050,"Quercus","muehlenbergii","chinquapin oak","Plantae",371,"Breaking leaf buds",18,"2026-01-01","2026-12-31",2026-05-01,121,2026-05-06,5,1,0
"offset",371576,59018,40.407188,-87.067108,NA,"IN",2050,"Quercus","muehlenbergii","chinquapin oak","Plantae",371,"Breaking leaf buds",18,"2026-01-01","2026-12-31",2026-05-01,121,2026-05-06,5,1,0
"offset",371577,59018,40.407188,-87.067108,NA,"IN",2050,"Quercus","muehlenbergii","chinquapin oak","Plantae",371,"Breaking leaf buds",18,"2026-01-01","2026-12-31",2026-05-01,121,2026-05-06,5,1,0
"offset",371578,59018,40.407188,-87.067108,NA,"IN",2050,"Quercus","muehlenbergii","chinquapin oak","Plantae",371,"Breaking leaf buds",18,"2026-01-01","2026-12-31",2026-05-01,121,2026-05-06,5,1,0
"offset",371579,59018,40.407188,-87.067108,NA,"IN",2050,"Quercus","muehlenbergii","chinquapin oak","Plantae",371,"Breaking leaf buds",18,"2026-01-01","2026-12-31",2026-05-01,121,2026-05-06,5,1,0
"offset",371580,59018,40.407188,-87.067108,NA,"IN",2050,"Quercus","muehlenbergii","chinquapin oak","Plantae",371,"Breaking leaf buds",18,"2026-01-01","2026-12-31",2026-05-01,121,2026-05-06,5,1,0
"offset",371581,59018,40.407188,-87.067108,NA,"IN",2050,"Quercus","muehlenbergii","chinquapin oak","Plantae",371,"Breaking leaf buds",18,"2026-01-01","2026-12-31",2026-05-01,121,2026-05-06,5,1,0
"offset",371582,59018,40.407188,-87.067108,NA,"IN",2050,"Quercus","muehlenbergii","chinquapin oak","Plantae",371,"Breaking leaf buds",18,"2026-01-01","2026-12-31",2026-05-01,121,2026-05-06,5,1,0
"offset",371666,59004,35.59433,-82.497726,NA,"NC",100,"Quercus","alba","white oak","Plantae",371,"Breaking leaf buds",18,"2026-01-01","2026-12-31",2026-04-17,107,NA,NA,1,0
"offset",371666,59004,35.59433,-82.497726,NA,"NC",100,"Quercus","alba","white oak","Plantae",501,"Open flowers",18,"2026-01-01","2026-12-31",2026-05-11,131,NA,NA,1,0
"offset",371711,58184,38.799782,-90.199806,157,"MO",100,"Quercus","alba","white oak","Plantae",371,"Breaking leaf buds",18,"2026-01-01","2026-12-31",2026-04-13,103,2026-04-18,5,1,0
"offset",371711,58184,38.799782,-90.199806,157,"MO",100,"Quercus","alba","white oak","Plantae",501,"Open flowers",18,"2026-01-01","2026-12-31",2026-04-18,108,2026-05-12,24,1,0
"offset",371719,59031,29.919109,-90.087677,0,"LA",305,"Quercus","virginiana","live oak","Plantae",371,"Breaking leaf buds",18,"2026-01-01","2026-12-31",2026-05-13,133,2026-05-25,12,2,0
"offset",371719,59031,29.919109,-90.087677,0,"LA",305,"Quercus","virginiana","live oak","Plantae",501,"Open flowers",18,"2026-01-01","2026-12-31",2026-03-14,73,2026-03-21,7,1,0
"offset",371727,55653,40.489239,-86.810364,184,"IN",2053,"Quercus","prinoides","dwarf chinquapin oak","Plantae",371,"Breaking leaf buds",18,"2026-01-01","2026-12-31",2026-04-19,109,2026-04-29,10,2,0
"offset",371796,59035,35.645657,-77.474365,23,"NC",305,"Quercus","virginiana","live oak","Plantae",371,"Breaking leaf buds",18,"2026-01-01","2026-12-31",2026-03-15,74,NA,NA,1,0
"offset",371796,59035,35.645657,-77.474365,23,"NC",305,"Quercus","virginiana","live oak","Plantae",501,"Open flowers",18,"2026-01-01","2026-12-31",2026-03-15,74,NA,NA,1,0
"offset",372037,59076,29.957638,-97.153717,119,NA,1755,"Quercus","stellata","post oak","Plantae",371,"Breaking leaf buds",18,"2026-01-01","2026-12-31",2026-03-30,89,2026-04-13,14,2,0
"offset",372037,59076,29.957638,-97.153717,119,NA,1755,"Quercus","stellata","post oak","Plantae",501,"Open flowers",18,"2026-01-01","2026-12-31",2026-04-13,103,2026-05-05,22,1,0
"offset",372040,59076,29.957638,-97.153717,119,NA,1755,"Quercus","stellata","post oak","Plantae",371,"Breaking leaf buds",18,"2026-01-01","2026-12-31",2026-03-30,89,2026-04-13,14,2,0
"offset",372040,59076,29.957638,-97.153717,119,NA,1755,"Quercus","stellata","post oak","Plantae",501,"Open flowers",18,"2026-01-01","2026-12-31",2026-03-30,89,2026-04-13,14,1,0
"offset",372183,59050,46.849468,-96.828613,277,NA,101,"Quercus","macrocarpa","bur oak","Plantae",371,"Breaking leaf buds",18,"2026-01-01","2026-12-31",2026-04-26,116,2026-05-31,35,1,0
"offset",372183,59050,46.849468,-96.828613,277,NA,101,"Quercus","macrocarpa","bur oak","Plantae",501,"Open flowers",18,"2026-01-01","2026-12-31",2026-05-31,151,2026-06-18,18,1,0
"offset",372348,59253,38.830898,-77.310699,124,NA,2043,"Quercus","bicolor","swamp white oak","Plantae",371,"Breaking leaf buds",18,"2026-01-01","2026-12-31",2026-04-09,99,NA,NA,1,0
"offset",372763,59309,41.692047,-72.765182,NA,"CT",100,"Quercus","alba","white oak","Plantae",371,"Breaking leaf buds",18,"2026-01-01","2026-12-31",2026-04-07,97,NA,NA,1,0
"offset",372825,44360,42.461346,-71.158623,34,"MA",2053,"Quercus","prinoides","dwarf chinquapin oak","Plantae",371,"Breaking leaf buds",18,"2026-01-01","2026-12-31",2026-05-13,133,2026-05-20,7,1,0
"offset",372825,44360,42.461346,-71.158623,34,"MA",2053,"Quercus","prinoides","dwarf chinquapin oak","Plantae",501,"Open flowers",18,"2026-01-01","2026-12-31",2026-05-27,147,2026-06-03,7,1,0
"offset",372835,59334,33.32568,-111.879463,364,NA,305,"Quercus","virginiana","live oak","Plantae",371,"Breaking leaf buds",18,"2026-01-01","2026-12-31",2026-03-10,69,NA,NA,1,0
"offset",372835,59334,33.32568,-111.879463,364,NA,305,"Quercus","virginiana","live oak","Plantae",501,"Open flowers",18,"2026-01-01","2026-12-31",2026-03-10,69,NA,NA,1,0
"offset",372929,59035,35.645657,-77.474365,23,"NC",100,"Quercus","alba","white oak","Plantae",371,"Breaking leaf buds",18,"2026-01-01","2026-12-31",2026-03-15,74,NA,NA,2,0
"offset",372929,59035,35.645657,-77.474365,23,"NC",100,"Quercus","alba","white oak","Plantae",501,"Open flowers",18,"2026-01-01","2026-12-31",2026-03-25,84,NA,NA,2,0
"offset",373171,59374,53.93327,-116.576508,1254,NA,100,"Quercus","alba","white oak","Plantae",371,"Breaking leaf buds",18,"2026-01-01","2026-12-31",2026-06-02,153,2026-07-03,31,2,0
"offset",373171,59374,53.93327,-116.576508,1254,NA,100,"Quercus","alba","white oak","Plantae",501,"Open flowers",18,"2026-01-01","2026-12-31",2026-05-09,129,2026-06-02,24,1,0
"offset",373172,59374,53.93327,-116.576508,1254,NA,2043,"Quercus","bicolor","swamp white oak","Plantae",371,"Breaking leaf buds",18,"2026-01-01","2026-12-31",2026-04-22,112,2026-04-26,4,1,0
"offset",373172,59374,53.93327,-116.576508,1254,NA,2043,"Quercus","bicolor","swamp white oak","Plantae",501,"Open flowers",18,"2026-01-01","2026-12-31",2026-04-26,116,2026-05-01,5,1,0
"offset",373173,59374,53.93327,-116.576508,1254,NA,100,"Quercus","alba","white oak","Plantae",371,"Breaking leaf buds",18,"2026-01-01","2026-12-31",2026-04-22,112,2026-04-26,4,1,0
"offset",373173,59374,53.93327,-116.576508,1254,NA,100,"Quercus","alba","white oak","Plantae",501,"Open flowers",18,"2026-01-01","2026-12-31",2026-05-01,121,2026-05-09,8,1,0
"offset",373175,59374,53.93327,-116.576508,1254,NA,2043,"Quercus","bicolor","swamp white oak","Plantae",371,"Breaking leaf buds",18,"2026-01-01","2026-12-31",2026-04-17,107,2026-04-26,9,1,0
"offset",373175,59374,53.93327,-116.576508,1254,NA,2043,"Quercus","bicolor","swamp white oak","Plantae",501,"Open flowers",18,"2026-01-01","2026-12-31",2026-05-01,121,2026-05-09,8,1,0
"offset",373196,59374,53.93327,-116.576508,1254,NA,100,"Quercus","alba","white oak","Plantae",371,"Breaking leaf buds",18,"2026-01-01","2026-12-31",2026-04-14,104,2026-04-17,3,1,0
"offset",373196,59374,53.93327,-116.576508,1254,NA,100,"Quercus","alba","white oak","Plantae",501,"Open flowers",18,"2026-01-01","2026-12-31",2026-05-01,121,2026-05-09,8,1,0
"offset",373268,59492,44.254402,-88.392937,NA,"WI",101,"Quercus","macrocarpa","bur oak","Plantae",371,"Breaking leaf buds",18,"2026-01-01","2026-12-31",2026-04-27,117,2026-05-04,7,1,0
"offset",373269,59492,44.254402,-88.392937,NA,"WI",100,"Quercus","alba","white oak","Plantae",371,"Breaking leaf buds",18,"2026-01-01","2026-12-31",2026-04-27,117,2026-05-04,7,1,0
"offset",373269,59492,44.254402,-88.392937,NA,"WI",100,"Quercus","alba","white oak","Plantae",501,"Open flowers",18,"2026-01-01","2026-12-31",2026-05-04,124,2026-05-11,7,1,0
"offset",373463,59435,38.9151,-94.731598,301,NA,101,"Quercus","macrocarpa","bur oak","Plantae",371,"Breaking leaf buds",18,"2026-01-01","2026-12-31",2026-04-28,118,NA,NA,1,0
"offset",373521,59375,38.996689,-77.112503,NA,"MD",2043,"Quercus","bicolor","swamp white oak","Plantae",371,"Breaking leaf buds",18,"2026-01-01","2026-12-31",2026-04-14,104,2026-04-16,2,1,0
"offset",373651,59557,38.976524,-94.683777,319,"KS",2043,"Quercus","bicolor","swamp white oak","Plantae",371,"Breaking leaf buds",18,"2026-01-01","2026-12-31",2026-04-26,116,2026-05-03,7,1,0
"offset",373755,43327,42.386902,-71.146004,6,"MA",100,"Quercus","alba","white oak","Plantae",371,"Breaking leaf buds",18,"2026-01-01","2026-12-31",2026-05-04,124,2026-05-11,7,1,0
"offset",373755,43327,42.386902,-71.146004,6,"MA",100,"Quercus","alba","white oak","Plantae",501,"Open flowers",18,"2026-01-01","2026-12-31",2026-05-11,131,2026-05-18,7,1,0
"offset",373887,59059,41.4995,-71.2509,26,NA,2043,"Quercus","bicolor","swamp white oak","Plantae",371,"Breaking leaf buds",18,"2026-01-01","2026-12-31",2026-05-05,125,2026-05-22,17,1,0
"offset",373887,59059,41.4995,-71.2509,26,NA,2043,"Quercus","bicolor","swamp white oak","Plantae",501,"Open flowers",18,"2026-01-01","2026-12-31",2026-05-22,142,2026-05-27,5,1,0
"offset",374029,58898,35.694832,-79.806389,272,NA,100,"Quercus","alba","white oak","Plantae",371,"Breaking leaf buds",18,"2026-01-01","2026-12-31",2026-03-20,79,NA,NA,1,0
"offset",374061,59676,42.883854,-89.883324,NA,"WI",100,"Quercus","alba","white oak","Plantae",371,"Breaking leaf buds",18,"2026-01-01","2026-12-31",2026-05-07,127,2026-05-20,13,1,0
"offset",374061,59676,42.883854,-89.883324,NA,"WI",100,"Quercus","alba","white oak","Plantae",501,"Open flowers",18,"2026-01-01","2026-12-31",2026-05-20,140,2026-07-29,70,1,0
"offset",374062,59676,42.883854,-89.883324,NA,"WI",100,"Quercus","alba","white oak","Plantae",371,"Breaking leaf buds",18,"2026-01-01","2026-12-31",2026-05-07,127,2026-05-20,13,1,0
"offset",374062,59676,42.883854,-89.883324,NA,"WI",100,"Quercus","alba","white oak","Plantae",501,"Open flowers",18,"2026-01-01","2026-12-31",2026-05-20,140,2026-07-29,70,1,0
"offset",374063,59676,42.883854,-89.883324,NA,"WI",100,"Quercus","alba","white oak","Plantae",371,"Breaking leaf buds",18,"2026-01-01","2026-12-31",2026-05-07,127,2026-05-20,13,1,0
"offset",374063,59676,42.883854,-89.883324,NA,"WI",100,"Quercus","alba","white oak","Plantae",501,"Open flowers",18,"2026-01-01","2026-12-31",2026-05-20,140,2026-07-29,70,1,0
"offset",374064,59676,42.883854,-89.883324,NA,"WI",100,"Quercus","alba","white oak","Plantae",371,"Breaking leaf buds",18,"2026-01-01","2026-12-31",2026-05-07,127,2026-05-20,13,1,0
"offset",374064,59676,42.883854,-89.883324,NA,"WI",100,"Quercus","alba","white oak","Plantae",501,"Open flowers",18,"2026-01-01","2026-12-31",2026-05-20,140,2026-07-29,70,1,0
"offset",374111,53900,35.910019,-86.393036,170,"TN",101,"Quercus","macrocarpa","bur oak","Plantae",371,"Breaking leaf buds",18,"2026-01-01","2026-12-31",2026-05-24,144,2026-05-27,3,2,0
"offset",374124,58973,40.828594,-73.438011,NA,"NY",100,"Quercus","alba","white oak","Plantae",371,"Breaking leaf buds",18,"2026-01-01","2026-12-31",2026-04-29,119,NA,NA,1,0
"offset",374125,58973,40.828594,-73.438011,NA,"NY",100,"Quercus","alba","white oak","Plantae",371,"Breaking leaf buds",18,"2026-01-01","2026-12-31",2026-05-16,136,NA,NA,1,0
"offset",374407,59794,35.780972,-78.664696,NA,"NC",100,"Quercus","alba","white oak","Plantae",371,"Breaking leaf buds",18,"2026-01-01","2026-12-31",2026-04-14,104,NA,NA,1,0
"offset",374425,59795,35.783783,-78.678001,NA,"NC",2047,"Quercus","lyrata","overcup oak","Plantae",371,"Breaking leaf buds",18,"2026-01-01","2026-12-31",2026-04-21,111,NA,NA,1,0
"offset",374426,59797,35.785591,-78.679932,NA,"NC",305,"Quercus","virginiana","live oak","Plantae",371,"Breaking leaf buds",18,"2026-01-01","2026-12-31",2026-04-06,96,2026-04-07,1,1,0
"offset",374427,59798,35.783669,-78.664795,NA,"NC",1755,"Quercus","stellata","post oak","Plantae",371,"Breaking leaf buds",18,"2026-01-01","2026-12-31",2026-03-31,90,2026-04-07,7,1,0
"offset",374445,59800,38.058327,-78.459404,NA,"VA",100,"Quercus","alba","white oak","Plantae",371,"Breaking leaf buds",18,"2026-01-01","2026-12-31",2026-06-05,156,NA,NA,1,0
"offset",374668,60021,42.393852,-71.167053,0,"MA",2043,"Quercus","bicolor","swamp white oak","Plantae",371,"Breaking leaf buds",18,"2026-01-01","2026-12-31",2026-05-25,145,2026-05-31,6,3,0
"offset",374671,60022,42.393902,-71.167,0,NA,2043,"Quercus","bicolor","swamp white oak","Plantae",371,"Breaking leaf buds",18,"2026-01-01","2026-12-31",2026-06-14,165,2026-06-21,7,3,0
"offset",374674,60023,42.393902,-71.167,1,NA,2043,"Quercus","bicolor","swamp white oak","Plantae",371,"Breaking leaf buds",18,"2026-01-01","2026-12-31",2026-06-07,158,2026-06-14,7,2,0
"offset",374721,59374,53.93327,-116.576508,1254,NA,2043,"Quercus","bicolor","swamp white oak","Plantae",371,"Breaking leaf buds",18,"2026-01-01","2026-12-31",2026-05-09,129,2026-06-02,24,1,0
"offset",374721,59374,53.93327,-116.576508,1254,NA,2043,"Quercus","bicolor","swamp white oak","Plantae",501,"Open flowers",18,"2026-01-01","2026-12-31",2026-05-09,129,2026-06-02,24,1,0
"offset",374794,54344,44.073566,-91.676826,198,"MN",2043,"Quercus","bicolor","swamp white oak","Plantae",371,"Breaking leaf buds",18,"2026-01-01","2026-12-31",2026-04-15,105,2026-05-05,20,1,0
"offset",374794,54344,44.073566,-91.676826,198,"MN",2043,"Quercus","bicolor","swamp white oak","Plantae",501,"Open flowers",18,"2026-01-01","2026-12-31",2026-05-12,132,2026-05-19,7,1,0
"offset",374795,54344,44.073566,-91.676826,198,"MN",101,"Quercus","macrocarpa","bur oak","Plantae",371,"Breaking leaf buds",18,"2026-01-01","2026-12-31",2026-04-15,105,2026-05-05,20,1,0
"offset",374795,54344,44.073566,-91.676826,198,"MN",101,"Quercus","macrocarpa","bur oak","Plantae",501,"Open flowers",18,"2026-01-01","2026-12-31",2026-05-12,132,2026-05-19,7,1,0
"offset",374837,59878,44.988308,-93.116768,284,"MN",101,"Quercus","macrocarpa","bur oak","Plantae",371,"Breaking leaf buds",18,"2026-01-01","2026-12-31",2026-05-19,139,2026-06-05,17,2,0
"offset",374837,59878,44.988308,-93.116768,284,"MN",101,"Quercus","macrocarpa","bur oak","Plantae",501,"Open flowers",18,"2026-01-01","2026-12-31",2026-05-19,139,2026-06-05,17,1,0
"offset",374972,58468,39.798412,-86.244774,224,"IN",100,"Quercus","alba","white oak","Plantae",371,"Breaking leaf buds",18,"2026-01-01","2026-12-31",2026-05-12,132,2026-06-09,28,1,0
"offset",374972,58468,39.798412,-86.244774,224,"IN",100,"Quercus","alba","white oak","Plantae",501,"Open flowers",18,"2026-01-01","2026-12-31",2026-05-12,132,2026-06-09,28,1,0
"offset",374999,59916,40.899601,-73.128014,NA,NA,100,"Quercus","alba","white oak","Plantae",501,"Open flowers",18,"2026-01-01","2026-12-31",2026-05-07,127,2026-05-16,9,1,0
"offset",375006,59917,40.900574,-73.124382,NA,"NY",100,"Quercus","alba","white oak","Plantae",501,"Open flowers",18,"2026-01-01","2026-12-31",2026-05-07,127,2026-05-16,9,1,0
"offset",375010,59918,40.903744,-73.125008,NA,"NY",100,"Quercus","alba","white oak","Plantae",371,"Breaking leaf buds",18,"2026-01-01","2026-12-31",2026-04-29,119,2026-05-07,8,1,0
"offset",375091,59886,37.677883,-85.002785,257,NA,101,"Quercus","macrocarpa","bur oak","Plantae",501,"Open flowers",18,"2026-01-01","2026-12-31",2026-04-28,118,NA,NA,1,0
"offset",375092,59886,37.677883,-85.002785,257,NA,100,"Quercus","alba","white oak","Plantae",501,"Open flowers",18,"2026-01-01","2026-12-31",2026-04-28,118,NA,NA,1,0
"offset",375108,59874,44.835701,-93.461098,252,NA,101,"Quercus","macrocarpa","bur oak","Plantae",371,"Breaking leaf buds",18,"2026-01-01","2026-12-31",2026-04-23,113,NA,NA,1,0
"offset",375379,59886,37.677883,-85.002785,257,NA,101,"Quercus","macrocarpa","bur oak","Plantae",501,"Open flowers",18,"2026-01-01","2026-12-31",2026-04-28,118,NA,NA,1,0
"offset",375439,60010,44.849201,-93.4608,259,NA,101,"Quercus","macrocarpa","bur oak","Plantae",371,"Breaking leaf buds",18,"2026-01-01","2026-12-31",2026-04-21,111,NA,NA,1,0
"offset",375470,60012,30.05015,-99.148643,NA,"TX",305,"Quercus","virginiana","live oak","Plantae",371,"Breaking leaf buds",18,"2026-01-01","2026-12-31",2026-07-08,189,2026-07-27,19,1,0
"offset",375658,60082,41.691452,-72.765015,NA,"CT",100,"Quercus","alba","white oak","Plantae",371,"Breaking leaf buds",18,"2026-01-01","2026-12-31",2026-04-28,118,NA,NA,1,0
"offset",375731,60103,44.476295,-73.195213,115,NA,100,"Quercus","alba","white oak","Plantae",371,"Breaking leaf buds",18,"2026-01-01","2026-12-31",2026-04-29,119,NA,NA,1,0
"offset",376176,60134,42.289707,-73.316116,NA,"MA",2043,"Quercus","bicolor","swamp white oak","Plantae",501,"Open flowers",18,"2026-01-01","2026-12-31",2026-05-01,121,2026-05-15,14,1,0
"offset",376645,60006,32.790691,-79.925728,0,"SC",305,"Quercus","virginiana","live oak","Plantae",371,"Breaking leaf buds",18,"2026-01-01","2026-12-31",2026-07-02,183,2026-07-15,13,1,0
