"metric","individual_id","site_id","latitude","longitude","elevation_m","state","species_id","genus","species","common_name","kingdom","phenophase_id","phenophase_description","period","period_start","period_end","first_yes_date","first_yes_doy","prior_no_date","days_prior_no","n_series","began_prior"
"onset",1054,973,42.285683,-84.128387,309,"MI",101,"Quercus","macrocarpa","bur oak","Plantae",371,"Breaking leaf buds",1,"2009-01-01","2009-12-31",2009-04-26,116,2009-04-22,4,1,0
"onset",1054,973,42.285683,-84.128387,309,"MI",101,"Quercus","macrocarpa","bur oak","Plantae",371,"Breaking leaf buds",4,"2012-01-01","2012-12-31",2012-03-24,84,2012-03-14,10,1,0
"onset",1057,973,42.285683,-84.128387,309,"MI",100,"Quercus","alba","white oak","Plantae",371,"Breaking leaf buds",1,"2009-01-01","2009-12-31",2009-04-26,116,2009-04-22,4,1,0
"onset",1057,973,42.285683,-84.128387,309,"MI",100,"Quercus","alba","white oak","Plantae",371,"Breaking leaf buds",4,"2012-01-01","2012-12-31",2012-03-24,84,2012-03-14,10,2,0
"onset",1577,1167,40.096401,-75.970802,249,"PA",100,"Quercus","alba","white oak","Plantae",371,"Breaking leaf buds",1,"2009-01-01","2009-12-31",2009-04-26,116,2009-04-24,2,1,0
"onset",1577,1167,40.096401,-75.970802,249,"PA",100,"Quercus","alba","white oak","Plantae",371,"Breaking leaf buds",2,"2010-01-01","2010-12-31",2010-04-11,101,2010-03-13,29,2,0
"onset",1938,637,44.34095,-72.46122,266,"VT",100,"Quercus","alba","white oak","Plantae",371,"Breaking leaf buds",1,"2009-01-01","2009-12-31",2009-05-24,144,2009-05-10,14,1,0
"onset",1938,637,44.34095,-72.46122,266,"VT",100,"Quercus","alba","white oak","Plantae",371,"Breaking leaf buds",2,"2010-01-01","2010-12-31",2010-05-16,136,2010-05-08,8,1,0
"onset",2199,1386,36.003922,-79.878731,250,"NC",100,"Quercus","alba","white oak","Plantae",371,"Breaking leaf buds",1,"2009-01-01","2009-12-31",2009-04-04,94,2009-03-29,6,1,0
"onset",2317,1419,42.011166,-88.503304,280,"IL",101,"Quercus","macrocarpa","bur oak","Plantae",371,"Breaking leaf buds",1,"2009-01-01","2009-12-31",2009-04-27,117,2009-04-23,4,1,0
"onset",2317,1419,42.011166,-88.503304,280,"IL",101,"Quercus","macrocarpa","bur oak","Plantae",371,"Breaking leaf buds",2,"2010-01-01","2010-12-31",2010-04-05,95,2010-04-03,2,1,0
"onset",2317,1419,42.011166,-88.503304,280,"IL",101,"Quercus","macrocarpa","bur oak","Plantae",371,"Breaking leaf buds",3,"2011-01-01","2011-12-31",2011-05-04,124,2011-04-23,11,1,0
"onset",2317,1419,42.011166,-88.503304,280,"IL",101,"Quercus","macrocarpa","bur oak","Plantae",371,"Breaking leaf buds",4,"2012-01-01","2012-12-31",2012-04-16,107,2012-04-11,5,1,0
"onset",2317,1419,42.011166,-88.503304,280,"IL",101,"Quercus","macrocarpa","bur oak","Plantae",371,"Breaking leaf buds",5,"2013-01-01","2013-12-31",2013-05-05,125,2013-04-27,8,1,0
"onset",2317,1419,42.011166,-88.503304,280,"IL",101,"Quercus","macrocarpa","bur oak","Plantae",371,"Breaking leaf buds",6,"2014-01-01","2014-12-31",2014-05-04,124,2014-05-03,1,1,0
"onset",2317,1419,42.011166,-88.503304,280,"IL",101,"Quercus","macrocarpa","bur oak","Plantae",371,"Breaking leaf buds",7,"2015-01-01","2015-12-31",2015-05-02,122,2015-04-26,6,1,0
"onset",2317,1419,42.011166,-88.503304,280,"IL",101,"Quercus","macrocarpa","bur oak","Plantae",371,"Breaking leaf buds",8,"2016-01-01","2016-12-31",2016-05-01,122,2016-04-23,8,1,0
"onset",2317,1419,42.011166,-88.503304,280,"IL",101,"Quercus","macrocarpa","bur oak","Plantae",371,"Breaking leaf buds",9,"2017-01-01","2017-12-31",2017-05-07,127,2017-04-09,28,1,0
"onset",2317,1419,42.011166,-88.503304,280,"IL",101,"Quercus","macrocarpa","bur oak","Plantae",371,"Breaking leaf buds",15,"2023-01-01","2023-12-31",2023-05-05,125,2023-04-24,11,1,0
"onset",2317,1419,42.011166,-88.503304,280,"IL",101,"Quercus","macrocarpa","bur oak","Plantae",371,"Breaking leaf buds",16,"2024-01-01","2024-12-31",2024-04-29,120,2024-04-22,7,1,0
"onset",2317,1419,42.011166,-88.503304,280,"IL",101,"Quercus","macrocarpa","bur oak","Plantae",371,"Breaking leaf buds",18,"2026-01-01","2026-12-31",2026-04-22,112,2026-04-16,6,1,0
"onset",2317,1419,42.011166,-88.503304,280,"IL",101,"Quercus","macrocarpa","bur oak","Plantae",501,"Open flowers",6,"2014-01-01","2014-12-31",2014-05-18,138,2014-05-11,7,1,0
"onset",2317,1419,42.011166,-88.503304,280,"IL",101,"Quercus","macrocarpa","bur oak","Plantae",501,"Open flowers",12,"2020-01-01","2020-12-31",2020-05-29,150,2020-05-25,4,1,0
"onset",2317,1419,42.011166,-88.503304,280,"IL",101,"Quercus","macrocarpa","bur oak","Plantae",501,"Open flowers",15,"2023-01-01","2023-12-31",2023-05-05,125,2023-04-24,11,1,0
"onset",2318,1419,42.011166,-88.503304,280,"IL",101,"Quercus","macrocarpa","bur oak","Plantae",371,"Breaking leaf buds",1,"2009-01-01","2009-12-31",2009-04-27,117,2009-04-23,4,1,0
"onset",2318,1419,42.011166,-88.503304,280,"IL",101,"Quercus","macrocarpa","bur oak","Plantae",371,"Breaking leaf buds",2,"2010-01-01","2010-12-31",2010-04-16,106,2010-04-09,7,1,0
"onset",2318,1419,42.011166,-88.503304,280,"IL",101,"Quercus","macrocarpa","bur oak","Plantae",371,"Breaking leaf buds",3,"2011-01-01","2011-12-31",2011-05-04,124,2011-04-23,11,1,0
"onset",2318,1419,42.011166,-88.503304,280,"IL",101,"Quercus","macrocarpa","bur oak","Plantae",371,"Breaking leaf buds",4,"2012-01-01","2012-12-31",2012-04-11,102,2012-04-07,4,1,0
"onset",2318,1419,42.011166,-88.503304,280,"IL",101,"Quercus","macrocarpa","bur oak","Plantae",371,"Breaking leaf buds",5,"2013-01-01","2013-12-31",2013-05-05,125,2013-04-27,8,1,0
"onset",2804,1559,39.289673,-123.373718,542,"CA",100,"Quercus","alba","white oak","Plantae",371,"Breaking leaf buds",1,"2009-01-01","2009-12-31",2009-04-06,96,2009-03-30,7,1,0
"onset",2804,1559,39.289673,-123.373718,542,"CA",100,"Quercus","alba","white oak","Plantae",501,"Open flowers",6,"2014-01-01","2014-12-31",2014-04-03,93,2014-03-09,25,1,0
"onset",3992,1915,41.78344,-73.732552,150,"NY",100,"Quercus","alba","white oak","Plantae",371,"Breaking leaf buds",1,"2009-01-01","2009-12-31",2009-04-27,117,2009-04-23,4,1,0
"onset",3992,1915,41.78344,-73.732552,150,"NY",100,"Quercus","alba","white oak","Plantae",371,"Breaking leaf buds",2,"2010-01-01","2010-12-31",2010-04-12,102,2010-04-08,4,1,0
"onset",3992,1915,41.78344,-73.732552,150,"NY",100,"Quercus","alba","white oak","Plantae",371,"Breaking leaf buds",3,"2011-01-01","2011-12-31",2011-05-09,129,2011-05-02,7,1,0
"onset",3992,1915,41.78344,-73.732552,150,"NY",100,"Quercus","alba","white oak","Plantae",371,"Breaking leaf buds",4,"2012-01-01","2012-12-31",2012-04-17,108,2012-04-12,5,1,0
"onset",3992,1915,41.78344,-73.732552,150,"NY",100,"Quercus","alba","white oak","Plantae",371,"Breaking leaf buds",5,"2013-01-01","2013-12-31",2013-04-24,114,2013-04-11,13,1,0
"onset",3992,1915,41.78344,-73.732552,150,"NY",100,"Quercus","alba","white oak","Plantae",371,"Breaking leaf buds",6,"2014-01-01","2014-12-31",2014-05-13,133,2014-05-05,8,1,0
"onset",3992,1915,41.78344,-73.732552,150,"NY",100,"Quercus","alba","white oak","Plantae",371,"Breaking leaf buds",7,"2015-01-01","2015-12-31",2015-05-07,127,2015-04-27,10,1,0
"onset",3992,1915,41.78344,-73.732552,150,"NY",100,"Quercus","alba","white oak","Plantae",371,"Breaking leaf buds",8,"2016-01-01","2016-12-31",2016-04-27,118,2016-04-13,14,1,0
"onset",3992,1915,41.78344,-73.732552,150,"NY",100,"Quercus","alba","white oak","Plantae",371,"Breaking leaf buds",9,"2017-01-01","2017-12-31",2017-05-01,121,2017-04-24,7,1,0
"onset",3992,1915,41.78344,-73.732552,150,"NY",100,"Quercus","alba","white oak","Plantae",371,"Breaking leaf buds",10,"2018-01-01","2018-12-31",2018-05-04,124,2018-04-27,7,1,0
"onset",3992,1915,41.78344,-73.732552,150,"NY",100,"Quercus","alba","white oak","Plantae",371,"Breaking leaf buds",11,"2019-01-01","2019-12-31",2019-04-24,114,2019-04-19,5,1,0
"onset",3992,1915,41.78344,-73.732552,150,"NY",100,"Quercus","alba","white oak","Plantae",371,"Breaking leaf buds",12,"2020-01-01","2020-12-31",2020-05-12,133,2020-05-05,7,1,0
"onset",3992,1915,41.78344,-73.732552,150,"NY",100,"Quercus","alba","white oak","Plantae",371,"Breaking leaf buds",13,"2021-01-01","2021-12-31",2021-04-28,118,2021-04-12,16,1,0
"onset",3992,1915,41.78344,-73.732552,150,"NY",100,"Quercus","alba","white oak","Plantae",501,"Open flowers",4,"2012-01-01","2012-12-31",2012-04-04,95,2012-03-29,6,1,0
"onset",3992,1915,41.78344,-73.732552,150,"NY",100,"Quercus","alba","white oak","Plantae",501,"Open flowers",5,"2013-01-01","2013-12-31",2013-05-06,126,2013-05-02,4,1,0
"onset",3992,1915,41.78344,-73.732552,150,"NY",100,"Quercus","alba","white oak","Plantae",501,"Open flowers",6,"2014-01-01","2014-12-31",2014-05-19,139,2014-05-13,6,1,0
"onset",3992,1915,41.78344,-73.732552,150,"NY",100,"Quercus","alba","white oak","Plantae",501,"Open flowers",7,"2015-01-01","2015-12-31",2015-05-07,127,2015-04-27,10,1,0
"onset",3992,1915,41.78344,-73.732552,150,"NY",100,"Quercus","alba","white oak","Plantae",501,"Open flowers",9,"2017-01-01","2017-12-31",2017-06-01,152,2017-05-12,20,1,0
"onset",3992,1915,41.78344,-73.732552,150,"NY",100,"Quercus","alba","white oak","Plantae",501,"Open flowers",11,"2019-01-01","2019-12-31",2019-05-08,128,2019-04-24,14,1,0
"onset",3992,1915,41.78344,-73.732552,150,"NY",100,"Quercus","alba","white oak","Plantae",501,"Open flowers",13,"2021-01-01","2021-12-31",2021-05-11,131,2021-04-28,13,1,0
"onset",4663,2267,44.923634,-93.228745,254,"MN",100,"Quercus","alba","white oak","Plantae",371,"Breaking leaf buds",2,"2010-01-01","2010-12-31",2010-04-15,105,2010-04-05,10,1,0
"onset",4742,2298,30.525684,-97.603165,212,"TX",101,"Quercus","macrocarpa","bur oak","Plantae",371,"Breaking leaf buds",2,"2010-01-01","2010-12-31",2010-03-11,70,2010-02-21,18,1,0
"onset",5098,2439,40.108791,-88.219818,226,"IL",101,"Quercus","macrocarpa","bur oak","Plantae",371,"Breaking leaf buds",2,"2010-01-01","2010-12-31",2010-04-05,95,2010-04-02,3,1,0
"onset",5103,5951,45.407852,-93.199257,278,"MN",100,"Quercus","alba","white oak","Plantae",371,"Breaking leaf buds",2,"2010-01-01","2010-12-31",2010-04-26,116,2010-04-23,3,1,0
"onset",5103,5951,45.407852,-93.199257,278,"MN",100,"Quercus","alba","white oak","Plantae",371,"Breaking leaf buds",3,"2011-01-01","2011-12-31",2011-05-10,130,2011-05-06,4,1,0
"onset",5103,5951,45.407852,-93.199257,278,"MN",100,"Quercus","alba","white oak","Plantae",371,"Breaking leaf buds",4,"2012-01-01","2012-12-31",2012-04-11,102,2012-03-27,15,1,0
"onset",5103,5951,45.407852,-93.199257,278,"MN",100,"Quercus","alba","white oak","Plantae",371,"Breaking leaf buds",5,"2013-01-01","2013-12-31",2013-05-17,137,2013-05-05,12,1,0
"onset",5103,5951,45.407852,-93.199257,278,"MN",100,"Quercus","alba","white oak","Plantae",371,"Breaking leaf buds",6,"2014-01-01","2014-12-31",2014-05-22,142,2014-05-13,9,1,0
"onset",5103,5951,45.407852,-93.199257,278,"MN",100,"Quercus","alba","white oak","Plantae",371,"Breaking leaf buds",7,"2015-01-01","2015-12-31",2015-05-06,126,2015-04-29,7,1,0
"onset",5103,5951,45.407852,-93.199257,278,"MN",100,"Quercus","alba","white oak","Plantae",371,"Breaking leaf buds",8,"2016-01-01","2016-12-31",2016-04-27,118,2016-04-20,7,1,0
"onset",5103,5951,45.407852,-93.199257,278,"MN",100,"Quercus","alba","white oak","Plantae",371,"Breaking leaf buds",9,"2017-01-01","2017-12-31",2017-05-03,123,2017-04-27,6,1,0
"onset",5103,5951,45.407852,-93.199257,278,"MN",100,"Quercus","alba","white oak","Plantae",371,"Breaking leaf buds",10,"2018-01-01","2018-12-31",2018-05-07,127,2018-04-30,7,1,0
"onset",5103,5951,45.407852,-93.199257,278,"MN",100,"Quercus","alba","white oak","Plantae",371,"Breaking leaf buds",11,"2019-01-01","2019-12-31",2019-05-24,144,2019-05-14,10,1,0
"onset",5103,5951,45.407852,-93.199257,278,"MN",100,"Quercus","alba","white oak","Plantae",371,"Breaking leaf buds",12,"2020-01-01","2020-12-31",2020-05-11,132,2020-05-04,7,1,0
"onset",5103,5951,45.407852,-93.199257,278,"MN",100,"Quercus","alba","white oak","Plantae",371,"Breaking leaf buds",13,"2021-01-01","2021-12-31",2021-04-30,120,2021-04-17,13,1,0
"onset",5103,5951,45.407852,-93.199257,278,"MN",100,"Quercus","alba","white oak","Plantae",371,"Breaking leaf buds",15,"2023-01-01","2023-12-31",2023-05-05,125,2023-04-13,22,1,0
"onset",5103,5951,45.407852,-93.199257,278,"MN",100,"Quercus","alba","white oak","Plantae",371,"Breaking leaf buds",17,"2025-01-01","2025-12-31",2025-04-30,120,2025-04-23,7,4,0
"onset",5103,5951,45.407852,-93.199257,278,"MN",100,"Quercus","alba","white oak","Plantae",371,"Breaking leaf buds",18,"2026-01-01","2026-12-31",2026-05-31,151,2026-05-21,10,1,0
"onset",5103,5951,45.407852,-93.199257,278,"MN",100,"Quercus","alba","white oak","Plantae",501,"Open flowers",7,"2015-01-01","2015-12-31",2015-05-15,135,2015-05-06,9,1,0
"onset",5103,5951,45.407852,-93.199257,278,"MN",100,"Quercus","alba","white oak","Plantae",501,"Open flowers",8,"2016-01-01","2016-12-31",2016-05-09,130,2016-04-27,12,1,0
"onset",5103,5951,45.407852,-93.199257,278,"MN",100,"Quercus","alba","white oak","Plantae",501,"Open flowers",9,"2017-01-01","2017-12-31",2017-05-16,136,2017-05-09,7,1,0
"onset",5103,5951,45.407852,-93.199257,278,"MN",100,"Quercus","alba","white oak","Plantae",501,"Open flowers",10,"2018-01-01","2018-12-31",2018-05-16,136,2018-05-07,9,1,0
"onset",5103,5951,45.407852,-93.199257,278,"MN",100,"Quercus","alba","white oak","Plantae",501,"Open flowers",11,"2019-01-01","2019-12-31",2019-05-31,151,2019-05-24,7,1,0
"onset",5103,5951,45.407852,-93.199257,278,"MN",100,"Quercus","alba","white oak","Plantae",501,"Open flowers",12,"2020-01-01","2020-12-31",2020-05-22,143,2020-05-11,11,1,0
"onset",5103,5951,45.407852,-93.199257,278,"MN",100,"Quercus","alba","white oak","Plantae",501,"Open flowers",16,"2024-01-01","2024-12-31",2024-05-10,131,2024-04-10,30,1,0
"onset",5105,5951,45.407852,-93.199257,278,"MN",100,"Quercus","alba","white oak","Plantae",371,"Breaking leaf buds",2,"2010-01-01","2010-12-31",2010-04-23,113,2010-04-16,7,1,0
"onset",5105,5951,45.407852,-93.199257,278,"MN",100,"Quercus","alba","white oak","Plantae",371,"Breaking leaf buds",3,"2011-01-01","2011-12-31",2011-05-10,130,2011-05-06,4,1,0
"onset",5105,5951,45.407852,-93.199257,278,"MN",100,"Quercus","alba","white oak","Plantae",371,"Breaking leaf buds",4,"2012-01-01","2012-12-31",2012-04-11,102,2012-04-05,6,1,0
"onset",5105,5951,45.407852,-93.199257,278,"MN",100,"Quercus","alba","white oak","Plantae",371,"Breaking leaf buds",5,"2013-01-01","2013-12-31",2013-05-17,137,2013-05-05,12,1,0
"onset",5105,5951,45.407852,-93.199257,278,"MN",100,"Quercus","alba","white oak","Plantae",371,"Breaking leaf buds",6,"2014-01-01","2014-12-31",2014-05-22,142,2014-05-13,9,1,0
"onset",5105,5951,45.407852,-93.199257,278,"MN",100,"Quercus","alba","white oak","Plantae",371,"Breaking leaf buds",7,"2015-01-01","2015-12-31",2015-05-06,126,2015-04-29,7,1,0
"onset",5105,5951,45.407852,-93.199257,278,"MN",100,"Quercus","alba","white oak","Plantae",371,"Breaking leaf buds",8,"2016-01-01","2016-12-31",2016-04-27,118,2016-04-20,7,1,0
"onset",5105,5951,45.407852,-93.199257,278,"MN",100,"Quercus","alba","white oak","Plantae",371,"Breaking leaf buds",9,"2017-01-01","2017-12-31",2017-05-03,123,2017-04-27,6,1,0
"onset",5105,5951,45.407852,-93.199257,278,"MN",100,"Quercus","alba","white oak","Plantae",371,"Breaking leaf buds",10,"2018-01-01","2018-12-31",2018-05-07,127,2018-04-30,7,1,0
"onset",5105,5951,45.407852,-93.199257,278,"MN",100,"Quercus","alba","white oak","Plantae",371,"Breaking leaf buds",11,"2019-01-01","2019-12-31",2019-05-24,144,2019-05-14,10,1,0
"onset",5105,5951,45.407852,-93.199257,278,"MN",100,"Quercus","alba","white oak","Plantae",371,"Breaking leaf buds",12,"2020-01-01","2020-12-31",2020-05-11,132,2020-05-04,7,1,0
"onset",5105,5951,45.407852,-93.199257,278,"MN",100,"Quercus","alba","white oak","Plantae",371,"Breaking leaf buds",13,"2021-01-01","2021-12-31",2021-04-30,120,2021-04-17,13,2,0
"onset",5105,5951,45.407852,-93.199257,278,"MN",100,"Quercus","alba","white oak","Plantae",371,"Breaking leaf buds",14,"2022-01-01","2022-12-31",2022-05-07,127,2022-05-02,5,1,0
"onset",5105,5951,45.407852,-93.199257,278,"MN",100,"Quercus","alba","white oak","Plantae",371,"Breaking leaf buds",15,"2023-01-01","2023-12-31",2023-05-05,125,2023-04-13,22,1,0
"onset",5105,5951,45.407852,-93.199257,278,"MN",100,"Quercus","alba","white oak","Plantae",371,"Breaking leaf buds",17,"2025-01-01","2025-12-31",2025-04-30,120,2025-04-23,7,4,0
"onset",5105,5951,45.407852,-93.199257,278,"MN",100,"Quercus","alba","white oak","Plantae",371,"Breaking leaf buds",18,"2026-01-01","2026-12-31",2026-04-21,111,2026-04-12,9,2,0
"onset",5105,5951,45.407852,-93.199257,278,"MN",100,"Quercus","alba","white oak","Plantae",501,"Open flowers",3,"2011-01-01","2011-12-31",2011-05-20,140,2011-05-16,4,1,0
"onset",5105,5951,45.407852,-93.199257,278,"MN",100,"Quercus","alba","white oak","Plantae",501,"Open flowers",4,"2012-01-01","2012-12-31",2012-04-24,115,2012-04-20,4,1,0
"onset",5105,5951,45.407852,-93.199257,278,"MN",100,"Quercus","alba","white oak","Plantae",501,"Open flowers",5,"2013-01-01","2013-12-31",2013-05-17,137,2013-05-05,12,1,0
"onset",5105,5951,45.407852,-93.199257,278,"MN",100,"Quercus","alba","white oak","Plantae",501,"Open flowers",6,"2014-01-01","2014-12-31",2014-05-22,142,2014-05-13,9,1,0
"onset",5105,5951,45.407852,-93.199257,278,"MN",100,"Quercus","alba","white oak","Plantae",501,"Open flowers",7,"2015-01-01","2015-12-31",2015-05-15,135,2015-05-06,9,1,0
"onset",5105,5951,45.407852,-93.199257,278,"MN",100,"Quercus","alba","white oak","Plantae",501,"Open flowers",8,"2016-01-01","2016-12-31",2016-05-09,130,2016-04-27,12,1,0
"onset",5105,5951,45.407852,-93.199257,278,"MN",100,"Quercus","alba","white oak","Plantae",501,"Open flowers",9,"2017-01-01","2017-12-31",2017-05-16,136,2017-05-09,7,1,0
"onset",5105,5951,45.407852,-93.199257,278,"MN",100,"Quercus","alba","white oak","Plantae",501,"Open flowers",10,"2018-01-01","2018-12-31",2018-05-16,136,2018-05-07,9,1,0
"onset",5105,5951,45.407852,-93.199257,278,"MN",100,"Quercus","alba","white oak","Plantae",501,"Open flowers",11,"2019-01-01","2019-12-31",2019-05-24,144,2019-05-14,10,1,0
"onset",5105,5951,45.407852,-93.199257,278,"MN",100,"Quercus","alba","white oak","Plantae",501,"Open flowers",12,"2020-01-01","2020-12-31",2020-05-22,143,2020-05-11,11,1,0
"onset",5105,5951,45.407852,-93.199257,278,"MN",100,"Quercus","alba","white oak","Plantae",501,"Open flowers",16,"2024-01-01","2024-12-31",2024-05-10,131,2024-04-10,30,1,0
"onset",5105,5951,45.407852,-93.199257,278,"MN",100,"Quercus","alba","white oak","Plantae",501,"Open flowers",17,"2025-01-01","2025-12-31",2025-05-13,133,2025-05-12,1,1,0
"onset",5110,2394,45.425339,-93.186249,278,"MN",100,"Quercus","alba","white oak","Plantae",371,"Breaking leaf buds",2,"2010-01-01","2010-12-31",2010-04-19,109,2010-04-16,3,1,0
"onset",5110,2394,45.425339,-93.186249,278,"MN",100,"Quercus","alba","white oak","Plantae",371,"Breaking leaf buds",3,"2011-01-01","2011-12-31",2011-05-06,126,2011-05-03,3,1,0
"onset",5110,2394,45.425339,-93.186249,278,"MN",100,"Quercus","alba","white oak","Plantae",371,"Breaking leaf buds",4,"2012-01-01","2012-12-31",2012-05-01,122,2012-04-24,7,1,0
"onset",5110,2394,45.425339,-93.186249,278,"MN",100,"Quercus","alba","white oak","Plantae",371,"Breaking leaf buds",5,"2013-01-01","2013-12-31",2013-05-16,136,2013-05-05,11,1,0
"onset",5110,2394,45.425339,-93.186249,278,"MN",100,"Quercus","alba","white oak","Plantae",371,"Breaking leaf buds",6,"2014-01-01","2014-12-31",2014-05-13,133,2014-05-07,6,1,0
"onset",5110,2394,45.425339,-93.186249,278,"MN",100,"Quercus","alba","white oak","Plantae",371,"Breaking leaf buds",7,"2015-01-01","2015-12-31",2015-04-22,112,2015-04-14,8,1,0
"onset",5110,2394,45.425339,-93.186249,278,"MN",100,"Quercus","alba","white oak","Plantae",371,"Breaking leaf buds",8,"2016-01-01","2016-12-31",2016-04-20,111,2016-04-13,7,1,0
"onset",5110,2394,45.425339,-93.186249,278,"MN",100,"Quercus","alba","white oak","Plantae",371,"Breaking leaf buds",9,"2017-01-01","2017-12-31",2017-05-03,123,2017-04-27,6,1,0
"onset",5110,2394,45.425339,-93.186249,278,"MN",100,"Quercus","alba","white oak","Plantae",371,"Breaking leaf buds",10,"2018-01-01","2018-12-31",2018-05-07,127,2018-04-30,7,1,0
"onset",5110,2394,45.425339,-93.186249,278,"MN",100,"Quercus","alba","white oak","Plantae",371,"Breaking leaf buds",12,"2020-01-01","2020-12-31",2020-05-04,125,2020-04-27,7,1,0
"onset",5110,2394,45.425339,-93.186249,278,"MN",100,"Quercus","alba","white oak","Plantae",371,"Breaking leaf buds",13,"2021-01-01","2021-12-31",2021-05-10,130,2021-05-08,2,1,0
"onset",5110,2394,45.425339,-93.186249,278,"MN",100,"Quercus","alba","white oak","Plantae",371,"Breaking leaf buds",14,"2022-01-01","2022-12-31",2022-05-07,127,2022-05-04,3,1,0
"onset",5110,2394,45.425339,-93.186249,278,"MN",100,"Quercus","alba","white oak","Plantae",371,"Breaking leaf buds",16,"2024-01-01","2024-12-31",2024-05-10,131,2024-04-10,30,1,0
"onset",5110,2394,45.425339,-93.186249,278,"MN",100,"Quercus","alba","white oak","Plantae",371,"Breaking leaf buds",17,"2025-01-01","2025-12-31",2025-04-23,113,2025-04-19,4,3,0
"onset",5110,2394,45.425339,-93.186249,278,"MN",100,"Quercus","alba","white oak","Plantae",371,"Breaking leaf buds",18,"2026-01-01","2026-12-31",2026-04-21,111,2026-04-12,9,2,0
"onset",5110,2394,45.425339,-93.186249,278,"MN",100,"Quercus","alba","white oak","Plantae",501,"Open flowers",3,"2011-01-01","2011-12-31",2011-05-16,136,2011-05-10,6,1,0
"onset",5110,2394,45.425339,-93.186249,278,"MN",100,"Quercus","alba","white oak","Plantae",501,"Open flowers",4,"2012-01-01","2012-12-31",2012-04-05,96,2012-03-27,9,1,0
"onset",5110,2394,45.425339,-93.186249,278,"MN",100,"Quercus","alba","white oak","Plantae",501,"Open flowers",5,"2013-01-01","2013-12-31",2013-05-16,136,2013-05-05,11,1,0
"onset",5110,2394,45.425339,-93.186249,278,"MN",100,"Quercus","alba","white oak","Plantae",501,"Open flowers",6,"2014-01-01","2014-12-31",2014-05-22,142,2014-05-13,9,1,0
"onset",5110,2394,45.425339,-93.186249,278,"MN",100,"Quercus","alba","white oak","Plantae",501,"Open flowers",7,"2015-01-01","2015-12-31",2015-05-15,135,2015-04-29,16,1,0
"onset",5110,2394,45.425339,-93.186249,278,"MN",100,"Quercus","alba","white oak","Plantae",501,"Open flowers",8,"2016-01-01","2016-12-31",2016-04-20,111,2016-04-13,7,1,0
"onset",5110,2394,45.425339,-93.186249,278,"MN",100,"Quercus","alba","white oak","Plantae",501,"Open flowers",9,"2017-01-01","2017-12-31",2017-05-16,136,2017-05-09,7,1,0
"onset",5110,2394,45.425339,-93.186249,278,"MN",100,"Quercus","alba","white oak","Plantae",501,"Open flowers",10,"2018-01-01","2018-12-31",2018-05-16,136,2018-05-07,9,1,0
"onset",5110,2394,45.425339,-93.186249,278,"MN",100,"Quercus","alba","white oak","Plantae",501,"Open flowers",11,"2019-01-01","2019-12-31",2019-06-07,158,2019-05-31,7,1,0
"onset",5110,2394,45.425339,-93.186249,278,"MN",100,"Quercus","alba","white oak","Plantae",501,"Open flowers",12,"2020-01-01","2020-12-31",2020-05-11,132,2020-05-04,7,1,0
"onset",5110,2394,45.425339,-93.186249,278,"MN",100,"Quercus","alba","white oak","Plantae",501,"Open flowers",13,"2021-01-01","2021-12-31",2021-05-17,137,2021-05-10,7,1,0
"onset",5110,2394,45.425339,-93.186249,278,"MN",100,"Quercus","alba","white oak","Plantae",501,"Open flowers",16,"2024-01-01","2024-12-31",2024-05-16,137,2024-05-10,6,1,0
"onset",5110,2394,45.425339,-93.186249,278,"MN",100,"Quercus","alba","white oak","Plantae",501,"Open flowers",17,"2025-01-01","2025-12-31",2025-05-13,133,2025-04-30,13,1,0
"onset",5112,2395,45.402004,-93.204147,276,"MN",100,"Quercus","alba","white oak","Plantae",371,"Breaking leaf buds",2,"2010-01-01","2010-12-31",2010-04-19,109,2010-04-16,3,1,0
"onset",5112,2395,45.402004,-93.204147,276,"MN",100,"Quercus","alba","white oak","Plantae",371,"Breaking leaf buds",3,"2011-01-01","2011-12-31",2011-05-10,130,2011-05-06,4,1,0
"onset",5112,2395,45.402004,-93.204147,276,"MN",100,"Quercus","alba","white oak","Plantae",371,"Breaking leaf buds",4,"2012-01-01","2012-12-31",2012-03-27,87,2012-03-22,5,2,0
"onset",5112,2395,45.402004,-93.204147,276,"MN",100,"Quercus","alba","white oak","Plantae",371,"Breaking leaf buds",5,"2013-01-01","2013-12-31",2013-05-16,136,2013-05-05,11,1,0
"onset",5112,2395,45.402004,-93.204147,276,"MN",100,"Quercus","alba","white oak","Plantae",371,"Breaking leaf buds",7,"2015-01-01","2015-12-31",2015-04-29,119,2015-04-14,15,1,0
"onset",5112,2395,45.402004,-93.204147,276,"MN",100,"Quercus","alba","white oak","Plantae",371,"Breaking leaf buds",8,"2016-01-01","2016-12-31",2016-04-27,118,2016-04-20,7,1,0
"onset",5112,2395,45.402004,-93.204147,276,"MN",100,"Quercus","alba","white oak","Plantae",371,"Breaking leaf buds",9,"2017-01-01","2017-12-31",2017-05-03,123,2017-04-27,6,1,0
"onset",5112,2395,45.402004,-93.204147,276,"MN",100,"Quercus","alba","white oak","Plantae",371,"Breaking leaf buds",10,"2018-01-01","2018-12-31",2018-05-07,127,2018-04-30,7,1,0
"onset",5112,2395,45.402004,-93.204147,276,"MN",100,"Quercus","alba","white oak","Plantae",501,"Open flowers",3,"2011-01-01","2011-12-31",2011-05-16,136,2011-05-10,6,1,0
"onset",5112,2395,45.402004,-93.204147,276,"MN",100,"Quercus","alba","white oak","Plantae",501,"Open flowers",5,"2013-01-01","2013-12-31",2013-05-16,136,2013-05-05,11,1,0
"onset",5112,2395,45.402004,-93.204147,276,"MN",100,"Quercus","alba","white oak","Plantae",501,"Open flowers",7,"2015-01-01","2015-12-31",2015-05-15,135,2015-05-06,9,1,0
"onset",5112,2395,45.402004,-93.204147,276,"MN",100,"Quercus","alba","white oak","Plantae",501,"Open flowers",8,"2016-01-01","2016-12-31",2016-05-09,130,2016-04-27,12,1,0
"onset",5112,2395,45.402004,-93.204147,276,"MN",100,"Quercus","alba","white oak","Plantae",501,"Open flowers",9,"2017-01-01","2017-12-31",2017-05-16,136,2017-05-09,7,1,0
"onset",5112,2395,45.402004,-93.204147,276,"MN",100,"Quercus","alba","white oak","Plantae",501,"Open flowers",10,"2018-01-01","2018-12-31",2018-05-16,136,2018-05-07,9,1,0
"onset",8592,4881,28.045185,-82.706299,3,"FL",305,"Quercus","virginiana","live oak","Plantae",371,"Breaking leaf buds",3,"2011-01-01","2011-12-31",2011-07-09,190,2011-07-01,8,1,0
"onset",8593,4881,28.045185,-82.706299,3,"FL",305,"Quercus","virginiana","live oak","Plantae",371,"Breaking leaf buds",3,"2011-01-01","2011-12-31",2011-07-09,190,2011-07-01,8,1,0
"onset",10159,5185,33.150963,-97.043053,168,"TX",305,"Quercus","virginiana","live oak","Plantae",371,"Breaking leaf buds",3,"2011-01-01","2011-12-31",2011-03-11,70,2011-03-09,2,1,0
"onset",10162,5188,33.086292,-96.857719,183,"TX",305,"Quercus","virginiana","live oak","Plantae",371,"Breaking leaf buds",3,"2011-01-01","2011-12-31",2011-03-12,71,2011-03-08,4,1,0
"onset",10273,5229,34.01189,-84.355904,292,"GA",100,"Quercus","alba","white oak","Plantae",371,"Breaking leaf buds",3,"2011-01-01","2011-12-31",2011-04-01,91,2011-03-18,14,1,0
"onset",10273,5229,34.01189,-84.355904,292,"GA",100,"Quercus","alba","white oak","Plantae",371,"Breaking leaf buds",4,"2012-01-01","2012-12-31",2012-03-24,84,2012-03-15,9,1,0
"onset",10280,5229,34.01189,-84.355904,292,"GA",100,"Quercus","alba","white oak","Plantae",371,"Breaking leaf buds",3,"2011-01-01","2011-12-31",2011-04-01,91,2011-03-18,14,1,0
"onset",10280,5229,34.01189,-84.355904,292,"GA",100,"Quercus","alba","white oak","Plantae",371,"Breaking leaf buds",4,"2012-01-01","2012-12-31",2012-03-24,84,2012-03-15,9,1,0
"onset",10280,5229,34.01189,-84.355904,292,"GA",100,"Quercus","alba","white oak","Plantae",371,"Breaking leaf buds",5,"2013-01-01","2013-12-31",2013-04-12,102,2013-03-26,17,1,0
"onset",10446,5281,40.710247,-77.956192,403,"PA",100,"Quercus","alba","white oak","Plantae",371,"Breaking leaf buds",3,"2011-01-01","2011-12-31",2011-05-04,124,2011-04-28,6,1,0
"onset",10446,5281,40.710247,-77.956192,403,"PA",100,"Quercus","alba","white oak","Plantae",371,"Breaking leaf buds",4,"2012-01-01","2012-12-31",2012-04-19,110,2012-04-13,6,2,0
"onset",10446,5281,40.710247,-77.956192,403,"PA",100,"Quercus","alba","white oak","Plantae",501,"Open flowers",3,"2011-01-01","2011-12-31",2011-05-19,139,2011-05-11,8,1,0
"onset",10594,5301,40.797592,-76.040657,352,"PA",100,"Quercus","alba","white oak","Plantae",371,"Breaking leaf buds",3,"2011-01-01","2011-12-31",2011-04-30,120,2011-04-26,4,1,0
"onset",10594,5301,40.797592,-76.040657,352,"PA",100,"Quercus","alba","white oak","Plantae",371,"Breaking leaf buds",4,"2012-01-01","2012-12-31",2012-04-15,106,2012-04-09,6,1,0
"onset",10594,5301,40.797592,-76.040657,352,"PA",100,"Quercus","alba","white oak","Plantae",501,"Open flowers",3,"2011-01-01","2011-12-31",2011-05-08,128,2011-05-05,3,1,0
"onset",10694,5309,33.229744,-97.12867,198,"TX",101,"Quercus","macrocarpa","bur oak","Plantae",371,"Breaking leaf buds",3,"2011-01-01","2011-12-31",2011-03-20,79,2011-03-09,11,1,0
"onset",11417,5431,35.517879,-82.469681,823,"NC",100,"Quercus","alba","white oak","Plantae",371,"Breaking leaf buds",14,"2022-01-01","2022-12-31",2022-04-19,109,2022-03-31,19,1,0
"onset",11417,5431,35.517879,-82.469681,823,"NC",100,"Quercus","alba","white oak","Plantae",371,"Breaking leaf buds",15,"2023-01-01","2023-12-31",2023-04-09,99,2023-04-04,5,1,0
"onset",11770,5257,34.015724,-81.119118,88,"SC",100,"Quercus","alba","white oak","Plantae",371,"Breaking leaf buds",3,"2011-01-01","2011-12-31",2011-03-18,77,2011-03-15,3,1,0
"onset",13058,5758,28.057789,-82.424065,13,"FL",305,"Quercus","virginiana","live oak","Plantae",371,"Breaking leaf buds",4,"2012-01-01","2012-12-31",2012-03-02,62,2012-02-24,7,2,0
"onset",13058,5758,28.057789,-82.424065,13,"FL",305,"Quercus","virginiana","live oak","Plantae",371,"Breaking leaf buds",5,"2013-01-01","2013-12-31",2013-07-03,184,2013-06-26,7,1,0
"onset",13058,5758,28.057789,-82.424065,13,"FL",305,"Quercus","virginiana","live oak","Plantae",371,"Breaking leaf buds",11,"2019-01-01","2019-12-31",2019-02-23,54,2019-02-15,8,1,0
"onset",13058,5758,28.057789,-82.424065,13,"FL",305,"Quercus","virginiana","live oak","Plantae",501,"Open flowers",7,"2015-01-01","2015-12-31",2015-04-14,104,2015-04-01,13,1,0
"onset",13058,5758,28.057789,-82.424065,13,"FL",305,"Quercus","virginiana","live oak","Plantae",501,"Open flowers",10,"2018-01-01","2018-12-31",2018-10-26,299,2018-10-17,9,1,0
"onset",13058,5758,28.057789,-82.424065,13,"FL",305,"Quercus","virginiana","live oak","Plantae",501,"Open flowers",11,"2019-01-01","2019-12-31",2019-02-08,39,2019-02-01,7,2,0
"onset",13059,5758,28.057789,-82.424065,13,"FL",297,"Quercus","geminata","sand live oak","Plantae",371,"Breaking leaf buds",4,"2012-01-01","2012-12-31",2012-10-27,301,2012-10-23,4,1,0
"onset",13059,5758,28.057789,-82.424065,13,"FL",297,"Quercus","geminata","sand live oak","Plantae",501,"Open flowers",7,"2015-01-01","2015-12-31",2015-04-14,104,2015-04-10,4,1,0
"onset",13065,5758,28.057789,-82.424065,13,"FL",297,"Quercus","geminata","sand live oak","Plantae",371,"Breaking leaf buds",4,"2012-01-01","2012-12-31",2012-03-30,90,2012-03-23,7,1,0
"onset",13222,5754,45.622391,-95.884605,341,"MN",101,"Quercus","macrocarpa","bur oak","Plantae",371,"Breaking leaf buds",8,"2016-01-01","2016-12-31",2016-07-06,188,2016-06-30,6,1,0
"onset",14126,5934,28.039858,-82.718468,16,"FL",305,"Quercus","virginiana","live oak","Plantae",371,"Breaking leaf buds",4,"2012-01-01","2012-12-31",2012-02-19,50,2012-02-12,7,1,0
"onset",14255,5758,28.057789,-82.424065,13,"FL",297,"Quercus","geminata","sand live oak","Plantae",371,"Breaking leaf buds",4,"2012-01-01","2012-12-31",2012-03-30,90,2012-03-23,7,2,0
"onset",14255,5758,28.057789,-82.424065,13,"FL",297,"Quercus","geminata","sand live oak","Plantae",371,"Breaking leaf buds",9,"2017-01-01","2017-12-31",2017-11-14,318,2017-11-07,7,1,0
"onset",14255,5758,28.057789,-82.424065,13,"FL",297,"Quercus","geminata","sand live oak","Plantae",371,"Breaking leaf buds",11,"2019-01-01","2019-12-31",2019-02-15,46,2019-02-08,7,1,0
"onset",14273,5758,28.057789,-82.424065,13,"FL",305,"Quercus","virginiana","live oak","Plantae",371,"Breaking leaf buds",4,"2012-01-01","2012-12-31",2012-03-02,62,2012-02-24,7,1,0
"onset",14301,5758,28.057789,-82.424065,13,"FL",305,"Quercus","virginiana","live oak","Plantae",371,"Breaking leaf buds",4,"2012-01-01","2012-12-31",2012-10-27,301,2012-10-23,4,1,0
"onset",14301,5758,28.057789,-82.424065,13,"FL",305,"Quercus","virginiana","live oak","Plantae",371,"Breaking leaf buds",9,"2017-01-01","2017-12-31",2017-06-15,166,2017-06-08,7,2,0
"onset",14301,5758,28.057789,-82.424065,13,"FL",305,"Quercus","virginiana","live oak","Plantae",371,"Breaking leaf buds",11,"2019-01-01","2019-12-31",2019-02-15,46,2019-02-08,7,1,0
"onset",14301,5758,28.057789,-82.424065,13,"FL",305,"Quercus","virginiana","live oak","Plantae",501,"Open flowers",11,"2019-01-01","2019-12-31",2019-04-19,109,2019-03-29,21,1,0
"onset",14308,5758,28.057789,-82.424065,13,"FL",297,"Quercus","geminata","sand live oak","Plantae",371,"Breaking leaf buds",4,"2012-01-01","2012-12-31",2012-10-27,301,2012-10-23,4,1,0
"onset",14308,5758,28.057789,-82.424065,13,"FL",297,"Quercus","geminata","sand live oak","Plantae",371,"Breaking leaf buds",8,"2016-01-01","2016-12-31",2016-07-06,188,2016-06-28,8,1,0
"onset",14308,5758,28.057789,-82.424065,13,"FL",297,"Quercus","geminata","sand live oak","Plantae",371,"Breaking leaf buds",11,"2019-01-01","2019-12-31",2019-02-08,39,2019-02-01,7,2,0
"onset",14308,5758,28.057789,-82.424065,13,"FL",297,"Quercus","geminata","sand live oak","Plantae",501,"Open flowers",7,"2015-01-01","2015-12-31",2015-04-14,104,2015-04-10,4,1,0
"onset",16176,6144,27.800741,-82.757439,3,"FL",305,"Quercus","virginiana","live oak","Plantae",371,"Breaking leaf buds",5,"2013-01-01","2013-12-31",2013-02-14,45,2013-01-30,15,1,0
"onset",16176,6144,27.800741,-82.757439,3,"FL",305,"Quercus","virginiana","live oak","Plantae",501,"Open flowers",5,"2013-01-01","2013-12-31",2013-01-30,30,2013-01-24,6,1,0
"onset",16311,6173,44.933666,-93.134766,273,"MN",101,"Quercus","macrocarpa","bur oak","Plantae",371,"Breaking leaf buds",4,"2012-01-01","2012-12-31",2012-04-11,102,2012-04-04,7,1,0
"onset",16311,6173,44.933666,-93.134766,273,"MN",101,"Quercus","macrocarpa","bur oak","Plantae",501,"Open flowers",4,"2012-01-01","2012-12-31",2012-03-26,86,2012-03-20,6,1,0
"onset",16312,6173,44.933666,-93.134766,273,"MN",101,"Quercus","macrocarpa","bur oak","Plantae",371,"Breaking leaf buds",4,"2012-01-01","2012-12-31",2012-04-11,102,2012-04-04,7,1,0
"onset",16312,6173,44.933666,-93.134766,273,"MN",101,"Quercus","macrocarpa","bur oak","Plantae",501,"Open flowers",4,"2012-01-01","2012-12-31",2012-03-26,86,2012-03-20,6,1,0
"onset",16513,5151,41.341278,-88.297935,161,"IL",101,"Quercus","macrocarpa","bur oak","Plantae",371,"Breaking leaf buds",7,"2015-01-01","2015-12-31",2015-04-19,109,2015-04-13,6,1,0
"onset",17133,5174,37.538078,-77.554939,75,"VA",100,"Quercus","alba","white oak","Plantae",371,"Breaking leaf buds",4,"2012-01-01","2012-12-31",2012-03-14,74,2012-03-11,3,1,0
"onset",17133,5174,37.538078,-77.554939,75,"VA",100,"Quercus","alba","white oak","Plantae",371,"Breaking leaf buds",6,"2014-01-01","2014-12-31",2014-04-05,95,2014-04-01,4,1,0
"onset",17133,5174,37.538078,-77.554939,75,"VA",100,"Quercus","alba","white oak","Plantae",501,"Open flowers",4,"2012-01-01","2012-12-31",2012-03-21,81,2012-03-14,7,1,0
"onset",17713,6339,34.054062,-83.123123,200,"GA",100,"Quercus","alba","white oak","Plantae",371,"Breaking leaf buds",4,"2012-01-01","2012-12-31",2012-04-08,99,2012-04-04,4,1,0
"onset",17713,6339,34.054062,-83.123123,200,"GA",100,"Quercus","alba","white oak","Plantae",371,"Breaking leaf buds",5,"2013-01-01","2013-12-31",2013-04-04,94,2013-03-31,4,1,0
"onset",17713,6339,34.054062,-83.123123,200,"GA",100,"Quercus","alba","white oak","Plantae",371,"Breaking leaf buds",6,"2014-01-01","2014-12-31",2014-04-05,95,2014-03-30,6,1,0
"onset",19492,6285,40.700958,-89.619469,159,"IL",101,"Quercus","macrocarpa","bur oak","Plantae",371,"Breaking leaf buds",4,"2012-01-01","2012-12-31",2012-03-16,76,2012-02-28,17,1,0
"onset",19559,6557,35.178806,-97.447266,346,"OK",101,"Quercus","macrocarpa","bur oak","Plantae",371,"Breaking leaf buds",4,"2012-01-01","2012-12-31",2012-03-18,78,2012-03-15,3,1,0
"onset",20259,5821,41.837933,-69.971687,12,"MA",100,"Quercus","alba","white oak","Plantae",371,"Breaking leaf buds",4,"2012-01-01","2012-12-31",2012-04-23,114,2012-04-19,4,2,0
"onset",20260,5821,41.837933,-69.971687,12,"MA",100,"Quercus","alba","white oak","Plantae",371,"Breaking leaf buds",4,"2012-01-01","2012-12-31",2012-04-23,114,2012-04-19,4,3,0
"onset",20261,5821,41.837933,-69.971687,12,"MA",100,"Quercus","alba","white oak","Plantae",371,"Breaking leaf buds",4,"2012-01-01","2012-12-31",2012-04-23,114,2012-04-19,4,2,0
"onset",20263,6472,41.909195,-69.980156,10,"MA",100,"Quercus","alba","white oak","Plantae",371,"Breaking leaf buds",4,"2012-01-01","2012-12-31",2012-04-23,114,2012-04-20,3,2,0
"onset",20263,6472,41.909195,-69.980156,10,"MA",100,"Quercus","alba","white oak","Plantae",501,"Open flowers",4,"2012-01-01","2012-12-31",2012-04-27,118,2012-04-23,4,1,0
"onset",20264,6472,41.909195,-69.980156,10,"MA",100,"Quercus","alba","white oak","Plantae",371,"Breaking leaf buds",4,"2012-01-01","2012-12-31",2012-05-04,125,2012-04-30,4,2,0
"onset",20265,6472,41.909195,-69.980156,10,"MA",100,"Quercus","alba","white oak","Plantae",371,"Breaking leaf buds",4,"2012-01-01","2012-12-31",2012-04-23,114,2012-04-20,3,2,0
"onset",20265,6472,41.909195,-69.980156,10,"MA",100,"Quercus","alba","white oak","Plantae",501,"Open flowers",4,"2012-01-01","2012-12-31",2012-04-27,118,2012-04-23,4,2,0
"onset",20651,6557,35.178806,-97.447266,346,"OK",101,"Quercus","macrocarpa","bur oak","Plantae",371,"Breaking leaf buds",4,"2012-01-01","2012-12-31",2012-03-27,87,2012-03-18,9,1,0
"onset",20652,6557,35.178806,-97.447266,346,"OK",101,"Quercus","macrocarpa","bur oak","Plantae",371,"Breaking leaf buds",4,"2012-01-01","2012-12-31",2012-03-15,75,2012-03-13,2,1,0
"onset",22677,6538,35.179302,-97.446976,346,"OK",101,"Quercus","macrocarpa","bur oak","Plantae",371,"Breaking leaf buds",4,"2012-01-01","2012-12-31",2012-03-13,73,2012-03-10,3,1,0
"onset",22993,6629,35.203251,-85.916466,543,"TN",100,"Quercus","alba","white oak","Plantae",371,"Breaking leaf buds",4,"2012-01-01","2012-12-31",2012-04-06,97,2012-03-29,8,1,0
"onset",22993,6629,35.203251,-85.916466,543,"TN",100,"Quercus","alba","white oak","Plantae",501,"Open flowers",4,"2012-01-01","2012-12-31",2012-04-06,97,2012-03-29,8,1,0
"onset",22994,6629,35.203251,-85.916466,543,"TN",100,"Quercus","alba","white oak","Plantae",371,"Breaking leaf buds",4,"2012-01-01","2012-12-31",2012-04-06,97,2012-03-29,8,1,0
"onset",22994,6629,35.203251,-85.916466,543,"TN",100,"Quercus","alba","white oak","Plantae",501,"Open flowers",4,"2012-01-01","2012-12-31",2012-04-06,97,2012-03-29,8,1,0
"onset",22998,6630,35.200981,-85.921654,539,"TN",100,"Quercus","alba","white oak","Plantae",371,"Breaking leaf buds",4,"2012-01-01","2012-12-31",2012-03-29,89,2012-03-26,3,1,0
"onset",22998,6630,35.200981,-85.921654,539,"TN",100,"Quercus","alba","white oak","Plantae",501,"Open flowers",4,"2012-01-01","2012-12-31",2012-04-06,97,2012-03-29,8,1,0
"onset",22999,6630,35.200981,-85.921654,539,"TN",100,"Quercus","alba","white oak","Plantae",371,"Breaking leaf buds",4,"2012-01-01","2012-12-31",2012-03-29,89,2012-03-26,3,1,0
"onset",22999,6630,35.200981,-85.921654,539,"TN",100,"Quercus","alba","white oak","Plantae",501,"Open flowers",4,"2012-01-01","2012-12-31",2012-04-06,97,2012-03-29,8,1,0
"onset",23669,8253,40.672852,-111.969254,1333,"UT",101,"Quercus","macrocarpa","bur oak","Plantae",371,"Breaking leaf buds",7,"2015-01-01","2015-12-31",2015-04-06,96,2015-04-05,1,1,0
"onset",23669,8253,40.672852,-111.969254,1333,"UT",101,"Quercus","macrocarpa","bur oak","Plantae",371,"Breaking leaf buds",8,"2016-01-01","2016-12-31",2016-04-11,102,2016-03-13,29,1,0
"onset",23669,8253,40.672852,-111.969254,1333,"UT",101,"Quercus","macrocarpa","bur oak","Plantae",371,"Breaking leaf buds",9,"2017-01-01","2017-12-31",2017-04-08,98,2017-03-25,14,1,0
"onset",23669,8253,40.672852,-111.969254,1333,"UT",101,"Quercus","macrocarpa","bur oak","Plantae",371,"Breaking leaf buds",10,"2018-01-01","2018-12-31",2018-04-22,112,2018-04-07,15,1,0
"onset",23669,8253,40.672852,-111.969254,1333,"UT",101,"Quercus","macrocarpa","bur oak","Plantae",371,"Breaking leaf buds",12,"2020-01-01","2020-12-31",2020-04-21,112,2020-04-05,16,1,0
"onset",23669,8253,40.672852,-111.969254,1333,"UT",101,"Quercus","macrocarpa","bur oak","Plantae",371,"Breaking leaf buds",13,"2021-01-01","2021-12-31",2021-04-22,112,2021-04-04,18,1,0
"onset",23669,8253,40.672852,-111.969254,1333,"UT",101,"Quercus","macrocarpa","bur oak","Plantae",371,"Breaking leaf buds",14,"2022-01-01","2022-12-31",2022-04-22,112,2022-04-18,4,1,0
"onset",23669,8253,40.672852,-111.969254,1333,"UT",101,"Quercus","macrocarpa","bur oak","Plantae",371,"Breaking leaf buds",15,"2023-01-01","2023-12-31",2023-04-30,120,2023-04-18,12,1,0
"onset",23669,8253,40.672852,-111.969254,1333,"UT",101,"Quercus","macrocarpa","bur oak","Plantae",371,"Breaking leaf buds",16,"2024-01-01","2024-12-31",2024-04-16,107,2024-04-08,8,1,0
"onset",23669,8253,40.672852,-111.969254,1333,"UT",101,"Quercus","macrocarpa","bur oak","Plantae",371,"Breaking leaf buds",17,"2025-01-01","2025-12-31",2025-04-17,107,2025-04-10,7,1,0
"onset",23669,8253,40.672852,-111.969254,1333,"UT",101,"Quercus","macrocarpa","bur oak","Plantae",501,"Open flowers",10,"2018-01-01","2018-12-31",2018-04-29,119,2018-04-25,4,1,0
"onset",23669,8253,40.672852,-111.969254,1333,"UT",101,"Quercus","macrocarpa","bur oak","Plantae",501,"Open flowers",13,"2021-01-01","2021-12-31",2021-05-04,124,2021-04-22,12,1,0
"onset",23669,8253,40.672852,-111.969254,1333,"UT",101,"Quercus","macrocarpa","bur oak","Plantae",501,"Open flowers",15,"2023-01-01","2023-12-31",2023-05-03,123,2023-04-30,3,1,0
"onset",23669,8253,40.672852,-111.969254,1333,"UT",101,"Quercus","macrocarpa","bur oak","Plantae",501,"Open flowers",16,"2024-01-01","2024-12-31",2024-04-24,115,2024-04-18,6,1,0
"onset",23669,8253,40.672852,-111.969254,1333,"UT",101,"Quercus","macrocarpa","bur oak","Plantae",501,"Open flowers",17,"2025-01-01","2025-12-31",2025-04-27,117,2025-04-17,10,1,0
"onset",24782,8386,35.179722,-97.445724,346,"OK",101,"Quercus","macrocarpa","bur oak","Plantae",371,"Breaking leaf buds",4,"2012-01-01","2012-12-31",2012-03-08,68,2012-02-28,9,1,0
"onset",24796,6640,35.179417,-97.447594,346,"OK",305,"Quercus","virginiana","live oak","Plantae",371,"Breaking leaf buds",4,"2012-01-01","2012-12-31",2012-03-27,87,2012-03-14,13,1,0
"onset",24852,6640,35.179417,-97.447594,346,"OK",101,"Quercus","macrocarpa","bur oak","Plantae",371,"Breaking leaf buds",4,"2012-01-01","2012-12-31",2012-03-27,87,2012-03-13,14,1,0
"onset",24970,6592,35.222569,-97.439476,354,"OK",100,"Quercus","alba","white oak","Plantae",371,"Breaking leaf buds",4,"2012-01-01","2012-12-31",2012-03-16,76,2012-03-13,3,1,0
"onset",24987,6592,35.222569,-97.439476,354,"OK",101,"Quercus","macrocarpa","bur oak","Plantae",371,"Breaking leaf buds",4,"2012-01-01","2012-12-31",2012-03-24,84,2012-03-18,6,1,0
"onset",24990,6592,35.222569,-97.439476,354,"OK",101,"Quercus","macrocarpa","bur oak","Plantae",371,"Breaking leaf buds",4,"2012-01-01","2012-12-31",2012-03-16,76,2012-03-13,3,1,0
"onset",25010,6592,35.222569,-97.439476,354,"OK",100,"Quercus","alba","white oak","Plantae",371,"Breaking leaf buds",4,"2012-01-01","2012-12-31",2012-03-24,84,2012-03-18,6,1,0
"onset",25050,8396,35.180058,-97.446617,346,"OK",101,"Quercus","macrocarpa","bur oak","Plantae",371,"Breaking leaf buds",4,"2012-01-01","2012-12-31",2012-03-28,88,2012-03-15,13,1,0
"onset",25052,8396,35.180058,-97.446617,346,"OK",101,"Quercus","macrocarpa","bur oak","Plantae",371,"Breaking leaf buds",4,"2012-01-01","2012-12-31",2012-03-28,88,2012-03-15,13,1,0
"onset",25369,1447,42.176537,-85.892448,234,"MI",100,"Quercus","alba","white oak","Plantae",371,"Breaking leaf buds",4,"2012-01-01","2012-12-31",2012-04-21,112,2012-04-14,7,1,0
"onset",25369,1447,42.176537,-85.892448,234,"MI",100,"Quercus","alba","white oak","Plantae",371,"Breaking leaf buds",5,"2013-01-01","2013-12-31",2013-05-04,124,2013-04-27,7,1,0
"onset",25369,1447,42.176537,-85.892448,234,"MI",100,"Quercus","alba","white oak","Plantae",371,"Breaking leaf buds",6,"2014-01-01","2014-12-31",2014-05-10,130,2014-04-24,16,1,0
"onset",25369,1447,42.176537,-85.892448,234,"MI",100,"Quercus","alba","white oak","Plantae",371,"Breaking leaf buds",8,"2016-01-01","2016-12-31",2016-05-15,136,2016-05-01,14,1,0
"onset",25369,1447,42.176537,-85.892448,234,"MI",100,"Quercus","alba","white oak","Plantae",371,"Breaking leaf buds",9,"2017-01-01","2017-12-31",2017-05-09,129,2017-04-23,16,1,0
"onset",25513,8440,42.283279,-83.771729,284,"MI",100,"Quercus","alba","white oak","Plantae",371,"Breaking leaf buds",5,"2013-01-01","2013-12-31",2013-04-30,120,2013-04-22,8,1,0
"onset",25513,8440,42.283279,-83.771729,284,"MI",100,"Quercus","alba","white oak","Plantae",371,"Breaking leaf buds",6,"2014-01-01","2014-12-31",2014-05-08,128,2014-05-03,5,1,0
"onset",25513,8440,42.283279,-83.771729,284,"MI",100,"Quercus","alba","white oak","Plantae",371,"Breaking leaf buds",7,"2015-01-01","2015-12-31",2015-05-03,123,2015-04-28,5,1,0
"onset",25513,8440,42.283279,-83.771729,284,"MI",100,"Quercus","alba","white oak","Plantae",371,"Breaking leaf buds",8,"2016-01-01","2016-12-31",2016-04-22,113,2016-04-19,3,1,0
"onset",25513,8440,42.283279,-83.771729,284,"MI",100,"Quercus","alba","white oak","Plantae",371,"Breaking leaf buds",9,"2017-01-01","2017-12-31",2017-04-15,105,2017-04-10,5,1,0
"onset",25513,8440,42.283279,-83.771729,284,"MI",100,"Quercus","alba","white oak","Plantae",371,"Breaking leaf buds",10,"2018-01-01","2018-12-31",2018-05-01,121,2018-04-27,4,1,0
"onset",25513,8440,42.283279,-83.771729,284,"MI",100,"Quercus","alba","white oak","Plantae",371,"Breaking leaf buds",11,"2019-01-01","2019-12-31",2019-05-02,122,2019-04-27,5,1,0
"onset",25513,8440,42.283279,-83.771729,284,"MI",100,"Quercus","alba","white oak","Plantae",371,"Breaking leaf buds",12,"2020-01-01","2020-12-31",2020-05-06,127,2020-05-01,5,1,0
"onset",25513,8440,42.283279,-83.771729,284,"MI",100,"Quercus","alba","white oak","Plantae",371,"Breaking leaf buds",13,"2021-01-01","2021-12-31",2021-04-11,101,2021-04-06,5,1,0
"onset",25513,8440,42.283279,-83.771729,284,"MI",100,"Quercus","alba","white oak","Plantae",371,"Breaking leaf buds",14,"2022-01-01","2022-12-31",2022-05-07,127,2022-04-30,7,1,0
"onset",25513,8440,42.283279,-83.771729,284,"MI",100,"Quercus","alba","white oak","Plantae",371,"Breaking leaf buds",15,"2023-01-01","2023-12-31",2023-04-13,103,2023-04-09,4,1,0
"onset",25663,8460,43.09248,-73.591904,66,"NY",100,"Quercus","alba","white oak","Plantae",371,"Breaking leaf buds",5,"2013-01-01","2013-12-31",2013-05-02,122,2013-04-29,3,1,0
"onset",25663,8460,43.09248,-73.591904,66,"NY",100,"Quercus","alba","white oak","Plantae",371,"Breaking leaf buds",6,"2014-01-01","2014-12-31",2014-04-30,120,2014-04-24,6,1,0
"onset",25663,8460,43.09248,-73.591904,66,"NY",100,"Quercus","alba","white oak","Plantae",371,"Breaking leaf buds",7,"2015-01-01","2015-12-31",2015-04-27,117,2015-04-21,6,1,0
"onset",25663,8460,43.09248,-73.591904,66,"NY",100,"Quercus","alba","white oak","Plantae",371,"Breaking leaf buds",8,"2016-01-01","2016-12-31",2016-04-20,111,2016-04-14,6,1,0
"onset",25663,8460,43.09248,-73.591904,66,"NY",100,"Quercus","alba","white oak","Plantae",371,"Breaking leaf buds",9,"2017-01-01","2017-12-31",2017-05-02,122,2017-04-25,7,1,0
"onset",25663,8460,43.09248,-73.591904,66,"NY",100,"Quercus","alba","white oak","Plantae",371,"Breaking leaf buds",10,"2018-01-01","2018-12-31",2018-05-21,141,2018-05-08,13,1,0
"onset",25663,8460,43.09248,-73.591904,66,"NY",100,"Quercus","alba","white oak","Plantae",371,"Breaking leaf buds",11,"2019-01-01","2019-12-31",2019-05-07,127,2019-04-15,22,1,0
"onset",25663,8460,43.09248,-73.591904,66,"NY",100,"Quercus","alba","white oak","Plantae",371,"Breaking leaf buds",13,"2021-01-01","2021-12-31",2021-04-14,104,2021-04-07,7,1,0
"onset",25663,8460,43.09248,-73.591904,66,"NY",100,"Quercus","alba","white oak","Plantae",371,"Breaking leaf buds",14,"2022-01-01","2022-12-31",2022-05-05,125,2022-04-27,8,1,0
"onset",25663,8460,43.09248,-73.591904,66,"NY",100,"Quercus","alba","white oak","Plantae",371,"Breaking leaf buds",15,"2023-01-01","2023-12-31",2023-04-26,116,2023-04-17,9,1,0
"onset",25663,8460,43.09248,-73.591904,66,"NY",100,"Quercus","alba","white oak","Plantae",371,"Breaking leaf buds",16,"2024-01-01","2024-12-31",2024-04-29,120,2024-04-22,7,1,0
"onset",25663,8460,43.09248,-73.591904,66,"NY",100,"Quercus","alba","white oak","Plantae",371,"Breaking leaf buds",18,"2026-01-01","2026-12-31",2026-05-04,124,2026-04-29,5,1,0
"onset",25663,8460,43.09248,-73.591904,66,"NY",100,"Quercus","alba","white oak","Plantae",501,"Open flowers",4,"2012-01-01","2012-12-31",2012-05-09,130,2012-05-03,6,1,0
"onset",25663,8460,43.09248,-73.591904,66,"NY",100,"Quercus","alba","white oak","Plantae",501,"Open flowers",5,"2013-01-01","2013-12-31",2013-05-13,133,2013-05-09,4,1,0
"onset",25663,8460,43.09248,-73.591904,66,"NY",100,"Quercus","alba","white oak","Plantae",501,"Open flowers",6,"2014-01-01","2014-12-31",2014-05-21,141,2014-05-19,2,1,0
"onset",25663,8460,43.09248,-73.591904,66,"NY",100,"Quercus","alba","white oak","Plantae",501,"Open flowers",7,"2015-01-01","2015-12-31",2015-05-26,146,2015-05-19,7,1,0
"onset",25663,8460,43.09248,-73.591904,66,"NY",100,"Quercus","alba","white oak","Plantae",501,"Open flowers",8,"2016-01-01","2016-12-31",2016-05-16,137,2016-05-03,13,1,0
"onset",25663,8460,43.09248,-73.591904,66,"NY",100,"Quercus","alba","white oak","Plantae",501,"Open flowers",9,"2017-01-01","2017-12-31",2017-05-11,131,2017-05-08,3,1,0
"onset",25663,8460,43.09248,-73.591904,66,"NY",100,"Quercus","alba","white oak","Plantae",501,"Open flowers",13,"2021-01-01","2021-12-31",2021-05-05,125,2021-04-26,9,2,0
"onset",25663,8460,43.09248,-73.591904,66,"NY",100,"Quercus","alba","white oak","Plantae",501,"Open flowers",14,"2022-01-01","2022-12-31",2022-05-26,146,2022-05-17,9,1,0
"onset",25663,8460,43.09248,-73.591904,66,"NY",100,"Quercus","alba","white oak","Plantae",501,"Open flowers",15,"2023-01-01","2023-12-31",2023-05-08,128,2023-05-02,6,1,0
"onset",25663,8460,43.09248,-73.591904,66,"NY",100,"Quercus","alba","white oak","Plantae",501,"Open flowers",17,"2025-01-01","2025-12-31",2025-05-12,132,2025-04-29,13,1,0
"onset",25663,8460,43.09248,-73.591904,66,"NY",100,"Quercus","alba","white oak","Plantae",501,"Open flowers",18,"2026-01-01","2026-12-31",2026-05-21,141,2026-05-04,17,1,0
"onset",25664,8460,43.09248,-73.591904,66,"NY",100,"Quercus","alba","white oak","Plantae",371,"Breaking leaf buds",5,"2013-01-01","2013-12-31",2013-05-02,122,2013-04-29,3,1,0
"onset",25664,8460,43.09248,-73.591904,66,"NY",100,"Quercus","alba","white oak","Plantae",371,"Breaking leaf buds",6,"2014-01-01","2014-12-31",2014-04-30,120,2014-04-24,6,1,0
"onset",25664,8460,43.09248,-73.591904,66,"NY",100,"Quercus","alba","white oak","Plantae",371,"Breaking leaf buds",7,"2015-01-01","2015-12-31",2015-04-27,117,2015-04-21,6,1,0
"onset",25664,8460,43.09248,-73.591904,66,"NY",100,"Quercus","alba","white oak","Plantae",371,"Breaking leaf buds",8,"2016-01-01","2016-12-31",2016-04-20,111,2016-04-14,6,1,0
"onset",25664,8460,43.09248,-73.591904,66,"NY",100,"Quercus","alba","white oak","Plantae",371,"Breaking leaf buds",9,"2017-01-01","2017-12-31",2017-05-02,122,2017-04-25,7,1,0
"onset",25664,8460,43.09248,-73.591904,66,"NY",100,"Quercus","alba","white oak","Plantae",371,"Breaking leaf buds",10,"2018-01-01","2018-12-31",2018-05-21,141,2018-05-08,13,1,0
"onset",25664,8460,43.09248,-73.591904,66,"NY",100,"Quercus","alba","white oak","Plantae",371,"Breaking leaf buds",11,"2019-01-01","2019-12-31",2019-04-29,119,2019-04-15,14,1,0
"onset",25664,8460,43.09248,-73.591904,66,"NY",100,"Quercus","alba","white oak","Plantae",371,"Breaking leaf buds",13,"2021-01-01","2021-12-31",2021-04-14,104,2021-04-07,7,1,0
"onset",25664,8460,43.09248,-73.591904,66,"NY",100,"Quercus","alba","white oak","Plantae",371,"Breaking leaf buds",14,"2022-01-01","2022-12-31",2022-05-05,125,2022-04-27,8,1,0
"onset",25664,8460,43.09248,-73.591904,66,"NY",100,"Quercus","alba","white oak","Plantae",371,"Breaking leaf buds",15,"2023-01-01","2023-12-31",2023-04-26,116,2023-04-17,9,1,0
"onset",25664,8460,43.09248,-73.591904,66,"NY",100,"Quercus","alba","white oak","Plantae",371,"Breaking leaf buds",16,"2024-01-01","2024-12-31",2024-04-29,120,2024-04-22,7,1,0
"onset",25664,8460,43.09248,-73.591904,66,"NY",100,"Quercus","alba","white oak","Plantae",371,"Breaking leaf buds",18,"2026-01-01","2026-12-31",2026-04-29,119,2026-04-22,7,1,0
"onset",25664,8460,43.09248,-73.591904,66,"NY",100,"Quercus","alba","white oak","Plantae",501,"Open flowers",4,"2012-01-01","2012-12-31",2012-05-09,130,2012-05-07,2,1,0
"onset",25664,8460,43.09248,-73.591904,66,"NY",100,"Quercus","alba","white oak","Plantae",501,"Open flowers",5,"2013-01-01","2013-12-31",2013-05-13,133,2013-05-09,4,1,0
"onset",25664,8460,43.09248,-73.591904,66,"NY",100,"Quercus","alba","white oak","Plantae",501,"Open flowers",6,"2014-01-01","2014-12-31",2014-05-19,139,2014-05-12,7,1,0
"onset",25664,8460,43.09248,-73.591904,66,"NY",100,"Quercus","alba","white oak","Plantae",501,"Open flowers",7,"2015-01-01","2015-12-31",2015-05-14,134,2015-05-04,10,1,0
"onset",25664,8460,43.09248,-73.591904,66,"NY",100,"Quercus","alba","white oak","Plantae",501,"Open flowers",8,"2016-01-01","2016-12-31",2016-05-16,137,2016-05-03,13,1,0
"onset",25664,8460,43.09248,-73.591904,66,"NY",100,"Quercus","alba","white oak","Plantae",501,"Open flowers",9,"2017-01-01","2017-12-31",2017-05-11,131,2017-05-08,3,1,0
"onset",25664,8460,43.09248,-73.591904,66,"NY",100,"Quercus","alba","white oak","Plantae",501,"Open flowers",13,"2021-01-01","2021-12-31",2021-05-05,125,2021-04-26,9,1,0
"onset",25664,8460,43.09248,-73.591904,66,"NY",100,"Quercus","alba","white oak","Plantae",501,"Open flowers",15,"2023-01-01","2023-12-31",2023-05-17,137,2023-05-08,9,1,0
"onset",25664,8460,43.09248,-73.591904,66,"NY",100,"Quercus","alba","white oak","Plantae",501,"Open flowers",17,"2025-01-01","2025-12-31",2025-05-12,132,2025-04-29,13,1,0
"onset",25664,8460,43.09248,-73.591904,66,"NY",100,"Quercus","alba","white oak","Plantae",501,"Open flowers",18,"2026-01-01","2026-12-31",2026-05-21,141,2026-05-04,17,1,0
"onset",25949,8495,42.020241,-73.908508,49,"NY",100,"Quercus","alba","white oak","Plantae",371,"Breaking leaf buds",4,"2012-01-01","2012-12-31",2012-04-01,92,2012-03-23,9,1,0
"onset",25949,8495,42.020241,-73.908508,49,"NY",100,"Quercus","alba","white oak","Plantae",501,"Open flowers",4,"2012-01-01","2012-12-31",2012-04-16,107,2012-04-10,6,1,0
"onset",25993,8496,46.328629,-96.061256,393,"MN",101,"Quercus","macrocarpa","bur oak","Plantae",371,"Breaking leaf buds",5,"2013-01-01","2013-12-31",2013-05-04,124,2013-05-01,3,2,0
"onset",25993,8496,46.328629,-96.061256,393,"MN",101,"Quercus","macrocarpa","bur oak","Plantae",371,"Breaking leaf buds",7,"2015-01-01","2015-12-31",2015-05-01,121,2015-04-29,2,1,0
"onset",25993,8496,46.328629,-96.061256,393,"MN",101,"Quercus","macrocarpa","bur oak","Plantae",371,"Breaking leaf buds",10,"2018-01-01","2018-12-31",2018-05-06,126,2018-05-02,4,1,0
"onset",25993,8496,46.328629,-96.061256,393,"MN",101,"Quercus","macrocarpa","bur oak","Plantae",371,"Breaking leaf buds",11,"2019-01-01","2019-12-31",2019-05-10,130,2019-05-01,9,1,0
"onset",25993,8496,46.328629,-96.061256,393,"MN",101,"Quercus","macrocarpa","bur oak","Plantae",371,"Breaking leaf buds",12,"2020-01-01","2020-12-31",2020-05-04,125,2020-04-30,4,1,0
"onset",25993,8496,46.328629,-96.061256,393,"MN",101,"Quercus","macrocarpa","bur oak","Plantae",371,"Breaking leaf buds",13,"2021-01-01","2021-12-31",2021-05-02,122,2021-04-25,7,1,0
"onset",25993,8496,46.328629,-96.061256,393,"MN",101,"Quercus","macrocarpa","bur oak","Plantae",371,"Breaking leaf buds",14,"2022-01-01","2022-12-31",2022-05-12,132,2022-05-08,4,1,0
"onset",25993,8496,46.328629,-96.061256,393,"MN",101,"Quercus","macrocarpa","bur oak","Plantae",501,"Open flowers",4,"2012-01-01","2012-12-31",2012-05-02,123,2012-04-30,2,2,0
"onset",25993,8496,46.328629,-96.061256,393,"MN",101,"Quercus","macrocarpa","bur oak","Plantae",501,"Open flowers",5,"2013-01-01","2013-12-31",2013-05-20,140,2013-05-17,3,2,0
"onset",25993,8496,46.328629,-96.061256,393,"MN",101,"Quercus","macrocarpa","bur oak","Plantae",501,"Open flowers",6,"2014-01-01","2014-12-31",2014-06-02,153,2014-05-11,22,1,0
"onset",25993,8496,46.328629,-96.061256,393,"MN",101,"Quercus","macrocarpa","bur oak","Plantae",501,"Open flowers",7,"2015-01-01","2015-12-31",2015-05-07,127,2015-05-01,6,1,0
"onset",25993,8496,46.328629,-96.061256,393,"MN",101,"Quercus","macrocarpa","bur oak","Plantae",501,"Open flowers",8,"2016-01-01","2016-12-31",2016-05-20,141,2016-05-07,13,1,0
"onset",25993,8496,46.328629,-96.061256,393,"MN",101,"Quercus","macrocarpa","bur oak","Plantae",501,"Open flowers",10,"2018-01-01","2018-12-31",2018-05-23,143,2018-05-20,3,1,0
"onset",25993,8496,46.328629,-96.061256,393,"MN",101,"Quercus","macrocarpa","bur oak","Plantae",501,"Open flowers",11,"2019-01-01","2019-12-31",2019-05-31,151,2019-05-18,13,1,0
"onset",25993,8496,46.328629,-96.061256,393,"MN",101,"Quercus","macrocarpa","bur oak","Plantae",501,"Open flowers",12,"2020-01-01","2020-12-31",2020-05-16,137,2020-05-08,8,1,0
"onset",25993,8496,46.328629,-96.061256,393,"MN",101,"Quercus","macrocarpa","bur oak","Plantae",501,"Open flowers",13,"2021-01-01","2021-12-31",2021-05-17,137,2021-05-11,6,1,0
"onset",25993,8496,46.328629,-96.061256,393,"MN",101,"Quercus","macrocarpa","bur oak","Plantae",501,"Open flowers",14,"2022-01-01","2022-12-31",2022-06-02,153,2022-05-25,8,1,0
"onset",25993,8496,46.328629,-96.061256,393,"MN",101,"Quercus","macrocarpa","bur oak","Plantae",501,"Open flowers",15,"2023-01-01","2023-12-31",2023-05-18,138,2023-04-24,24,2,0
"onset",26102,6557,35.178806,-97.447266,346,"OK",101,"Quercus","macrocarpa","bur oak","Plantae",371,"Breaking leaf buds",4,"2012-01-01","2012-12-31",2012-03-15,75,2012-03-13,2,1,0
"onset",29890,8898,35.688751,-83.501083,633,"TN",100,"Quercus","alba","white oak","Plantae",371,"Breaking leaf buds",7,"2015-01-01","2015-12-31",2015-04-18,108,2015-04-17,1,3,0
"onset",29890,8898,35.688751,-83.501083,633,"TN",100,"Quercus","alba","white oak","Plantae",371,"Breaking leaf buds",8,"2016-01-01","2016-12-31",2016-04-24,115,2016-04-16,8,1,0
"onset",29942,8903,35.463467,-83.433441,664,"NC",100,"Quercus","alba","white oak","Plantae",371,"Breaking leaf buds",6,"2014-01-01","2014-12-31",2014-04-05,95,2014-04-03,2,4,0
"onset",29942,8903,35.463467,-83.433441,664,"NC",100,"Quercus","alba","white oak","Plantae",371,"Breaking leaf buds",7,"2015-01-01","2015-12-31",2015-05-02,122,2015-04-19,13,1,0
"onset",29942,8903,35.463467,-83.433441,664,"NC",100,"Quercus","alba","white oak","Plantae",371,"Breaking leaf buds",8,"2016-01-01","2016-12-31",2016-04-04,95,2016-03-29,6,2,0
"onset",29942,8903,35.463467,-83.433441,664,"NC",100,"Quercus","alba","white oak","Plantae",371,"Breaking leaf buds",10,"2018-01-01","2018-12-31",2018-04-08,98,2018-04-05,3,5,0
"onset",29942,8903,35.463467,-83.433441,664,"NC",100,"Quercus","alba","white oak","Plantae",371,"Breaking leaf buds",13,"2021-01-01","2021-12-31",2021-04-29,119,2021-04-23,6,1,0
"onset",29942,8903,35.463467,-83.433441,664,"NC",100,"Quercus","alba","white oak","Plantae",371,"Breaking leaf buds",14,"2022-01-01","2022-12-31",2022-04-23,113,2022-04-21,2,1,0
"onset",29942,8903,35.463467,-83.433441,664,"NC",100,"Quercus","alba","white oak","Plantae",501,"Open flowers",6,"2014-01-01","2014-12-31",2014-04-10,100,2014-04-06,4,1,0
"onset",33112,8806,35.640625,-83.689034,500,"TN",100,"Quercus","alba","white oak","Plantae",371,"Breaking leaf buds",5,"2013-01-01","2013-12-31",2013-05-28,148,2013-05-20,8,1,0
"onset",33112,8806,35.640625,-83.689034,500,"TN",100,"Quercus","alba","white oak","Plantae",371,"Breaking leaf buds",6,"2014-01-01","2014-12-31",2014-04-25,115,2014-04-11,14,1,0
"onset",33112,8806,35.640625,-83.689034,500,"TN",100,"Quercus","alba","white oak","Plantae",371,"Breaking leaf buds",8,"2016-01-01","2016-12-31",2016-04-14,105,2016-04-08,6,1,0
"onset",33112,8806,35.640625,-83.689034,500,"TN",100,"Quercus","alba","white oak","Plantae",371,"Breaking leaf buds",9,"2017-01-01","2017-12-31",2017-04-13,103,2017-04-07,6,1,0
"onset",33112,8806,35.640625,-83.689034,500,"TN",100,"Quercus","alba","white oak","Plantae",371,"Breaking leaf buds",13,"2021-01-01","2021-12-31",2021-04-07,97,2021-03-29,9,1,0
"onset",33112,8806,35.640625,-83.689034,500,"TN",100,"Quercus","alba","white oak","Plantae",371,"Breaking leaf buds",14,"2022-01-01","2022-12-31",2022-04-12,102,2022-04-05,7,1,0
"onset",33112,8806,35.640625,-83.689034,500,"TN",100,"Quercus","alba","white oak","Plantae",371,"Breaking leaf buds",15,"2023-01-01","2023-12-31",2023-04-04,94,2023-03-31,4,1,0
"onset",33112,8806,35.640625,-83.689034,500,"TN",100,"Quercus","alba","white oak","Plantae",371,"Breaking leaf buds",16,"2024-01-01","2024-12-31",2024-04-02,93,2024-03-19,14,1,0
"onset",33112,8806,35.640625,-83.689034,500,"TN",100,"Quercus","alba","white oak","Plantae",501,"Open flowers",3,"2011-01-01","2011-12-31",2011-04-21,111,2011-04-13,8,1,0
"onset",33160,9342,35.644516,-83.68988,500,"TN",100,"Quercus","alba","white oak","Plantae",371,"Breaking leaf buds",3,"2011-01-01","2011-12-31",2011-04-01,91,2011-03-24,8,1,0
"onset",33160,9342,35.644516,-83.68988,500,"TN",100,"Quercus","alba","white oak","Plantae",371,"Breaking leaf buds",6,"2014-01-01","2014-12-31",2014-04-12,102,2014-04-05,7,1,0
"onset",33160,9342,35.644516,-83.68988,500,"TN",100,"Quercus","alba","white oak","Plantae",371,"Breaking leaf buds",7,"2015-01-01","2015-12-31",2015-04-11,101,2015-04-04,7,1,0
"onset",33160,9342,35.644516,-83.68988,500,"TN",100,"Quercus","alba","white oak","Plantae",371,"Breaking leaf buds",8,"2016-01-01","2016-12-31",2016-04-01,92,2016-03-26,6,1,0
"onset",33160,9342,35.644516,-83.68988,500,"TN",100,"Quercus","alba","white oak","Plantae",371,"Breaking leaf buds",10,"2018-01-01","2018-12-31",2018-04-06,96,2018-03-31,6,1,0
"onset",33160,9342,35.644516,-83.68988,500,"TN",100,"Quercus","alba","white oak","Plantae",371,"Breaking leaf buds",11,"2019-01-01","2019-12-31",2019-03-09,68,2019-03-02,7,2,0
"onset",33160,9342,35.644516,-83.68988,500,"TN",100,"Quercus","alba","white oak","Plantae",371,"Breaking leaf buds",14,"2022-01-01","2022-12-31",2022-04-16,106,2022-04-09,7,1,0
"onset",33160,9342,35.644516,-83.68988,500,"TN",100,"Quercus","alba","white oak","Plantae",371,"Breaking leaf buds",15,"2023-01-01","2023-12-31",2023-03-29,88,2023-03-26,3,1,0
"onset",33160,9342,35.644516,-83.68988,500,"TN",100,"Quercus","alba","white oak","Plantae",371,"Breaking leaf buds",16,"2024-01-01","2024-12-31",2024-04-13,104,2024-04-05,8,1,0
"onset",33160,9342,35.644516,-83.68988,500,"TN",100,"Quercus","alba","white oak","Plantae",371,"Breaking leaf buds",17,"2025-01-01","2025-12-31",2025-04-08,98,2025-03-13,26,1,0
"onset",33160,9342,35.644516,-83.68988,500,"TN",100,"Quercus","alba","white oak","Plantae",371,"Breaking leaf buds",18,"2026-01-01","2026-12-31",2026-04-04,94,2026-03-29,6,1,0
"onset",35992,9621,27.972702,-97.134949,4,"TX",305,"Quercus","virginiana","live oak","Plantae",371,"Breaking leaf buds",5,"2013-01-01","2013-12-31",2013-03-26,85,2013-03-22,4,1,0
"onset",35992,9621,27.972702,-97.134949,4,"TX",305,"Quercus","virginiana","live oak","Plantae",501,"Open flowers",5,"2013-01-01","2013-12-31",2013-04-11,101,2013-04-07,4,1,0
"onset",35993,9621,27.972702,-97.134949,4,"TX",305,"Quercus","virginiana","live oak","Plantae",371,"Breaking leaf buds",5,"2013-01-01","2013-12-31",2013-03-26,85,2013-03-22,4,1,0
"onset",35993,9621,27.972702,-97.134949,4,"TX",305,"Quercus","virginiana","live oak","Plantae",501,"Open flowers",5,"2013-01-01","2013-12-31",2013-04-11,101,2013-04-07,4,1,0
"onset",35994,9621,27.972702,-97.134949,4,"TX",305,"Quercus","virginiana","live oak","Plantae",371,"Breaking leaf buds",5,"2013-01-01","2013-12-31",2013-03-26,85,2013-03-22,4,1,0
"onset",35994,9621,27.972702,-97.134949,4,"TX",305,"Quercus","virginiana","live oak","Plantae",501,"Open flowers",5,"2013-01-01","2013-12-31",2013-03-29,88,2013-03-26,3,1,0
"onset",37332,9860,35.179035,-97.446968,338,"OK",101,"Quercus","macrocarpa","bur oak","Plantae",371,"Breaking leaf buds",5,"2013-01-01","2013-12-31",2013-04-04,94,2013-03-16,19,1,0
"onset",37345,9860,35.179035,-97.446968,338,"OK",101,"Quercus","macrocarpa","bur oak","Plantae",371,"Breaking leaf buds",5,"2013-01-01","2013-12-31",2013-03-24,83,2013-03-14,10,1,0
"onset",37345,9860,35.179035,-97.446968,338,"OK",101,"Quercus","macrocarpa","bur oak","Plantae",501,"Open flowers",5,"2013-01-01","2013-12-31",2013-03-30,89,2013-03-29,1,2,0
"onset",37574,9860,35.179035,-97.446968,338,"OK",101,"Quercus","macrocarpa","bur oak","Plantae",371,"Breaking leaf buds",5,"2013-01-01","2013-12-31",2013-04-07,97,2013-04-05,2,1,0
"onset",37574,9860,35.179035,-97.446968,338,"OK",101,"Quercus","macrocarpa","bur oak","Plantae",371,"Breaking leaf buds",6,"2014-01-01","2014-12-31",2014-03-30,89,2014-03-27,3,2,0
"onset",37575,9860,35.179035,-97.446968,338,"OK",101,"Quercus","macrocarpa","bur oak","Plantae",371,"Breaking leaf buds",5,"2013-01-01","2013-12-31",2013-03-28,87,2013-03-27,1,1,0
"onset",37575,9860,35.179035,-97.446968,338,"OK",101,"Quercus","macrocarpa","bur oak","Plantae",371,"Breaking leaf buds",6,"2014-01-01","2014-12-31",2014-04-04,94,2014-04-01,3,1,0
"onset",37577,9860,35.179035,-97.446968,338,"OK",101,"Quercus","macrocarpa","bur oak","Plantae",371,"Breaking leaf buds",5,"2013-01-01","2013-12-31",2013-03-26,85,2013-03-22,4,3,0
"onset",37577,9860,35.179035,-97.446968,338,"OK",101,"Quercus","macrocarpa","bur oak","Plantae",371,"Breaking leaf buds",6,"2014-01-01","2014-12-31",2014-03-30,89,2014-03-27,3,2,0
"onset",37686,9609,41.324959,-73.401146,182,"CT",100,"Quercus","alba","white oak","Plantae",371,"Breaking leaf buds",5,"2013-01-01","2013-12-31",2013-04-24,114,2013-04-18,6,1,0
"onset",37687,9609,41.324959,-73.401146,182,"CT",100,"Quercus","alba","white oak","Plantae",371,"Breaking leaf buds",5,"2013-01-01","2013-12-31",2013-04-24,114,2013-04-18,6,1,0
"onset",37688,9609,41.324959,-73.401146,182,"CT",100,"Quercus","alba","white oak","Plantae",371,"Breaking leaf buds",5,"2013-01-01","2013-12-31",2013-05-01,121,2013-04-18,13,1,0
"onset",37902,9930,31.580486,-97.324806,171,"TX",101,"Quercus","macrocarpa","bur oak","Plantae",371,"Breaking leaf buds",5,"2013-01-01","2013-12-31",2013-04-11,101,2013-04-04,7,1,0
"onset",38533,10060,42.73381,-90.48497,301,"WI",101,"Quercus","macrocarpa","bur oak","Plantae",371,"Breaking leaf buds",5,"2013-01-01","2013-12-31",2013-05-06,126,2013-04-29,7,1,0
"onset",38551,9052,42.73381,-90.48497,301,"WI",100,"Quercus","alba","white oak","Plantae",371,"Breaking leaf buds",5,"2013-01-01","2013-12-31",2013-05-10,130,2013-04-30,10,1,0
"onset",38564,9930,31.580486,-97.324806,171,"TX",101,"Quercus","macrocarpa","bur oak","Plantae",371,"Breaking leaf buds",5,"2013-01-01","2013-12-31",2013-04-11,101,2013-04-04,7,2,0
"onset",38565,9930,31.580486,-97.324806,171,"TX",101,"Quercus","macrocarpa","bur oak","Plantae",371,"Breaking leaf buds",5,"2013-01-01","2013-12-31",2013-04-04,94,2013-03-27,8,1,0
"onset",38577,2120,40.863445,-73.876656,25,"NY",100,"Quercus","alba","white oak","Plantae",371,"Breaking leaf buds",5,"2013-01-01","2013-12-31",2013-04-27,117,2013-04-24,3,1,0
"onset",38577,2120,40.863445,-73.876656,25,"NY",100,"Quercus","alba","white oak","Plantae",371,"Breaking leaf buds",6,"2014-01-01","2014-12-31",2014-04-18,108,2014-04-14,4,1,0
"onset",38577,2120,40.863445,-73.876656,25,"NY",100,"Quercus","alba","white oak","Plantae",371,"Breaking leaf buds",7,"2015-01-01","2015-12-31",2015-04-11,101,2015-04-10,1,2,0
"onset",38577,2120,40.863445,-73.876656,25,"NY",100,"Quercus","alba","white oak","Plantae",371,"Breaking leaf buds",8,"2016-01-01","2016-12-31",2016-03-24,84,2016-03-19,5,5,0
"onset",38577,2120,40.863445,-73.876656,25,"NY",100,"Quercus","alba","white oak","Plantae",371,"Breaking leaf buds",9,"2017-01-01","2017-12-31",2017-04-11,101,2017-04-05,6,2,0
"onset",38577,2120,40.863445,-73.876656,25,"NY",100,"Quercus","alba","white oak","Plantae",371,"Breaking leaf buds",10,"2018-01-01","2018-12-31",2018-03-29,88,2018-03-28,1,4,0
"onset",38577,2120,40.863445,-73.876656,25,"NY",100,"Quercus","alba","white oak","Plantae",371,"Breaking leaf buds",11,"2019-01-01","2019-12-31",2019-04-09,99,2019-04-04,5,3,0
"onset",38577,2120,40.863445,-73.876656,25,"NY",100,"Quercus","alba","white oak","Plantae",371,"Breaking leaf buds",14,"2022-01-01","2022-12-31",2022-05-11,131,2022-04-29,12,1,0
"onset",38577,2120,40.863445,-73.876656,25,"NY",100,"Quercus","alba","white oak","Plantae",371,"Breaking leaf buds",15,"2023-01-01","2023-12-31",2023-04-07,97,2023-03-31,7,3,0
"onset",38577,2120,40.863445,-73.876656,25,"NY",100,"Quercus","alba","white oak","Plantae",371,"Breaking leaf buds",16,"2024-01-01","2024-12-31",2024-04-10,101,2024-04-05,5,2,0
"onset",38577,2120,40.863445,-73.876656,25,"NY",100,"Quercus","alba","white oak","Plantae",371,"Breaking leaf buds",17,"2025-01-01","2025-12-31",2025-04-25,115,2025-04-23,2,3,0
"onset",38577,2120,40.863445,-73.876656,25,"NY",100,"Quercus","alba","white oak","Plantae",371,"Breaking leaf buds",18,"2026-01-01","2026-12-31",2026-04-09,99,2026-04-03,6,1,0
"onset",38577,2120,40.863445,-73.876656,25,"NY",100,"Quercus","alba","white oak","Plantae",501,"Open flowers",5,"2013-01-01","2013-12-31",2013-04-24,114,2013-04-18,6,1,0
"onset",38577,2120,40.863445,-73.876656,25,"NY",100,"Quercus","alba","white oak","Plantae",501,"Open flowers",6,"2014-01-01","2014-12-31",2014-05-15,135,2014-05-14,1,1,0
"onset",38577,2120,40.863445,-73.876656,25,"NY",100,"Quercus","alba","white oak","Plantae",501,"Open flowers",7,"2015-01-01","2015-12-31",2015-05-07,127,2015-04-30,7,3,0
"onset",38577,2120,40.863445,-73.876656,25,"NY",100,"Quercus","alba","white oak","Plantae",501,"Open flowers",10,"2018-01-01","2018-12-31",2018-05-09,129,2018-05-08,1,1,0
"onset",38577,2120,40.863445,-73.876656,25,"NY",100,"Quercus","alba","white oak","Plantae",501,"Open flowers",11,"2019-01-01","2019-12-31",2019-05-02,122,2019-05-01,1,1,0
"onset",38577,2120,40.863445,-73.876656,25,"NY",100,"Quercus","alba","white oak","Plantae",501,"Open flowers",15,"2023-01-01","2023-12-31",2023-04-21,111,2023-04-14,7,2,0
"onset",38577,2120,40.863445,-73.876656,25,"NY",100,"Quercus","alba","white oak","Plantae",501,"Open flowers",17,"2025-01-01","2025-12-31",2025-04-25,115,2025-04-18,7,1,0
"onset",38577,2120,40.863445,-73.876656,25,"NY",100,"Quercus","alba","white oak","Plantae",501,"Open flowers",18,"2026-01-01","2026-12-31",2026-04-24,114,2026-04-17,7,1,0
"onset",38637,10091,42.734161,-90.478462,301,"WI",101,"Quercus","macrocarpa","bur oak","Plantae",371,"Breaking leaf buds",5,"2013-01-01","2013-12-31",2013-05-07,127,2013-05-02,5,1,0
"onset",38660,10099,42.734161,-90.478462,301,"WI",100,"Quercus","alba","white oak","Plantae",371,"Breaking leaf buds",5,"2013-01-01","2013-12-31",2013-05-06,126,2013-04-30,6,1,0
"onset",38729,9871,37.224602,-80.419739,640,"VA",100,"Quercus","alba","white oak","Plantae",371,"Breaking leaf buds",5,"2013-01-01","2013-12-31",2013-04-08,98,2013-04-01,7,1,0
"onset",38987,8418,32.363758,-94.873947,115,"TX",100,"Quercus","alba","white oak","Plantae",371,"Breaking leaf buds",5,"2013-01-01","2013-12-31",2013-03-21,80,2013-03-18,3,1,0
"onset",38987,8418,32.363758,-94.873947,115,"TX",100,"Quercus","alba","white oak","Plantae",371,"Breaking leaf buds",6,"2014-01-01","2014-12-31",2014-04-02,92,2014-03-30,3,1,0
"onset",38987,8418,32.363758,-94.873947,115,"TX",100,"Quercus","alba","white oak","Plantae",371,"Breaking leaf buds",7,"2015-01-01","2015-12-31",2015-04-01,91,2015-03-29,3,1,0
"onset",38987,8418,32.363758,-94.873947,115,"TX",100,"Quercus","alba","white oak","Plantae",371,"Breaking leaf buds",8,"2016-01-01","2016-12-31",2016-03-13,73,2016-03-02,11,3,0
"onset",38987,8418,32.363758,-94.873947,115,"TX",100,"Quercus","alba","white oak","Plantae",371,"Breaking leaf buds",9,"2017-01-01","2017-12-31",2017-03-19,78,2017-03-11,8,1,0
"onset",38987,8418,32.363758,-94.873947,115,"TX",100,"Quercus","alba","white oak","Plantae",371,"Breaking leaf buds",10,"2018-01-01","2018-12-31",2018-03-25,84,2018-03-21,4,1,0
"onset",38987,8418,32.363758,-94.873947,115,"TX",100,"Quercus","alba","white oak","Plantae",371,"Breaking leaf buds",11,"2019-01-01","2019-12-31",2019-04-03,93,2019-03-31,3,1,0
"onset",38987,8418,32.363758,-94.873947,115,"TX",100,"Quercus","alba","white oak","Plantae",371,"Breaking leaf buds",15,"2023-01-01","2023-12-31",2023-03-06,65,2023-03-02,4,1,0
"onset",38987,8418,32.363758,-94.873947,115,"TX",100,"Quercus","alba","white oak","Plantae",371,"Breaking leaf buds",16,"2024-01-01","2024-12-31",2024-03-07,67,2024-03-03,4,1,0
"onset",38987,8418,32.363758,-94.873947,115,"TX",100,"Quercus","alba","white oak","Plantae",371,"Breaking leaf buds",17,"2025-01-01","2025-12-31",2025-03-23,82,2025-03-19,4,2,0
"onset",38987,8418,32.363758,-94.873947,115,"TX",100,"Quercus","alba","white oak","Plantae",371,"Breaking leaf buds",18,"2026-01-01","2026-12-31",2026-03-04,63,2026-02-25,7,2,0
"onset",38987,8418,32.363758,-94.873947,115,"TX",100,"Quercus","alba","white oak","Plantae",501,"Open flowers",6,"2014-01-01","2014-12-31",2014-03-30,89,2014-03-26,4,1,0
"onset",38987,8418,32.363758,-94.873947,115,"TX",100,"Quercus","alba","white oak","Plantae",501,"Open flowers",7,"2015-01-01","2015-12-31",2015-03-22,81,2015-03-18,4,1,0
"onset",38987,8418,32.363758,-94.873947,115,"TX",100,"Quercus","alba","white oak","Plantae",501,"Open flowers",8,"2016-01-01","2016-12-31",2016-03-13,73,2016-03-02,11,1,0
"onset",38987,8418,32.363758,-94.873947,115,"TX",100,"Quercus","alba","white oak","Plantae",501,"Open flowers",9,"2017-01-01","2017-12-31",2017-03-05,64,2017-03-01,4,1,0
"onset",38987,8418,32.363758,-94.873947,115,"TX",100,"Quercus","alba","white oak","Plantae",501,"Open flowers",10,"2018-01-01","2018-12-31",2018-03-18,77,2018-03-07,11,1,0
"onset",38987,8418,32.363758,-94.873947,115,"TX",100,"Quercus","alba","white oak","Plantae",501,"Open flowers",11,"2019-01-01","2019-12-31",2019-03-23,82,2019-03-20,3,1,0
"onset",38987,8418,32.363758,-94.873947,115,"TX",100,"Quercus","alba","white oak","Plantae",501,"Open flowers",15,"2023-01-01","2023-12-31",2023-03-06,65,2023-03-02,4,1,0
"onset",38987,8418,32.363758,-94.873947,115,"TX",100,"Quercus","alba","white oak","Plantae",501,"Open flowers",16,"2024-01-01","2024-12-31",2024-03-03,63,2024-02-29,3,1,0
"onset",38987,8418,32.363758,-94.873947,115,"TX",100,"Quercus","alba","white oak","Plantae",501,"Open flowers",17,"2025-01-01","2025-12-31",2025-03-19,78,2025-03-16,3,1,0
"onset",38987,8418,32.363758,-94.873947,115,"TX",100,"Quercus","alba","white oak","Plantae",501,"Open flowers",18,"2026-01-01","2026-12-31",2026-03-08,67,2026-03-04,4,1,0
"onset",39504,10219,44.989334,-93.197121,282,"MN",100,"Quercus","alba","white oak","Plantae",371,"Breaking leaf buds",5,"2013-01-01","2013-12-31",2013-05-10,130,2013-05-08,2,1,0
"onset",39582,5523,43.692337,-70.270424,21,"ME",100,"Quercus","alba","white oak","Plantae",371,"Breaking leaf buds",5,"2013-01-01","2013-12-31",2013-04-28,118,2013-04-25,3,1,0
"onset",39582,5523,43.692337,-70.270424,21,"ME",100,"Quercus","alba","white oak","Plantae",371,"Breaking leaf buds",6,"2014-01-01","2014-12-31",2014-05-15,135,2014-05-04,11,1,0
"onset",39582,5523,43.692337,-70.270424,21,"ME",100,"Quercus","alba","white oak","Plantae",371,"Breaking leaf buds",7,"2015-01-01","2015-12-31",2015-05-06,126,2015-05-04,2,1,0
"onset",39582,5523,43.692337,-70.270424,21,"ME",100,"Quercus","alba","white oak","Plantae",371,"Breaking leaf buds",8,"2016-01-01","2016-12-31",2016-05-12,133,2016-05-11,1,1,0
"onset",39582,5523,43.692337,-70.270424,21,"ME",100,"Quercus","alba","white oak","Plantae",371,"Breaking leaf buds",10,"2018-01-01","2018-12-31",2018-05-22,142,2018-05-18,4,1,0
"onset",39582,5523,43.692337,-70.270424,21,"ME",100,"Quercus","alba","white oak","Plantae",371,"Breaking leaf buds",11,"2019-01-01","2019-12-31",2019-05-24,144,2019-05-21,3,1,0
"onset",39582,5523,43.692337,-70.270424,21,"ME",100,"Quercus","alba","white oak","Plantae",371,"Breaking leaf buds",13,"2021-01-01","2021-12-31",2021-05-13,133,2021-05-11,2,1,0
"onset",39582,5523,43.692337,-70.270424,21,"ME",100,"Quercus","alba","white oak","Plantae",371,"Breaking leaf buds",14,"2022-01-01","2022-12-31",2022-05-21,141,2022-05-17,4,1,0
"onset",39582,5523,43.692337,-70.270424,21,"ME",100,"Quercus","alba","white oak","Plantae",371,"Breaking leaf buds",15,"2023-01-01","2023-12-31",2023-05-03,123,2023-04-30,3,1,0
"onset",39582,5523,43.692337,-70.270424,21,"ME",100,"Quercus","alba","white oak","Plantae",371,"Breaking leaf buds",16,"2024-01-01","2024-12-31",2024-05-03,124,2024-04-30,3,1,0
"onset",39582,5523,43.692337,-70.270424,21,"ME",100,"Quercus","alba","white oak","Plantae",371,"Breaking leaf buds",17,"2025-01-01","2025-12-31",2025-04-29,119,2025-04-25,4,1,0
"onset",39582,5523,43.692337,-70.270424,21,"ME",100,"Quercus","alba","white oak","Plantae",371,"Breaking leaf buds",18,"2026-01-01","2026-12-31",2026-05-09,129,2026-05-07,2,1,0
"onset",39582,5523,43.692337,-70.270424,21,"ME",100,"Quercus","alba","white oak","Plantae",501,"Open flowers",5,"2013-01-01","2013-12-31",2013-05-06,126,2013-05-01,5,1,0
"onset",39582,5523,43.692337,-70.270424,21,"ME",100,"Quercus","alba","white oak","Plantae",501,"Open flowers",6,"2014-01-01","2014-12-31",2014-05-15,135,2014-05-04,11,2,0
"onset",39582,5523,43.692337,-70.270424,21,"ME",100,"Quercus","alba","white oak","Plantae",501,"Open flowers",7,"2015-01-01","2015-12-31",2015-05-11,131,2015-05-09,2,1,0
"onset",39582,5523,43.692337,-70.270424,21,"ME",100,"Quercus","alba","white oak","Plantae",501,"Open flowers",8,"2016-01-01","2016-12-31",2016-05-11,132,2016-05-10,1,2,0
"onset",39582,5523,43.692337,-70.270424,21,"ME",100,"Quercus","alba","white oak","Plantae",501,"Open flowers",10,"2018-01-01","2018-12-31",2018-05-10,130,2018-05-07,3,1,0
"onset",39582,5523,43.692337,-70.270424,21,"ME",100,"Quercus","alba","white oak","Plantae",501,"Open flowers",11,"2019-01-01","2019-12-31",2019-05-14,134,2019-05-11,3,1,0
"onset",39582,5523,43.692337,-70.270424,21,"ME",100,"Quercus","alba","white oak","Plantae",501,"Open flowers",13,"2021-01-01","2021-12-31",2021-05-04,124,2021-05-01,3,1,0
"onset",39582,5523,43.692337,-70.270424,21,"ME",100,"Quercus","alba","white oak","Plantae",501,"Open flowers",14,"2022-01-01","2022-12-31",2022-05-14,134,2022-05-12,2,1,0
"onset",39582,5523,43.692337,-70.270424,21,"ME",100,"Quercus","alba","white oak","Plantae",501,"Open flowers",16,"2024-01-01","2024-12-31",2024-05-10,131,2024-05-07,3,1,0
"onset",39582,5523,43.692337,-70.270424,21,"ME",100,"Quercus","alba","white oak","Plantae",501,"Open flowers",17,"2025-01-01","2025-12-31",2025-05-06,126,2025-05-03,3,1,0
"onset",39582,5523,43.692337,-70.270424,21,"ME",100,"Quercus","alba","white oak","Plantae",501,"Open flowers",18,"2026-01-01","2026-12-31",2026-05-15,135,2026-05-12,3,1,0
"onset",39620,10219,44.989334,-93.197121,282,"MN",100,"Quercus","alba","white oak","Plantae",371,"Breaking leaf buds",5,"2013-01-01","2013-12-31",2013-05-10,130,2013-05-08,2,1,0
"onset",39621,10219,44.989334,-93.197121,282,"MN",100,"Quercus","alba","white oak","Plantae",371,"Breaking leaf buds",5,"2013-01-01","2013-12-31",2013-05-10,130,2013-05-08,2,1,0
"onset",39622,10219,44.989334,-93.197121,282,"MN",100,"Quercus","alba","white oak","Plantae",371,"Breaking leaf buds",5,"2013-01-01","2013-12-31",2013-05-10,130,2013-05-08,2,1,0
"onset",39623,10219,44.989334,-93.197121,282,"MN",100,"Quercus","alba","white oak","Plantae",371,"Breaking leaf buds",5,"2013-01-01","2013-12-31",2013-05-10,130,2013-05-08,2,1,0
"onset",39624,10219,44.989334,-93.197121,282,"MN",100,"Quercus","alba","white oak","Plantae",371,"Breaking leaf buds",5,"2013-01-01","2013-12-31",2013-05-10,130,2013-05-08,2,1,0
"onset",40084,10316,37.228489,-80.422836,639,"VA",101,"Quercus","macrocarpa","bur oak","Plantae",371,"Breaking leaf buds",5,"2013-01-01","2013-12-31",2013-04-15,105,2013-04-09,6,1,0
"onset",41033,10457,43.0774,-70.910919,19,"NH",100,"Quercus","alba","white oak","Plantae",371,"Breaking leaf buds",5,"2013-01-01","2013-12-31",2013-04-11,101,2013-04-04,7,1,0
"onset",43726,9797,35.17942,-97.447586,338,"OK",101,"Quercus","macrocarpa","bur oak","Plantae",371,"Breaking leaf buds",5,"2013-01-01","2013-12-31",2013-03-12,71,2013-03-05,7,1,0
"onset",43727,9797,35.17942,-97.447586,338,"OK",101,"Quercus","macrocarpa","bur oak","Plantae",371,"Breaking leaf buds",5,"2013-01-01","2013-12-31",2013-03-12,71,2013-03-05,7,1,0
"onset",43730,9797,35.17942,-97.447586,338,"OK",101,"Quercus","macrocarpa","bur oak","Plantae",371,"Breaking leaf buds",5,"2013-01-01","2013-12-31",2013-04-15,105,2013-04-14,1,1,0
"onset",45088,11107,43.096924,-70.950233,17,"NH",100,"Quercus","alba","white oak","Plantae",371,"Breaking leaf buds",5,"2013-01-01","2013-12-31",2013-04-11,101,2013-04-04,7,1,0
"onset",45094,11108,43.115292,-70.885231,18,"NH",100,"Quercus","alba","white oak","Plantae",371,"Breaking leaf buds",5,"2013-01-01","2013-12-31",2013-04-11,101,2013-04-04,7,1,0
"onset",45140,9083,40.178272,-77.116959,157,"PA",100,"Quercus","alba","white oak","Plantae",371,"Breaking leaf buds",5,"2013-01-01","2013-12-31",2013-05-30,150,2013-05-23,7,1,0
"onset",45140,9083,40.178272,-77.116959,157,"PA",100,"Quercus","alba","white oak","Plantae",371,"Breaking leaf buds",6,"2014-01-01","2014-12-31",2014-04-16,106,2014-04-09,7,1,0
"onset",45140,9083,40.178272,-77.116959,157,"PA",100,"Quercus","alba","white oak","Plantae",371,"Breaking leaf buds",7,"2015-01-01","2015-12-31",2015-04-03,93,2015-04-01,2,1,0
"onset",45140,9083,40.178272,-77.116959,157,"PA",100,"Quercus","alba","white oak","Plantae",371,"Breaking leaf buds",8,"2016-01-01","2016-12-31",2016-03-23,83,2016-03-10,13,2,0
"onset",45140,9083,40.178272,-77.116959,157,"PA",100,"Quercus","alba","white oak","Plantae",371,"Breaking leaf buds",9,"2017-01-01","2017-12-31",2017-03-23,82,2017-03-16,7,1,0
"onset",45140,9083,40.178272,-77.116959,157,"PA",100,"Quercus","alba","white oak","Plantae",371,"Breaking leaf buds",10,"2018-01-01","2018-12-31",2018-03-28,87,2018-03-22,6,1,0
"onset",45140,9083,40.178272,-77.116959,157,"PA",100,"Quercus","alba","white oak","Plantae",371,"Breaking leaf buds",15,"2023-01-01","2023-12-31",2023-04-17,107,2023-04-03,14,1,0
"onset",45140,9083,40.178272,-77.116959,157,"PA",100,"Quercus","alba","white oak","Plantae",501,"Open flowers",7,"2015-01-01","2015-12-31",2015-05-14,134,2015-04-27,17,1,0
"onset",45140,9083,40.178272,-77.116959,157,"PA",100,"Quercus","alba","white oak","Plantae",501,"Open flowers",8,"2016-01-01","2016-12-31",2016-04-27,118,2016-04-20,7,1,0
"onset",45467,11154,38.799816,-94.690666,311,"KS",101,"Quercus","macrocarpa","bur oak","Plantae",371,"Breaking leaf buds",7,"2015-01-01","2015-12-31",2015-04-08,98,2015-04-01,7,1,0
"onset",45467,11154,38.799816,-94.690666,311,"KS",101,"Quercus","macrocarpa","bur oak","Plantae",501,"Open flowers",7,"2015-01-01","2015-12-31",2015-05-13,133,2015-04-29,14,2,0
"onset",45471,11154,38.799816,-94.690666,311,"KS",101,"Quercus","macrocarpa","bur oak","Plantae",371,"Breaking leaf buds",7,"2015-01-01","2015-12-31",2015-04-08,98,2015-03-25,14,1,0
"onset",50003,11896,35.460716,-83.811615,564,"NC",100,"Quercus","alba","white oak","Plantae",371,"Breaking leaf buds",8,"2016-01-01","2016-12-31",2016-04-24,115,2016-04-23,1,1,0
"onset",50003,11896,35.460716,-83.811615,564,"NC",100,"Quercus","alba","white oak","Plantae",371,"Breaking leaf buds",10,"2018-01-01","2018-12-31",2018-04-12,102,2018-03-29,14,1,0
"onset",50003,11896,35.460716,-83.811615,564,"NC",100,"Quercus","alba","white oak","Plantae",371,"Breaking leaf buds",13,"2021-01-01","2021-12-31",2021-03-22,81,2021-03-20,2,2,0
"onset",50003,11896,35.460716,-83.811615,564,"NC",100,"Quercus","alba","white oak","Plantae",371,"Breaking leaf buds",14,"2022-01-01","2022-12-31",2022-03-27,86,2022-03-17,10,2,0
"onset",50003,11896,35.460716,-83.811615,564,"NC",100,"Quercus","alba","white oak","Plantae",371,"Breaking leaf buds",15,"2023-01-01","2023-12-31",2023-04-17,107,2023-03-30,18,1,0
"onset",50003,11896,35.460716,-83.811615,564,"NC",100,"Quercus","alba","white oak","Plantae",501,"Open flowers",8,"2016-01-01","2016-12-31",2016-04-23,114,2016-04-09,14,2,0
"onset",50003,11896,35.460716,-83.811615,564,"NC",100,"Quercus","alba","white oak","Plantae",501,"Open flowers",13,"2021-01-01","2021-12-31",2021-04-19,109,2021-04-06,13,1,0
"onset",50004,11896,35.460716,-83.811615,564,"NC",100,"Quercus","alba","white oak","Plantae",371,"Breaking leaf buds",8,"2016-01-01","2016-12-31",2016-04-04,95,2016-03-31,4,2,0
"onset",50004,11896,35.460716,-83.811615,564,"NC",100,"Quercus","alba","white oak","Plantae",371,"Breaking leaf buds",10,"2018-01-01","2018-12-31",2018-04-12,102,2018-03-29,14,1,0
"onset",50004,11896,35.460716,-83.811615,564,"NC",100,"Quercus","alba","white oak","Plantae",371,"Breaking leaf buds",14,"2022-01-01","2022-12-31",2022-03-27,86,2022-03-17,10,2,0
"onset",50004,11896,35.460716,-83.811615,564,"NC",100,"Quercus","alba","white oak","Plantae",371,"Breaking leaf buds",16,"2024-01-01","2024-12-31",2024-04-14,105,2024-03-25,20,1,0
"onset",50004,11896,35.460716,-83.811615,564,"NC",100,"Quercus","alba","white oak","Plantae",501,"Open flowers",10,"2018-01-01","2018-12-31",2018-04-27,117,2018-04-18,9,1,0
"onset",50006,11896,35.460716,-83.811615,564,"NC",100,"Quercus","alba","white oak","Plantae",371,"Breaking leaf buds",8,"2016-01-01","2016-12-31",2016-04-23,114,2016-04-09,14,1,0
"onset",50006,11896,35.460716,-83.811615,564,"NC",100,"Quercus","alba","white oak","Plantae",371,"Breaking leaf buds",10,"2018-01-01","2018-12-31",2018-04-12,102,2018-03-29,14,1,0
"onset",50006,11896,35.460716,-83.811615,564,"NC",100,"Quercus","alba","white oak","Plantae",371,"Breaking leaf buds",13,"2021-01-01","2021-12-31",2021-04-19,109,2021-04-09,10,1,0
"onset",50006,11896,35.460716,-83.811615,564,"NC",100,"Quercus","alba","white oak","Plantae",371,"Breaking leaf buds",14,"2022-01-01","2022-12-31",2022-03-27,86,2022-03-17,10,1,0
"onset",50006,11896,35.460716,-83.811615,564,"NC",100,"Quercus","alba","white oak","Plantae",501,"Open flowers",13,"2021-01-01","2021-12-31",2021-03-20,79,2021-03-11,9,1,0
"onset",50008,11896,35.460716,-83.811615,564,"NC",100,"Quercus","alba","white oak","Plantae",371,"Breaking leaf buds",8,"2016-01-01","2016-12-31",2016-04-23,114,2016-04-09,14,1,0
"onset",50008,11896,35.460716,-83.811615,564,"NC",100,"Quercus","alba","white oak","Plantae",371,"Breaking leaf buds",10,"2018-01-01","2018-12-31",2018-04-12,102,2018-03-29,14,1,0
"onset",50008,11896,35.460716,-83.811615,564,"NC",100,"Quercus","alba","white oak","Plantae",371,"Breaking leaf buds",14,"2022-01-01","2022-12-31",2022-03-27,86,2022-03-17,10,2,0
"onset",50008,11896,35.460716,-83.811615,564,"NC",100,"Quercus","alba","white oak","Plantae",501,"Open flowers",8,"2016-01-01","2016-12-31",2016-04-23,114,2016-04-09,14,2,0
"onset",50016,11896,35.460716,-83.811615,564,"NC",100,"Quercus","alba","white oak","Plantae",371,"Breaking leaf buds",8,"2016-01-01","2016-12-31",2016-04-23,114,2016-04-09,14,1,0
"onset",50016,11896,35.460716,-83.811615,564,"NC",100,"Quercus","alba","white oak","Plantae",371,"Breaking leaf buds",10,"2018-01-01","2018-12-31",2018-04-12,102,2018-03-29,14,1,0
"onset",50016,11896,35.460716,-83.811615,564,"NC",100,"Quercus","alba","white oak","Plantae",371,"Breaking leaf buds",14,"2022-01-01","2022-12-31",2022-03-27,86,2022-03-17,10,2,0
"onset",50017,11896,35.460716,-83.811615,564,"NC",100,"Quercus","alba","white oak","Plantae",371,"Breaking leaf buds",8,"2016-01-01","2016-12-31",2016-04-24,115,2016-04-23,1,1,0
"onset",50017,11896,35.460716,-83.811615,564,"NC",100,"Quercus","alba","white oak","Plantae",371,"Breaking leaf buds",9,"2017-01-01","2017-12-31",2017-03-08,67,2017-02-24,12,1,0
"onset",50017,11896,35.460716,-83.811615,564,"NC",100,"Quercus","alba","white oak","Plantae",371,"Breaking leaf buds",10,"2018-01-01","2018-12-31",2018-04-12,102,2018-03-29,14,1,0
"onset",50017,11896,35.460716,-83.811615,564,"NC",100,"Quercus","alba","white oak","Plantae",501,"Open flowers",8,"2016-01-01","2016-12-31",2016-04-23,114,2016-04-09,14,2,0
"onset",50309,11526,45.031456,-93.175041,276,"MN",101,"Quercus","macrocarpa","bur oak","Plantae",371,"Breaking leaf buds",11,"2019-01-01","2019-12-31",2019-05-16,136,2019-04-28,18,1,0
"onset",50309,11526,45.031456,-93.175041,276,"MN",101,"Quercus","macrocarpa","bur oak","Plantae",371,"Breaking leaf buds",15,"2023-01-01","2023-12-31",2023-05-15,135,2023-05-10,5,1,0
"onset",50309,11526,45.031456,-93.175041,276,"MN",101,"Quercus","macrocarpa","bur oak","Plantae",371,"Breaking leaf buds",17,"2025-01-01","2025-12-31",2025-05-04,124,2025-04-19,15,1,0
"onset",50309,11526,45.031456,-93.175041,276,"MN",101,"Quercus","macrocarpa","bur oak","Plantae",501,"Open flowers",16,"2024-01-01","2024-12-31",2024-05-14,135,2024-05-07,7,1,0
"onset",50675,11999,35.603413,-83.782997,648,"TN",100,"Quercus","alba","white oak","Plantae",371,"Breaking leaf buds",6,"2014-01-01","2014-12-31",2014-04-06,96,2014-03-31,6,2,0
"onset",50675,11999,35.603413,-83.782997,648,"TN",100,"Quercus","alba","white oak","Plantae",371,"Breaking leaf buds",7,"2015-01-01","2015-12-31",2015-03-22,81,2015-03-15,7,4,0
"onset",50675,11999,35.603413,-83.782997,648,"TN",100,"Quercus","alba","white oak","Plantae",371,"Breaking leaf buds",8,"2016-01-01","2016-12-31",2016-04-04,95,2016-04-03,1,6,0
"onset",50675,11999,35.603413,-83.782997,648,"TN",100,"Quercus","alba","white oak","Plantae",371,"Breaking leaf buds",9,"2017-01-01","2017-12-31",2017-03-13,72,2017-03-12,1,6,0
"onset",50675,11999,35.603413,-83.782997,648,"TN",100,"Quercus","alba","white oak","Plantae",371,"Breaking leaf buds",10,"2018-01-01","2018-12-31",2018-03-28,87,2018-03-23,5,5,0
"onset",50675,11999,35.603413,-83.782997,648,"TN",100,"Quercus","alba","white oak","Plantae",371,"Breaking leaf buds",11,"2019-01-01","2019-12-31",2019-03-30,89,2019-03-29,1,3,0
"onset",50675,11999,35.603413,-83.782997,648,"TN",100,"Quercus","alba","white oak","Plantae",371,"Breaking leaf buds",13,"2021-01-01","2021-12-31",2021-04-15,105,2021-04-14,1,4,0
"onset",50675,11999,35.603413,-83.782997,648,"TN",100,"Quercus","alba","white oak","Plantae",371,"Breaking leaf buds",14,"2022-01-01","2022-12-31",2022-04-15,105,2022-04-05,10,1,0
"onset",50675,11999,35.603413,-83.782997,648,"TN",100,"Quercus","alba","white oak","Plantae",371,"Breaking leaf buds",15,"2023-01-01","2023-12-31",2023-04-11,101,2023-04-04,7,2,0
"onset",50675,11999,35.603413,-83.782997,648,"TN",100,"Quercus","alba","white oak","Plantae",371,"Breaking leaf buds",16,"2024-01-01","2024-12-31",2024-04-23,114,2024-04-05,18,1,0
"onset",50675,11999,35.603413,-83.782997,648,"TN",100,"Quercus","alba","white oak","Plantae",371,"Breaking leaf buds",17,"2025-01-01","2025-12-31",2025-04-10,100,2025-04-05,5,1,0
"onset",50675,11999,35.603413,-83.782997,648,"TN",100,"Quercus","alba","white oak","Plantae",371,"Breaking leaf buds",18,"2026-01-01","2026-12-31",2026-04-07,97,2026-03-31,7,2,0
"onset",50675,11999,35.603413,-83.782997,648,"TN",100,"Quercus","alba","white oak","Plantae",501,"Open flowers",6,"2014-01-01","2014-12-31",2014-05-12,132,2014-05-04,8,1,0
"onset",50675,11999,35.603413,-83.782997,648,"TN",100,"Quercus","alba","white oak","Plantae",501,"Open flowers",7,"2015-01-01","2015-12-31",2015-04-13,103,2015-04-12,1,1,0
"onset",50675,11999,35.603413,-83.782997,648,"TN",100,"Quercus","alba","white oak","Plantae",501,"Open flowers",8,"2016-01-01","2016-12-31",2016-04-28,119,2016-04-25,3,2,0
"onset",50675,11999,35.603413,-83.782997,648,"TN",100,"Quercus","alba","white oak","Plantae",501,"Open flowers",9,"2017-01-01","2017-12-31",2017-05-14,134,2017-05-12,2,1,0
"onset",50675,11999,35.603413,-83.782997,648,"TN",100,"Quercus","alba","white oak","Plantae",501,"Open flowers",11,"2019-01-01","2019-12-31",2019-06-07,158,2019-06-01,6,1,0
"onset",50675,11999,35.603413,-83.782997,648,"TN",100,"Quercus","alba","white oak","Plantae",501,"Open flowers",15,"2023-01-01","2023-12-31",2023-04-28,118,2023-04-24,4,1,0
"onset",50684,11999,35.603413,-83.782997,648,"TN",100,"Quercus","alba","white oak","Plantae",371,"Breaking leaf buds",6,"2014-01-01","2014-12-31",2014-04-06,96,2014-03-31,6,2,0
"onset",50684,11999,35.603413,-83.782997,648,"TN",100,"Quercus","alba","white oak","Plantae",371,"Breaking leaf buds",7,"2015-01-01","2015-12-31",2015-03-22,81,2015-03-15,7,5,0
"onset",50684,11999,35.603413,-83.782997,648,"TN",100,"Quercus","alba","white oak","Plantae",371,"Breaking leaf buds",8,"2016-01-01","2016-12-31",2016-04-02,93,2016-03-29,4,7,0
"onset",50684,11999,35.603413,-83.782997,648,"TN",100,"Quercus","alba","white oak","Plantae",371,"Breaking leaf buds",9,"2017-01-01","2017-12-31",2017-03-13,72,2017-03-12,1,7,0
"onset",50684,11999,35.603413,-83.782997,648,"TN",100,"Quercus","alba","white oak","Plantae",371,"Breaking leaf buds",10,"2018-01-01","2018-12-31",2018-04-08,98,2018-03-31,8,4,0
"onset",50684,11999,35.603413,-83.782997,648,"TN",100,"Quercus","alba","white oak","Plantae",371,"Breaking leaf buds",11,"2019-01-01","2019-12-31",2019-03-30,89,2019-03-29,1,2,0
"onset",50684,11999,35.603413,-83.782997,648,"TN",100,"Quercus","alba","white oak","Plantae",371,"Breaking leaf buds",13,"2021-01-01","2021-12-31",2021-04-13,103,2021-04-06,7,5,0
"onset",50684,11999,35.603413,-83.782997,648,"TN",100,"Quercus","alba","white oak","Plantae",371,"Breaking leaf buds",15,"2023-01-01","2023-12-31",2023-04-11,101,2023-04-04,7,2,0
"onset",50684,11999,35.603413,-83.782997,648,"TN",100,"Quercus","alba","white oak","Plantae",371,"Breaking leaf buds",16,"2024-01-01","2024-12-31",2024-04-23,114,2024-04-05,18,1,0
"onset",50684,11999,35.603413,-83.782997,648,"TN",100,"Quercus","alba","white oak","Plantae",371,"Breaking leaf buds",17,"2025-01-01","2025-12-31",2025-04-05,95,2025-03-25,11,1,0
"onset",50684,11999,35.603413,-83.782997,648,"TN",100,"Quercus","alba","white oak","Plantae",371,"Breaking leaf buds",18,"2026-01-01","2026-12-31",2026-04-07,97,2026-03-31,7,1,0
"onset",50684,11999,35.603413,-83.782997,648,"TN",100,"Quercus","alba","white oak","Plantae",501,"Open flowers",7,"2015-01-01","2015-12-31",2015-04-13,103,2015-04-12,1,2,0
"onset",50684,11999,35.603413,-83.782997,648,"TN",100,"Quercus","alba","white oak","Plantae",501,"Open flowers",8,"2016-01-01","2016-12-31",2016-04-27,118,2016-04-25,2,3,0
"onset",50684,11999,35.603413,-83.782997,648,"TN",100,"Quercus","alba","white oak","Plantae",501,"Open flowers",11,"2019-01-01","2019-12-31",2019-04-27,117,2019-04-13,14,1,0
"onset",50684,11999,35.603413,-83.782997,648,"TN",100,"Quercus","alba","white oak","Plantae",501,"Open flowers",14,"2022-01-01","2022-12-31",2022-04-29,119,2022-04-15,14,1,0
"onset",50685,11999,35.603413,-83.782997,648,"TN",100,"Quercus","alba","white oak","Plantae",371,"Breaking leaf buds",6,"2014-01-01","2014-12-31",2014-04-06,96,2014-03-31,6,2,0
"onset",50685,11999,35.603413,-83.782997,648,"TN",100,"Quercus","alba","white oak","Plantae",371,"Breaking leaf buds",7,"2015-01-01","2015-12-31",2015-03-22,81,2015-03-15,7,4,0
"onset",50685,11999,35.603413,-83.782997,648,"TN",100,"Quercus","alba","white oak","Plantae",371,"Breaking leaf buds",8,"2016-01-01","2016-12-31",2016-04-02,93,2016-03-29,4,6,0
"onset",50685,11999,35.603413,-83.782997,648,"TN",100,"Quercus","alba","white oak","Plantae",371,"Breaking leaf buds",9,"2017-01-01","2017-12-31",2017-02-17,48,2017-02-13,4,7,0
"onset",50685,11999,35.603413,-83.782997,648,"TN",100,"Quercus","alba","white oak","Plantae",371,"Breaking leaf buds",10,"2018-01-01","2018-12-31",2018-04-11,101,2018-04-08,3,4,0
"onset",50685,11999,35.603413,-83.782997,648,"TN",100,"Quercus","alba","white oak","Plantae",371,"Breaking leaf buds",11,"2019-01-01","2019-12-31",2019-03-27,86,2019-03-24,3,2,0
"onset",50685,11999,35.603413,-83.782997,648,"TN",100,"Quercus","alba","white oak","Plantae",371,"Breaking leaf buds",13,"2021-01-01","2021-12-31",2021-04-19,109,2021-04-15,4,3,0
"onset",50685,11999,35.603413,-83.782997,648,"TN",100,"Quercus","alba","white oak","Plantae",371,"Breaking leaf buds",14,"2022-01-01","2022-12-31",2022-04-29,119,2022-04-15,14,1,0
"onset",50685,11999,35.603413,-83.782997,648,"TN",100,"Quercus","alba","white oak","Plantae",371,"Breaking leaf buds",15,"2023-01-01","2023-12-31",2023-04-11,101,2023-04-04,7,2,0
"onset",50685,11999,35.603413,-83.782997,648,"TN",100,"Quercus","alba","white oak","Plantae",371,"Breaking leaf buds",16,"2024-01-01","2024-12-31",2024-04-23,114,2024-04-05,18,1,0
"onset",50685,11999,35.603413,-83.782997,648,"TN",100,"Quercus","alba","white oak","Plantae",371,"Breaking leaf buds",17,"2025-01-01","2025-12-31",2025-04-27,117,2025-04-15,12,1,0
"onset",50685,11999,35.603413,-83.782997,648,"TN",100,"Quercus","alba","white oak","Plantae",371,"Breaking leaf buds",18,"2026-01-01","2026-12-31",2026-04-24,114,2026-04-14,10,1,0
"onset",50685,11999,35.603413,-83.782997,648,"TN",100,"Quercus","alba","white oak","Plantae",501,"Open flowers",7,"2015-01-01","2015-12-31",2015-04-13,103,2015-04-12,1,2,0
"onset",50685,11999,35.603413,-83.782997,648,"TN",100,"Quercus","alba","white oak","Plantae",501,"Open flowers",8,"2016-01-01","2016-12-31",2016-04-27,118,2016-04-25,2,4,0
"onset",50685,11999,35.603413,-83.782997,648,"TN",100,"Quercus","alba","white oak","Plantae",501,"Open flowers",9,"2017-01-01","2017-12-31",2017-05-07,127,2017-04-29,8,2,0
"onset",50685,11999,35.603413,-83.782997,648,"TN",100,"Quercus","alba","white oak","Plantae",501,"Open flowers",11,"2019-01-01","2019-12-31",2019-04-27,117,2019-04-13,14,1,0
"onset",50730,12055,35.696671,-83.609718,890,"TN",100,"Quercus","alba","white oak","Plantae",371,"Breaking leaf buds",6,"2014-01-01","2014-12-31",2014-07-23,204,2014-07-16,7,1,0
"onset",50730,12055,35.696671,-83.609718,890,"TN",100,"Quercus","alba","white oak","Plantae",501,"Open flowers",7,"2015-01-01","2015-12-31",2015-04-09,99,2015-04-02,7,2,0
"onset",50802,12079,44.987164,-93.185486,286,"MN",101,"Quercus","macrocarpa","bur oak","Plantae",371,"Breaking leaf buds",6,"2014-01-01","2014-12-31",2014-04-27,117,2014-04-22,5,1,0
"onset",52582,12249,42.518417,-76.556999,165,"NY",101,"Quercus","macrocarpa","bur oak","Plantae",371,"Breaking leaf buds",7,"2015-01-01","2015-12-31",2015-05-02,122,2015-04-28,4,1,0
"onset",52582,12249,42.518417,-76.556999,165,"NY",101,"Quercus","macrocarpa","bur oak","Plantae",371,"Breaking leaf buds",9,"2017-01-01","2017-12-31",2017-05-04,124,2017-04-27,7,2,0
"onset",52582,12249,42.518417,-76.556999,165,"NY",101,"Quercus","macrocarpa","bur oak","Plantae",371,"Breaking leaf buds",10,"2018-01-01","2018-12-31",2018-05-08,128,2018-05-03,5,1,0
"onset",52582,12249,42.518417,-76.556999,165,"NY",101,"Quercus","macrocarpa","bur oak","Plantae",371,"Breaking leaf buds",12,"2020-01-01","2020-12-31",2020-05-02,123,2020-04-22,10,2,0
"onset",52582,12249,42.518417,-76.556999,165,"NY",101,"Quercus","macrocarpa","bur oak","Plantae",371,"Breaking leaf buds",13,"2021-01-01","2021-12-31",2021-04-17,107,2021-04-09,8,1,0
"onset",52582,12249,42.518417,-76.556999,165,"NY",101,"Quercus","macrocarpa","bur oak","Plantae",371,"Breaking leaf buds",14,"2022-01-01","2022-12-31",2022-05-09,129,2022-04-30,9,1,0
"onset",52582,12249,42.518417,-76.556999,165,"NY",101,"Quercus","macrocarpa","bur oak","Plantae",371,"Breaking leaf buds",15,"2023-01-01","2023-12-31",2023-04-17,107,2023-04-13,4,1,0
"onset",52582,12249,42.518417,-76.556999,165,"NY",101,"Quercus","macrocarpa","bur oak","Plantae",371,"Breaking leaf buds",16,"2024-01-01","2024-12-31",2024-04-29,120,2024-04-22,7,1,0
"onset",52582,12249,42.518417,-76.556999,165,"NY",101,"Quercus","macrocarpa","bur oak","Plantae",371,"Breaking leaf buds",17,"2025-01-01","2025-12-31",2025-04-28,118,2025-04-23,5,1,0
"onset",52582,12249,42.518417,-76.556999,165,"NY",101,"Quercus","macrocarpa","bur oak","Plantae",371,"Breaking leaf buds",18,"2026-01-01","2026-12-31",2026-05-04,124,2026-04-27,7,1,0
"onset",52582,12249,42.518417,-76.556999,165,"NY",101,"Quercus","macrocarpa","bur oak","Plantae",501,"Open flowers",7,"2015-01-01","2015-12-31",2015-05-07,127,2015-05-02,5,1,0
"onset",52582,12249,42.518417,-76.556999,165,"NY",101,"Quercus","macrocarpa","bur oak","Plantae",501,"Open flowers",10,"2018-01-01","2018-12-31",2018-05-14,134,2018-05-08,6,1,0
"onset",52582,12249,42.518417,-76.556999,165,"NY",101,"Quercus","macrocarpa","bur oak","Plantae",501,"Open flowers",11,"2019-01-01","2019-12-31",2019-05-23,143,2019-04-23,30,1,0
"onset",52582,12249,42.518417,-76.556999,165,"NY",101,"Quercus","macrocarpa","bur oak","Plantae",501,"Open flowers",12,"2020-01-01","2020-12-31",2020-05-19,140,2020-05-12,7,1,0
"onset",52582,12249,42.518417,-76.556999,165,"NY",101,"Quercus","macrocarpa","bur oak","Plantae",501,"Open flowers",13,"2021-01-01","2021-12-31",2021-05-08,128,2021-05-01,7,1,0
"onset",52582,12249,42.518417,-76.556999,165,"NY",101,"Quercus","macrocarpa","bur oak","Plantae",501,"Open flowers",14,"2022-01-01","2022-12-31",2022-05-16,136,2022-05-09,7,1,0
"onset",52582,12249,42.518417,-76.556999,165,"NY",101,"Quercus","macrocarpa","bur oak","Plantae",501,"Open flowers",16,"2024-01-01","2024-12-31",2024-05-04,125,2024-04-30,4,1,0
"onset",52582,12249,42.518417,-76.556999,165,"NY",101,"Quercus","macrocarpa","bur oak","Plantae",501,"Open flowers",17,"2025-01-01","2025-12-31",2025-05-12,132,2025-04-28,14,1,0
"onset",52582,12249,42.518417,-76.556999,165,"NY",101,"Quercus","macrocarpa","bur oak","Plantae",501,"Open flowers",18,"2026-01-01","2026-12-31",2026-05-18,138,2026-04-27,21,1,0
"onset",52984,11605,44.881065,-93.290176,261,"MN",101,"Quercus","macrocarpa","bur oak","Plantae",371,"Breaking leaf buds",7,"2015-01-01","2015-12-31",2015-04-22,112,2015-04-15,7,1,0
"onset",52984,11605,44.881065,-93.290176,261,"MN",101,"Quercus","macrocarpa","bur oak","Plantae",371,"Breaking leaf buds",9,"2017-01-01","2017-12-31",2017-04-12,102,2017-04-05,7,1,0
"onset",52984,11605,44.881065,-93.290176,261,"MN",101,"Quercus","macrocarpa","bur oak","Plantae",371,"Breaking leaf buds",10,"2018-01-01","2018-12-31",2018-04-26,116,2018-04-02,24,1,0
"onset",52984,11605,44.881065,-93.290176,261,"MN",101,"Quercus","macrocarpa","bur oak","Plantae",371,"Breaking leaf buds",11,"2019-01-01","2019-12-31",2019-04-26,116,2019-04-16,10,1,0
"onset",52984,11605,44.881065,-93.290176,261,"MN",101,"Quercus","macrocarpa","bur oak","Plantae",371,"Breaking leaf buds",12,"2020-01-01","2020-12-31",2020-05-05,126,2020-04-22,13,1,0
"onset",52984,11605,44.881065,-93.290176,261,"MN",101,"Quercus","macrocarpa","bur oak","Plantae",501,"Open flowers",7,"2015-01-01","2015-12-31",2015-05-12,132,2015-04-29,13,1,0
"onset",52984,11605,44.881065,-93.290176,261,"MN",101,"Quercus","macrocarpa","bur oak","Plantae",501,"Open flowers",9,"2017-01-01","2017-12-31",2017-04-26,116,2017-04-23,3,1,0
"onset",52984,11605,44.881065,-93.290176,261,"MN",101,"Quercus","macrocarpa","bur oak","Plantae",501,"Open flowers",12,"2020-01-01","2020-12-31",2020-05-21,142,2020-05-14,7,1,0
"onset",60644,2772,36.440838,-84.323586,554,"TN",100,"Quercus","alba","white oak","Plantae",371,"Breaking leaf buds",6,"2014-01-01","2014-12-31",2014-04-15,105,2014-04-14,1,1,0
"onset",60644,2772,36.440838,-84.323586,554,"TN",100,"Quercus","alba","white oak","Plantae",371,"Breaking leaf buds",7,"2015-01-01","2015-12-31",2015-04-14,104,2015-04-13,1,3,0
"onset",60644,2772,36.440838,-84.323586,554,"TN",100,"Quercus","alba","white oak","Plantae",371,"Breaking leaf buds",8,"2016-01-01","2016-12-31",2016-04-17,108,2016-04-16,1,2,0
"onset",60644,2772,36.440838,-84.323586,554,"TN",100,"Quercus","alba","white oak","Plantae",371,"Breaking leaf buds",9,"2017-01-01","2017-12-31",2017-04-14,104,2017-04-13,1,2,0
"onset",60644,2772,36.440838,-84.323586,554,"TN",100,"Quercus","alba","white oak","Plantae",371,"Breaking leaf buds",10,"2018-01-01","2018-12-31",2018-04-21,111,2018-04-20,1,1,0
"onset",60644,2772,36.440838,-84.323586,554,"TN",100,"Quercus","alba","white oak","Plantae",371,"Breaking leaf buds",11,"2019-01-01","2019-12-31",2019-04-13,103,2019-04-11,2,1,0
"onset",60644,2772,36.440838,-84.323586,554,"TN",100,"Quercus","alba","white oak","Plantae",371,"Breaking leaf buds",12,"2020-01-01","2020-12-31",2020-04-10,101,2020-04-08,2,1,0
"onset",60644,2772,36.440838,-84.323586,554,"TN",100,"Quercus","alba","white oak","Plantae",371,"Breaking leaf buds",13,"2021-01-01","2021-12-31",2021-04-16,106,2021-04-14,2,1,0
"onset",60644,2772,36.440838,-84.323586,554,"TN",100,"Quercus","alba","white oak","Plantae",371,"Breaking leaf buds",14,"2022-01-01","2022-12-31",2022-04-22,112,2022-04-14,8,1,0
"onset",60661,16295,27.929228,-82.725639,4,"FL",305,"Quercus","virginiana","live oak","Plantae",371,"Breaking leaf buds",6,"2014-01-01","2014-12-31",2014-02-03,34,2014-01-19,15,1,0
"onset",60661,16295,27.929228,-82.725639,4,"FL",305,"Quercus","virginiana","live oak","Plantae",371,"Breaking leaf buds",7,"2015-01-01","2015-12-31",2015-03-11,70,2015-03-05,6,1,0
"onset",60661,16295,27.929228,-82.725639,4,"FL",305,"Quercus","virginiana","live oak","Plantae",371,"Breaking leaf buds",8,"2016-01-01","2016-12-31",2016-03-24,84,2016-03-18,6,1,0
"onset",60661,16295,27.929228,-82.725639,4,"FL",305,"Quercus","virginiana","live oak","Plantae",371,"Breaking leaf buds",9,"2017-01-01","2017-12-31",2017-03-09,68,2017-03-02,7,1,0
"onset",60661,16295,27.929228,-82.725639,4,"FL",305,"Quercus","virginiana","live oak","Plantae",371,"Breaking leaf buds",10,"2018-01-01","2018-12-31",2018-03-01,60,2018-02-15,14,2,0
"onset",60661,16295,27.929228,-82.725639,4,"FL",305,"Quercus","virginiana","live oak","Plantae",371,"Breaking leaf buds",11,"2019-01-01","2019-12-31",2019-03-02,61,2019-02-23,7,2,0
"onset",60661,16295,27.929228,-82.725639,4,"FL",305,"Quercus","virginiana","live oak","Plantae",371,"Breaking leaf buds",12,"2020-01-01","2020-12-31",2020-02-29,60,2020-02-01,28,2,0
"onset",60661,16295,27.929228,-82.725639,4,"FL",305,"Quercus","virginiana","live oak","Plantae",371,"Breaking leaf buds",13,"2021-01-01","2021-12-31",2021-03-13,72,2021-02-20,21,1,0
"onset",60661,16295,27.929228,-82.725639,4,"FL",305,"Quercus","virginiana","live oak","Plantae",371,"Breaking leaf buds",14,"2022-01-01","2022-12-31",2022-03-19,78,2022-02-26,21,1,0
"onset",60661,16295,27.929228,-82.725639,4,"FL",305,"Quercus","virginiana","live oak","Plantae",501,"Open flowers",7,"2015-01-01","2015-12-31",2015-03-20,79,2015-03-11,9,1,0
"onset",60661,16295,27.929228,-82.725639,4,"FL",305,"Quercus","virginiana","live oak","Plantae",501,"Open flowers",11,"2019-01-01","2019-12-31",2019-03-02,61,2019-02-23,7,1,0
"onset",60661,16295,27.929228,-82.725639,4,"FL",305,"Quercus","virginiana","live oak","Plantae",501,"Open flowers",12,"2020-01-01","2020-12-31",2020-02-29,60,2020-02-01,28,1,0
"onset",60661,16295,27.929228,-82.725639,4,"FL",305,"Quercus","virginiana","live oak","Plantae",501,"Open flowers",13,"2021-01-01","2021-12-31",2021-03-13,72,2021-02-20,21,1,0
"onset",60661,16295,27.929228,-82.725639,4,"FL",305,"Quercus","virginiana","live oak","Plantae",501,"Open flowers",14,"2022-01-01","2022-12-31",2022-03-19,78,2022-02-26,21,1,0
"onset",60662,16295,27.929228,-82.725639,4,"FL",305,"Quercus","virginiana","live oak","Plantae",371,"Breaking leaf buds",6,"2014-01-01","2014-12-31",2014-03-05,64,2014-02-03,30,1,0
"onset",60662,16295,27.929228,-82.725639,4,"FL",305,"Quercus","virginiana","live oak","Plantae",371,"Breaking leaf buds",8,"2016-01-01","2016-12-31",2016-03-18,78,2016-03-10,8,1,0
"onset",60662,16295,27.929228,-82.725639,4,"FL",305,"Quercus","virginiana","live oak","Plantae",371,"Breaking leaf buds",9,"2017-01-01","2017-12-31",2017-01-19,19,2017-01-13,6,3,0
"onset",60662,16295,27.929228,-82.725639,4,"FL",305,"Quercus","virginiana","live oak","Plantae",371,"Breaking leaf buds",10,"2018-01-01","2018-12-31",2018-02-15,46,2018-02-08,7,1,0
"onset",60662,16295,27.929228,-82.725639,4,"FL",305,"Quercus","virginiana","live oak","Plantae",371,"Breaking leaf buds",11,"2019-01-01","2019-12-31",2019-02-23,54,2019-02-16,7,3,0
"onset",60662,16295,27.929228,-82.725639,4,"FL",305,"Quercus","virginiana","live oak","Plantae",371,"Breaking leaf buds",12,"2020-01-01","2020-12-31",2020-02-29,60,2020-02-01,28,2,0
"onset",60662,16295,27.929228,-82.725639,4,"FL",305,"Quercus","virginiana","live oak","Plantae",371,"Breaking leaf buds",13,"2021-01-01","2021-12-31",2021-03-13,72,2021-02-20,21,1,0
"onset",60662,16295,27.929228,-82.725639,4,"FL",305,"Quercus","virginiana","live oak","Plantae",371,"Breaking leaf buds",14,"2022-01-01","2022-12-31",2022-03-19,78,2022-02-26,21,1,0
"onset",60662,16295,27.929228,-82.725639,4,"FL",305,"Quercus","virginiana","live oak","Plantae",501,"Open flowers",11,"2019-01-01","2019-12-31",2019-03-02,61,2019-02-16,14,1,0
"onset",60662,16295,27.929228,-82.725639,4,"FL",305,"Quercus","virginiana","live oak","Plantae",501,"Open flowers",12,"2020-01-01","2020-12-31",2020-02-29,60,2020-02-01,28,1,0
"onset",60662,16295,27.929228,-82.725639,4,"FL",305,"Quercus","virginiana","live oak","Plantae",501,"Open flowers",13,"2021-01-01","2021-12-31",2021-03-13,72,2021-02-20,21,1,0
"onset",60662,16295,27.929228,-82.725639,4,"FL",305,"Quercus","virginiana","live oak","Plantae",501,"Open flowers",14,"2022-01-01","2022-12-31",2022-02-26,57,2022-02-12,14,1,0
"onset",61040,16356,45.317341,-93.821838,289,"MN",101,"Quercus","macrocarpa","bur oak","Plantae",371,"Breaking leaf buds",7,"2015-01-01","2015-12-31",2015-04-14,104,2015-04-07,7,1,0
"onset",61040,16356,45.317341,-93.821838,289,"MN",101,"Quercus","macrocarpa","bur oak","Plantae",371,"Breaking leaf buds",8,"2016-01-01","2016-12-31",2016-04-25,116,2016-04-14,11,1,0
"onset",61040,16356,45.317341,-93.821838,289,"MN",101,"Quercus","macrocarpa","bur oak","Plantae",371,"Breaking leaf buds",9,"2017-01-01","2017-12-31",2017-04-24,114,2017-04-23,1,1,0
"onset",61040,16356,45.317341,-93.821838,289,"MN",101,"Quercus","macrocarpa","bur oak","Plantae",371,"Breaking leaf buds",10,"2018-01-01","2018-12-31",2018-05-03,123,2018-04-26,7,1,0
"onset",61040,16356,45.317341,-93.821838,289,"MN",101,"Quercus","macrocarpa","bur oak","Plantae",371,"Breaking leaf buds",11,"2019-01-01","2019-12-31",2019-04-27,117,2019-04-24,3,1,0
"onset",61040,16356,45.317341,-93.821838,289,"MN",101,"Quercus","macrocarpa","bur oak","Plantae",501,"Open flowers",7,"2015-01-01","2015-12-31",2015-05-01,121,2015-04-28,3,1,0
"onset",61040,16356,45.317341,-93.821838,289,"MN",101,"Quercus","macrocarpa","bur oak","Plantae",501,"Open flowers",8,"2016-01-01","2016-12-31",2016-05-12,133,2016-05-07,5,1,0
"onset",61040,16356,45.317341,-93.821838,289,"MN",101,"Quercus","macrocarpa","bur oak","Plantae",501,"Open flowers",9,"2017-01-01","2017-12-31",2017-05-12,132,2017-05-09,3,1,0
"onset",61040,16356,45.317341,-93.821838,289,"MN",101,"Quercus","macrocarpa","bur oak","Plantae",501,"Open flowers",10,"2018-01-01","2018-12-31",2018-05-07,127,2018-05-05,2,1,0
"onset",61040,16356,45.317341,-93.821838,289,"MN",101,"Quercus","macrocarpa","bur oak","Plantae",501,"Open flowers",11,"2019-01-01","2019-12-31",2019-05-15,135,2019-05-06,9,1,0
"onset",61313,2119,40.862221,-73.875191,24,"NY",100,"Quercus","alba","white oak","Plantae",371,"Breaking leaf buds",4,"2012-01-01","2012-12-31",2012-03-27,87,2012-03-20,7,1,0
"onset",61313,2119,40.862221,-73.875191,24,"NY",100,"Quercus","alba","white oak","Plantae",371,"Breaking leaf buds",5,"2013-01-01","2013-12-31",2013-04-18,108,2013-04-11,7,1,0
"onset",61313,2119,40.862221,-73.875191,24,"NY",100,"Quercus","alba","white oak","Plantae",371,"Breaking leaf buds",6,"2014-01-01","2014-12-31",2014-04-22,112,2014-04-18,4,2,0
"onset",61313,2119,40.862221,-73.875191,24,"NY",100,"Quercus","alba","white oak","Plantae",371,"Breaking leaf buds",7,"2015-01-01","2015-12-31",2015-04-16,106,2015-04-15,1,1,0
"onset",61313,2119,40.862221,-73.875191,24,"NY",100,"Quercus","alba","white oak","Plantae",371,"Breaking leaf buds",8,"2016-01-01","2016-12-31",2016-03-25,85,2016-03-24,1,4,0
"onset",61313,2119,40.862221,-73.875191,24,"NY",100,"Quercus","alba","white oak","Plantae",371,"Breaking leaf buds",9,"2017-01-01","2017-12-31",2017-04-05,95,2017-03-21,15,3,0
"onset",61313,2119,40.862221,-73.875191,24,"NY",100,"Quercus","alba","white oak","Plantae",371,"Breaking leaf buds",10,"2018-01-01","2018-12-31",2018-03-30,89,2018-03-28,2,2,0
"onset",61313,2119,40.862221,-73.875191,24,"NY",100,"Quercus","alba","white oak","Plantae",371,"Breaking leaf buds",11,"2019-01-01","2019-12-31",2019-03-24,83,2019-03-19,5,6,0
"onset",61313,2119,40.862221,-73.875191,24,"NY",100,"Quercus","alba","white oak","Plantae",371,"Breaking leaf buds",12,"2020-01-01","2020-12-31",2020-02-27,58,2020-02-22,5,3,0
"onset",61313,2119,40.862221,-73.875191,24,"NY",100,"Quercus","alba","white oak","Plantae",371,"Breaking leaf buds",14,"2022-01-01","2022-12-31",2022-03-30,89,2022-03-25,5,3,0
"onset",61313,2119,40.862221,-73.875191,24,"NY",100,"Quercus","alba","white oak","Plantae",371,"Breaking leaf buds",15,"2023-01-01","2023-12-31",2023-04-07,97,2023-04-02,5,2,0
"onset",61313,2119,40.862221,-73.875191,24,"NY",100,"Quercus","alba","white oak","Plantae",371,"Breaking leaf buds",16,"2024-01-01","2024-12-31",2024-03-16,76,2024-03-12,4,3,0
"onset",61313,2119,40.862221,-73.875191,24,"NY",100,"Quercus","alba","white oak","Plantae",371,"Breaking leaf buds",17,"2025-01-01","2025-12-31",2025-04-01,91,2025-03-05,27,1,0
"onset",61313,2119,40.862221,-73.875191,24,"NY",100,"Quercus","alba","white oak","Plantae",371,"Breaking leaf buds",18,"2026-01-01","2026-12-31",2026-04-10,100,2026-03-11,30,1,0
"onset",61313,2119,40.862221,-73.875191,24,"NY",100,"Quercus","alba","white oak","Plantae",501,"Open flowers",4,"2012-01-01","2012-12-31",2012-04-10,101,2012-03-20,21,1,0
"onset",61313,2119,40.862221,-73.875191,24,"NY",100,"Quercus","alba","white oak","Plantae",501,"Open flowers",6,"2014-01-01","2014-12-31",2014-05-05,125,2014-05-04,1,2,0
"onset",61313,2119,40.862221,-73.875191,24,"NY",100,"Quercus","alba","white oak","Plantae",501,"Open flowers",7,"2015-01-01","2015-12-31",2015-05-04,124,2015-04-28,6,2,0
"onset",61313,2119,40.862221,-73.875191,24,"NY",100,"Quercus","alba","white oak","Plantae",501,"Open flowers",8,"2016-01-01","2016-12-31",2016-05-01,122,2016-04-29,2,3,0
"onset",61313,2119,40.862221,-73.875191,24,"NY",100,"Quercus","alba","white oak","Plantae",501,"Open flowers",11,"2019-01-01","2019-12-31",2019-05-30,150,2019-05-25,5,1,0
"onset",61313,2119,40.862221,-73.875191,24,"NY",100,"Quercus","alba","white oak","Plantae",501,"Open flowers",15,"2023-01-01","2023-12-31",2023-04-18,108,2023-04-13,5,1,0
"onset",61313,2119,40.862221,-73.875191,24,"NY",100,"Quercus","alba","white oak","Plantae",501,"Open flowers",17,"2025-01-01","2025-12-31",2025-04-29,119,2025-04-23,6,1,0
"onset",61424,16400,41.272411,-95.98822,352,"NE",101,"Quercus","macrocarpa","bur oak","Plantae",371,"Breaking leaf buds",6,"2014-01-01","2014-12-31",2014-05-07,127,2014-04-12,25,1,0
"onset",63267,16657,37.229572,-80.41394,629,"VA",101,"Quercus","macrocarpa","bur oak","Plantae",371,"Breaking leaf buds",6,"2014-01-01","2014-12-31",2014-04-21,111,2014-04-09,12,1,0
"onset",63466,16707,37.22897,-80.420212,640,"VA",101,"Quercus","macrocarpa","bur oak","Plantae",371,"Breaking leaf buds",6,"2014-01-01","2014-12-31",2014-04-14,104,2014-04-08,6,1,0
"onset",63537,16637,37.254807,-79.963844,313,"VA",1212,"Quercus","montana","chestnut oak","Plantae",371,"Breaking leaf buds",6,"2014-01-01","2014-12-31",2014-04-24,114,2014-04-17,7,1,0
"onset",63537,16637,37.254807,-79.963844,313,"VA",1212,"Quercus","montana","chestnut oak","Plantae",501,"Open flowers",6,"2014-01-01","2014-12-31",2014-04-14,104,2014-04-11,3,1,0
"onset",63538,16637,37.254807,-79.963844,313,"VA",100,"Quercus","alba","white oak","Plantae",371,"Breaking leaf buds",6,"2014-01-01","2014-12-31",2014-04-17,107,2014-04-14,3,1,0
"onset",63538,16637,37.254807,-79.963844,313,"VA",100,"Quercus","alba","white oak","Plantae",501,"Open flowers",6,"2014-01-01","2014-12-31",2014-04-14,104,2014-04-11,3,1,0
"onset",64549,16295,27.929228,-82.725639,4,"FL",305,"Quercus","virginiana","live oak","Plantae",371,"Breaking leaf buds",6,"2014-01-01","2014-12-31",2014-03-05,64,2014-02-03,30,1,0
"onset",64549,16295,27.929228,-82.725639,4,"FL",305,"Quercus","virginiana","live oak","Plantae",371,"Breaking leaf buds",8,"2016-01-01","2016-12-31",2016-03-18,78,2016-03-10,8,1,0
"onset",64549,16295,27.929228,-82.725639,4,"FL",305,"Quercus","virginiana","live oak","Plantae",371,"Breaking leaf buds",9,"2017-01-01","2017-12-31",2017-03-02,61,2017-02-23,7,1,0
"onset",64549,16295,27.929228,-82.725639,4,"FL",305,"Quercus","virginiana","live oak","Plantae",371,"Breaking leaf buds",10,"2018-01-01","2018-12-31",2018-02-22,53,2018-02-15,7,1,0
"onset",64549,16295,27.929228,-82.725639,4,"FL",305,"Quercus","virginiana","live oak","Plantae",371,"Breaking leaf buds",11,"2019-01-01","2019-12-31",2019-02-23,54,2019-02-16,7,3,0
"onset",64549,16295,27.929228,-82.725639,4,"FL",305,"Quercus","virginiana","live oak","Plantae",371,"Breaking leaf buds",12,"2020-01-01","2020-12-31",2020-02-29,60,2020-02-01,28,1,0
"onset",64549,16295,27.929228,-82.725639,4,"FL",305,"Quercus","virginiana","live oak","Plantae",371,"Breaking leaf buds",13,"2021-01-01","2021-12-31",2021-03-13,72,2021-02-20,21,2,0
"onset",64549,16295,27.929228,-82.725639,4,"FL",305,"Quercus","virginiana","live oak","Plantae",371,"Breaking leaf buds",14,"2022-01-01","2022-12-31",2022-03-19,78,2022-02-26,21,1,0
"onset",64549,16295,27.929228,-82.725639,4,"FL",305,"Quercus","virginiana","live oak","Plantae",501,"Open flowers",7,"2015-01-01","2015-12-31",2015-03-20,79,2015-03-05,15,1,0
"onset",64549,16295,27.929228,-82.725639,4,"FL",305,"Quercus","virginiana","live oak","Plantae",501,"Open flowers",11,"2019-01-01","2019-12-31",2019-02-23,54,2019-02-16,7,1,0
"onset",64549,16295,27.929228,-82.725639,4,"FL",305,"Quercus","virginiana","live oak","Plantae",501,"Open flowers",12,"2020-01-01","2020-12-31",2020-02-29,60,2020-02-01,28,1,0
"onset",64549,16295,27.929228,-82.725639,4,"FL",305,"Quercus","virginiana","live oak","Plantae",501,"Open flowers",13,"2021-01-01","2021-12-31",2021-03-13,72,2021-02-20,21,1,0
"onset",64549,16295,27.929228,-82.725639,4,"FL",305,"Quercus","virginiana","live oak","Plantae",501,"Open flowers",14,"2022-01-01","2022-12-31",2022-03-19,78,2022-02-26,21,1,0
"onset",64558,16295,27.929228,-82.725639,4,"FL",305,"Quercus","virginiana","live oak","Plantae",371,"Breaking leaf buds",7,"2015-01-01","2015-12-31",2015-05-12,132,2015-05-06,6,1,0
"onset",64558,16295,27.929228,-82.725639,4,"FL",305,"Quercus","virginiana","live oak","Plantae",371,"Breaking leaf buds",8,"2016-01-01","2016-12-31",2016-03-18,78,2016-03-10,8,1,0
"onset",64558,16295,27.929228,-82.725639,4,"FL",305,"Quercus","virginiana","live oak","Plantae",371,"Breaking leaf buds",9,"2017-01-01","2017-12-31",2017-03-02,61,2017-02-23,7,1,0
"onset",64558,16295,27.929228,-82.725639,4,"FL",305,"Quercus","virginiana","live oak","Plantae",371,"Breaking leaf buds",10,"2018-01-01","2018-12-31",2018-03-01,60,2018-02-15,14,1,0
"onset",64558,16295,27.929228,-82.725639,4,"FL",305,"Quercus","virginiana","live oak","Plantae",371,"Breaking leaf buds",11,"2019-01-01","2019-12-31",2019-03-02,61,2019-02-23,7,1,0
"onset",64558,16295,27.929228,-82.725639,4,"FL",305,"Quercus","virginiana","live oak","Plantae",371,"Breaking leaf buds",12,"2020-01-01","2020-12-31",2020-02-29,60,2020-02-01,28,2,0
"onset",64558,16295,27.929228,-82.725639,4,"FL",305,"Quercus","virginiana","live oak","Plantae",371,"Breaking leaf buds",13,"2021-01-01","2021-12-31",2021-03-13,72,2021-02-20,21,2,0
"onset",64558,16295,27.929228,-82.725639,4,"FL",305,"Quercus","virginiana","live oak","Plantae",371,"Breaking leaf buds",14,"2022-01-01","2022-12-31",2022-03-19,78,2022-02-26,21,1,0
"onset",64558,16295,27.929228,-82.725639,4,"FL",305,"Quercus","virginiana","live oak","Plantae",501,"Open flowers",11,"2019-01-01","2019-12-31",2019-03-02,61,2019-02-23,7,1,0
"onset",64558,16295,27.929228,-82.725639,4,"FL",305,"Quercus","virginiana","live oak","Plantae",501,"Open flowers",12,"2020-01-01","2020-12-31",2020-02-29,60,2020-02-01,28,1,0
"onset",64558,16295,27.929228,-82.725639,4,"FL",305,"Quercus","virginiana","live oak","Plantae",501,"Open flowers",13,"2021-01-01","2021-12-31",2021-03-13,72,2021-02-20,21,1,0
"onset",64558,16295,27.929228,-82.725639,4,"FL",305,"Quercus","virginiana","live oak","Plantae",501,"Open flowers",14,"2022-01-01","2022-12-31",2022-03-19,78,2022-02-26,21,1,0
"onset",64658,16873,37.309994,-79.895317,319,"VA",100,"Quercus","alba","white oak","Plantae",371,"Breaking leaf buds",6,"2014-01-01","2014-12-31",2014-04-09,99,2014-03-30,10,1,0
"onset",66925,17405,35.273144,-82.453087,675,"NC",100,"Quercus","alba","white oak","Plantae",501,"Open flowers",8,"2016-01-01","2016-12-31",2016-04-06,97,2016-04-04,2,1,0
"onset",67522,11734,40.148293,-77.125366,147,"PA",100,"Quercus","alba","white oak","Plantae",371,"Breaking leaf buds",7,"2015-01-01","2015-12-31",2015-04-30,120,2015-04-28,2,1,0
"onset",67522,11734,40.148293,-77.125366,147,"PA",100,"Quercus","alba","white oak","Plantae",371,"Breaking leaf buds",8,"2016-01-01","2016-12-31",2016-04-25,116,2016-04-18,7,1,0
"onset",67522,11734,40.148293,-77.125366,147,"PA",100,"Quercus","alba","white oak","Plantae",501,"Open flowers",7,"2015-01-01","2015-12-31",2015-05-13,133,2015-04-30,13,1,0
"onset",67522,11734,40.148293,-77.125366,147,"PA",100,"Quercus","alba","white oak","Plantae",501,"Open flowers",8,"2016-01-01","2016-12-31",2016-05-16,137,2016-04-25,21,1,0
"onset",67654,5281,40.710247,-77.956192,403,"PA",100,"Quercus","alba","white oak","Plantae",371,"Breaking leaf buds",4,"2012-01-01","2012-12-31",2012-04-19,110,2012-04-13,6,1,0
"onset",67655,5281,40.710247,-77.956192,403,"PA",100,"Quercus","alba","white oak","Plantae",371,"Breaking leaf buds",4,"2012-01-01","2012-12-31",2012-05-03,124,2012-04-25,8,1,0
"onset",67656,5281,40.710247,-77.956192,403,"PA",100,"Quercus","alba","white oak","Plantae",371,"Breaking leaf buds",4,"2012-01-01","2012-12-31",2012-05-03,124,2012-04-25,8,1,0
"onset",67657,5281,40.710247,-77.956192,403,"PA",100,"Quercus","alba","white oak","Plantae",371,"Breaking leaf buds",4,"2012-01-01","2012-12-31",2012-05-10,131,2012-05-03,7,1,0
"onset",67658,5281,40.710247,-77.956192,403,"PA",100,"Quercus","alba","white oak","Plantae",371,"Breaking leaf buds",4,"2012-01-01","2012-12-31",2012-05-03,124,2012-04-25,8,1,0
"onset",67659,5281,40.710247,-77.956192,403,"PA",100,"Quercus","alba","white oak","Plantae",371,"Breaking leaf buds",4,"2012-01-01","2012-12-31",2012-04-19,110,2012-04-13,6,2,0
"onset",67660,5281,40.710247,-77.956192,403,"PA",100,"Quercus","alba","white oak","Plantae",371,"Breaking leaf buds",4,"2012-01-01","2012-12-31",2012-04-19,110,2012-04-13,6,2,0
"onset",67723,17582,35.770512,-83.111603,639,"TN",1212,"Quercus","montana","chestnut oak","Plantae",371,"Breaking leaf buds",7,"2015-01-01","2015-12-31",2015-05-14,134,2015-05-06,8,1,0
"onset",67723,17582,35.770512,-83.111603,639,"TN",1212,"Quercus","montana","chestnut oak","Plantae",371,"Breaking leaf buds",8,"2016-01-01","2016-12-31",2016-03-23,83,2016-03-16,7,2,0
"onset",67723,17582,35.770512,-83.111603,639,"TN",1212,"Quercus","montana","chestnut oak","Plantae",371,"Breaking leaf buds",9,"2017-01-01","2017-12-31",2017-04-09,99,2017-04-04,5,1,0
"onset",67723,17582,35.770512,-83.111603,639,"TN",1212,"Quercus","montana","chestnut oak","Plantae",371,"Breaking leaf buds",10,"2018-01-01","2018-12-31",2018-04-16,106,2018-04-13,3,1,0
"onset",67723,17582,35.770512,-83.111603,639,"TN",1212,"Quercus","montana","chestnut oak","Plantae",371,"Breaking leaf buds",11,"2019-01-01","2019-12-31",2019-04-17,107,2019-04-10,7,1,0
"onset",67723,17582,35.770512,-83.111603,639,"TN",1212,"Quercus","montana","chestnut oak","Plantae",371,"Breaking leaf buds",13,"2021-01-01","2021-12-31",2021-04-06,96,2021-04-04,2,2,0
"onset",67723,17582,35.770512,-83.111603,639,"TN",1212,"Quercus","montana","chestnut oak","Plantae",371,"Breaking leaf buds",14,"2022-01-01","2022-12-31",2022-04-01,91,2022-03-16,16,2,0
"onset",67723,17582,35.770512,-83.111603,639,"TN",1212,"Quercus","montana","chestnut oak","Plantae",371,"Breaking leaf buds",15,"2023-01-01","2023-12-31",2023-04-11,101,2023-04-10,1,2,0
"onset",67723,17582,35.770512,-83.111603,639,"TN",1212,"Quercus","montana","chestnut oak","Plantae",371,"Breaking leaf buds",16,"2024-01-01","2024-12-31",2024-04-12,103,2024-03-30,13,1,0
"onset",67723,17582,35.770512,-83.111603,639,"TN",1212,"Quercus","montana","chestnut oak","Plantae",501,"Open flowers",8,"2016-01-01","2016-12-31",2016-04-06,97,2016-03-30,7,1,0
"onset",67723,17582,35.770512,-83.111603,639,"TN",1212,"Quercus","montana","chestnut oak","Plantae",501,"Open flowers",11,"2019-01-01","2019-12-31",2019-05-19,139,2019-05-15,4,1,0
"onset",67723,17582,35.770512,-83.111603,639,"TN",1212,"Quercus","montana","chestnut oak","Plantae",501,"Open flowers",13,"2021-01-01","2021-12-31",2021-03-23,82,2021-03-20,3,1,0
"onset",67896,17574,40.863052,-73.881592,30,"NY",101,"Quercus","macrocarpa","bur oak","Plantae",371,"Breaking leaf buds",6,"2014-01-01","2014-12-31",2014-04-24,114,2014-04-17,7,2,0
"onset",67896,17574,40.863052,-73.881592,30,"NY",101,"Quercus","macrocarpa","bur oak","Plantae",371,"Breaking leaf buds",7,"2015-01-01","2015-12-31",2015-04-22,112,2015-04-16,6,2,0
"onset",67896,17574,40.863052,-73.881592,30,"NY",101,"Quercus","macrocarpa","bur oak","Plantae",371,"Breaking leaf buds",8,"2016-01-01","2016-12-31",2016-04-23,114,2016-04-16,7,2,0
"onset",67896,17574,40.863052,-73.881592,30,"NY",101,"Quercus","macrocarpa","bur oak","Plantae",371,"Breaking leaf buds",9,"2017-01-01","2017-12-31",2017-04-18,108,2017-04-14,4,2,0
"onset",67896,17574,40.863052,-73.881592,30,"NY",101,"Quercus","macrocarpa","bur oak","Plantae",371,"Breaking leaf buds",10,"2018-01-01","2018-12-31",2018-04-26,116,2018-04-20,6,1,0
"onset",67896,17574,40.863052,-73.881592,30,"NY",101,"Quercus","macrocarpa","bur oak","Plantae",371,"Breaking leaf buds",11,"2019-01-01","2019-12-31",2019-04-19,109,2019-04-14,5,1,0
"onset",67896,17574,40.863052,-73.881592,30,"NY",101,"Quercus","macrocarpa","bur oak","Plantae",371,"Breaking leaf buds",14,"2022-01-01","2022-12-31",2022-04-28,118,2022-04-24,4,2,0
"onset",67896,17574,40.863052,-73.881592,30,"NY",101,"Quercus","macrocarpa","bur oak","Plantae",371,"Breaking leaf buds",15,"2023-01-01","2023-12-31",2023-04-15,105,2023-04-09,6,1,0
"onset",67896,17574,40.863052,-73.881592,30,"NY",101,"Quercus","macrocarpa","bur oak","Plantae",371,"Breaking leaf buds",16,"2024-01-01","2024-12-31",2024-04-19,110,2024-04-07,12,1,0
"onset",67896,17574,40.863052,-73.881592,30,"NY",101,"Quercus","macrocarpa","bur oak","Plantae",371,"Breaking leaf buds",17,"2025-01-01","2025-12-31",2025-04-20,110,2025-04-17,3,1,0
"onset",67896,17574,40.863052,-73.881592,30,"NY",101,"Quercus","macrocarpa","bur oak","Plantae",371,"Breaking leaf buds",18,"2026-01-01","2026-12-31",2026-04-11,101,2026-03-29,13,1,0
"onset",67896,17574,40.863052,-73.881592,30,"NY",101,"Quercus","macrocarpa","bur oak","Plantae",501,"Open flowers",16,"2024-01-01","2024-12-31",2024-05-11,132,2024-04-28,13,1,0
"onset",67982,16917,37.241226,-79.942352,425,"VA",100,"Quercus","alba","white oak","Plantae",371,"Breaking leaf buds",6,"2014-01-01","2014-12-31",2014-04-09,99,2014-04-03,6,1,0
"onset",67982,16917,37.241226,-79.942352,425,"VA",100,"Quercus","alba","white oak","Plantae",501,"Open flowers",6,"2014-01-01","2014-12-31",2014-04-14,104,2014-04-10,4,1,0
"onset",68456,17680,44.924969,-92.789955,240,"MN",101,"Quercus","macrocarpa","bur oak","Plantae",371,"Breaking leaf buds",6,"2014-01-01","2014-12-31",2014-05-07,127,2014-05-02,5,1,0
"onset",68456,17680,44.924969,-92.789955,240,"MN",101,"Quercus","macrocarpa","bur oak","Plantae",371,"Breaking leaf buds",8,"2016-01-01","2016-12-31",2016-04-21,112,2016-04-18,3,1,0
"onset",68456,17680,44.924969,-92.789955,240,"MN",101,"Quercus","macrocarpa","bur oak","Plantae",371,"Breaking leaf buds",10,"2018-01-01","2018-12-31",2018-05-03,123,2018-04-17,16,1,0
"onset",68456,17680,44.924969,-92.789955,240,"MN",101,"Quercus","macrocarpa","bur oak","Plantae",501,"Open flowers",10,"2018-01-01","2018-12-31",2018-05-18,138,2018-05-03,15,1,0
"onset",68891,16639,37.238335,-79.94516,425,"VA",1212,"Quercus","montana","chestnut oak","Plantae",371,"Breaking leaf buds",6,"2014-01-01","2014-12-31",2014-04-14,104,2014-04-03,11,1,0
"onset",68891,16639,37.238335,-79.94516,425,"VA",1212,"Quercus","montana","chestnut oak","Plantae",501,"Open flowers",6,"2014-01-01","2014-12-31",2014-04-14,104,2014-04-10,4,1,0
"onset",68894,16639,37.238335,-79.94516,425,"VA",100,"Quercus","alba","white oak","Plantae",371,"Breaking leaf buds",6,"2014-01-01","2014-12-31",2014-04-10,100,2014-04-03,7,1,0
"onset",68894,16639,37.238335,-79.94516,425,"VA",100,"Quercus","alba","white oak","Plantae",501,"Open flowers",6,"2014-01-01","2014-12-31",2014-04-18,108,2014-04-14,4,1,0
"onset",68931,16635,37.286224,-79.996513,311,"VA",100,"Quercus","alba","white oak","Plantae",371,"Breaking leaf buds",6,"2014-01-01","2014-12-31",2014-04-14,104,2014-04-09,5,1,0
"onset",69158,6579,43.078892,-85.627914,224,"MI",100,"Quercus","alba","white oak","Plantae",371,"Breaking leaf buds",6,"2014-01-01","2014-12-31",2014-05-26,146,2014-05-17,9,1,0
"onset",69158,6579,43.078892,-85.627914,224,"MI",100,"Quercus","alba","white oak","Plantae",371,"Breaking leaf buds",7,"2015-01-01","2015-12-31",2015-05-16,136,2015-05-08,8,1,0
"onset",69158,6579,43.078892,-85.627914,224,"MI",100,"Quercus","alba","white oak","Plantae",371,"Breaking leaf buds",8,"2016-01-01","2016-12-31",2016-05-22,143,2016-05-13,9,1,0
"onset",69158,6579,43.078892,-85.627914,224,"MI",100,"Quercus","alba","white oak","Plantae",371,"Breaking leaf buds",9,"2017-01-01","2017-12-31",2017-05-14,134,2017-04-27,17,1,0
"onset",69158,6579,43.078892,-85.627914,224,"MI",100,"Quercus","alba","white oak","Plantae",371,"Breaking leaf buds",11,"2019-01-01","2019-12-31",2019-05-12,132,2019-05-04,8,1,0
"onset",69158,6579,43.078892,-85.627914,224,"MI",100,"Quercus","alba","white oak","Plantae",501,"Open flowers",6,"2014-01-01","2014-12-31",2014-06-01,152,2014-05-26,6,1,0
"onset",69158,6579,43.078892,-85.627914,224,"MI",100,"Quercus","alba","white oak","Plantae",501,"Open flowers",7,"2015-01-01","2015-12-31",2015-05-16,136,2015-05-08,8,1,0
"onset",69158,6579,43.078892,-85.627914,224,"MI",100,"Quercus","alba","white oak","Plantae",501,"Open flowers",8,"2016-01-01","2016-12-31",2016-05-13,134,2016-05-05,8,1,0
"onset",69158,6579,43.078892,-85.627914,224,"MI",100,"Quercus","alba","white oak","Plantae",501,"Open flowers",9,"2017-01-01","2017-12-31",2017-05-14,134,2017-04-27,17,1,0
"onset",69158,6579,43.078892,-85.627914,224,"MI",100,"Quercus","alba","white oak","Plantae",501,"Open flowers",10,"2018-01-01","2018-12-31",2018-05-03,123,2018-04-25,8,1,0
"onset",69418,16257,41.211025,-73.826889,129,"NY",100,"Quercus","alba","white oak","Plantae",371,"Breaking leaf buds",6,"2014-01-01","2014-12-31",2014-05-01,121,2014-04-24,7,1,0
"onset",69418,16257,41.211025,-73.826889,129,"NY",100,"Quercus","alba","white oak","Plantae",371,"Breaking leaf buds",7,"2015-01-01","2015-12-31",2015-04-27,117,2015-04-16,11,1,0
"onset",69418,16257,41.211025,-73.826889,129,"NY",100,"Quercus","alba","white oak","Plantae",371,"Breaking leaf buds",8,"2016-01-01","2016-12-31",2016-04-25,116,2016-04-18,7,1,0
"onset",69418,16257,41.211025,-73.826889,129,"NY",100,"Quercus","alba","white oak","Plantae",371,"Breaking leaf buds",10,"2018-01-01","2018-12-31",2018-05-04,124,2018-04-26,8,1,0
"onset",69418,16257,41.211025,-73.826889,129,"NY",100,"Quercus","alba","white oak","Plantae",371,"Breaking leaf buds",11,"2019-01-01","2019-12-31",2019-04-03,93,2019-03-22,12,1,0
"onset",69418,16257,41.211025,-73.826889,129,"NY",100,"Quercus","alba","white oak","Plantae",371,"Breaking leaf buds",12,"2020-01-01","2020-12-31",2020-04-09,100,2020-04-02,7,2,0
"onset",69418,16257,41.211025,-73.826889,129,"NY",100,"Quercus","alba","white oak","Plantae",371,"Breaking leaf buds",13,"2021-01-01","2021-12-31",2021-04-14,104,2021-04-08,6,1,0
"onset",69418,16257,41.211025,-73.826889,129,"NY",100,"Quercus","alba","white oak","Plantae",371,"Breaking leaf buds",14,"2022-01-01","2022-12-31",2022-04-28,118,2022-04-20,8,2,0
"onset",69418,16257,41.211025,-73.826889,129,"NY",100,"Quercus","alba","white oak","Plantae",371,"Breaking leaf buds",15,"2023-01-01","2023-12-31",2023-04-15,105,2023-04-08,7,1,0
"onset",69418,16257,41.211025,-73.826889,129,"NY",100,"Quercus","alba","white oak","Plantae",371,"Breaking leaf buds",16,"2024-01-01","2024-12-31",2024-04-07,98,2024-03-09,29,1,0
"onset",69418,16257,41.211025,-73.826889,129,"NY",100,"Quercus","alba","white oak","Plantae",371,"Breaking leaf buds",18,"2026-01-01","2026-12-31",2026-04-17,107,2026-04-15,2,1,0
"onset",69418,16257,41.211025,-73.826889,129,"NY",100,"Quercus","alba","white oak","Plantae",501,"Open flowers",6,"2014-01-01","2014-12-31",2014-05-09,129,2014-05-06,3,1,0
"onset",69418,16257,41.211025,-73.826889,129,"NY",100,"Quercus","alba","white oak","Plantae",501,"Open flowers",11,"2019-01-01","2019-12-31",2019-05-09,129,2019-04-30,9,1,0
"onset",69418,16257,41.211025,-73.826889,129,"NY",100,"Quercus","alba","white oak","Plantae",501,"Open flowers",13,"2021-01-01","2021-12-31",2021-04-22,112,2021-04-14,8,1,0
"onset",69418,16257,41.211025,-73.826889,129,"NY",100,"Quercus","alba","white oak","Plantae",501,"Open flowers",15,"2023-01-01","2023-12-31",2023-04-22,112,2023-04-15,7,1,0
"onset",69418,16257,41.211025,-73.826889,129,"NY",100,"Quercus","alba","white oak","Plantae",501,"Open flowers",16,"2024-01-01","2024-12-31",2024-05-11,132,2024-05-04,7,1,0
"onset",69421,16257,41.211025,-73.826889,129,"NY",100,"Quercus","alba","white oak","Plantae",371,"Breaking leaf buds",6,"2014-01-01","2014-12-31",2014-05-01,121,2014-04-28,3,1,0
"onset",69421,16257,41.211025,-73.826889,129,"NY",100,"Quercus","alba","white oak","Plantae",371,"Breaking leaf buds",7,"2015-01-01","2015-12-31",2015-04-29,119,2015-04-16,13,1,0
"onset",69421,16257,41.211025,-73.826889,129,"NY",100,"Quercus","alba","white oak","Plantae",371,"Breaking leaf buds",8,"2016-01-01","2016-12-31",2016-04-25,116,2016-04-18,7,1,0
"onset",69421,16257,41.211025,-73.826889,129,"NY",100,"Quercus","alba","white oak","Plantae",371,"Breaking leaf buds",10,"2018-01-01","2018-12-31",2018-05-04,124,2018-04-26,8,1,0
"onset",69421,16257,41.211025,-73.826889,129,"NY",100,"Quercus","alba","white oak","Plantae",371,"Breaking leaf buds",11,"2019-01-01","2019-12-31",2019-04-25,115,2019-03-27,29,1,0
"onset",69421,16257,41.211025,-73.826889,129,"NY",100,"Quercus","alba","white oak","Plantae",371,"Breaking leaf buds",12,"2020-01-01","2020-12-31",2020-04-30,121,2020-04-09,21,1,0
"onset",69421,16257,41.211025,-73.826889,129,"NY",100,"Quercus","alba","white oak","Plantae",371,"Breaking leaf buds",13,"2021-01-01","2021-12-31",2021-04-22,112,2021-04-14,8,1,0
"onset",69421,16257,41.211025,-73.826889,129,"NY",100,"Quercus","alba","white oak","Plantae",371,"Breaking leaf buds",14,"2022-01-01","2022-12-31",2022-04-28,118,2022-04-20,8,2,0
"onset",69421,16257,41.211025,-73.826889,129,"NY",100,"Quercus","alba","white oak","Plantae",371,"Breaking leaf buds",15,"2023-01-01","2023-12-31",2023-04-15,105,2023-04-08,7,1,0
"onset",69421,16257,41.211025,-73.826889,129,"NY",100,"Quercus","alba","white oak","Plantae",371,"Breaking leaf buds",16,"2024-01-01","2024-12-31",2024-04-14,105,2024-03-16,29,1,0
"onset",69421,16257,41.211025,-73.826889,129,"NY",100,"Quercus","alba","white oak","Plantae",371,"Breaking leaf buds",18,"2026-01-01","2026-12-31",2026-04-17,107,2026-04-15,2,1,0
"onset",69421,16257,41.211025,-73.826889,129,"NY",100,"Quercus","alba","white oak","Plantae",501,"Open flowers",6,"2014-01-01","2014-12-31",2014-05-12,132,2014-05-06,6,1,0
"onset",69421,16257,41.211025,-73.826889,129,"NY",100,"Quercus","alba","white oak","Plantae",501,"Open flowers",13,"2021-01-01","2021-12-31",2021-04-22,112,2021-04-14,8,1,0
"onset",69421,16257,41.211025,-73.826889,129,"NY",100,"Quercus","alba","white oak","Plantae",501,"Open flowers",14,"2022-01-01","2022-12-31",2022-05-19,139,2022-05-12,7,1,0
"onset",69421,16257,41.211025,-73.826889,129,"NY",100,"Quercus","alba","white oak","Plantae",501,"Open flowers",15,"2023-01-01","2023-12-31",2023-04-22,112,2023-04-15,7,1,0
"onset",69421,16257,41.211025,-73.826889,129,"NY",100,"Quercus","alba","white oak","Plantae",501,"Open flowers",16,"2024-01-01","2024-12-31",2024-05-11,132,2024-05-04,7,1,0
"onset",69421,16257,41.211025,-73.826889,129,"NY",100,"Quercus","alba","white oak","Plantae",501,"Open flowers",18,"2026-01-01","2026-12-31",2026-05-05,125,2026-05-02,3,1,0
"onset",69431,16257,41.211025,-73.826889,129,"NY",100,"Quercus","alba","white oak","Plantae",371,"Breaking leaf buds",6,"2014-01-01","2014-12-31",2014-05-01,121,2014-04-28,3,1,0
"onset",69431,16257,41.211025,-73.826889,129,"NY",100,"Quercus","alba","white oak","Plantae",371,"Breaking leaf buds",7,"2015-01-01","2015-12-31",2015-04-29,119,2015-04-27,2,1,0
"onset",69431,16257,41.211025,-73.826889,129,"NY",100,"Quercus","alba","white oak","Plantae",371,"Breaking leaf buds",8,"2016-01-01","2016-12-31",2016-04-25,116,2016-04-18,7,1,0
"onset",69431,16257,41.211025,-73.826889,129,"NY",100,"Quercus","alba","white oak","Plantae",371,"Breaking leaf buds",9,"2017-01-01","2017-12-31",2017-04-18,108,2017-04-11,7,1,0
"onset",69431,16257,41.211025,-73.826889,129,"NY",100,"Quercus","alba","white oak","Plantae",371,"Breaking leaf buds",10,"2018-01-01","2018-12-31",2018-05-04,124,2018-04-26,8,1,0
"onset",69431,16257,41.211025,-73.826889,129,"NY",100,"Quercus","alba","white oak","Plantae",371,"Breaking leaf buds",11,"2019-01-01","2019-12-31",2019-04-25,115,2019-03-27,29,1,0
"onset",69431,16257,41.211025,-73.826889,129,"NY",100,"Quercus","alba","white oak","Plantae",371,"Breaking leaf buds",12,"2020-01-01","2020-12-31",2020-04-09,100,2020-03-19,21,1,0
"onset",69431,16257,41.211025,-73.826889,129,"NY",100,"Quercus","alba","white oak","Plantae",371,"Breaking leaf buds",13,"2021-01-01","2021-12-31",2021-04-22,112,2021-03-24,29,1,0
"onset",69431,16257,41.211025,-73.826889,129,"NY",100,"Quercus","alba","white oak","Plantae",371,"Breaking leaf buds",14,"2022-01-01","2022-12-31",2022-05-05,125,2022-04-28,7,2,0
"onset",69431,16257,41.211025,-73.826889,129,"NY",100,"Quercus","alba","white oak","Plantae",371,"Breaking leaf buds",15,"2023-01-01","2023-12-31",2023-04-15,105,2023-03-31,15,1,0
"onset",69431,16257,41.211025,-73.826889,129,"NY",100,"Quercus","alba","white oak","Plantae",371,"Breaking leaf buds",16,"2024-01-01","2024-12-31",2024-04-14,105,2024-03-23,22,1,0
"onset",69431,16257,41.211025,-73.826889,129,"NY",100,"Quercus","alba","white oak","Plantae",501,"Open flowers",6,"2014-01-01","2014-12-31",2014-05-09,129,2014-05-06,3,1,0
"onset",69431,16257,41.211025,-73.826889,129,"NY",100,"Quercus","alba","white oak","Plantae",501,"Open flowers",13,"2021-01-01","2021-12-31",2021-04-22,112,2021-04-14,8,1,0
"onset",69431,16257,41.211025,-73.826889,129,"NY",100,"Quercus","alba","white oak","Plantae",501,"Open flowers",14,"2022-01-01","2022-12-31",2022-05-19,139,2022-05-12,7,1,0
"onset",69431,16257,41.211025,-73.826889,129,"NY",100,"Quercus","alba","white oak","Plantae",501,"Open flowers",15,"2023-01-01","2023-12-31",2023-04-28,118,2023-04-15,13,1,0
"onset",70000,16639,37.238335,-79.94516,425,"VA",100,"Quercus","alba","white oak","Plantae",501,"Open flowers",6,"2014-01-01","2014-12-31",2014-04-10,100,2014-04-03,7,1,0
"onset",72972,18483,42.14682,-73.378174,206,"MA",100,"Quercus","alba","white oak","Plantae",371,"Breaking leaf buds",7,"2015-01-01","2015-12-31",2015-05-06,126,2015-04-15,21,1,0
"onset",72972,18483,42.14682,-73.378174,206,"MA",100,"Quercus","alba","white oak","Plantae",371,"Breaking leaf buds",8,"2016-01-01","2016-12-31",2016-05-10,131,2016-05-05,5,1,0
"onset",72972,18483,42.14682,-73.378174,206,"MA",100,"Quercus","alba","white oak","Plantae",371,"Breaking leaf buds",9,"2017-01-01","2017-12-31",2017-05-05,125,2017-05-01,4,1,0
"onset",72972,18483,42.14682,-73.378174,206,"MA",100,"Quercus","alba","white oak","Plantae",371,"Breaking leaf buds",10,"2018-01-01","2018-12-31",2018-05-12,132,2018-05-05,7,1,0
"onset",72973,18483,42.14682,-73.378174,206,"MA",100,"Quercus","alba","white oak","Plantae",371,"Breaking leaf buds",7,"2015-01-01","2015-12-31",2015-05-06,126,2015-04-15,21,1,0
"onset",72973,18483,42.14682,-73.378174,206,"MA",100,"Quercus","alba","white oak","Plantae",371,"Breaking leaf buds",8,"2016-01-01","2016-12-31",2016-05-05,126,2016-05-01,4,1,0
"onset",72973,18483,42.14682,-73.378174,206,"MA",100,"Quercus","alba","white oak","Plantae",371,"Breaking leaf buds",9,"2017-01-01","2017-12-31",2017-05-11,131,2017-05-05,6,1,0
"onset",72973,18483,42.14682,-73.378174,206,"MA",100,"Quercus","alba","white oak","Plantae",371,"Breaking leaf buds",10,"2018-01-01","2018-12-31",2018-05-12,132,2018-05-05,7,1,0
"onset",73246,18524,40.860325,-73.878471,26,"NY",100,"Quercus","alba","white oak","Plantae",371,"Breaking leaf buds",8,"2016-01-01","2016-12-31",2016-04-20,111,2016-04-14,6,1,0
"onset",73246,18524,40.860325,-73.878471,26,"NY",100,"Quercus","alba","white oak","Plantae",501,"Open flowers",8,"2016-01-01","2016-12-31",2016-04-14,105,2016-04-02,12,1,0
"onset",73265,18525,40.86039,-73.878471,26,"NY",100,"Quercus","alba","white oak","Plantae",371,"Breaking leaf buds",8,"2016-01-01","2016-12-31",2016-04-20,111,2016-04-14,6,6,0
"onset",73265,18525,40.86039,-73.878471,26,"NY",100,"Quercus","alba","white oak","Plantae",371,"Breaking leaf buds",9,"2017-01-01","2017-12-31",2017-04-19,109,2017-04-16,3,4,0
"onset",73265,18525,40.86039,-73.878471,26,"NY",100,"Quercus","alba","white oak","Plantae",371,"Breaking leaf buds",10,"2018-01-01","2018-12-31",2018-04-26,116,2018-04-25,1,10,0
"onset",73265,18525,40.86039,-73.878471,26,"NY",100,"Quercus","alba","white oak","Plantae",371,"Breaking leaf buds",11,"2019-01-01","2019-12-31",2019-04-04,94,2019-04-02,2,3,0
"onset",73265,18525,40.86039,-73.878471,26,"NY",100,"Quercus","alba","white oak","Plantae",371,"Breaking leaf buds",13,"2021-01-01","2021-12-31",2021-07-30,211,2021-07-23,7,1,0
"onset",73265,18525,40.86039,-73.878471,26,"NY",100,"Quercus","alba","white oak","Plantae",371,"Breaking leaf buds",14,"2022-01-01","2022-12-31",2022-04-15,105,2022-04-08,7,2,0
"onset",73265,18525,40.86039,-73.878471,26,"NY",100,"Quercus","alba","white oak","Plantae",371,"Breaking leaf buds",15,"2023-01-01","2023-12-31",2023-04-14,104,2023-04-07,7,1,0
"onset",73265,18525,40.86039,-73.878471,26,"NY",100,"Quercus","alba","white oak","Plantae",371,"Breaking leaf buds",16,"2024-01-01","2024-12-31",2024-04-10,101,2024-04-05,5,1,0
"onset",73265,18525,40.86039,-73.878471,26,"NY",100,"Quercus","alba","white oak","Plantae",371,"Breaking leaf buds",17,"2025-01-01","2025-12-31",2025-04-04,94,2025-03-28,7,4,0
"onset",73265,18525,40.86039,-73.878471,26,"NY",100,"Quercus","alba","white oak","Plantae",371,"Breaking leaf buds",18,"2026-01-01","2026-12-31",2026-04-17,107,2026-04-10,7,1,0
"onset",73265,18525,40.86039,-73.878471,26,"NY",100,"Quercus","alba","white oak","Plantae",501,"Open flowers",8,"2016-01-01","2016-12-31",2016-04-14,105,2016-04-13,1,1,0
"onset",73265,18525,40.86039,-73.878471,26,"NY",100,"Quercus","alba","white oak","Plantae",501,"Open flowers",9,"2017-01-01","2017-12-31",2017-05-03,123,2017-04-27,6,1,0
"onset",73265,18525,40.86039,-73.878471,26,"NY",100,"Quercus","alba","white oak","Plantae",501,"Open flowers",10,"2018-01-01","2018-12-31",2018-05-10,130,2018-05-09,1,1,0
"onset",73265,18525,40.86039,-73.878471,26,"NY",100,"Quercus","alba","white oak","Plantae",501,"Open flowers",11,"2019-01-01","2019-12-31",2019-05-02,122,2019-04-30,2,2,0
"onset",73265,18525,40.86039,-73.878471,26,"NY",100,"Quercus","alba","white oak","Plantae",501,"Open flowers",14,"2022-01-01","2022-12-31",2022-05-13,133,2022-05-11,2,2,0
"onset",73265,18525,40.86039,-73.878471,26,"NY",100,"Quercus","alba","white oak","Plantae",501,"Open flowers",15,"2023-01-01","2023-12-31",2023-04-21,111,2023-04-14,7,1,0
"onset",73265,18525,40.86039,-73.878471,26,"NY",100,"Quercus","alba","white oak","Plantae",501,"Open flowers",16,"2024-01-01","2024-12-31",2024-05-03,124,2024-04-27,6,1,0
"onset",73265,18525,40.86039,-73.878471,26,"NY",100,"Quercus","alba","white oak","Plantae",501,"Open flowers",17,"2025-01-01","2025-12-31",2025-05-01,121,2025-04-27,4,1,0
"onset",73265,18525,40.86039,-73.878471,26,"NY",100,"Quercus","alba","white oak","Plantae",501,"Open flowers",18,"2026-01-01","2026-12-31",2026-05-08,128,2026-04-28,10,3,0
"onset",73362,18534,40.865566,-73.874001,23,"NY",101,"Quercus","macrocarpa","bur oak","Plantae",371,"Breaking leaf buds",8,"2016-01-01","2016-12-31",2016-04-15,106,2016-03-25,21,1,0
"onset",73362,18534,40.865566,-73.874001,23,"NY",101,"Quercus","macrocarpa","bur oak","Plantae",501,"Open flowers",10,"2018-01-01","2018-12-31",2018-05-11,131,2018-05-02,9,1,0
"onset",73372,18535,40.861065,-73.879005,27,"NY",100,"Quercus","alba","white oak","Plantae",371,"Breaking leaf buds",8,"2016-01-01","2016-12-31",2016-04-02,93,2016-03-25,8,1,0
"onset",73372,18535,40.861065,-73.879005,27,"NY",100,"Quercus","alba","white oak","Plantae",371,"Breaking leaf buds",10,"2018-01-01","2018-12-31",2018-04-26,116,2018-04-24,2,1,0
"onset",73372,18535,40.861065,-73.879005,27,"NY",100,"Quercus","alba","white oak","Plantae",371,"Breaking leaf buds",11,"2019-01-01","2019-12-31",2019-04-02,92,2019-03-26,7,9,0
"onset",73372,18535,40.861065,-73.879005,27,"NY",100,"Quercus","alba","white oak","Plantae",371,"Breaking leaf buds",14,"2022-01-01","2022-12-31",2022-04-15,105,2022-04-08,7,1,0
"onset",73372,18535,40.861065,-73.879005,27,"NY",100,"Quercus","alba","white oak","Plantae",371,"Breaking leaf buds",15,"2023-01-01","2023-12-31",2023-04-14,104,2023-04-07,7,1,0
"onset",73372,18535,40.861065,-73.879005,27,"NY",100,"Quercus","alba","white oak","Plantae",371,"Breaking leaf buds",16,"2024-01-01","2024-12-31",2024-03-29,89,2024-03-24,5,2,0
"onset",73372,18535,40.861065,-73.879005,27,"NY",100,"Quercus","alba","white oak","Plantae",371,"Breaking leaf buds",17,"2025-01-01","2025-12-31",2025-04-18,108,2025-04-04,14,2,0
"onset",73372,18535,40.861065,-73.879005,27,"NY",100,"Quercus","alba","white oak","Plantae",371,"Breaking leaf buds",18,"2026-01-01","2026-12-31",2026-04-17,107,2026-03-27,21,1,0
"onset",73372,18535,40.861065,-73.879005,27,"NY",100,"Quercus","alba","white oak","Plantae",501,"Open flowers",8,"2016-01-01","2016-12-31",2016-04-24,115,2016-04-10,14,1,0
"onset",73372,18535,40.861065,-73.879005,27,"NY",100,"Quercus","alba","white oak","Plantae",501,"Open flowers",10,"2018-01-01","2018-12-31",2018-05-10,130,2018-05-03,7,1,0
"onset",73372,18535,40.861065,-73.879005,27,"NY",100,"Quercus","alba","white oak","Plantae",501,"Open flowers",11,"2019-01-01","2019-12-31",2019-04-23,113,2019-04-17,6,3,0
"onset",73372,18535,40.861065,-73.879005,27,"NY",100,"Quercus","alba","white oak","Plantae",501,"Open flowers",14,"2022-01-01","2022-12-31",2022-04-29,119,2022-04-28,1,4,0
"onset",73372,18535,40.861065,-73.879005,27,"NY",100,"Quercus","alba","white oak","Plantae",501,"Open flowers",15,"2023-01-01","2023-12-31",2023-04-21,111,2023-04-14,7,1,0
"onset",73372,18535,40.861065,-73.879005,27,"NY",100,"Quercus","alba","white oak","Plantae",501,"Open flowers",16,"2024-01-01","2024-12-31",2024-05-03,124,2024-04-27,6,2,0
"onset",73372,18535,40.861065,-73.879005,27,"NY",100,"Quercus","alba","white oak","Plantae",501,"Open flowers",17,"2025-01-01","2025-12-31",2025-04-29,119,2025-04-25,4,1,0
"onset",73372,18535,40.861065,-73.879005,27,"NY",100,"Quercus","alba","white oak","Plantae",501,"Open flowers",18,"2026-01-01","2026-12-31",2026-04-24,114,2026-04-17,7,2,0
"onset",73385,18536,40.866119,-73.879341,29,"NY",100,"Quercus","alba","white oak","Plantae",371,"Breaking leaf buds",7,"2015-01-01","2015-12-31",2015-04-16,106,2015-04-10,6,2,0
"onset",73385,18536,40.866119,-73.879341,29,"NY",100,"Quercus","alba","white oak","Plantae",371,"Breaking leaf buds",8,"2016-01-01","2016-12-31",2016-04-01,92,2016-03-25,7,2,0
"onset",73385,18536,40.866119,-73.879341,29,"NY",100,"Quercus","alba","white oak","Plantae",371,"Breaking leaf buds",9,"2017-01-01","2017-12-31",2017-04-05,95,2017-03-30,6,1,0
"onset",73385,18536,40.866119,-73.879341,29,"NY",100,"Quercus","alba","white oak","Plantae",371,"Breaking leaf buds",10,"2018-01-01","2018-12-31",2018-04-18,108,2018-04-14,4,2,0
"onset",73385,18536,40.866119,-73.879341,29,"NY",100,"Quercus","alba","white oak","Plantae",371,"Breaking leaf buds",11,"2019-01-01","2019-12-31",2019-03-27,86,2019-03-19,8,2,0
"onset",73385,18536,40.866119,-73.879341,29,"NY",100,"Quercus","alba","white oak","Plantae",371,"Breaking leaf buds",14,"2022-01-01","2022-12-31",2022-04-24,114,2022-04-17,7,3,0
"onset",73385,18536,40.866119,-73.879341,29,"NY",100,"Quercus","alba","white oak","Plantae",371,"Breaking leaf buds",15,"2023-01-01","2023-12-31",2023-03-30,89,2023-03-23,7,3,0
"onset",73385,18536,40.866119,-73.879341,29,"NY",100,"Quercus","alba","white oak","Plantae",371,"Breaking leaf buds",16,"2024-01-01","2024-12-31",2024-04-22,113,2024-04-19,3,1,0
"onset",73385,18536,40.866119,-73.879341,29,"NY",100,"Quercus","alba","white oak","Plantae",371,"Breaking leaf buds",17,"2025-01-01","2025-12-31",2025-04-04,94,2025-03-29,6,3,0
"onset",73385,18536,40.866119,-73.879341,29,"NY",100,"Quercus","alba","white oak","Plantae",371,"Breaking leaf buds",18,"2026-01-01","2026-12-31",2026-03-20,79,2026-03-11,9,4,0
"onset",73385,18536,40.866119,-73.879341,29,"NY",100,"Quercus","alba","white oak","Plantae",501,"Open flowers",7,"2015-01-01","2015-12-31",2015-04-29,119,2015-04-23,6,2,0
"onset",73385,18536,40.866119,-73.879341,29,"NY",100,"Quercus","alba","white oak","Plantae",501,"Open flowers",8,"2016-01-01","2016-12-31",2016-04-29,120,2016-04-22,7,1,0
"onset",73385,18536,40.866119,-73.879341,29,"NY",100,"Quercus","alba","white oak","Plantae",501,"Open flowers",9,"2017-01-01","2017-12-31",2017-04-28,118,2017-04-19,9,2,0
"onset",73385,18536,40.866119,-73.879341,29,"NY",100,"Quercus","alba","white oak","Plantae",501,"Open flowers",10,"2018-01-01","2018-12-31",2018-05-11,131,2018-05-08,3,1,0
"onset",73385,18536,40.866119,-73.879341,29,"NY",100,"Quercus","alba","white oak","Plantae",501,"Open flowers",11,"2019-01-01","2019-12-31",2019-05-06,126,2019-05-01,5,1,0
"onset",73385,18536,40.866119,-73.879341,29,"NY",100,"Quercus","alba","white oak","Plantae",501,"Open flowers",16,"2024-01-01","2024-12-31",2024-05-11,132,2024-05-07,4,1,0
"onset",73385,18536,40.866119,-73.879341,29,"NY",100,"Quercus","alba","white oak","Plantae",501,"Open flowers",18,"2026-01-01","2026-12-31",2026-04-28,118,2026-04-23,5,1,0
"onset",74466,11430,44.986961,-93.185822,282,"MN",101,"Quercus","macrocarpa","bur oak","Plantae",371,"Breaking leaf buds",8,"2016-01-01","2016-12-31",2016-04-20,111,2016-04-01,19,1,0
"onset",74466,11430,44.986961,-93.185822,282,"MN",101,"Quercus","macrocarpa","bur oak","Plantae",371,"Breaking leaf buds",9,"2017-01-01","2017-12-31",2017-04-26,116,2017-04-10,16,1,0
"onset",74466,11430,44.986961,-93.185822,282,"MN",101,"Quercus","macrocarpa","bur oak","Plantae",371,"Breaking leaf buds",11,"2019-01-01","2019-12-31",2019-04-23,113,2019-04-18,5,1,0
"onset",74466,11430,44.986961,-93.185822,282,"MN",101,"Quercus","macrocarpa","bur oak","Plantae",501,"Open flowers",8,"2016-01-01","2016-12-31",2016-04-20,111,2016-04-01,19,1,0
"onset",74466,11430,44.986961,-93.185822,282,"MN",101,"Quercus","macrocarpa","bur oak","Plantae",501,"Open flowers",9,"2017-01-01","2017-12-31",2017-04-26,116,2017-04-10,16,1,0
"onset",74466,11430,44.986961,-93.185822,282,"MN",101,"Quercus","macrocarpa","bur oak","Plantae",501,"Open flowers",11,"2019-01-01","2019-12-31",2019-04-29,119,2019-04-23,6,1,0
"onset",74474,18740,30.335663,-91.974129,6,"LA",305,"Quercus","virginiana","live oak","Plantae",371,"Breaking leaf buds",6,"2014-01-01","2014-12-31",2014-12-01,335,2014-11-19,12,1,0
"onset",74519,18762,37.228218,-80.423065,639,"VA",101,"Quercus","macrocarpa","bur oak","Plantae",371,"Breaking leaf buds",6,"2014-01-01","2014-12-31",2014-09-25,268,2014-09-22,3,1,0
"onset",74519,18762,37.228218,-80.423065,639,"VA",101,"Quercus","macrocarpa","bur oak","Plantae",501,"Open flowers",6,"2014-01-01","2014-12-31",2014-10-02,275,2014-09-25,7,1,0
"onset",74521,18762,37.228218,-80.423065,639,"VA",100,"Quercus","alba","white oak","Plantae",371,"Breaking leaf buds",6,"2014-01-01","2014-12-31",2014-09-25,268,2014-09-22,3,1,0
"onset",74717,18829,37.214645,-80.447639,617,"VA",305,"Quercus","virginiana","live oak","Plantae",371,"Breaking leaf buds",6,"2014-01-01","2014-12-31",2014-09-26,269,2014-09-22,4,1,0
"onset",74741,18834,44.013351,-96.325378,524,"MN",101,"Quercus","macrocarpa","bur oak","Plantae",371,"Breaking leaf buds",7,"2015-01-01","2015-12-31",2015-05-08,128,2015-05-01,7,1,0
"onset",74741,18834,44.013351,-96.325378,524,"MN",101,"Quercus","macrocarpa","bur oak","Plantae",371,"Breaking leaf buds",8,"2016-01-01","2016-12-31",2016-05-20,141,2016-05-13,7,1,0
"onset",74741,18834,44.013351,-96.325378,524,"MN",101,"Quercus","macrocarpa","bur oak","Plantae",371,"Breaking leaf buds",10,"2018-01-01","2018-12-31",2018-05-14,134,2018-05-04,10,1,0
"onset",74741,18834,44.013351,-96.325378,524,"MN",101,"Quercus","macrocarpa","bur oak","Plantae",501,"Open flowers",6,"2014-01-01","2014-12-31",2014-07-02,183,2014-06-27,5,1,0
"onset",74741,18834,44.013351,-96.325378,524,"MN",101,"Quercus","macrocarpa","bur oak","Plantae",501,"Open flowers",7,"2015-01-01","2015-12-31",2015-04-22,112,2015-04-13,9,1,0
"onset",74741,18834,44.013351,-96.325378,524,"MN",101,"Quercus","macrocarpa","bur oak","Plantae",501,"Open flowers",8,"2016-01-01","2016-12-31",2016-05-20,141,2016-05-13,7,1,0
"onset",74741,18834,44.013351,-96.325378,524,"MN",101,"Quercus","macrocarpa","bur oak","Plantae",501,"Open flowers",9,"2017-01-01","2017-12-31",2017-05-19,139,2017-05-12,7,1,0
"onset",74778,18939,42.365437,-71.258598,36,"MA",100,"Quercus","alba","white oak","Plantae",371,"Breaking leaf buds",14,"2022-01-01","2022-12-31",2022-03-22,81,2022-03-17,5,1,0
"onset",75837,9340,35.642353,-83.687431,513,"TN",1212,"Quercus","montana","chestnut oak","Plantae",371,"Breaking leaf buds",3,"2011-01-01","2011-12-31",2011-04-14,104,2011-04-07,7,1,0
"onset",75837,9340,35.642353,-83.687431,513,"TN",1212,"Quercus","montana","chestnut oak","Plantae",371,"Breaking leaf buds",4,"2012-01-01","2012-12-31",2012-03-31,91,2012-03-21,10,1,0
"onset",75837,9340,35.642353,-83.687431,513,"TN",1212,"Quercus","montana","chestnut oak","Plantae",371,"Breaking leaf buds",5,"2013-01-01","2013-12-31",2013-04-13,103,2013-04-06,7,1,0
"onset",75837,9340,35.642353,-83.687431,513,"TN",1212,"Quercus","montana","chestnut oak","Plantae",371,"Breaking leaf buds",6,"2014-01-01","2014-12-31",2014-04-12,102,2014-04-05,7,1,0
"onset",75837,9340,35.642353,-83.687431,513,"TN",1212,"Quercus","montana","chestnut oak","Plantae",371,"Breaking leaf buds",7,"2015-01-01","2015-12-31",2015-04-11,101,2015-04-04,7,1,0
"onset",75837,9340,35.642353,-83.687431,513,"TN",1212,"Quercus","montana","chestnut oak","Plantae",371,"Breaking leaf buds",8,"2016-01-01","2016-12-31",2016-04-15,106,2016-04-08,7,1,0
"onset",75837,9340,35.642353,-83.687431,513,"TN",1212,"Quercus","montana","chestnut oak","Plantae",371,"Breaking leaf buds",9,"2017-01-01","2017-12-31",2017-04-15,105,2017-04-08,7,1,0
"onset",75837,9340,35.642353,-83.687431,513,"TN",1212,"Quercus","montana","chestnut oak","Plantae",371,"Breaking leaf buds",10,"2018-01-01","2018-12-31",2018-04-20,110,2018-04-13,7,1,0
"onset",75837,9340,35.642353,-83.687431,513,"TN",1212,"Quercus","montana","chestnut oak","Plantae",371,"Breaking leaf buds",11,"2019-01-01","2019-12-31",2019-03-02,61,2019-02-24,6,2,0
"onset",75837,9340,35.642353,-83.687431,513,"TN",1212,"Quercus","montana","chestnut oak","Plantae",371,"Breaking leaf buds",13,"2021-01-01","2021-12-31",2021-04-17,107,2021-04-12,5,1,0
"onset",75837,9340,35.642353,-83.687431,513,"TN",1212,"Quercus","montana","chestnut oak","Plantae",371,"Breaking leaf buds",14,"2022-01-01","2022-12-31",2022-04-16,106,2022-04-09,7,1,0
"onset",75837,9340,35.642353,-83.687431,513,"TN",1212,"Quercus","montana","chestnut oak","Plantae",371,"Breaking leaf buds",16,"2024-01-01","2024-12-31",2024-02-29,60,2024-02-18,11,1,0
"onset",75837,9340,35.642353,-83.687431,513,"TN",1212,"Quercus","montana","chestnut oak","Plantae",371,"Breaking leaf buds",18,"2026-01-01","2026-12-31",2026-04-11,101,2026-04-04,7,1,0
"onset",75837,9340,35.642353,-83.687431,513,"TN",1212,"Quercus","montana","chestnut oak","Plantae",501,"Open flowers",3,"2011-01-01","2011-12-31",2011-04-14,104,2011-04-07,7,1,0
"onset",75837,9340,35.642353,-83.687431,513,"TN",1212,"Quercus","montana","chestnut oak","Plantae",501,"Open flowers",7,"2015-01-01","2015-12-31",2015-04-24,114,2015-04-11,13,1,0
"onset",75837,9340,35.642353,-83.687431,513,"TN",1212,"Quercus","montana","chestnut oak","Plantae",501,"Open flowers",8,"2016-01-01","2016-12-31",2016-04-23,114,2016-04-15,8,1,0
"onset",75838,9340,35.642353,-83.687431,513,"TN",1212,"Quercus","montana","chestnut oak","Plantae",371,"Breaking leaf buds",5,"2013-01-01","2013-12-31",2013-04-13,103,2013-04-06,7,1,0
"onset",75838,9340,35.642353,-83.687431,513,"TN",1212,"Quercus","montana","chestnut oak","Plantae",371,"Breaking leaf buds",6,"2014-01-01","2014-12-31",2014-03-30,89,2014-03-22,8,1,0
"onset",75838,9340,35.642353,-83.687431,513,"TN",1212,"Quercus","montana","chestnut oak","Plantae",371,"Breaking leaf buds",7,"2015-01-01","2015-12-31",2015-04-11,101,2015-04-04,7,1,0
"onset",75838,9340,35.642353,-83.687431,513,"TN",1212,"Quercus","montana","chestnut oak","Plantae",371,"Breaking leaf buds",8,"2016-01-01","2016-12-31",2016-04-01,92,2016-03-26,6,1,0
"onset",75838,9340,35.642353,-83.687431,513,"TN",1212,"Quercus","montana","chestnut oak","Plantae",371,"Breaking leaf buds",9,"2017-01-01","2017-12-31",2017-04-08,98,2017-04-01,7,1,0
"onset",75838,9340,35.642353,-83.687431,513,"TN",1212,"Quercus","montana","chestnut oak","Plantae",371,"Breaking leaf buds",10,"2018-01-01","2018-12-31",2018-04-13,103,2018-04-06,7,1,0
"onset",75838,9340,35.642353,-83.687431,513,"TN",1212,"Quercus","montana","chestnut oak","Plantae",371,"Breaking leaf buds",11,"2019-01-01","2019-12-31",2019-03-09,68,2019-03-02,7,2,0
"onset",75838,9340,35.642353,-83.687431,513,"TN",1212,"Quercus","montana","chestnut oak","Plantae",371,"Breaking leaf buds",13,"2021-01-01","2021-12-31",2021-04-12,102,2021-04-03,9,1,0
"onset",75838,9340,35.642353,-83.687431,513,"TN",1212,"Quercus","montana","chestnut oak","Plantae",371,"Breaking leaf buds",14,"2022-01-01","2022-12-31",2022-04-02,92,2022-03-25,8,1,0
"onset",75838,9340,35.642353,-83.687431,513,"TN",1212,"Quercus","montana","chestnut oak","Plantae",371,"Breaking leaf buds",16,"2024-01-01","2024-12-31",2024-03-24,84,2024-02-29,24,1,0
"onset",75838,9340,35.642353,-83.687431,513,"TN",1212,"Quercus","montana","chestnut oak","Plantae",371,"Breaking leaf buds",18,"2026-01-01","2026-12-31",2026-04-04,94,2026-03-29,6,1,0
"onset",75838,9340,35.642353,-83.687431,513,"TN",1212,"Quercus","montana","chestnut oak","Plantae",501,"Open flowers",3,"2011-01-01","2011-12-31",2011-04-14,104,2011-04-07,7,1,0
"onset",77049,19214,35.534603,-82.976784,844,"NC",1212,"Quercus","montana","chestnut oak","Plantae",371,"Breaking leaf buds",13,"2021-01-01","2021-12-31",2021-03-27,86,2021-03-23,4,1,0
"onset",77524,16302,36.137142,-81.109833,354,"NC",100,"Quercus","alba","white oak","Plantae",371,"Breaking leaf buds",7,"2015-01-01","2015-12-31",2015-03-26,85,2015-03-13,13,1,0
"onset",78029,12002,35.633415,-83.941086,635,"TN",1212,"Quercus","montana","chestnut oak","Plantae",371,"Breaking leaf buds",6,"2014-01-01","2014-12-31",2014-04-08,98,2014-04-02,6,1,0
"onset",78029,12002,35.633415,-83.941086,635,"TN",1212,"Quercus","montana","chestnut oak","Plantae",371,"Breaking leaf buds",7,"2015-01-01","2015-12-31",2015-04-14,104,2015-04-03,11,1,0
"onset",78029,12002,35.633415,-83.941086,635,"TN",1212,"Quercus","montana","chestnut oak","Plantae",371,"Breaking leaf buds",8,"2016-01-01","2016-12-31",2016-03-20,80,2016-03-19,1,5,0
"onset",78029,12002,35.633415,-83.941086,635,"TN",1212,"Quercus","montana","chestnut oak","Plantae",371,"Breaking leaf buds",9,"2017-01-01","2017-12-31",2017-03-13,72,2017-03-12,1,4,0
"onset",78029,12002,35.633415,-83.941086,635,"TN",1212,"Quercus","montana","chestnut oak","Plantae",371,"Breaking leaf buds",10,"2018-01-01","2018-12-31",2018-03-17,76,2018-03-11,6,4,0
"onset",78029,12002,35.633415,-83.941086,635,"TN",1212,"Quercus","montana","chestnut oak","Plantae",371,"Breaking leaf buds",13,"2021-01-01","2021-12-31",2021-04-03,93,2021-03-20,14,3,0
"onset",78029,12002,35.633415,-83.941086,635,"TN",1212,"Quercus","montana","chestnut oak","Plantae",371,"Breaking leaf buds",15,"2023-01-01","2023-12-31",2023-04-09,99,2023-03-30,10,1,0
"onset",78029,12002,35.633415,-83.941086,635,"TN",1212,"Quercus","montana","chestnut oak","Plantae",371,"Breaking leaf buds",16,"2024-01-01","2024-12-31",2024-04-24,115,2024-04-04,20,2,0
"onset",78029,12002,35.633415,-83.941086,635,"TN",1212,"Quercus","montana","chestnut oak","Plantae",371,"Breaking leaf buds",17,"2025-01-01","2025-12-31",2025-04-09,99,2025-03-26,14,1,0
"onset",78029,12002,35.633415,-83.941086,635,"TN",1212,"Quercus","montana","chestnut oak","Plantae",371,"Breaking leaf buds",18,"2026-01-01","2026-12-31",2026-03-29,88,2026-03-08,21,1,0
"onset",78029,12002,35.633415,-83.941086,635,"TN",1212,"Quercus","montana","chestnut oak","Plantae",501,"Open flowers",6,"2014-01-01","2014-12-31",2014-04-02,92,2014-03-15,18,1,0
"onset",78029,12002,35.633415,-83.941086,635,"TN",1212,"Quercus","montana","chestnut oak","Plantae",501,"Open flowers",7,"2015-01-01","2015-12-31",2015-04-14,104,2015-04-03,11,2,0
"onset",78030,12002,35.633415,-83.941086,635,"TN",1212,"Quercus","montana","chestnut oak","Plantae",371,"Breaking leaf buds",6,"2014-01-01","2014-12-31",2014-04-08,98,2014-04-02,6,1,0
"onset",78030,12002,35.633415,-83.941086,635,"TN",1212,"Quercus","montana","chestnut oak","Plantae",371,"Breaking leaf buds",7,"2015-01-01","2015-12-31",2015-04-14,104,2015-04-03,11,3,0
"onset",78030,12002,35.633415,-83.941086,635,"TN",1212,"Quercus","montana","chestnut oak","Plantae",371,"Breaking leaf buds",8,"2016-01-01","2016-12-31",2016-03-20,80,2016-03-19,1,4,0
"onset",78030,12002,35.633415,-83.941086,635,"TN",1212,"Quercus","montana","chestnut oak","Plantae",371,"Breaking leaf buds",9,"2017-01-01","2017-12-31",2017-03-13,72,2017-03-12,1,2,0
"onset",78030,12002,35.633415,-83.941086,635,"TN",1212,"Quercus","montana","chestnut oak","Plantae",371,"Breaking leaf buds",10,"2018-01-01","2018-12-31",2018-03-17,76,2018-03-11,6,3,0
"onset",78030,12002,35.633415,-83.941086,635,"TN",1212,"Quercus","montana","chestnut oak","Plantae",371,"Breaking leaf buds",11,"2019-01-01","2019-12-31",2019-04-06,96,2019-04-03,3,1,0
"onset",78030,12002,35.633415,-83.941086,635,"TN",1212,"Quercus","montana","chestnut oak","Plantae",371,"Breaking leaf buds",13,"2021-01-01","2021-12-31",2021-04-03,93,2021-03-20,14,2,0
"onset",78030,12002,35.633415,-83.941086,635,"TN",1212,"Quercus","montana","chestnut oak","Plantae",371,"Breaking leaf buds",15,"2023-01-01","2023-12-31",2023-04-09,99,2023-03-30,10,2,0
"onset",78030,12002,35.633415,-83.941086,635,"TN",1212,"Quercus","montana","chestnut oak","Plantae",371,"Breaking leaf buds",16,"2024-01-01","2024-12-31",2024-04-04,95,2024-03-28,7,2,0
"onset",78030,12002,35.633415,-83.941086,635,"TN",1212,"Quercus","montana","chestnut oak","Plantae",371,"Breaking leaf buds",17,"2025-01-01","2025-12-31",2025-03-22,81,2025-03-09,13,2,0
"onset",78030,12002,35.633415,-83.941086,635,"TN",1212,"Quercus","montana","chestnut oak","Plantae",371,"Breaking leaf buds",18,"2026-01-01","2026-12-31",2026-03-29,88,2026-03-08,21,1,0
"onset",78030,12002,35.633415,-83.941086,635,"TN",1212,"Quercus","montana","chestnut oak","Plantae",501,"Open flowers",7,"2015-01-01","2015-12-31",2015-04-21,111,2015-04-16,5,1,0
"onset",78260,16645,37.189873,-80.088455,578,"VA",100,"Quercus","alba","white oak","Plantae",371,"Breaking leaf buds",6,"2014-01-01","2014-12-31",2014-04-08,98,2014-04-01,7,1,0
"onset",78260,16645,37.189873,-80.088455,578,"VA",100,"Quercus","alba","white oak","Plantae",501,"Open flowers",6,"2014-01-01","2014-12-31",2014-04-22,112,2014-04-18,4,1,0
"onset",78262,16645,37.189873,-80.088455,578,"VA",100,"Quercus","alba","white oak","Plantae",371,"Breaking leaf buds",6,"2014-01-01","2014-12-31",2014-04-08,98,2014-04-01,7,1,0
"onset",78262,16645,37.189873,-80.088455,578,"VA",100,"Quercus","alba","white oak","Plantae",501,"Open flowers",6,"2014-01-01","2014-12-31",2014-04-28,118,2014-04-22,6,1,0
"onset",78440,19505,37.230183,-80.419189,645,"VA",100,"Quercus","alba","white oak","Plantae",371,"Breaking leaf buds",6,"2014-01-01","2014-12-31",2014-10-09,282,2014-10-05,4,1,0
"onset",78527,18867,38.216927,-85.762497,140,"KY",100,"Quercus","alba","white oak","Plantae",371,"Breaking leaf buds",8,"2016-01-01","2016-12-31",2016-03-07,67,2016-03-04,3,5,0
"onset",78527,18867,38.216927,-85.762497,140,"KY",100,"Quercus","alba","white oak","Plantae",371,"Breaking leaf buds",9,"2017-01-01","2017-12-31",2017-04-03,93,2017-03-30,4,3,0
"onset",78527,18867,38.216927,-85.762497,140,"KY",100,"Quercus","alba","white oak","Plantae",371,"Breaking leaf buds",10,"2018-01-01","2018-12-31",2018-02-14,45,2018-02-13,1,1,0
"onset",78527,18867,38.216927,-85.762497,140,"KY",100,"Quercus","alba","white oak","Plantae",501,"Open flowers",7,"2015-01-01","2015-12-31",2015-04-16,106,2015-04-15,1,1,0
"onset",78532,18867,38.216927,-85.762497,140,"KY",1212,"Quercus","montana","chestnut oak","Plantae",371,"Breaking leaf buds",8,"2016-01-01","2016-12-31",2016-02-16,47,2016-02-15,1,3,0
"onset",78532,18867,38.216927,-85.762497,140,"KY",1212,"Quercus","montana","chestnut oak","Plantae",371,"Breaking leaf buds",9,"2017-01-01","2017-12-31",2017-03-31,90,2017-03-29,2,2,0
"onset",78532,18867,38.216927,-85.762497,140,"KY",1212,"Quercus","montana","chestnut oak","Plantae",501,"Open flowers",7,"2015-01-01","2015-12-31",2015-04-15,105,2015-04-14,1,1,0
"onset",78532,18867,38.216927,-85.762497,140,"KY",1212,"Quercus","montana","chestnut oak","Plantae",501,"Open flowers",9,"2017-01-01","2017-12-31",2017-03-31,90,2017-03-29,2,1,0
"onset",79196,19649,30.292294,-95.320061,52,"TX",100,"Quercus","alba","white oak","Plantae",501,"Open flowers",7,"2015-01-01","2015-12-31",2015-03-19,78,2015-03-03,16,1,0
"onset",81207,19775,37.220814,-80.416328,630,"VA",100,"Quercus","alba","white oak","Plantae",371,"Breaking leaf buds",7,"2015-01-01","2015-12-31",2015-04-15,105,2015-04-11,4,1,0
"onset",85212,17405,35.273144,-82.453087,675,"NC",100,"Quercus","alba","white oak","Plantae",501,"Open flowers",8,"2016-01-01","2016-12-31",2016-04-06,97,2016-04-04,2,1,0
"onset",85635,8460,43.09248,-73.591904,66,"NY",100,"Quercus","alba","white oak","Plantae",371,"Breaking leaf buds",7,"2015-01-01","2015-12-31",2015-05-04,124,2015-04-27,7,1,0
"onset",85635,8460,43.09248,-73.591904,66,"NY",100,"Quercus","alba","white oak","Plantae",371,"Breaking leaf buds",8,"2016-01-01","2016-12-31",2016-04-20,111,2016-04-14,6,1,0
"onset",85635,8460,43.09248,-73.591904,66,"NY",100,"Quercus","alba","white oak","Plantae",371,"Breaking leaf buds",9,"2017-01-01","2017-12-31",2017-05-02,122,2017-04-25,7,2,0
"onset",85635,8460,43.09248,-73.591904,66,"NY",100,"Quercus","alba","white oak","Plantae",371,"Breaking leaf buds",10,"2018-01-01","2018-12-31",2018-05-08,128,2018-04-30,8,1,0
"onset",85635,8460,43.09248,-73.591904,66,"NY",100,"Quercus","alba","white oak","Plantae",371,"Breaking leaf buds",11,"2019-01-01","2019-12-31",2019-05-07,127,2019-04-29,8,1,0
"onset",85635,8460,43.09248,-73.591904,66,"NY",100,"Quercus","alba","white oak","Plantae",371,"Breaking leaf buds",13,"2021-01-01","2021-12-31",2021-04-14,104,2021-04-07,7,1,0
"onset",85635,8460,43.09248,-73.591904,66,"NY",100,"Quercus","alba","white oak","Plantae",371,"Breaking leaf buds",14,"2022-01-01","2022-12-31",2022-05-05,125,2022-04-27,8,1,0
"onset",85635,8460,43.09248,-73.591904,66,"NY",100,"Quercus","alba","white oak","Plantae",371,"Breaking leaf buds",15,"2023-01-01","2023-12-31",2023-04-26,116,2023-04-17,9,1,0
"onset",85635,8460,43.09248,-73.591904,66,"NY",100,"Quercus","alba","white oak","Plantae",371,"Breaking leaf buds",16,"2024-01-01","2024-12-31",2024-04-29,120,2024-04-22,7,1,0
"onset",85635,8460,43.09248,-73.591904,66,"NY",100,"Quercus","alba","white oak","Plantae",501,"Open flowers",7,"2015-01-01","2015-12-31",2015-05-26,146,2015-05-14,12,1,0
"onset",85635,8460,43.09248,-73.591904,66,"NY",100,"Quercus","alba","white oak","Plantae",501,"Open flowers",8,"2016-01-01","2016-12-31",2016-05-16,137,2016-05-03,13,1,0
"onset",85635,8460,43.09248,-73.591904,66,"NY",100,"Quercus","alba","white oak","Plantae",501,"Open flowers",9,"2017-01-01","2017-12-31",2017-05-11,131,2017-05-08,3,1,0
"onset",85635,8460,43.09248,-73.591904,66,"NY",100,"Quercus","alba","white oak","Plantae",501,"Open flowers",13,"2021-01-01","2021-12-31",2021-05-05,125,2021-04-26,9,2,0
"onset",85635,8460,43.09248,-73.591904,66,"NY",100,"Quercus","alba","white oak","Plantae",501,"Open flowers",14,"2022-01-01","2022-12-31",2022-05-26,146,2022-05-17,9,1,0
"onset",85635,8460,43.09248,-73.591904,66,"NY",100,"Quercus","alba","white oak","Plantae",501,"Open flowers",15,"2023-01-01","2023-12-31",2023-05-17,137,2023-05-08,9,1,0
"onset",85635,8460,43.09248,-73.591904,66,"NY",100,"Quercus","alba","white oak","Plantae",501,"Open flowers",17,"2025-01-01","2025-12-31",2025-05-12,132,2025-04-29,13,1,0
"onset",86827,18867,38.216927,-85.762497,140,"KY",100,"Quercus","alba","white oak","Plantae",371,"Breaking leaf buds",8,"2016-01-01","2016-12-31",2016-03-05,65,2016-03-04,1,3,0
"onset",86827,18867,38.216927,-85.762497,140,"KY",100,"Quercus","alba","white oak","Plantae",371,"Breaking leaf buds",9,"2017-01-01","2017-12-31",2017-03-29,88,2017-03-28,1,4,0
"onset",86827,18867,38.216927,-85.762497,140,"KY",100,"Quercus","alba","white oak","Plantae",371,"Breaking leaf buds",10,"2018-01-01","2018-12-31",2018-02-14,45,2018-02-13,1,2,0
"onset",86827,18867,38.216927,-85.762497,140,"KY",100,"Quercus","alba","white oak","Plantae",501,"Open flowers",7,"2015-01-01","2015-12-31",2015-04-16,106,2015-04-14,2,1,0
"onset",86827,18867,38.216927,-85.762497,140,"KY",100,"Quercus","alba","white oak","Plantae",501,"Open flowers",8,"2016-01-01","2016-12-31",2016-11-15,320,2016-11-14,1,1,0
"onset",86827,18867,38.216927,-85.762497,140,"KY",100,"Quercus","alba","white oak","Plantae",501,"Open flowers",9,"2017-01-01","2017-12-31",2017-03-29,88,2017-03-28,1,1,0
"onset",87756,20223,42.296417,-71.128052,48,"MA",100,"Quercus","alba","white oak","Plantae",371,"Breaking leaf buds",8,"2016-01-01","2016-12-31",2016-04-17,108,2016-04-16,1,4,0
"onset",87756,20223,42.296417,-71.128052,48,"MA",100,"Quercus","alba","white oak","Plantae",371,"Breaking leaf buds",9,"2017-01-01","2017-12-31",2017-04-14,104,2017-04-12,2,5,0
"onset",87756,20223,42.296417,-71.128052,48,"MA",100,"Quercus","alba","white oak","Plantae",371,"Breaking leaf buds",10,"2018-01-01","2018-12-31",2018-05-04,124,2018-05-02,2,1,0
"onset",87756,20223,42.296417,-71.128052,48,"MA",100,"Quercus","alba","white oak","Plantae",371,"Breaking leaf buds",11,"2019-01-01","2019-12-31",2019-04-23,113,2019-04-19,4,5,0
"onset",87756,20223,42.296417,-71.128052,48,"MA",100,"Quercus","alba","white oak","Plantae",371,"Breaking leaf buds",12,"2020-01-01","2020-12-31",2020-04-26,117,2020-04-25,1,2,0
"onset",87756,20223,42.296417,-71.128052,48,"MA",100,"Quercus","alba","white oak","Plantae",371,"Breaking leaf buds",13,"2021-01-01","2021-12-31",2021-04-23,113,2021-04-18,5,1,0
"onset",87756,20223,42.296417,-71.128052,48,"MA",100,"Quercus","alba","white oak","Plantae",371,"Breaking leaf buds",14,"2022-01-01","2022-12-31",2022-04-04,94,2022-04-01,3,4,0
"onset",87756,20223,42.296417,-71.128052,48,"MA",100,"Quercus","alba","white oak","Plantae",371,"Breaking leaf buds",15,"2023-01-01","2023-12-31",2023-04-04,94,2023-03-27,8,2,0
"onset",87756,20223,42.296417,-71.128052,48,"MA",100,"Quercus","alba","white oak","Plantae",371,"Breaking leaf buds",16,"2024-01-01","2024-12-31",2024-04-25,116,2024-04-21,4,1,0
"onset",87756,20223,42.296417,-71.128052,48,"MA",100,"Quercus","alba","white oak","Plantae",371,"Breaking leaf buds",17,"2025-01-01","2025-12-31",2025-04-25,115,2025-04-20,5,2,0
"onset",87756,20223,42.296417,-71.128052,48,"MA",100,"Quercus","alba","white oak","Plantae",371,"Breaking leaf buds",18,"2026-01-01","2026-12-31",2026-04-28,118,2026-04-21,7,1,0
"onset",87756,20223,42.296417,-71.128052,48,"MA",100,"Quercus","alba","white oak","Plantae",501,"Open flowers",8,"2016-01-01","2016-12-31",2016-04-24,115,2016-04-23,1,3,0
"onset",87756,20223,42.296417,-71.128052,48,"MA",100,"Quercus","alba","white oak","Plantae",501,"Open flowers",9,"2017-01-01","2017-12-31",2017-06-01,152,2017-05-29,3,1,0
"onset",87756,20223,42.296417,-71.128052,48,"MA",100,"Quercus","alba","white oak","Plantae",501,"Open flowers",10,"2018-01-01","2018-12-31",2018-05-16,136,2018-05-14,2,2,0
"onset",87756,20223,42.296417,-71.128052,48,"MA",100,"Quercus","alba","white oak","Plantae",501,"Open flowers",14,"2022-01-01","2022-12-31",2022-05-23,143,2022-05-20,3,1,0
"onset",87758,20343,42.300278,-71.124771,43,"MA",100,"Quercus","alba","white oak","Plantae",371,"Breaking leaf buds",8,"2016-01-01","2016-12-31",2016-04-24,115,2016-04-14,10,1,0
"onset",87758,20343,42.300278,-71.124771,43,"MA",100,"Quercus","alba","white oak","Plantae",371,"Breaking leaf buds",9,"2017-01-01","2017-12-31",2017-04-23,113,2017-04-20,3,4,0
"onset",87758,20343,42.300278,-71.124771,43,"MA",100,"Quercus","alba","white oak","Plantae",371,"Breaking leaf buds",10,"2018-01-01","2018-12-31",2018-05-02,122,2018-04-28,4,1,0
"onset",87758,20343,42.300278,-71.124771,43,"MA",100,"Quercus","alba","white oak","Plantae",371,"Breaking leaf buds",11,"2019-01-01","2019-12-31",2019-04-10,100,2019-04-07,3,2,0
"onset",87758,20343,42.300278,-71.124771,43,"MA",100,"Quercus","alba","white oak","Plantae",501,"Open flowers",8,"2016-01-01","2016-12-31",2016-05-21,142,2016-05-06,15,1,0
"onset",87758,20343,42.300278,-71.124771,43,"MA",100,"Quercus","alba","white oak","Plantae",501,"Open flowers",9,"2017-01-01","2017-12-31",2017-05-07,127,2017-05-06,1,3,0
"onset",87758,20343,42.300278,-71.124771,43,"MA",100,"Quercus","alba","white oak","Plantae",501,"Open flowers",10,"2018-01-01","2018-12-31",2018-05-16,136,2018-05-15,1,1,0
"onset",87758,20343,42.300278,-71.124771,43,"MA",100,"Quercus","alba","white oak","Plantae",501,"Open flowers",11,"2019-01-01","2019-12-31",2019-05-08,128,2019-05-01,7,4,0
"onset",87759,20343,42.300278,-71.124771,43,"MA",100,"Quercus","alba","white oak","Plantae",371,"Breaking leaf buds",8,"2016-01-01","2016-12-31",2016-05-06,127,2016-04-24,12,1,0
"onset",87759,20343,42.300278,-71.124771,43,"MA",100,"Quercus","alba","white oak","Plantae",371,"Breaking leaf buds",9,"2017-01-01","2017-12-31",2017-04-20,110,2017-04-15,5,2,0
"onset",87759,20343,42.300278,-71.124771,43,"MA",100,"Quercus","alba","white oak","Plantae",371,"Breaking leaf buds",10,"2018-01-01","2018-12-31",2018-05-02,122,2018-04-28,4,1,0
"onset",87759,20343,42.300278,-71.124771,43,"MA",100,"Quercus","alba","white oak","Plantae",371,"Breaking leaf buds",11,"2019-01-01","2019-12-31",2019-04-10,100,2019-04-07,3,2,0
"onset",87759,20343,42.300278,-71.124771,43,"MA",100,"Quercus","alba","white oak","Plantae",501,"Open flowers",8,"2016-01-01","2016-12-31",2016-05-21,142,2016-05-06,15,1,0
"onset",87759,20343,42.300278,-71.124771,43,"MA",100,"Quercus","alba","white oak","Plantae",501,"Open flowers",9,"2017-01-01","2017-12-31",2017-05-12,132,2017-05-09,3,2,0
"onset",87759,20343,42.300278,-71.124771,43,"MA",100,"Quercus","alba","white oak","Plantae",501,"Open flowers",10,"2018-01-01","2018-12-31",2018-05-16,136,2018-05-06,10,1,0
"onset",87759,20343,42.300278,-71.124771,43,"MA",100,"Quercus","alba","white oak","Plantae",501,"Open flowers",11,"2019-01-01","2019-12-31",2019-05-08,128,2019-05-01,7,3,0
"onset",87761,20343,42.300278,-71.124771,43,"MA",100,"Quercus","alba","white oak","Plantae",371,"Breaking leaf buds",8,"2016-01-01","2016-12-31",2016-04-24,115,2016-04-14,10,1,0
"onset",87761,20343,42.300278,-71.124771,43,"MA",100,"Quercus","alba","white oak","Plantae",371,"Breaking leaf buds",9,"2017-01-01","2017-12-31",2017-04-27,117,2017-04-23,4,2,0
"onset",87761,20343,42.300278,-71.124771,43,"MA",100,"Quercus","alba","white oak","Plantae",371,"Breaking leaf buds",10,"2018-01-01","2018-12-31",2018-05-02,122,2018-05-01,1,2,0
"onset",87761,20343,42.300278,-71.124771,43,"MA",100,"Quercus","alba","white oak","Plantae",371,"Breaking leaf buds",11,"2019-01-01","2019-12-31",2019-04-10,100,2019-04-07,3,3,0
"onset",87761,20343,42.300278,-71.124771,43,"MA",100,"Quercus","alba","white oak","Plantae",371,"Breaking leaf buds",13,"2021-01-01","2021-12-31",2021-04-26,116,2021-04-19,7,1,0
"onset",87761,20343,42.300278,-71.124771,43,"MA",100,"Quercus","alba","white oak","Plantae",371,"Breaking leaf buds",14,"2022-01-01","2022-12-31",2022-05-06,126,2022-04-27,9,1,0
"onset",87761,20343,42.300278,-71.124771,43,"MA",100,"Quercus","alba","white oak","Plantae",371,"Breaking leaf buds",16,"2024-01-01","2024-12-31",2024-04-30,121,2024-04-23,7,1,0
"onset",87761,20343,42.300278,-71.124771,43,"MA",100,"Quercus","alba","white oak","Plantae",371,"Breaking leaf buds",17,"2025-01-01","2025-12-31",2025-04-25,115,2025-04-21,4,1,0
"onset",87761,20343,42.300278,-71.124771,43,"MA",100,"Quercus","alba","white oak","Plantae",371,"Breaking leaf buds",18,"2026-01-01","2026-12-31",2026-05-01,121,2026-04-21,10,1,0
"onset",87761,20343,42.300278,-71.124771,43,"MA",100,"Quercus","alba","white oak","Plantae",501,"Open flowers",10,"2018-01-01","2018-12-31",2018-05-16,136,2018-05-11,5,1,0
"onset",87761,20343,42.300278,-71.124771,43,"MA",100,"Quercus","alba","white oak","Plantae",501,"Open flowers",11,"2019-01-01","2019-12-31",2019-05-31,151,2019-05-28,3,1,0
"onset",88311,20343,42.300278,-71.124771,43,"MA",100,"Quercus","alba","white oak","Plantae",371,"Breaking leaf buds",8,"2016-01-01","2016-12-31",2016-04-24,115,2016-04-14,10,1,0
"onset",88311,20343,42.300278,-71.124771,43,"MA",100,"Quercus","alba","white oak","Plantae",371,"Breaking leaf buds",9,"2017-01-01","2017-12-31",2017-04-20,110,2017-04-09,11,2,0
"onset",88311,20343,42.300278,-71.124771,43,"MA",100,"Quercus","alba","white oak","Plantae",371,"Breaking leaf buds",10,"2018-01-01","2018-12-31",2018-05-02,122,2018-04-28,4,2,0
"onset",88311,20343,42.300278,-71.124771,43,"MA",100,"Quercus","alba","white oak","Plantae",371,"Breaking leaf buds",11,"2019-01-01","2019-12-31",2019-04-10,100,2019-04-07,3,2,0
"onset",88311,20343,42.300278,-71.124771,43,"MA",100,"Quercus","alba","white oak","Plantae",371,"Breaking leaf buds",13,"2021-01-01","2021-12-31",2021-04-28,118,2021-04-19,9,1,0
"onset",88311,20343,42.300278,-71.124771,43,"MA",100,"Quercus","alba","white oak","Plantae",371,"Breaking leaf buds",16,"2024-01-01","2024-12-31",2024-05-07,128,2024-04-10,27,1,0
"onset",88311,20343,42.300278,-71.124771,43,"MA",100,"Quercus","alba","white oak","Plantae",501,"Open flowers",8,"2016-01-01","2016-12-31",2016-05-21,142,2016-05-06,15,1,0
"onset",88311,20343,42.300278,-71.124771,43,"MA",100,"Quercus","alba","white oak","Plantae",501,"Open flowers",9,"2017-01-01","2017-12-31",2017-05-07,127,2017-05-04,3,2,0
"onset",88311,20343,42.300278,-71.124771,43,"MA",100,"Quercus","alba","white oak","Plantae",501,"Open flowers",10,"2018-01-01","2018-12-31",2018-05-11,131,2018-05-09,2,1,0
"onset",88311,20343,42.300278,-71.124771,43,"MA",100,"Quercus","alba","white oak","Plantae",501,"Open flowers",11,"2019-01-01","2019-12-31",2019-05-31,151,2019-05-28,3,1,0
"onset",88311,20343,42.300278,-71.124771,43,"MA",100,"Quercus","alba","white oak","Plantae",501,"Open flowers",13,"2021-01-01","2021-12-31",2021-05-11,131,2021-04-28,13,1,0
"onset",93093,21349,42.118385,-71.915535,220,"MA",305,"Quercus","virginiana","live oak","Plantae",371,"Breaking leaf buds",7,"2015-01-01","2015-12-31",2015-07-03,184,2015-07-02,1,6,0
"onset",93093,21349,42.118385,-71.915535,220,"MA",305,"Quercus","virginiana","live oak","Plantae",501,"Open flowers",7,"2015-01-01","2015-12-31",2015-07-04,185,2015-07-03,1,6,0
"onset",94352,21525,41.597977,-93.627502,252,"IA",101,"Quercus","macrocarpa","bur oak","Plantae",371,"Breaking leaf buds",7,"2015-01-01","2015-12-31",2015-09-10,253,2015-09-08,2,1,0
"onset",94352,21525,41.597977,-93.627502,252,"IA",101,"Quercus","macrocarpa","bur oak","Plantae",371,"Breaking leaf buds",8,"2016-01-01","2016-12-31",2016-09-17,261,2016-09-15,2,2,0
"onset",94352,21525,41.597977,-93.627502,252,"IA",101,"Quercus","macrocarpa","bur oak","Plantae",501,"Open flowers",7,"2015-01-01","2015-12-31",2015-10-10,283,2015-09-15,25,1,0
"onset",96312,9086,37.381329,-80.088806,476,"VA",100,"Quercus","alba","white oak","Plantae",371,"Breaking leaf buds",10,"2018-01-01","2018-12-31",2018-03-31,90,2018-03-19,12,2,0
"onset",96313,9086,37.381329,-80.088806,476,"VA",100,"Quercus","alba","white oak","Plantae",371,"Breaking leaf buds",10,"2018-01-01","2018-12-31",2018-03-31,90,2018-03-19,12,2,0
"onset",96828,22017,35.497227,-82.608856,671,"NC",100,"Quercus","alba","white oak","Plantae",371,"Breaking leaf buds",7,"2015-01-01","2015-12-31",2015-04-29,119,2015-04-23,6,1,0
"onset",96828,22017,35.497227,-82.608856,671,"NC",100,"Quercus","alba","white oak","Plantae",371,"Breaking leaf buds",8,"2016-01-01","2016-12-31",2016-04-06,97,2016-03-30,7,2,0
"onset",96828,22017,35.497227,-82.608856,671,"NC",100,"Quercus","alba","white oak","Plantae",371,"Breaking leaf buds",9,"2017-01-01","2017-12-31",2017-04-12,102,2017-04-05,7,1,0
"onset",96828,22017,35.497227,-82.608856,671,"NC",100,"Quercus","alba","white oak","Plantae",371,"Breaking leaf buds",11,"2019-01-01","2019-12-31",2019-03-27,86,2019-03-20,7,2,0
"onset",96828,22017,35.497227,-82.608856,671,"NC",100,"Quercus","alba","white oak","Plantae",371,"Breaking leaf buds",12,"2020-01-01","2020-12-31",2020-03-04,64,2020-02-22,11,4,0
"onset",96828,22017,35.497227,-82.608856,671,"NC",100,"Quercus","alba","white oak","Plantae",371,"Breaking leaf buds",14,"2022-01-01","2022-12-31",2022-04-06,96,2022-03-25,12,1,0
"onset",96828,22017,35.497227,-82.608856,671,"NC",100,"Quercus","alba","white oak","Plantae",371,"Breaking leaf buds",16,"2024-01-01","2024-12-31",2024-04-18,109,2024-04-10,8,1,0
"onset",96828,22017,35.497227,-82.608856,671,"NC",100,"Quercus","alba","white oak","Plantae",371,"Breaking leaf buds",17,"2025-01-01","2025-12-31",2025-04-27,117,2025-04-17,10,1,0
"onset",96828,22017,35.497227,-82.608856,671,"NC",100,"Quercus","alba","white oak","Plantae",501,"Open flowers",8,"2016-01-01","2016-12-31",2016-04-27,118,2016-04-20,7,1,0
"onset",96828,22017,35.497227,-82.608856,671,"NC",100,"Quercus","alba","white oak","Plantae",501,"Open flowers",10,"2018-01-01","2018-12-31",2018-04-11,101,2018-04-04,7,4,0
"onset",96828,22017,35.497227,-82.608856,671,"NC",100,"Quercus","alba","white oak","Plantae",501,"Open flowers",11,"2019-01-01","2019-12-31",2019-04-23,113,2019-04-22,1,1,0
"onset",96834,22017,35.497227,-82.608856,671,"NC",100,"Quercus","alba","white oak","Plantae",371,"Breaking leaf buds",8,"2016-01-01","2016-12-31",2016-03-16,76,2016-03-10,6,1,0
"onset",96834,22017,35.497227,-82.608856,671,"NC",100,"Quercus","alba","white oak","Plantae",371,"Breaking leaf buds",10,"2018-01-01","2018-12-31",2018-03-23,82,2018-03-15,8,1,0
"onset",96834,22017,35.497227,-82.608856,671,"NC",100,"Quercus","alba","white oak","Plantae",371,"Breaking leaf buds",11,"2019-01-01","2019-12-31",2019-04-23,113,2019-04-22,1,2,0
"onset",96834,22017,35.497227,-82.608856,671,"NC",100,"Quercus","alba","white oak","Plantae",371,"Breaking leaf buds",12,"2020-01-01","2020-12-31",2020-03-04,64,2020-02-22,11,3,0
"onset",96834,22017,35.497227,-82.608856,671,"NC",100,"Quercus","alba","white oak","Plantae",371,"Breaking leaf buds",14,"2022-01-01","2022-12-31",2022-04-06,96,2022-03-25,12,1,0
"onset",96834,22017,35.497227,-82.608856,671,"NC",100,"Quercus","alba","white oak","Plantae",371,"Breaking leaf buds",16,"2024-01-01","2024-12-31",2024-04-04,95,2024-03-28,7,1,0
"onset",96834,22017,35.497227,-82.608856,671,"NC",100,"Quercus","alba","white oak","Plantae",371,"Breaking leaf buds",17,"2025-01-01","2025-12-31",2025-04-01,91,2025-03-20,12,2,0
"onset",96834,22017,35.497227,-82.608856,671,"NC",100,"Quercus","alba","white oak","Plantae",501,"Open flowers",8,"2016-01-01","2016-12-31",2016-04-27,118,2016-04-20,7,1,0
"onset",96834,22017,35.497227,-82.608856,671,"NC",100,"Quercus","alba","white oak","Plantae",501,"Open flowers",9,"2017-01-01","2017-12-31",2017-04-26,116,2017-04-20,6,1,0
"onset",96834,22017,35.497227,-82.608856,671,"NC",100,"Quercus","alba","white oak","Plantae",501,"Open flowers",10,"2018-01-01","2018-12-31",2018-04-11,101,2018-04-04,7,1,0
"onset",96834,22017,35.497227,-82.608856,671,"NC",100,"Quercus","alba","white oak","Plantae",501,"Open flowers",11,"2019-01-01","2019-12-31",2019-04-21,111,2019-04-17,4,1,0
"onset",96834,22017,35.497227,-82.608856,671,"NC",100,"Quercus","alba","white oak","Plantae",501,"Open flowers",17,"2025-01-01","2025-12-31",2025-04-08,98,2025-04-01,7,1,0
"onset",98032,22127,35.149792,-79.368179,115,"NC",100,"Quercus","alba","white oak","Plantae",371,"Breaking leaf buds",8,"2016-01-01","2016-12-31",2016-03-28,88,2016-03-16,12,1,0
"onset",98032,22127,35.149792,-79.368179,115,"NC",100,"Quercus","alba","white oak","Plantae",501,"Open flowers",8,"2016-01-01","2016-12-31",2016-04-01,92,2016-03-16,16,1,0
"onset",98049,22130,35.152592,-79.369591,115,"NC",100,"Quercus","alba","white oak","Plantae",371,"Breaking leaf buds",8,"2016-01-01","2016-12-31",2016-04-04,95,2016-03-28,7,1,0
"onset",101001,22547,30.805164,-88.442879,40,"MS",305,"Quercus","virginiana","live oak","Plantae",371,"Breaking leaf buds",8,"2016-01-01","2016-12-31",2016-04-07,98,2016-03-30,8,1,0
"onset",101001,22547,30.805164,-88.442879,40,"MS",305,"Quercus","virginiana","live oak","Plantae",501,"Open flowers",8,"2016-01-01","2016-12-31",2016-04-14,105,2016-04-07,7,1,0
"onset",101002,22547,30.805164,-88.442879,40,"MS",305,"Quercus","virginiana","live oak","Plantae",371,"Breaking leaf buds",8,"2016-01-01","2016-12-31",2016-03-23,83,2016-03-16,7,1,0
"onset",102154,17348,44.046768,-92.460548,301,"MN",101,"Quercus","macrocarpa","bur oak","Plantae",371,"Breaking leaf buds",8,"2016-01-01","2016-12-31",2016-04-09,100,2016-04-02,7,1,0
"onset",102170,22043,44.423725,-93.344765,320,"MN",101,"Quercus","macrocarpa","bur oak","Plantae",371,"Breaking leaf buds",8,"2016-01-01","2016-12-31",2016-05-07,128,2016-04-10,27,1,0
"onset",102183,17103,47.033489,-94.447609,420,"MN",101,"Quercus","macrocarpa","bur oak","Plantae",371,"Breaking leaf buds",8,"2016-01-01","2016-12-31",2016-05-13,134,2016-05-08,5,1,0
"onset",103308,22872,39.980976,-82.411469,293,"OH",1212,"Quercus","montana","chestnut oak","Plantae",371,"Breaking leaf buds",8,"2016-01-01","2016-12-31",2016-04-19,110,2016-04-08,11,1,0
"onset",103308,22872,39.980976,-82.411469,293,"OH",1212,"Quercus","montana","chestnut oak","Plantae",501,"Open flowers",8,"2016-01-01","2016-12-31",2016-05-17,138,2016-05-16,1,1,0
"onset",103732,22955,42.296288,-71.129082,32,"MA",100,"Quercus","alba","white oak","Plantae",371,"Breaking leaf buds",10,"2018-01-01","2018-12-31",2018-05-07,127,2018-04-21,16,1,0
"onset",103732,22955,42.296288,-71.129082,32,"MA",100,"Quercus","alba","white oak","Plantae",501,"Open flowers",10,"2018-01-01","2018-12-31",2018-05-04,124,2018-04-21,13,1,0
"onset",104236,23016,39.247299,-77.340401,157,"MD",1212,"Quercus","montana","chestnut oak","Plantae",371,"Breaking leaf buds",8,"2016-01-01","2016-12-31",2016-04-21,112,2016-04-18,3,1,0
"onset",104236,23016,39.247299,-77.340401,157,"MD",1212,"Quercus","montana","chestnut oak","Plantae",371,"Breaking leaf buds",9,"2017-01-01","2017-12-31",2017-04-15,105,2017-04-12,3,1,0
"onset",104236,23016,39.247299,-77.340401,157,"MD",1212,"Quercus","montana","chestnut oak","Plantae",371,"Breaking leaf buds",11,"2019-01-01","2019-12-31",2019-04-10,100,2019-04-09,1,1,0
"onset",104842,23061,33.223484,-97.128609,197,"TX",305,"Quercus","virginiana","live oak","Plantae",371,"Breaking leaf buds",8,"2016-01-01","2016-12-31",2016-02-21,52,2016-02-18,3,6,0
"onset",104842,23061,33.223484,-97.128609,197,"TX",305,"Quercus","virginiana","live oak","Plantae",501,"Open flowers",8,"2016-01-01","2016-12-31",2016-03-12,72,2016-03-11,1,5,0
"onset",105023,23077,39.08073,-77.008125,122,"MD",100,"Quercus","alba","white oak","Plantae",371,"Breaking leaf buds",8,"2016-01-01","2016-12-31",2016-04-03,94,2016-04-01,2,1,0
"onset",105439,23112,38.212112,-85.763649,141,"KY",1212,"Quercus","montana","chestnut oak","Plantae",371,"Breaking leaf buds",8,"2016-01-01","2016-12-31",2016-04-04,95,2016-03-07,28,1,0
"onset",107169,23303,35.643738,-82.302879,830,"NC",100,"Quercus","alba","white oak","Plantae",371,"Breaking leaf buds",8,"2016-01-01","2016-12-31",2016-04-05,96,2016-03-16,20,1,0
"onset",107636,22979,41.556442,-93.267807,267,"IA",101,"Quercus","macrocarpa","bur oak","Plantae",371,"Breaking leaf buds",10,"2018-01-01","2018-12-31",2018-05-02,122,2018-04-24,8,1,0
"onset",107636,22979,41.556442,-93.267807,267,"IA",101,"Quercus","macrocarpa","bur oak","Plantae",371,"Breaking leaf buds",11,"2019-01-01","2019-12-31",2019-04-25,115,2019-04-16,9,1,0
"onset",107636,22979,41.556442,-93.267807,267,"IA",101,"Quercus","macrocarpa","bur oak","Plantae",371,"Breaking leaf buds",12,"2020-01-01","2020-12-31",2020-04-10,101,2020-04-07,3,2,0
"onset",107636,22979,41.556442,-93.267807,267,"IA",101,"Quercus","macrocarpa","bur oak","Plantae",371,"Breaking leaf buds",13,"2021-01-01","2021-12-31",2021-04-26,116,2021-04-05,21,1,0
"onset",107636,22979,41.556442,-93.267807,267,"IA",101,"Quercus","macrocarpa","bur oak","Plantae",371,"Breaking leaf buds",14,"2022-01-01","2022-12-31",2022-05-11,131,2022-05-04,7,1,0
"onset",107636,22979,41.556442,-93.267807,267,"IA",101,"Quercus","macrocarpa","bur oak","Plantae",371,"Breaking leaf buds",15,"2023-01-01","2023-12-31",2023-04-19,109,2023-04-10,9,2,0
"onset",107636,22979,41.556442,-93.267807,267,"IA",101,"Quercus","macrocarpa","bur oak","Plantae",371,"Breaking leaf buds",16,"2024-01-01","2024-12-31",2024-04-18,109,2024-04-12,6,2,0
"onset",107636,22979,41.556442,-93.267807,267,"IA",101,"Quercus","macrocarpa","bur oak","Plantae",371,"Breaking leaf buds",17,"2025-01-01","2025-12-31",2025-04-28,118,2025-04-21,7,1,0
"onset",107636,22979,41.556442,-93.267807,267,"IA",101,"Quercus","macrocarpa","bur oak","Plantae",371,"Breaking leaf buds",18,"2026-01-01","2026-12-31",2026-04-16,106,2026-04-06,10,1,0
"onset",107636,22979,41.556442,-93.267807,267,"IA",101,"Quercus","macrocarpa","bur oak","Plantae",501,"Open flowers",10,"2018-01-01","2018-12-31",2018-05-10,130,2018-05-02,8,1,0
"onset",107636,22979,41.556442,-93.267807,267,"IA",101,"Quercus","macrocarpa","bur oak","Plantae",501,"Open flowers",12,"2020-01-01","2020-12-31",2020-05-07,128,2020-04-27,10,1,0
"onset",107636,22979,41.556442,-93.267807,267,"IA",101,"Quercus","macrocarpa","bur oak","Plantae",501,"Open flowers",13,"2021-01-01","2021-12-31",2021-05-04,124,2021-04-05,29,1,0
"onset",107636,22979,41.556442,-93.267807,267,"IA",101,"Quercus","macrocarpa","bur oak","Plantae",501,"Open flowers",14,"2022-01-01","2022-12-31",2022-06-06,157,2022-05-26,11,1,0
"onset",107636,22979,41.556442,-93.267807,267,"IA",101,"Quercus","macrocarpa","bur oak","Plantae",501,"Open flowers",15,"2023-01-01","2023-12-31",2023-05-17,137,2023-05-08,9,1,0
"onset",107636,22979,41.556442,-93.267807,267,"IA",101,"Quercus","macrocarpa","bur oak","Plantae",501,"Open flowers",16,"2024-01-01","2024-12-31",2024-05-07,128,2024-04-29,8,1,0
"onset",107636,22979,41.556442,-93.267807,267,"IA",101,"Quercus","macrocarpa","bur oak","Plantae",501,"Open flowers",17,"2025-01-01","2025-12-31",2025-05-29,149,2025-05-20,9,2,0
"onset",107636,22979,41.556442,-93.267807,267,"IA",101,"Quercus","macrocarpa","bur oak","Plantae",501,"Open flowers",18,"2026-01-01","2026-12-31",2026-05-09,129,2026-04-27,12,1,0
"onset",107876,23417,41.866013,-73.953369,36,"NY",100,"Quercus","alba","white oak","Plantae",371,"Breaking leaf buds",9,"2017-01-01","2017-12-31",2017-04-14,104,2017-04-05,9,1,0
"onset",107876,23417,41.866013,-73.953369,36,"NY",100,"Quercus","alba","white oak","Plantae",371,"Breaking leaf buds",10,"2018-01-01","2018-12-31",2018-05-04,124,2018-05-01,3,1,0
"onset",107876,23417,41.866013,-73.953369,36,"NY",100,"Quercus","alba","white oak","Plantae",371,"Breaking leaf buds",13,"2021-01-01","2021-12-31",2021-04-14,104,2021-04-07,7,1,0
"onset",107876,23417,41.866013,-73.953369,36,"NY",100,"Quercus","alba","white oak","Plantae",501,"Open flowers",9,"2017-01-01","2017-12-31",2017-04-28,118,2017-04-18,10,1,0
"onset",107877,23417,41.866013,-73.953369,36,"NY",100,"Quercus","alba","white oak","Plantae",371,"Breaking leaf buds",9,"2017-01-01","2017-12-31",2017-04-14,104,2017-04-05,9,1,0
"onset",107877,23417,41.866013,-73.953369,36,"NY",100,"Quercus","alba","white oak","Plantae",371,"Breaking leaf buds",10,"2018-01-01","2018-12-31",2018-04-27,117,2018-04-19,8,2,0
"onset",107877,23417,41.866013,-73.953369,36,"NY",100,"Quercus","alba","white oak","Plantae",371,"Breaking leaf buds",13,"2021-01-01","2021-12-31",2021-04-14,104,2021-04-07,7,1,0
"onset",107877,23417,41.866013,-73.953369,36,"NY",100,"Quercus","alba","white oak","Plantae",501,"Open flowers",9,"2017-01-01","2017-12-31",2017-04-28,118,2017-04-18,10,1,0
"onset",107878,23417,41.866013,-73.953369,36,"NY",100,"Quercus","alba","white oak","Plantae",371,"Breaking leaf buds",9,"2017-01-01","2017-12-31",2017-04-14,104,2017-04-05,9,1,0
"onset",107878,23417,41.866013,-73.953369,36,"NY",100,"Quercus","alba","white oak","Plantae",371,"Breaking leaf buds",10,"2018-01-01","2018-12-31",2018-04-27,117,2018-04-19,8,1,0
"onset",107878,23417,41.866013,-73.953369,36,"NY",100,"Quercus","alba","white oak","Plantae",371,"Breaking leaf buds",13,"2021-01-01","2021-12-31",2021-04-14,104,2021-04-07,7,1,0
"onset",111110,23641,44.718273,-93.628853,236,"MN",101,"Quercus","macrocarpa","bur oak","Plantae",371,"Breaking leaf buds",11,"2019-01-01","2019-12-31",2019-06-21,172,2019-06-20,1,6,0
"onset",111110,23641,44.718273,-93.628853,236,"MN",101,"Quercus","macrocarpa","bur oak","Plantae",371,"Breaking leaf buds",12,"2020-01-01","2020-12-31",2020-04-30,121,2020-04-23,7,1,0
"onset",111110,23641,44.718273,-93.628853,236,"MN",101,"Quercus","macrocarpa","bur oak","Plantae",371,"Breaking leaf buds",13,"2021-01-01","2021-12-31",2021-03-30,89,2021-03-29,1,3,0
"onset",111110,23641,44.718273,-93.628853,236,"MN",101,"Quercus","macrocarpa","bur oak","Plantae",501,"Open flowers",12,"2020-01-01","2020-12-31",2020-05-08,129,2020-05-01,7,1,0
"onset",111110,23641,44.718273,-93.628853,236,"MN",101,"Quercus","macrocarpa","bur oak","Plantae",501,"Open flowers",13,"2021-01-01","2021-12-31",2021-05-07,127,2021-04-29,8,1,0
"onset",111111,23641,44.718273,-93.628853,236,"MN",101,"Quercus","macrocarpa","bur oak","Plantae",371,"Breaking leaf buds",9,"2017-01-01","2017-12-31",2017-04-21,111,2017-04-14,7,1,0
"onset",111111,23641,44.718273,-93.628853,236,"MN",101,"Quercus","macrocarpa","bur oak","Plantae",371,"Breaking leaf buds",10,"2018-01-01","2018-12-31",2018-05-06,126,2018-05-01,5,1,0
"onset",111111,23641,44.718273,-93.628853,236,"MN",101,"Quercus","macrocarpa","bur oak","Plantae",371,"Breaking leaf buds",11,"2019-01-01","2019-12-31",2019-04-28,118,2019-04-15,13,9,0
"onset",111111,23641,44.718273,-93.628853,236,"MN",101,"Quercus","macrocarpa","bur oak","Plantae",371,"Breaking leaf buds",12,"2020-01-01","2020-12-31",2020-04-30,121,2020-04-23,7,1,0
"onset",111111,23641,44.718273,-93.628853,236,"MN",101,"Quercus","macrocarpa","bur oak","Plantae",371,"Breaking leaf buds",13,"2021-01-01","2021-12-31",2021-04-14,104,2021-04-04,10,1,0
"onset",111111,23641,44.718273,-93.628853,236,"MN",101,"Quercus","macrocarpa","bur oak","Plantae",501,"Open flowers",11,"2019-01-01","2019-12-31",2019-05-04,124,2019-04-28,6,2,0
"onset",111111,23641,44.718273,-93.628853,236,"MN",101,"Quercus","macrocarpa","bur oak","Plantae",501,"Open flowers",12,"2020-01-01","2020-12-31",2020-05-08,129,2020-05-01,7,1,0
"onset",111111,23641,44.718273,-93.628853,236,"MN",101,"Quercus","macrocarpa","bur oak","Plantae",501,"Open flowers",13,"2021-01-01","2021-12-31",2021-05-07,127,2021-04-29,8,1,0
"onset",111112,23641,44.718273,-93.628853,236,"MN",101,"Quercus","macrocarpa","bur oak","Plantae",371,"Breaking leaf buds",9,"2017-01-01","2017-12-31",2017-04-21,111,2017-04-14,7,1,0
"onset",111112,23641,44.718273,-93.628853,236,"MN",101,"Quercus","macrocarpa","bur oak","Plantae",371,"Breaking leaf buds",11,"2019-01-01","2019-12-31",2019-04-28,118,2019-04-15,13,6,0
"onset",111112,23641,44.718273,-93.628853,236,"MN",101,"Quercus","macrocarpa","bur oak","Plantae",371,"Breaking leaf buds",12,"2020-01-01","2020-12-31",2020-04-30,121,2020-04-23,7,1,0
"onset",111112,23641,44.718273,-93.628853,236,"MN",101,"Quercus","macrocarpa","bur oak","Plantae",371,"Breaking leaf buds",13,"2021-01-01","2021-12-31",2021-04-21,111,2021-04-14,7,1,0
"onset",111112,23641,44.718273,-93.628853,236,"MN",101,"Quercus","macrocarpa","bur oak","Plantae",501,"Open flowers",12,"2020-01-01","2020-12-31",2020-05-08,129,2020-04-30,8,1,0
"onset",111112,23641,44.718273,-93.628853,236,"MN",101,"Quercus","macrocarpa","bur oak","Plantae",501,"Open flowers",13,"2021-01-01","2021-12-31",2021-05-13,133,2021-05-07,6,1,0
"onset",114545,24164,40.665085,-73.963432,17,"NY",101,"Quercus","macrocarpa","bur oak","Plantae",371,"Breaking leaf buds",11,"2019-01-01","2019-12-31",2019-04-23,113,2019-04-16,7,1,0
"onset",114545,24164,40.665085,-73.963432,17,"NY",101,"Quercus","macrocarpa","bur oak","Plantae",371,"Breaking leaf buds",15,"2023-01-01","2023-12-31",2023-04-25,115,2023-04-04,21,1,0
"onset",114545,24164,40.665085,-73.963432,17,"NY",101,"Quercus","macrocarpa","bur oak","Plantae",501,"Open flowers",15,"2023-01-01","2023-12-31",2023-04-27,117,2023-04-25,2,1,0
"onset",114721,23676,46.996738,-94.696556,426,"MN",101,"Quercus","macrocarpa","bur oak","Plantae",371,"Breaking leaf buds",9,"2017-01-01","2017-12-31",2017-05-09,129,2017-05-05,4,1,0
"onset",114721,23676,46.996738,-94.696556,426,"MN",101,"Quercus","macrocarpa","bur oak","Plantae",371,"Breaking leaf buds",10,"2018-01-01","2018-12-31",2018-05-13,133,2018-05-06,7,1,0
"onset",114721,23676,46.996738,-94.696556,426,"MN",101,"Quercus","macrocarpa","bur oak","Plantae",371,"Breaking leaf buds",11,"2019-01-01","2019-12-31",2019-05-20,140,2019-05-15,5,1,0
"onset",114721,23676,46.996738,-94.696556,426,"MN",101,"Quercus","macrocarpa","bur oak","Plantae",501,"Open flowers",9,"2017-01-01","2017-12-31",2017-05-30,150,2017-05-19,11,1,0
"onset",114721,23676,46.996738,-94.696556,426,"MN",101,"Quercus","macrocarpa","bur oak","Plantae",501,"Open flowers",10,"2018-01-01","2018-12-31",2018-05-27,147,2018-05-13,14,1,0
"onset",115178,24311,35.788307,-82.035561,458,"NC",100,"Quercus","alba","white oak","Plantae",371,"Breaking leaf buds",9,"2017-01-01","2017-12-31",2017-03-29,88,2017-03-20,9,1,0
"onset",116015,24444,42.309204,-88.458191,292,"IL",101,"Quercus","macrocarpa","bur oak","Plantae",371,"Breaking leaf buds",8,"2016-01-01","2016-12-31",2016-10-14,288,2016-10-03,11,1,0
"onset",116295,24566,44.859833,-93.216568,234,"MN",101,"Quercus","macrocarpa","bur oak","Plantae",371,"Breaking leaf buds",10,"2018-01-01","2018-12-31",2018-05-10,130,2018-05-03,7,1,0
"onset",116295,24566,44.859833,-93.216568,234,"MN",101,"Quercus","macrocarpa","bur oak","Plantae",371,"Breaking leaf buds",11,"2019-01-01","2019-12-31",2019-04-27,117,2019-04-25,2,1,0
"onset",116295,24566,44.859833,-93.216568,234,"MN",101,"Quercus","macrocarpa","bur oak","Plantae",371,"Breaking leaf buds",12,"2020-01-01","2020-12-31",2020-04-30,121,2020-04-27,3,2,0
"onset",116295,24566,44.859833,-93.216568,234,"MN",101,"Quercus","macrocarpa","bur oak","Plantae",371,"Breaking leaf buds",13,"2021-01-01","2021-12-31",2021-04-15,105,2021-04-08,7,2,0
"onset",116295,24566,44.859833,-93.216568,234,"MN",101,"Quercus","macrocarpa","bur oak","Plantae",501,"Open flowers",12,"2020-01-01","2020-12-31",2020-05-07,128,2020-05-04,3,1,0
"onset",116295,24566,44.859833,-93.216568,234,"MN",101,"Quercus","macrocarpa","bur oak","Plantae",501,"Open flowers",13,"2021-01-01","2021-12-31",2021-04-20,110,2021-04-16,4,2,0
"onset",116297,24566,44.859833,-93.216568,234,"MN",101,"Quercus","macrocarpa","bur oak","Plantae",371,"Breaking leaf buds",10,"2018-01-01","2018-12-31",2018-05-10,130,2018-05-03,7,1,0
"onset",116297,24566,44.859833,-93.216568,234,"MN",101,"Quercus","macrocarpa","bur oak","Plantae",371,"Breaking leaf buds",11,"2019-01-01","2019-12-31",2019-04-28,118,2019-04-25,3,2,0
"onset",116297,24566,44.859833,-93.216568,234,"MN",101,"Quercus","macrocarpa","bur oak","Plantae",371,"Breaking leaf buds",12,"2020-01-01","2020-12-31",2020-04-23,114,2020-04-20,3,2,0
"onset",116297,24566,44.859833,-93.216568,234,"MN",101,"Quercus","macrocarpa","bur oak","Plantae",371,"Breaking leaf buds",13,"2021-01-01","2021-12-31",2021-04-15,105,2021-04-08,7,1,0
"onset",116297,24566,44.859833,-93.216568,234,"MN",101,"Quercus","macrocarpa","bur oak","Plantae",501,"Open flowers",10,"2018-01-01","2018-12-31",2018-05-17,137,2018-05-10,7,2,0
"onset",116297,24566,44.859833,-93.216568,234,"MN",101,"Quercus","macrocarpa","bur oak","Plantae",501,"Open flowers",11,"2019-01-01","2019-12-31",2019-05-20,140,2019-05-10,10,1,0
"onset",116297,24566,44.859833,-93.216568,234,"MN",101,"Quercus","macrocarpa","bur oak","Plantae",501,"Open flowers",12,"2020-01-01","2020-12-31",2020-05-07,128,2020-05-04,3,1,0
"onset",116297,24566,44.859833,-93.216568,234,"MN",101,"Quercus","macrocarpa","bur oak","Plantae",501,"Open flowers",13,"2021-01-01","2021-12-31",2021-04-16,106,2021-04-15,1,1,0
"onset",116299,24566,44.859833,-93.216568,234,"MN",101,"Quercus","macrocarpa","bur oak","Plantae",371,"Breaking leaf buds",10,"2018-01-01","2018-12-31",2018-05-10,130,2018-04-29,11,1,0
"onset",116299,24566,44.859833,-93.216568,234,"MN",101,"Quercus","macrocarpa","bur oak","Plantae",371,"Breaking leaf buds",11,"2019-01-01","2019-12-31",2019-04-27,117,2019-04-25,2,2,0
"onset",116299,24566,44.859833,-93.216568,234,"MN",101,"Quercus","macrocarpa","bur oak","Plantae",371,"Breaking leaf buds",12,"2020-01-01","2020-12-31",2020-04-30,121,2020-04-27,3,2,0
"onset",116299,24566,44.859833,-93.216568,234,"MN",101,"Quercus","macrocarpa","bur oak","Plantae",371,"Breaking leaf buds",13,"2021-01-01","2021-12-31",2021-04-15,105,2021-04-08,7,1,0
"onset",116299,24566,44.859833,-93.216568,234,"MN",101,"Quercus","macrocarpa","bur oak","Plantae",501,"Open flowers",10,"2018-01-01","2018-12-31",2018-05-24,144,2018-05-20,4,1,0
"onset",116299,24566,44.859833,-93.216568,234,"MN",101,"Quercus","macrocarpa","bur oak","Plantae",501,"Open flowers",12,"2020-01-01","2020-12-31",2020-05-11,132,2020-05-04,7,1,0
"onset",116611,12002,35.633415,-83.941086,635,"TN",1212,"Quercus","montana","chestnut oak","Plantae",371,"Breaking leaf buds",8,"2016-01-01","2016-12-31",2016-11-11,316,2016-10-29,13,1,0
"onset",116611,12002,35.633415,-83.941086,635,"TN",1212,"Quercus","montana","chestnut oak","Plantae",371,"Breaking leaf buds",9,"2017-01-01","2017-12-31",2017-02-25,56,2017-02-18,7,4,0
"onset",116611,12002,35.633415,-83.941086,635,"TN",1212,"Quercus","montana","chestnut oak","Plantae",371,"Breaking leaf buds",10,"2018-01-01","2018-12-31",2018-03-17,76,2018-03-11,6,4,0
"onset",116611,12002,35.633415,-83.941086,635,"TN",1212,"Quercus","montana","chestnut oak","Plantae",371,"Breaking leaf buds",11,"2019-01-01","2019-12-31",2019-03-10,69,2019-03-05,5,1,0
"onset",116611,12002,35.633415,-83.941086,635,"TN",1212,"Quercus","montana","chestnut oak","Plantae",371,"Breaking leaf buds",12,"2020-01-01","2020-12-31",2020-10-30,304,2020-10-20,10,1,0
"onset",116611,12002,35.633415,-83.941086,635,"TN",1212,"Quercus","montana","chestnut oak","Plantae",371,"Breaking leaf buds",13,"2021-01-01","2021-12-31",2021-04-03,93,2021-03-20,14,3,0
"onset",116611,12002,35.633415,-83.941086,635,"TN",1212,"Quercus","montana","chestnut oak","Plantae",371,"Breaking leaf buds",14,"2022-01-01","2022-12-31",2022-04-15,105,2022-03-26,20,1,0
"onset",116611,12002,35.633415,-83.941086,635,"TN",1212,"Quercus","montana","chestnut oak","Plantae",371,"Breaking leaf buds",15,"2023-01-01","2023-12-31",2023-04-09,99,2023-03-30,10,2,0
"onset",116611,12002,35.633415,-83.941086,635,"TN",1212,"Quercus","montana","chestnut oak","Plantae",371,"Breaking leaf buds",16,"2024-01-01","2024-12-31",2024-04-04,95,2024-03-19,16,2,0
"onset",116611,12002,35.633415,-83.941086,635,"TN",1212,"Quercus","montana","chestnut oak","Plantae",371,"Breaking leaf buds",17,"2025-01-01","2025-12-31",2025-03-22,81,2025-03-18,4,1,0
"onset",116611,12002,35.633415,-83.941086,635,"TN",1212,"Quercus","montana","chestnut oak","Plantae",371,"Breaking leaf buds",18,"2026-01-01","2026-12-31",2026-03-29,88,2026-03-08,21,1,0
"onset",116611,12002,35.633415,-83.941086,635,"TN",1212,"Quercus","montana","chestnut oak","Plantae",501,"Open flowers",11,"2019-01-01","2019-12-31",2019-04-27,117,2019-04-13,14,1,0
"onset",116611,12002,35.633415,-83.941086,635,"TN",1212,"Quercus","montana","chestnut oak","Plantae",501,"Open flowers",13,"2021-01-01","2021-12-31",2021-04-28,118,2021-04-27,1,1,0
"onset",116613,12002,35.633415,-83.941086,635,"TN",100,"Quercus","alba","white oak","Plantae",371,"Breaking leaf buds",8,"2016-01-01","2016-12-31",2016-11-11,316,2016-10-29,13,1,0
"onset",116613,12002,35.633415,-83.941086,635,"TN",100,"Quercus","alba","white oak","Plantae",371,"Breaking leaf buds",9,"2017-01-01","2017-12-31",2017-02-25,56,2017-02-18,7,5,0
"onset",116613,12002,35.633415,-83.941086,635,"TN",100,"Quercus","alba","white oak","Plantae",371,"Breaking leaf buds",10,"2018-01-01","2018-12-31",2018-03-19,78,2018-03-18,1,3,0
"onset",116613,12002,35.633415,-83.941086,635,"TN",100,"Quercus","alba","white oak","Plantae",371,"Breaking leaf buds",11,"2019-01-01","2019-12-31",2019-03-30,89,2019-03-27,3,3,0
"onset",116613,12002,35.633415,-83.941086,635,"TN",100,"Quercus","alba","white oak","Plantae",371,"Breaking leaf buds",13,"2021-01-01","2021-12-31",2021-04-03,93,2021-03-20,14,3,0
"onset",116613,12002,35.633415,-83.941086,635,"TN",100,"Quercus","alba","white oak","Plantae",371,"Breaking leaf buds",14,"2022-01-01","2022-12-31",2022-04-15,105,2022-03-26,20,1,0
"onset",116613,12002,35.633415,-83.941086,635,"TN",100,"Quercus","alba","white oak","Plantae",371,"Breaking leaf buds",15,"2023-01-01","2023-12-31",2023-04-09,99,2023-03-30,10,2,0
"onset",116613,12002,35.633415,-83.941086,635,"TN",100,"Quercus","alba","white oak","Plantae",371,"Breaking leaf buds",16,"2024-01-01","2024-12-31",2024-04-04,95,2024-03-28,7,2,0
"onset",116613,12002,35.633415,-83.941086,635,"TN",100,"Quercus","alba","white oak","Plantae",371,"Breaking leaf buds",17,"2025-01-01","2025-12-31",2025-04-21,111,2025-04-09,12,1,0
"onset",116613,12002,35.633415,-83.941086,635,"TN",100,"Quercus","alba","white oak","Plantae",371,"Breaking leaf buds",18,"2026-01-01","2026-12-31",2026-04-15,105,2026-03-29,17,1,0
"onset",116613,12002,35.633415,-83.941086,635,"TN",100,"Quercus","alba","white oak","Plantae",501,"Open flowers",13,"2021-01-01","2021-12-31",2021-04-28,118,2021-04-27,1,1,0
"onset",116614,12002,35.633415,-83.941086,635,"TN",100,"Quercus","alba","white oak","Plantae",371,"Breaking leaf buds",8,"2016-01-01","2016-12-31",2016-11-11,316,2016-10-29,13,1,0
"onset",116614,12002,35.633415,-83.941086,635,"TN",100,"Quercus","alba","white oak","Plantae",371,"Breaking leaf buds",9,"2017-01-01","2017-12-31",2017-02-25,56,2017-02-18,7,4,0
"onset",116614,12002,35.633415,-83.941086,635,"TN",100,"Quercus","alba","white oak","Plantae",371,"Breaking leaf buds",10,"2018-01-01","2018-12-31",2018-03-27,86,2018-03-26,1,3,0
"onset",116614,12002,35.633415,-83.941086,635,"TN",100,"Quercus","alba","white oak","Plantae",371,"Breaking leaf buds",11,"2019-01-01","2019-12-31",2019-04-06,96,2019-04-03,3,2,0
"onset",116614,12002,35.633415,-83.941086,635,"TN",100,"Quercus","alba","white oak","Plantae",371,"Breaking leaf buds",13,"2021-01-01","2021-12-31",2021-04-17,107,2021-04-14,3,2,0
"onset",116614,12002,35.633415,-83.941086,635,"TN",100,"Quercus","alba","white oak","Plantae",371,"Breaking leaf buds",14,"2022-01-01","2022-12-31",2022-04-15,105,2022-03-26,20,1,0
"onset",116614,12002,35.633415,-83.941086,635,"TN",100,"Quercus","alba","white oak","Plantae",371,"Breaking leaf buds",15,"2023-01-01","2023-12-31",2023-04-20,110,2023-04-11,9,1,0
"onset",116614,12002,35.633415,-83.941086,635,"TN",100,"Quercus","alba","white oak","Plantae",371,"Breaking leaf buds",16,"2024-01-01","2024-12-31",2024-04-24,115,2024-04-08,16,2,0
"onset",116614,12002,35.633415,-83.941086,635,"TN",100,"Quercus","alba","white oak","Plantae",371,"Breaking leaf buds",17,"2025-01-01","2025-12-31",2025-04-21,111,2025-04-09,12,1,0
"onset",116614,12002,35.633415,-83.941086,635,"TN",100,"Quercus","alba","white oak","Plantae",371,"Breaking leaf buds",18,"2026-01-01","2026-12-31",2026-04-15,105,2026-03-29,17,1,0
"onset",116615,12002,35.633415,-83.941086,635,"TN",100,"Quercus","alba","white oak","Plantae",371,"Breaking leaf buds",8,"2016-01-01","2016-12-31",2016-11-11,316,2016-10-29,13,1,0
"onset",116615,12002,35.633415,-83.941086,635,"TN",100,"Quercus","alba","white oak","Plantae",371,"Breaking leaf buds",9,"2017-01-01","2017-12-31",2017-03-13,72,2017-03-12,1,3,0
"onset",116615,12002,35.633415,-83.941086,635,"TN",100,"Quercus","alba","white oak","Plantae",371,"Breaking leaf buds",10,"2018-01-01","2018-12-31",2018-03-19,78,2018-03-18,1,3,0
"onset",116615,12002,35.633415,-83.941086,635,"TN",100,"Quercus","alba","white oak","Plantae",371,"Breaking leaf buds",13,"2021-01-01","2021-12-31",2021-04-17,107,2021-04-14,3,2,0
"onset",116615,12002,35.633415,-83.941086,635,"TN",100,"Quercus","alba","white oak","Plantae",371,"Breaking leaf buds",15,"2023-01-01","2023-12-31",2023-04-20,110,2023-04-11,9,1,0
"onset",116615,12002,35.633415,-83.941086,635,"TN",100,"Quercus","alba","white oak","Plantae",371,"Breaking leaf buds",16,"2024-01-01","2024-12-31",2024-04-24,115,2024-04-08,16,2,0
"onset",116615,12002,35.633415,-83.941086,635,"TN",100,"Quercus","alba","white oak","Plantae",371,"Breaking leaf buds",17,"2025-01-01","2025-12-31",2025-04-21,111,2025-04-09,12,1,0
"onset",116615,12002,35.633415,-83.941086,635,"TN",100,"Quercus","alba","white oak","Plantae",371,"Breaking leaf buds",18,"2026-01-01","2026-12-31",2026-04-15,105,2026-03-29,17,1,0
"onset",116615,12002,35.633415,-83.941086,635,"TN",100,"Quercus","alba","white oak","Plantae",501,"Open flowers",13,"2021-01-01","2021-12-31",2021-04-28,118,2021-04-27,1,1,0
"onset",116616,12002,35.633415,-83.941086,635,"TN",100,"Quercus","alba","white oak","Plantae",371,"Breaking leaf buds",8,"2016-01-01","2016-12-31",2016-11-11,316,2016-10-29,13,1,0
"onset",116616,12002,35.633415,-83.941086,635,"TN",100,"Quercus","alba","white oak","Plantae",371,"Breaking leaf buds",9,"2017-01-01","2017-12-31",2017-03-29,88,2017-03-19,10,3,0
"onset",116616,12002,35.633415,-83.941086,635,"TN",100,"Quercus","alba","white oak","Plantae",371,"Breaking leaf buds",10,"2018-01-01","2018-12-31",2018-03-19,78,2018-03-18,1,3,0
"onset",116616,12002,35.633415,-83.941086,635,"TN",100,"Quercus","alba","white oak","Plantae",371,"Breaking leaf buds",11,"2019-01-01","2019-12-31",2019-04-06,96,2019-04-03,3,2,0
"onset",116616,12002,35.633415,-83.941086,635,"TN",100,"Quercus","alba","white oak","Plantae",371,"Breaking leaf buds",13,"2021-01-01","2021-12-31",2021-04-17,107,2021-04-14,3,2,0
"onset",116616,12002,35.633415,-83.941086,635,"TN",100,"Quercus","alba","white oak","Plantae",371,"Breaking leaf buds",14,"2022-01-01","2022-12-31",2022-04-15,105,2022-03-26,20,1,0
"onset",116616,12002,35.633415,-83.941086,635,"TN",100,"Quercus","alba","white oak","Plantae",371,"Breaking leaf buds",15,"2023-01-01","2023-12-31",2023-04-20,110,2023-04-11,9,1,0
"onset",116616,12002,35.633415,-83.941086,635,"TN",100,"Quercus","alba","white oak","Plantae",371,"Breaking leaf buds",16,"2024-01-01","2024-12-31",2024-04-24,115,2024-04-04,20,2,0
"onset",116616,12002,35.633415,-83.941086,635,"TN",100,"Quercus","alba","white oak","Plantae",371,"Breaking leaf buds",17,"2025-01-01","2025-12-31",2025-04-21,111,2025-04-09,12,1,0
"onset",116616,12002,35.633415,-83.941086,635,"TN",100,"Quercus","alba","white oak","Plantae",371,"Breaking leaf buds",18,"2026-01-01","2026-12-31",2026-03-29,88,2026-03-08,21,1,0
"onset",116616,12002,35.633415,-83.941086,635,"TN",100,"Quercus","alba","white oak","Plantae",501,"Open flowers",13,"2021-01-01","2021-12-31",2021-04-28,118,2021-04-27,1,1,0
"onset",116617,12002,35.633415,-83.941086,635,"TN",100,"Quercus","alba","white oak","Plantae",371,"Breaking leaf buds",8,"2016-01-01","2016-12-31",2016-11-11,316,2016-10-29,13,1,0
"onset",116617,12002,35.633415,-83.941086,635,"TN",100,"Quercus","alba","white oak","Plantae",371,"Breaking leaf buds",9,"2017-01-01","2017-12-31",2017-03-13,72,2017-03-12,1,4,0
"onset",116617,12002,35.633415,-83.941086,635,"TN",100,"Quercus","alba","white oak","Plantae",371,"Breaking leaf buds",10,"2018-01-01","2018-12-31",2018-03-26,85,2018-03-23,3,3,0
"onset",116617,12002,35.633415,-83.941086,635,"TN",100,"Quercus","alba","white oak","Plantae",371,"Breaking leaf buds",11,"2019-01-01","2019-12-31",2019-04-06,96,2019-04-03,3,2,0
"onset",116617,12002,35.633415,-83.941086,635,"TN",100,"Quercus","alba","white oak","Plantae",371,"Breaking leaf buds",13,"2021-01-01","2021-12-31",2021-04-17,107,2021-04-14,3,2,0
"onset",116617,12002,35.633415,-83.941086,635,"TN",100,"Quercus","alba","white oak","Plantae",371,"Breaking leaf buds",14,"2022-01-01","2022-12-31",2022-04-15,105,2022-03-26,20,1,0
"onset",116617,12002,35.633415,-83.941086,635,"TN",100,"Quercus","alba","white oak","Plantae",371,"Breaking leaf buds",15,"2023-01-01","2023-12-31",2023-04-20,110,2023-04-11,9,1,0
"onset",116617,12002,35.633415,-83.941086,635,"TN",100,"Quercus","alba","white oak","Plantae",371,"Breaking leaf buds",16,"2024-01-01","2024-12-31",2024-04-24,115,2024-04-04,20,1,0
"onset",116617,12002,35.633415,-83.941086,635,"TN",100,"Quercus","alba","white oak","Plantae",371,"Breaking leaf buds",17,"2025-01-01","2025-12-31",2025-03-22,81,2025-03-18,4,2,0
"onset",116617,12002,35.633415,-83.941086,635,"TN",100,"Quercus","alba","white oak","Plantae",371,"Breaking leaf buds",18,"2026-01-01","2026-12-31",2026-03-29,88,2026-03-08,21,1,0
"onset",116620,12002,35.633415,-83.941086,635,"TN",1212,"Quercus","montana","chestnut oak","Plantae",371,"Breaking leaf buds",8,"2016-01-01","2016-12-31",2016-11-11,316,2016-10-29,13,1,0
"onset",116620,12002,35.633415,-83.941086,635,"TN",1212,"Quercus","montana","chestnut oak","Plantae",371,"Breaking leaf buds",9,"2017-01-01","2017-12-31",2017-02-25,56,2017-02-18,7,4,0
"onset",116620,12002,35.633415,-83.941086,635,"TN",1212,"Quercus","montana","chestnut oak","Plantae",371,"Breaking leaf buds",10,"2018-01-01","2018-12-31",2018-03-18,77,2018-03-17,1,3,0
"onset",116620,12002,35.633415,-83.941086,635,"TN",1212,"Quercus","montana","chestnut oak","Plantae",371,"Breaking leaf buds",11,"2019-01-01","2019-12-31",2019-03-12,71,2019-03-10,2,4,0
"onset",116620,12002,35.633415,-83.941086,635,"TN",1212,"Quercus","montana","chestnut oak","Plantae",371,"Breaking leaf buds",13,"2021-01-01","2021-12-31",2021-04-03,93,2021-03-20,14,3,0
"onset",116620,12002,35.633415,-83.941086,635,"TN",1212,"Quercus","montana","chestnut oak","Plantae",371,"Breaking leaf buds",14,"2022-01-01","2022-12-31",2022-04-15,105,2022-03-26,20,1,0
"onset",116620,12002,35.633415,-83.941086,635,"TN",1212,"Quercus","montana","chestnut oak","Plantae",371,"Breaking leaf buds",15,"2023-01-01","2023-12-31",2023-04-09,99,2023-03-30,10,1,0
"onset",116620,12002,35.633415,-83.941086,635,"TN",1212,"Quercus","montana","chestnut oak","Plantae",371,"Breaking leaf buds",16,"2024-01-01","2024-12-31",2024-03-28,88,2024-03-27,1,2,0
"onset",116620,12002,35.633415,-83.941086,635,"TN",1212,"Quercus","montana","chestnut oak","Plantae",371,"Breaking leaf buds",17,"2025-01-01","2025-12-31",2025-03-22,81,2025-03-18,4,1,0
"onset",116620,12002,35.633415,-83.941086,635,"TN",1212,"Quercus","montana","chestnut oak","Plantae",371,"Breaking leaf buds",18,"2026-01-01","2026-12-31",2026-03-29,88,2026-03-08,21,1,0
"onset",116620,12002,35.633415,-83.941086,635,"TN",1212,"Quercus","montana","chestnut oak","Plantae",501,"Open flowers",11,"2019-01-01","2019-12-31",2019-04-27,117,2019-04-13,14,1,0
"onset",116620,12002,35.633415,-83.941086,635,"TN",1212,"Quercus","montana","chestnut oak","Plantae",501,"Open flowers",13,"2021-01-01","2021-12-31",2021-04-28,118,2021-04-27,1,1,0
"onset",116620,12002,35.633415,-83.941086,635,"TN",1212,"Quercus","montana","chestnut oak","Plantae",501,"Open flowers",16,"2024-01-01","2024-12-31",2024-05-01,122,2024-04-24,7,1,0
"onset",116987,24692,44.846142,-93.232079,253,"MN",101,"Quercus","macrocarpa","bur oak","Plantae",371,"Breaking leaf buds",9,"2017-01-01","2017-12-31",2017-05-08,128,2017-04-24,14,1,0
"onset",116987,24692,44.846142,-93.232079,253,"MN",101,"Quercus","macrocarpa","bur oak","Plantae",371,"Breaking leaf buds",11,"2019-01-01","2019-12-31",2019-04-24,114,2019-04-22,2,1,0
"onset",116987,24692,44.846142,-93.232079,253,"MN",101,"Quercus","macrocarpa","bur oak","Plantae",371,"Breaking leaf buds",12,"2020-01-01","2020-12-31",2020-04-04,95,2020-04-01,3,5,0
"onset",116987,24692,44.846142,-93.232079,253,"MN",101,"Quercus","macrocarpa","bur oak","Plantae",371,"Breaking leaf buds",13,"2021-01-01","2021-12-31",2021-04-06,96,2021-04-05,1,2,0
"onset",116987,24692,44.846142,-93.232079,253,"MN",101,"Quercus","macrocarpa","bur oak","Plantae",501,"Open flowers",9,"2017-01-01","2017-12-31",2017-04-24,114,2017-04-20,4,1,0
"onset",116987,24692,44.846142,-93.232079,253,"MN",101,"Quercus","macrocarpa","bur oak","Plantae",501,"Open flowers",10,"2018-01-01","2018-12-31",2018-05-10,130,2018-05-07,3,1,0
"onset",116987,24692,44.846142,-93.232079,253,"MN",101,"Quercus","macrocarpa","bur oak","Plantae",501,"Open flowers",11,"2019-01-01","2019-12-31",2019-05-06,126,2019-05-05,1,1,0
"onset",116987,24692,44.846142,-93.232079,253,"MN",101,"Quercus","macrocarpa","bur oak","Plantae",501,"Open flowers",12,"2020-01-01","2020-12-31",2020-05-03,124,2020-04-27,6,3,0
"onset",116987,24692,44.846142,-93.232079,253,"MN",101,"Quercus","macrocarpa","bur oak","Plantae",501,"Open flowers",13,"2021-01-01","2021-12-31",2021-04-21,111,2021-04-15,6,1,0
"onset",116988,24692,44.846142,-93.232079,253,"MN",101,"Quercus","macrocarpa","bur oak","Plantae",371,"Breaking leaf buds",9,"2017-01-01","2017-12-31",2017-05-08,128,2017-04-24,14,1,0
"onset",116988,24692,44.846142,-93.232079,253,"MN",101,"Quercus","macrocarpa","bur oak","Plantae",371,"Breaking leaf buds",11,"2019-01-01","2019-12-31",2019-04-24,114,2019-04-22,2,1,0
"onset",116988,24692,44.846142,-93.232079,253,"MN",101,"Quercus","macrocarpa","bur oak","Plantae",371,"Breaking leaf buds",12,"2020-01-01","2020-12-31",2020-04-04,95,2020-04-01,3,5,0
"onset",116988,24692,44.846142,-93.232079,253,"MN",101,"Quercus","macrocarpa","bur oak","Plantae",371,"Breaking leaf buds",13,"2021-01-01","2021-12-31",2021-04-06,96,2021-04-05,1,1,0
"onset",116988,24692,44.846142,-93.232079,253,"MN",101,"Quercus","macrocarpa","bur oak","Plantae",501,"Open flowers",9,"2017-01-01","2017-12-31",2017-04-20,110,2017-04-12,8,1,0
"onset",116988,24692,44.846142,-93.232079,253,"MN",101,"Quercus","macrocarpa","bur oak","Plantae",501,"Open flowers",10,"2018-01-01","2018-12-31",2018-05-10,130,2018-05-07,3,1,0
"onset",116988,24692,44.846142,-93.232079,253,"MN",101,"Quercus","macrocarpa","bur oak","Plantae",501,"Open flowers",11,"2019-01-01","2019-12-31",2019-05-06,126,2019-05-05,1,1,0
"onset",116988,24692,44.846142,-93.232079,253,"MN",101,"Quercus","macrocarpa","bur oak","Plantae",501,"Open flowers",12,"2020-01-01","2020-12-31",2020-05-03,124,2020-04-30,3,3,0
"onset",116989,24692,44.846142,-93.232079,253,"MN",101,"Quercus","macrocarpa","bur oak","Plantae",371,"Breaking leaf buds",9,"2017-01-01","2017-12-31",2017-05-08,128,2017-04-24,14,1,0
"onset",116989,24692,44.846142,-93.232079,253,"MN",101,"Quercus","macrocarpa","bur oak","Plantae",371,"Breaking leaf buds",11,"2019-01-01","2019-12-31",2019-04-24,114,2019-04-22,2,2,0
"onset",116989,24692,44.846142,-93.232079,253,"MN",101,"Quercus","macrocarpa","bur oak","Plantae",371,"Breaking leaf buds",12,"2020-01-01","2020-12-31",2020-04-04,95,2020-04-01,3,4,0
"onset",116989,24692,44.846142,-93.232079,253,"MN",101,"Quercus","macrocarpa","bur oak","Plantae",371,"Breaking leaf buds",13,"2021-01-01","2021-12-31",2021-04-06,96,2021-04-01,5,3,0
"onset",116989,24692,44.846142,-93.232079,253,"MN",101,"Quercus","macrocarpa","bur oak","Plantae",501,"Open flowers",9,"2017-01-01","2017-12-31",2017-04-20,110,2017-04-12,8,1,0
"onset",116989,24692,44.846142,-93.232079,253,"MN",101,"Quercus","macrocarpa","bur oak","Plantae",501,"Open flowers",12,"2020-01-01","2020-12-31",2020-05-03,124,2020-04-30,3,2,0
"onset",116989,24692,44.846142,-93.232079,253,"MN",101,"Quercus","macrocarpa","bur oak","Plantae",501,"Open flowers",13,"2021-01-01","2021-12-31",2021-04-16,106,2021-04-15,1,2,0
"onset",119552,25093,47.000977,-94.697235,426,"MN",101,"Quercus","macrocarpa","bur oak","Plantae",371,"Breaking leaf buds",9,"2017-01-01","2017-12-31",2017-05-17,137,2017-05-08,9,1,0
"onset",119552,25093,47.000977,-94.697235,426,"MN",101,"Quercus","macrocarpa","bur oak","Plantae",371,"Breaking leaf buds",10,"2018-01-01","2018-12-31",2018-05-17,137,2018-05-10,7,1,0
"onset",119552,25093,47.000977,-94.697235,426,"MN",101,"Quercus","macrocarpa","bur oak","Plantae",501,"Open flowers",9,"2017-01-01","2017-12-31",2017-05-30,150,2017-05-22,8,1,0
"onset",119552,25093,47.000977,-94.697235,426,"MN",101,"Quercus","macrocarpa","bur oak","Plantae",501,"Open flowers",10,"2018-01-01","2018-12-31",2018-06-07,158,2018-05-17,21,1,0
"onset",120716,25066,33.667664,-79.830627,17,"SC",305,"Quercus","virginiana","live oak","Plantae",371,"Breaking leaf buds",9,"2017-01-01","2017-12-31",2017-04-08,98,2017-04-04,4,1,0
"onset",121724,25325,37.401405,-79.887527,464,"VA",100,"Quercus","alba","white oak","Plantae",371,"Breaking leaf buds",9,"2017-01-01","2017-12-31",2017-04-02,92,2017-03-25,8,1,0
"onset",121724,25325,37.401405,-79.887527,464,"VA",100,"Quercus","alba","white oak","Plantae",371,"Breaking leaf buds",10,"2018-01-01","2018-12-31",2018-04-25,115,2018-04-17,8,1,0
"onset",121725,25325,37.401405,-79.887527,464,"VA",100,"Quercus","alba","white oak","Plantae",371,"Breaking leaf buds",9,"2017-01-01","2017-12-31",2017-03-25,84,2017-03-19,6,1,0
"onset",121725,25325,37.401405,-79.887527,464,"VA",100,"Quercus","alba","white oak","Plantae",371,"Breaking leaf buds",10,"2018-01-01","2018-12-31",2018-04-25,115,2018-04-17,8,1,0
"onset",122289,25257,27.664827,-81.515755,31,"FL",305,"Quercus","virginiana","live oak","Plantae",371,"Breaking leaf buds",9,"2017-01-01","2017-12-31",2017-03-01,60,2017-02-28,1,1,0
"onset",122290,25257,27.664827,-81.515755,31,"FL",305,"Quercus","virginiana","live oak","Plantae",371,"Breaking leaf buds",9,"2017-01-01","2017-12-31",2017-03-17,76,2017-02-28,17,1,0
"onset",122724,25424,42.286526,-72.653793,51,"MA",101,"Quercus","macrocarpa","bur oak","Plantae",371,"Breaking leaf buds",9,"2017-01-01","2017-12-31",2017-04-26,116,2017-04-24,2,1,0
"onset",122724,25424,42.286526,-72.653793,51,"MA",101,"Quercus","macrocarpa","bur oak","Plantae",371,"Breaking leaf buds",10,"2018-01-01","2018-12-31",2018-05-01,121,2018-04-20,11,1,0
"onset",122724,25424,42.286526,-72.653793,51,"MA",101,"Quercus","macrocarpa","bur oak","Plantae",371,"Breaking leaf buds",12,"2020-01-01","2020-12-31",2020-05-04,125,2020-05-01,3,1,0
"onset",122724,25424,42.286526,-72.653793,51,"MA",101,"Quercus","macrocarpa","bur oak","Plantae",371,"Breaking leaf buds",13,"2021-01-01","2021-12-31",2021-04-13,103,2021-04-10,3,1,0
"onset",122724,25424,42.286526,-72.653793,51,"MA",101,"Quercus","macrocarpa","bur oak","Plantae",371,"Breaking leaf buds",14,"2022-01-01","2022-12-31",2022-04-26,116,2022-04-23,3,1,0
"onset",122724,25424,42.286526,-72.653793,51,"MA",101,"Quercus","macrocarpa","bur oak","Plantae",371,"Breaking leaf buds",15,"2023-01-01","2023-12-31",2023-04-13,103,2023-04-11,2,1,0
"onset",122724,25424,42.286526,-72.653793,51,"MA",101,"Quercus","macrocarpa","bur oak","Plantae",501,"Open flowers",12,"2020-01-01","2020-12-31",2020-05-06,127,2020-05-04,2,1,0
"onset",122724,25424,42.286526,-72.653793,51,"MA",101,"Quercus","macrocarpa","bur oak","Plantae",501,"Open flowers",15,"2023-01-01","2023-12-31",2023-05-07,127,2023-05-02,5,1,0
"onset",122790,9695,29.371792,-95.19973,8,"TX",305,"Quercus","virginiana","live oak","Plantae",371,"Breaking leaf buds",9,"2017-01-01","2017-12-31",2017-02-28,59,2017-02-18,10,1,0
"onset",122790,9695,29.371792,-95.19973,8,"TX",305,"Quercus","virginiana","live oak","Plantae",501,"Open flowers",9,"2017-01-01","2017-12-31",2017-02-18,49,2017-02-17,1,2,0
"onset",123579,25524,33.761486,-84.277054,293,"GA",100,"Quercus","alba","white oak","Plantae",371,"Breaking leaf buds",11,"2019-01-01","2019-12-31",2019-02-11,42,2019-01-18,24,1,0
"onset",123996,25565,43.34066,-83.164528,256,"MI",101,"Quercus","macrocarpa","bur oak","Plantae",371,"Breaking leaf buds",9,"2017-01-01","2017-12-31",2017-04-17,107,2017-04-10,7,1,0
"onset",123996,25565,43.34066,-83.164528,256,"MI",101,"Quercus","macrocarpa","bur oak","Plantae",371,"Breaking leaf buds",10,"2018-01-01","2018-12-31",2018-05-07,127,2018-04-28,9,1,0
"onset",123996,25565,43.34066,-83.164528,256,"MI",101,"Quercus","macrocarpa","bur oak","Plantae",371,"Breaking leaf buds",11,"2019-01-01","2019-12-31",2019-04-29,119,2019-04-21,8,1,0
"onset",123996,25565,43.34066,-83.164528,256,"MI",101,"Quercus","macrocarpa","bur oak","Plantae",501,"Open flowers",9,"2017-01-01","2017-12-31",2017-05-24,144,2017-05-17,7,1,0
"onset",123996,25565,43.34066,-83.164528,256,"MI",101,"Quercus","macrocarpa","bur oak","Plantae",501,"Open flowers",10,"2018-01-01","2018-12-31",2018-05-24,144,2018-05-23,1,1,0
"onset",123996,25565,43.34066,-83.164528,256,"MI",101,"Quercus","macrocarpa","bur oak","Plantae",501,"Open flowers",11,"2019-01-01","2019-12-31",2019-05-23,143,2019-05-16,7,1,0
"onset",127430,25852,35.733105,-78.853477,133,"NC",100,"Quercus","alba","white oak","Plantae",371,"Breaking leaf buds",9,"2017-01-01","2017-12-31",2017-03-29,88,2017-03-26,3,1,0
"onset",127549,25901,30.05377,-89.880486,0,"LA",305,"Quercus","virginiana","live oak","Plantae",371,"Breaking leaf buds",9,"2017-01-01","2017-12-31",2017-03-15,74,2017-03-10,5,1,0
"onset",127549,25901,30.05377,-89.880486,0,"LA",305,"Quercus","virginiana","live oak","Plantae",371,"Breaking leaf buds",10,"2018-01-01","2018-12-31",2018-02-21,52,2018-02-15,6,1,0
"onset",127549,25901,30.05377,-89.880486,0,"LA",305,"Quercus","virginiana","live oak","Plantae",371,"Breaking leaf buds",11,"2019-01-01","2019-12-31",2019-03-20,79,2019-03-12,8,1,0
"onset",127549,25901,30.05377,-89.880486,0,"LA",305,"Quercus","virginiana","live oak","Plantae",371,"Breaking leaf buds",12,"2020-01-01","2020-12-31",2020-03-04,64,2020-02-26,7,3,0
"onset",127549,25901,30.05377,-89.880486,0,"LA",305,"Quercus","virginiana","live oak","Plantae",371,"Breaking leaf buds",13,"2021-01-01","2021-12-31",2021-01-06,6,2021-01-04,2,3,0
"onset",127549,25901,30.05377,-89.880486,0,"LA",305,"Quercus","virginiana","live oak","Plantae",371,"Breaking leaf buds",14,"2022-01-01","2022-12-31",2022-03-09,68,2022-03-04,5,2,0
"onset",127549,25901,30.05377,-89.880486,0,"LA",305,"Quercus","virginiana","live oak","Plantae",371,"Breaking leaf buds",15,"2023-01-01","2023-12-31",2023-03-08,67,2023-03-01,7,2,0
"onset",127549,25901,30.05377,-89.880486,0,"LA",305,"Quercus","virginiana","live oak","Plantae",371,"Breaking leaf buds",16,"2024-01-01","2024-12-31",2024-03-20,80,2024-03-13,7,1,0
"onset",127549,25901,30.05377,-89.880486,0,"LA",305,"Quercus","virginiana","live oak","Plantae",371,"Breaking leaf buds",17,"2025-01-01","2025-12-31",2025-03-27,86,2025-03-19,8,1,0
"onset",127549,25901,30.05377,-89.880486,0,"LA",305,"Quercus","virginiana","live oak","Plantae",501,"Open flowers",10,"2018-01-01","2018-12-31",2018-03-06,65,2018-02-21,13,1,0
"onset",127549,25901,30.05377,-89.880486,0,"LA",305,"Quercus","virginiana","live oak","Plantae",501,"Open flowers",11,"2019-01-01","2019-12-31",2019-03-06,65,2019-02-25,9,1,0
"onset",127549,25901,30.05377,-89.880486,0,"LA",305,"Quercus","virginiana","live oak","Plantae",501,"Open flowers",12,"2020-01-01","2020-12-31",2020-03-12,72,2020-03-04,8,1,0
"onset",127549,25901,30.05377,-89.880486,0,"LA",305,"Quercus","virginiana","live oak","Plantae",501,"Open flowers",13,"2021-01-01","2021-12-31",2021-03-17,76,2021-03-10,7,2,0
"onset",127549,25901,30.05377,-89.880486,0,"LA",305,"Quercus","virginiana","live oak","Plantae",501,"Open flowers",14,"2022-01-01","2022-12-31",2022-03-15,74,2022-03-12,3,3,0
"onset",127549,25901,30.05377,-89.880486,0,"LA",305,"Quercus","virginiana","live oak","Plantae",501,"Open flowers",15,"2023-01-01","2023-12-31",2023-03-01,60,2023-02-22,7,1,0
"onset",127549,25901,30.05377,-89.880486,0,"LA",305,"Quercus","virginiana","live oak","Plantae",501,"Open flowers",16,"2024-01-01","2024-12-31",2024-03-13,73,2024-03-06,7,1,0
"onset",127549,25901,30.05377,-89.880486,0,"LA",305,"Quercus","virginiana","live oak","Plantae",501,"Open flowers",17,"2025-01-01","2025-12-31",2025-03-27,86,2025-03-19,8,1,0
"onset",127550,25901,30.05377,-89.880486,0,"LA",305,"Quercus","virginiana","live oak","Plantae",371,"Breaking leaf buds",9,"2017-01-01","2017-12-31",2017-03-15,74,2017-03-10,5,1,0
"onset",127550,25901,30.05377,-89.880486,0,"LA",305,"Quercus","virginiana","live oak","Plantae",371,"Breaking leaf buds",10,"2018-01-01","2018-12-31",2018-03-06,65,2018-02-21,13,1,0
"onset",127550,25901,30.05377,-89.880486,0,"LA",305,"Quercus","virginiana","live oak","Plantae",371,"Breaking leaf buds",11,"2019-01-01","2019-12-31",2019-03-06,65,2019-02-25,9,1,0
"onset",127550,25901,30.05377,-89.880486,0,"LA",305,"Quercus","virginiana","live oak","Plantae",371,"Breaking leaf buds",12,"2020-01-01","2020-12-31",2020-02-26,57,2020-02-18,8,3,0
"onset",127550,25901,30.05377,-89.880486,0,"LA",305,"Quercus","virginiana","live oak","Plantae",371,"Breaking leaf buds",13,"2021-01-01","2021-12-31",2021-01-06,6,2021-01-04,2,4,0
"onset",127550,25901,30.05377,-89.880486,0,"LA",305,"Quercus","virginiana","live oak","Plantae",371,"Breaking leaf buds",14,"2022-01-01","2022-12-31",2022-03-04,63,2022-03-02,2,3,0
"onset",127550,25901,30.05377,-89.880486,0,"LA",305,"Quercus","virginiana","live oak","Plantae",371,"Breaking leaf buds",15,"2023-01-01","2023-12-31",2023-02-22,53,2023-02-15,7,3,0
"onset",127550,25901,30.05377,-89.880486,0,"LA",305,"Quercus","virginiana","live oak","Plantae",371,"Breaking leaf buds",16,"2024-01-01","2024-12-31",2024-03-13,73,2024-03-06,7,1,0
"onset",127550,25901,30.05377,-89.880486,0,"LA",305,"Quercus","virginiana","live oak","Plantae",371,"Breaking leaf buds",17,"2025-01-01","2025-12-31",2025-03-27,86,2025-03-19,8,1,0
"onset",127550,25901,30.05377,-89.880486,0,"LA",305,"Quercus","virginiana","live oak","Plantae",501,"Open flowers",10,"2018-01-01","2018-12-31",2018-02-21,52,2018-02-15,6,2,0
"onset",127550,25901,30.05377,-89.880486,0,"LA",305,"Quercus","virginiana","live oak","Plantae",501,"Open flowers",11,"2019-01-01","2019-12-31",2019-02-19,50,2019-02-06,13,1,0
"onset",127550,25901,30.05377,-89.880486,0,"LA",305,"Quercus","virginiana","live oak","Plantae",501,"Open flowers",12,"2020-01-01","2020-12-31",2020-02-18,49,2020-02-09,9,2,0
"onset",127550,25901,30.05377,-89.880486,0,"LA",305,"Quercus","virginiana","live oak","Plantae",501,"Open flowers",13,"2021-01-01","2021-12-31",2021-03-10,69,2021-03-07,3,1,0
"onset",127550,25901,30.05377,-89.880486,0,"LA",305,"Quercus","virginiana","live oak","Plantae",501,"Open flowers",14,"2022-01-01","2022-12-31",2022-03-04,63,2022-03-02,2,1,0
"onset",127550,25901,30.05377,-89.880486,0,"LA",305,"Quercus","virginiana","live oak","Plantae",501,"Open flowers",15,"2023-01-01","2023-12-31",2023-03-01,60,2023-02-22,7,1,0
"onset",127550,25901,30.05377,-89.880486,0,"LA",305,"Quercus","virginiana","live oak","Plantae",501,"Open flowers",16,"2024-01-01","2024-12-31",2024-03-06,66,2024-02-28,7,1,0
"onset",127550,25901,30.05377,-89.880486,0,"LA",305,"Quercus","virginiana","live oak","Plantae",501,"Open flowers",17,"2025-01-01","2025-12-31",2025-03-12,71,2025-03-05,7,1,0
"onset",127550,25901,30.05377,-89.880486,0,"LA",305,"Quercus","virginiana","live oak","Plantae",501,"Open flowers",18,"2026-01-01","2026-12-31",2026-02-25,56,2026-02-11,14,1,0
"onset",128508,25972,39.974331,-86.093376,240,"IN",100,"Quercus","alba","white oak","Plantae",371,"Breaking leaf buds",9,"2017-01-01","2017-12-31",2017-04-19,109,2017-03-28,22,1,0
"onset",128508,25972,39.974331,-86.093376,240,"IN",100,"Quercus","alba","white oak","Plantae",371,"Breaking leaf buds",10,"2018-01-01","2018-12-31",2018-05-04,124,2018-04-15,19,1,0
"onset",128508,25972,39.974331,-86.093376,240,"IN",100,"Quercus","alba","white oak","Plantae",371,"Breaking leaf buds",11,"2019-01-01","2019-12-31",2019-04-21,111,2019-04-04,17,1,0
"onset",128508,25972,39.974331,-86.093376,240,"IN",100,"Quercus","alba","white oak","Plantae",501,"Open flowers",9,"2017-01-01","2017-12-31",2017-04-19,109,2017-03-28,22,1,0
"onset",128508,25972,39.974331,-86.093376,240,"IN",100,"Quercus","alba","white oak","Plantae",501,"Open flowers",10,"2018-01-01","2018-12-31",2018-05-04,124,2018-04-15,19,1,0
"onset",128508,25972,39.974331,-86.093376,240,"IN",100,"Quercus","alba","white oak","Plantae",501,"Open flowers",11,"2019-01-01","2019-12-31",2019-04-21,111,2019-04-04,17,1,0
"onset",129396,25662,34.254848,-84.138611,381,"GA",1212,"Quercus","montana","chestnut oak","Plantae",371,"Breaking leaf buds",9,"2017-01-01","2017-12-31",2017-04-12,102,2017-03-22,21,1,0
"onset",129412,25972,39.974331,-86.093376,240,"IN",100,"Quercus","alba","white oak","Plantae",371,"Breaking leaf buds",11,"2019-01-01","2019-12-31",2019-05-08,128,2019-04-21,17,1,0
"onset",129941,25968,38.863987,-77.687134,219,"VA",1212,"Quercus","montana","chestnut oak","Plantae",371,"Breaking leaf buds",9,"2017-01-01","2017-12-31",2017-04-08,98,2017-04-07,1,1,0
"onset",131610,26048,44.825459,-93.176857,263,"MN",100,"Quercus","alba","white oak","Plantae",371,"Breaking leaf buds",9,"2017-01-01","2017-12-31",2017-04-15,105,2017-04-10,5,1,0
"onset",131610,26048,44.825459,-93.176857,263,"MN",100,"Quercus","alba","white oak","Plantae",371,"Breaking leaf buds",10,"2018-01-01","2018-12-31",2018-05-09,129,2018-04-29,10,1,0
"onset",131610,26048,44.825459,-93.176857,263,"MN",100,"Quercus","alba","white oak","Plantae",371,"Breaking leaf buds",11,"2019-01-01","2019-12-31",2019-05-04,124,2019-04-26,8,1,0
"onset",131610,26048,44.825459,-93.176857,263,"MN",100,"Quercus","alba","white oak","Plantae",371,"Breaking leaf buds",12,"2020-01-01","2020-12-31",2020-05-09,130,2020-05-02,7,1,0
"onset",131610,26048,44.825459,-93.176857,263,"MN",100,"Quercus","alba","white oak","Plantae",371,"Breaking leaf buds",13,"2021-01-01","2021-12-31",2021-04-11,101,2021-04-03,8,1,0
"onset",131610,26048,44.825459,-93.176857,263,"MN",100,"Quercus","alba","white oak","Plantae",371,"Breaking leaf buds",14,"2022-01-01","2022-12-31",2022-05-11,131,2022-04-28,13,1,0
"onset",131610,26048,44.825459,-93.176857,263,"MN",100,"Quercus","alba","white oak","Plantae",501,"Open flowers",12,"2020-01-01","2020-12-31",2020-05-02,123,2020-04-25,7,1,0
"onset",131610,26048,44.825459,-93.176857,263,"MN",100,"Quercus","alba","white oak","Plantae",501,"Open flowers",13,"2021-01-01","2021-12-31",2021-04-25,115,2021-04-16,9,1,0
"onset",131610,26048,44.825459,-93.176857,263,"MN",100,"Quercus","alba","white oak","Plantae",501,"Open flowers",15,"2023-01-01","2023-12-31",2023-05-12,132,2023-04-28,14,1,0
"onset",132268,26389,42.346191,-72.501717,76,"MA",100,"Quercus","alba","white oak","Plantae",371,"Breaking leaf buds",9,"2017-01-01","2017-12-31",2017-04-20,110,2017-04-19,1,1,0
"onset",132847,26202,41.814045,-88.050323,228,"IL",1212,"Quercus","montana","chestnut oak","Plantae",371,"Breaking leaf buds",9,"2017-01-01","2017-12-31",2017-04-07,97,2017-03-31,7,1,0
"onset",132847,26202,41.814045,-88.050323,228,"IL",1212,"Quercus","montana","chestnut oak","Plantae",371,"Breaking leaf buds",10,"2018-01-01","2018-12-31",2018-05-04,124,2018-04-26,8,1,0
"onset",132847,26202,41.814045,-88.050323,228,"IL",1212,"Quercus","montana","chestnut oak","Plantae",371,"Breaking leaf buds",11,"2019-01-01","2019-12-31",2019-04-24,114,2019-04-17,7,1,0
"onset",132847,26202,41.814045,-88.050323,228,"IL",1212,"Quercus","montana","chestnut oak","Plantae",501,"Open flowers",9,"2017-01-01","2017-12-31",2017-04-21,111,2017-04-14,7,1,0
"onset",132847,26202,41.814045,-88.050323,228,"IL",1212,"Quercus","montana","chestnut oak","Plantae",501,"Open flowers",10,"2018-01-01","2018-12-31",2018-05-11,131,2018-05-04,7,1,0
"onset",132847,26202,41.814045,-88.050323,228,"IL",1212,"Quercus","montana","chestnut oak","Plantae",501,"Open flowers",11,"2019-01-01","2019-12-31",2019-05-08,128,2019-04-30,8,1,0
"onset",132849,26202,41.814045,-88.050323,228,"IL",101,"Quercus","macrocarpa","bur oak","Plantae",371,"Breaking leaf buds",9,"2017-01-01","2017-12-31",2017-04-07,97,2017-03-31,7,1,0
"onset",132849,26202,41.814045,-88.050323,228,"IL",101,"Quercus","macrocarpa","bur oak","Plantae",371,"Breaking leaf buds",10,"2018-01-01","2018-12-31",2018-05-02,122,2018-04-20,12,1,0
"onset",132849,26202,41.814045,-88.050323,228,"IL",101,"Quercus","macrocarpa","bur oak","Plantae",371,"Breaking leaf buds",11,"2019-01-01","2019-12-31",2019-04-29,119,2019-04-22,7,1,0
"onset",132849,26202,41.814045,-88.050323,228,"IL",101,"Quercus","macrocarpa","bur oak","Plantae",371,"Breaking leaf buds",13,"2021-01-01","2021-12-31",2021-04-30,120,2021-04-23,7,1,0
"onset",132849,26202,41.814045,-88.050323,228,"IL",101,"Quercus","macrocarpa","bur oak","Plantae",501,"Open flowers",9,"2017-01-01","2017-12-31",2017-04-21,111,2017-04-14,7,1,0
"onset",132849,26202,41.814045,-88.050323,228,"IL",101,"Quercus","macrocarpa","bur oak","Plantae",501,"Open flowers",10,"2018-01-01","2018-12-31",2018-05-10,130,2018-05-04,6,1,0
"onset",132849,26202,41.814045,-88.050323,228,"IL",101,"Quercus","macrocarpa","bur oak","Plantae",501,"Open flowers",11,"2019-01-01","2019-12-31",2019-05-06,126,2019-04-29,7,1,0
"onset",132856,26202,41.814045,-88.050323,228,"IL",100,"Quercus","alba","white oak","Plantae",371,"Breaking leaf buds",9,"2017-01-01","2017-12-31",2017-04-07,97,2017-03-31,7,1,0
"onset",132856,26202,41.814045,-88.050323,228,"IL",100,"Quercus","alba","white oak","Plantae",371,"Breaking leaf buds",10,"2018-01-01","2018-12-31",2018-05-04,124,2018-04-26,8,1,0
"onset",132856,26202,41.814045,-88.050323,228,"IL",100,"Quercus","alba","white oak","Plantae",371,"Breaking leaf buds",11,"2019-01-01","2019-12-31",2019-04-17,107,2019-04-03,14,1,0
"onset",132856,26202,41.814045,-88.050323,228,"IL",100,"Quercus","alba","white oak","Plantae",501,"Open flowers",9,"2017-01-01","2017-12-31",2017-04-21,111,2017-04-14,7,1,0
"onset",132856,26202,41.814045,-88.050323,228,"IL",100,"Quercus","alba","white oak","Plantae",501,"Open flowers",10,"2018-01-01","2018-12-31",2018-05-11,131,2018-05-04,7,1,0
"onset",132856,26202,41.814045,-88.050323,228,"IL",100,"Quercus","alba","white oak","Plantae",501,"Open flowers",11,"2019-01-01","2019-12-31",2019-04-30,120,2019-04-24,6,1,0
"onset",132858,26202,41.814045,-88.050323,228,"IL",100,"Quercus","alba","white oak","Plantae",371,"Breaking leaf buds",9,"2017-01-01","2017-12-31",2017-04-07,97,2017-03-31,7,1,0
"onset",132858,26202,41.814045,-88.050323,228,"IL",100,"Quercus","alba","white oak","Plantae",371,"Breaking leaf buds",10,"2018-01-01","2018-12-31",2018-05-02,122,2018-04-25,7,1,0
"onset",132858,26202,41.814045,-88.050323,228,"IL",100,"Quercus","alba","white oak","Plantae",371,"Breaking leaf buds",11,"2019-01-01","2019-12-31",2019-04-15,105,2019-04-09,6,1,0
"onset",132858,26202,41.814045,-88.050323,228,"IL",100,"Quercus","alba","white oak","Plantae",371,"Breaking leaf buds",13,"2021-01-01","2021-12-31",2021-04-09,99,2021-04-03,6,1,0
"onset",132858,26202,41.814045,-88.050323,228,"IL",100,"Quercus","alba","white oak","Plantae",501,"Open flowers",9,"2017-01-01","2017-12-31",2017-04-21,111,2017-04-14,7,1,0
"onset",132858,26202,41.814045,-88.050323,228,"IL",100,"Quercus","alba","white oak","Plantae",501,"Open flowers",11,"2019-01-01","2019-12-31",2019-05-01,121,2019-04-23,8,1,0
"onset",132858,26202,41.814045,-88.050323,228,"IL",100,"Quercus","alba","white oak","Plantae",501,"Open flowers",13,"2021-01-01","2021-12-31",2021-05-03,123,2021-04-26,7,1,0
"onset",132860,26202,41.814045,-88.050323,228,"IL",100,"Quercus","alba","white oak","Plantae",371,"Breaking leaf buds",9,"2017-01-01","2017-12-31",2017-04-07,97,2017-03-31,7,1,0
"onset",132860,26202,41.814045,-88.050323,228,"IL",100,"Quercus","alba","white oak","Plantae",371,"Breaking leaf buds",10,"2018-01-01","2018-12-31",2018-05-06,126,2018-04-29,7,1,0
"onset",132860,26202,41.814045,-88.050323,228,"IL",100,"Quercus","alba","white oak","Plantae",371,"Breaking leaf buds",11,"2019-01-01","2019-12-31",2019-04-22,112,2019-04-15,7,1,0
"onset",132860,26202,41.814045,-88.050323,228,"IL",100,"Quercus","alba","white oak","Plantae",371,"Breaking leaf buds",13,"2021-01-01","2021-12-31",2021-04-16,106,2021-04-09,7,1,0
"onset",132860,26202,41.814045,-88.050323,228,"IL",100,"Quercus","alba","white oak","Plantae",501,"Open flowers",9,"2017-01-01","2017-12-31",2017-05-08,128,2017-04-24,14,1,0
"onset",132860,26202,41.814045,-88.050323,228,"IL",100,"Quercus","alba","white oak","Plantae",501,"Open flowers",10,"2018-01-01","2018-12-31",2018-05-12,132,2018-05-06,6,1,0
"onset",132870,26202,41.814045,-88.050323,228,"IL",1212,"Quercus","montana","chestnut oak","Plantae",371,"Breaking leaf buds",9,"2017-01-01","2017-12-31",2017-04-24,114,2017-04-17,7,1,0
"onset",132870,26202,41.814045,-88.050323,228,"IL",1212,"Quercus","montana","chestnut oak","Plantae",371,"Breaking leaf buds",10,"2018-01-01","2018-12-31",2018-05-02,122,2018-04-26,6,1,0
"onset",132870,26202,41.814045,-88.050323,228,"IL",1212,"Quercus","montana","chestnut oak","Plantae",371,"Breaking leaf buds",11,"2019-01-01","2019-12-31",2019-04-29,119,2019-04-22,7,1,0
"onset",132870,26202,41.814045,-88.050323,228,"IL",1212,"Quercus","montana","chestnut oak","Plantae",371,"Breaking leaf buds",13,"2021-01-01","2021-12-31",2021-04-11,101,2021-04-04,7,1,0
"onset",132870,26202,41.814045,-88.050323,228,"IL",1212,"Quercus","montana","chestnut oak","Plantae",501,"Open flowers",9,"2017-01-01","2017-12-31",2017-04-24,114,2017-04-17,7,1,0
"onset",132870,26202,41.814045,-88.050323,228,"IL",1212,"Quercus","montana","chestnut oak","Plantae",501,"Open flowers",10,"2018-01-01","2018-12-31",2018-05-23,143,2018-05-18,5,1,0
"onset",132871,26202,41.814045,-88.050323,228,"IL",1212,"Quercus","montana","chestnut oak","Plantae",371,"Breaking leaf buds",9,"2017-01-01","2017-12-31",2017-04-03,93,2017-03-27,7,2,0
"onset",132871,26202,41.814045,-88.050323,228,"IL",1212,"Quercus","montana","chestnut oak","Plantae",371,"Breaking leaf buds",10,"2018-01-01","2018-12-31",2018-05-04,124,2018-04-26,8,1,0
"onset",132871,26202,41.814045,-88.050323,228,"IL",1212,"Quercus","montana","chestnut oak","Plantae",371,"Breaking leaf buds",11,"2019-01-01","2019-12-31",2019-04-08,98,2019-04-01,7,1,0
"onset",132871,26202,41.814045,-88.050323,228,"IL",1212,"Quercus","montana","chestnut oak","Plantae",371,"Breaking leaf buds",13,"2021-01-01","2021-12-31",2021-04-16,106,2021-04-09,7,1,0
"onset",132871,26202,41.814045,-88.050323,228,"IL",1212,"Quercus","montana","chestnut oak","Plantae",501,"Open flowers",9,"2017-01-01","2017-12-31",2017-05-01,121,2017-04-24,7,1,0
"onset",132871,26202,41.814045,-88.050323,228,"IL",1212,"Quercus","montana","chestnut oak","Plantae",501,"Open flowers",10,"2018-01-01","2018-12-31",2018-05-04,124,2018-04-26,8,1,0
"onset",132871,26202,41.814045,-88.050323,228,"IL",1212,"Quercus","montana","chestnut oak","Plantae",501,"Open flowers",11,"2019-01-01","2019-12-31",2019-05-06,126,2019-04-29,7,1,0
"onset",132871,26202,41.814045,-88.050323,228,"IL",1212,"Quercus","montana","chestnut oak","Plantae",501,"Open flowers",13,"2021-01-01","2021-12-31",2021-05-14,134,2021-05-07,7,1,0
"onset",132877,26202,41.814045,-88.050323,228,"IL",101,"Quercus","macrocarpa","bur oak","Plantae",371,"Breaking leaf buds",9,"2017-01-01","2017-12-31",2017-05-01,121,2017-04-24,7,1,0
"onset",132877,26202,41.814045,-88.050323,228,"IL",101,"Quercus","macrocarpa","bur oak","Plantae",501,"Open flowers",9,"2017-01-01","2017-12-31",2017-05-08,128,2017-05-01,7,1,0
"onset",132878,26202,41.814045,-88.050323,228,"IL",101,"Quercus","macrocarpa","bur oak","Plantae",371,"Breaking leaf buds",9,"2017-01-01","2017-12-31",2017-04-17,107,2017-04-10,7,1,0
"onset",132878,26202,41.814045,-88.050323,228,"IL",101,"Quercus","macrocarpa","bur oak","Plantae",371,"Breaking leaf buds",10,"2018-01-01","2018-12-31",2018-05-02,122,2018-04-25,7,1,0
"onset",132878,26202,41.814045,-88.050323,228,"IL",101,"Quercus","macrocarpa","bur oak","Plantae",371,"Breaking leaf buds",11,"2019-01-01","2019-12-31",2019-05-03,123,2019-05-02,1,1,0
"onset",132878,26202,41.814045,-88.050323,228,"IL",101,"Quercus","macrocarpa","bur oak","Plantae",371,"Breaking leaf buds",13,"2021-01-01","2021-12-31",2021-04-04,94,2021-04-01,3,3,0
"onset",132878,26202,41.814045,-88.050323,228,"IL",101,"Quercus","macrocarpa","bur oak","Plantae",501,"Open flowers",9,"2017-01-01","2017-12-31",2017-04-17,107,2017-04-10,7,1,0
"onset",132878,26202,41.814045,-88.050323,228,"IL",101,"Quercus","macrocarpa","bur oak","Plantae",501,"Open flowers",13,"2021-01-01","2021-12-31",2021-05-18,138,2021-05-16,2,1,0
"onset",135954,26810,29.06127,-81.229851,15,"FL",305,"Quercus","virginiana","live oak","Plantae",371,"Breaking leaf buds",9,"2017-01-01","2017-12-31",2017-03-05,64,2017-02-19,14,2,0
"onset",135954,26810,29.06127,-81.229851,15,"FL",305,"Quercus","virginiana","live oak","Plantae",501,"Open flowers",9,"2017-01-01","2017-12-31",2017-03-19,78,2017-03-05,14,1,0
"onset",135958,26810,29.06127,-81.229851,15,"FL",305,"Quercus","virginiana","live oak","Plantae",371,"Breaking leaf buds",9,"2017-01-01","2017-12-31",2017-02-19,50,2017-02-05,14,2,0
"onset",135958,26810,29.06127,-81.229851,15,"FL",305,"Quercus","virginiana","live oak","Plantae",501,"Open flowers",9,"2017-01-01","2017-12-31",2017-03-19,78,2017-03-05,14,1,0
"onset",135959,26810,29.06127,-81.229851,15,"FL",305,"Quercus","virginiana","live oak","Plantae",371,"Breaking leaf buds",9,"2017-01-01","2017-12-31",2017-02-19,50,2017-02-05,14,1,0
"onset",136087,26847,29.036613,-81.303291,18,"FL",305,"Quercus","virginiana","live oak","Plantae",371,"Breaking leaf buds",9,"2017-01-01","2017-12-31",2017-03-31,90,2017-03-17,14,1,0
"onset",136087,26847,29.036613,-81.303291,18,"FL",305,"Quercus","virginiana","live oak","Plantae",501,"Open flowers",9,"2017-01-01","2017-12-31",2017-03-03,62,2017-02-24,7,2,0
"onset",136088,26847,29.036613,-81.303291,18,"FL",305,"Quercus","virginiana","live oak","Plantae",501,"Open flowers",9,"2017-01-01","2017-12-31",2017-03-03,62,2017-02-24,7,1,0
"onset",136089,26847,29.036613,-81.303291,18,"FL",305,"Quercus","virginiana","live oak","Plantae",371,"Breaking leaf buds",9,"2017-01-01","2017-12-31",2017-03-31,90,2017-03-17,14,1,0
"onset",136089,26847,29.036613,-81.303291,18,"FL",305,"Quercus","virginiana","live oak","Plantae",501,"Open flowers",9,"2017-01-01","2017-12-31",2017-03-03,62,2017-02-24,7,1,0
"onset",136470,26859,37.229877,-80.419395,639,"VA",100,"Quercus","alba","white oak","Plantae",371,"Breaking leaf buds",9,"2017-01-01","2017-12-31",2017-04-04,94,2017-03-28,7,1,0
"onset",136538,26863,42.419384,-76.492157,266,"NY",100,"Quercus","alba","white oak","Plantae",371,"Breaking leaf buds",10,"2018-01-01","2018-12-31",2018-04-22,112,2018-04-17,5,1,0
"onset",136538,26863,42.419384,-76.492157,266,"NY",100,"Quercus","alba","white oak","Plantae",371,"Breaking leaf buds",14,"2022-01-01","2022-12-31",2022-04-15,105,2022-04-07,8,1,0
"onset",136580,26876,29.036613,-81.303291,18,"FL",305,"Quercus","virginiana","live oak","Plantae",371,"Breaking leaf buds",9,"2017-01-01","2017-12-31",2017-03-24,83,2017-03-17,7,1,0
"onset",136583,26876,29.036613,-81.303291,18,"FL",305,"Quercus","virginiana","live oak","Plantae",371,"Breaking leaf buds",9,"2017-01-01","2017-12-31",2017-03-17,76,2017-03-03,14,1,0
"onset",136586,26876,29.036613,-81.303291,18,"FL",305,"Quercus","virginiana","live oak","Plantae",371,"Breaking leaf buds",9,"2017-01-01","2017-12-31",2017-03-03,62,2017-02-26,5,1,0
"onset",136871,25424,42.286526,-72.653793,51,"MA",101,"Quercus","macrocarpa","bur oak","Plantae",371,"Breaking leaf buds",10,"2018-01-01","2018-12-31",2018-05-02,122,2018-05-01,1,1,0
"onset",136871,25424,42.286526,-72.653793,51,"MA",101,"Quercus","macrocarpa","bur oak","Plantae",371,"Breaking leaf buds",12,"2020-01-01","2020-12-31",2020-05-06,127,2020-05-04,2,1,0
"onset",136871,25424,42.286526,-72.653793,51,"MA",101,"Quercus","macrocarpa","bur oak","Plantae",371,"Breaking leaf buds",13,"2021-01-01","2021-12-31",2021-04-21,111,2021-04-19,2,1,0
"onset",136871,25424,42.286526,-72.653793,51,"MA",101,"Quercus","macrocarpa","bur oak","Plantae",371,"Breaking leaf buds",14,"2022-01-01","2022-12-31",2022-04-30,120,2022-04-26,4,1,0
"onset",136871,25424,42.286526,-72.653793,51,"MA",101,"Quercus","macrocarpa","bur oak","Plantae",371,"Breaking leaf buds",15,"2023-01-01","2023-12-31",2023-04-24,114,2023-04-20,4,1,0
"onset",137043,26987,44.976757,-93.193657,272,"MN",101,"Quercus","macrocarpa","bur oak","Plantae",371,"Breaking leaf buds",9,"2017-01-01","2017-12-31",2017-05-09,129,2017-05-07,2,1,0
"onset",137151,27023,42.316795,-71.084755,10,"MA",100,"Quercus","alba","white oak","Plantae",371,"Breaking leaf buds",8,"2016-01-01","2016-12-31",2016-11-02,307,2016-10-06,27,1,0
"onset",138575,1915,41.78344,-73.732552,150,"NY",100,"Quercus","alba","white oak","Plantae",371,"Breaking leaf buds",10,"2018-01-01","2018-12-31",2018-05-04,124,2018-04-27,7,1,0
"onset",138575,1915,41.78344,-73.732552,150,"NY",100,"Quercus","alba","white oak","Plantae",371,"Breaking leaf buds",11,"2019-01-01","2019-12-31",2019-05-08,128,2019-04-24,14,1,0
"onset",138575,1915,41.78344,-73.732552,150,"NY",100,"Quercus","alba","white oak","Plantae",371,"Breaking leaf buds",12,"2020-01-01","2020-12-31",2020-05-19,140,2020-05-12,7,1,0
"onset",138575,1915,41.78344,-73.732552,150,"NY",100,"Quercus","alba","white oak","Plantae",501,"Open flowers",9,"2017-01-01","2017-12-31",2017-06-01,152,2017-05-17,15,1,0
"onset",138575,1915,41.78344,-73.732552,150,"NY",100,"Quercus","alba","white oak","Plantae",501,"Open flowers",11,"2019-01-01","2019-12-31",2019-05-08,128,2019-04-24,14,1,0
"onset",138575,1915,41.78344,-73.732552,150,"NY",100,"Quercus","alba","white oak","Plantae",501,"Open flowers",13,"2021-01-01","2021-12-31",2021-05-20,140,2021-05-11,9,1,0
"onset",138649,27143,39.667038,-104.87365,1684,"CO",101,"Quercus","macrocarpa","bur oak","Plantae",371,"Breaking leaf buds",9,"2017-01-01","2017-12-31",2017-05-19,139,2017-05-05,14,1,0
"onset",138649,27143,39.667038,-104.87365,1684,"CO",101,"Quercus","macrocarpa","bur oak","Plantae",501,"Open flowers",9,"2017-01-01","2017-12-31",2017-04-24,114,2017-04-10,14,1,0
"onset",141898,27475,29.783813,-90.117561,0,"LA",305,"Quercus","virginiana","live oak","Plantae",371,"Breaking leaf buds",10,"2018-01-01","2018-12-31",2018-02-24,55,2018-02-14,10,2,0
"onset",141898,27475,29.783813,-90.117561,0,"LA",305,"Quercus","virginiana","live oak","Plantae",501,"Open flowers",10,"2018-01-01","2018-12-31",2018-02-24,55,2018-02-14,10,1,0
"onset",141907,27476,29.785265,-90.110191,0,"LA",305,"Quercus","virginiana","live oak","Plantae",371,"Breaking leaf buds",10,"2018-01-01","2018-12-31",2018-03-23,82,2018-02-23,28,1,0
"onset",141907,27476,29.785265,-90.110191,0,"LA",305,"Quercus","virginiana","live oak","Plantae",371,"Breaking leaf buds",11,"2019-01-01","2019-12-31",2019-03-21,80,2019-03-14,7,1,0
"onset",141907,27476,29.785265,-90.110191,0,"LA",305,"Quercus","virginiana","live oak","Plantae",371,"Breaking leaf buds",12,"2020-01-01","2020-12-31",2020-03-05,65,2020-03-01,4,1,0
"onset",141907,27476,29.785265,-90.110191,0,"LA",305,"Quercus","virginiana","live oak","Plantae",501,"Open flowers",10,"2018-01-01","2018-12-31",2018-02-23,54,2018-02-08,15,2,0
"onset",141907,27476,29.785265,-90.110191,0,"LA",305,"Quercus","virginiana","live oak","Plantae",501,"Open flowers",11,"2019-01-01","2019-12-31",2019-03-21,80,2019-03-14,7,1,0
"onset",141907,27476,29.785265,-90.110191,0,"LA",305,"Quercus","virginiana","live oak","Plantae",501,"Open flowers",12,"2020-01-01","2020-12-31",2020-03-12,72,2020-03-05,7,1,0
"onset",141916,27477,29.793816,-90.122452,0,"LA",305,"Quercus","virginiana","live oak","Plantae",371,"Breaking leaf buds",10,"2018-01-01","2018-12-31",2018-02-26,57,2018-02-15,11,1,0
"onset",141916,27477,29.793816,-90.122452,0,"LA",305,"Quercus","virginiana","live oak","Plantae",371,"Breaking leaf buds",11,"2019-01-01","2019-12-31",2019-03-08,67,2019-02-14,22,1,0
"onset",141916,27477,29.793816,-90.122452,0,"LA",305,"Quercus","virginiana","live oak","Plantae",371,"Breaking leaf buds",13,"2021-01-01","2021-12-31",2021-01-30,30,2021-01-27,3,1,0
"onset",141916,27477,29.793816,-90.122452,0,"LA",305,"Quercus","virginiana","live oak","Plantae",371,"Breaking leaf buds",14,"2022-01-01","2022-12-31",2022-03-02,61,2022-02-24,6,2,0
"onset",141916,27477,29.793816,-90.122452,0,"LA",305,"Quercus","virginiana","live oak","Plantae",371,"Breaking leaf buds",17,"2025-01-01","2025-12-31",2025-03-09,68,2025-02-18,19,1,0
"onset",141916,27477,29.793816,-90.122452,0,"LA",305,"Quercus","virginiana","live oak","Plantae",501,"Open flowers",10,"2018-01-01","2018-12-31",2018-03-08,67,2018-02-15,21,1,0
"onset",141916,27477,29.793816,-90.122452,0,"LA",305,"Quercus","virginiana","live oak","Plantae",501,"Open flowers",11,"2019-01-01","2019-12-31",2019-03-08,67,2019-02-14,22,1,0
"onset",141916,27477,29.793816,-90.122452,0,"LA",305,"Quercus","virginiana","live oak","Plantae",501,"Open flowers",12,"2020-01-01","2020-12-31",2020-03-19,79,2020-03-05,14,1,0
"onset",141916,27477,29.793816,-90.122452,0,"LA",305,"Quercus","virginiana","live oak","Plantae",501,"Open flowers",17,"2025-01-01","2025-12-31",2025-03-19,78,2025-02-18,29,1,0
"onset",142873,27567,35.957191,-83.866592,284,"TN",100,"Quercus","alba","white oak","Plantae",371,"Breaking leaf buds",9,"2017-01-01","2017-12-31",2017-03-30,89,2017-03-24,6,1,0
"onset",142873,27567,35.957191,-83.866592,284,"TN",100,"Quercus","alba","white oak","Plantae",371,"Breaking leaf buds",10,"2018-01-01","2018-12-31",2018-04-06,96,2018-03-29,8,1,0
"onset",142873,27567,35.957191,-83.866592,284,"TN",100,"Quercus","alba","white oak","Plantae",371,"Breaking leaf buds",11,"2019-01-01","2019-12-31",2019-04-01,91,2019-03-20,12,1,0
"onset",142873,27567,35.957191,-83.866592,284,"TN",100,"Quercus","alba","white oak","Plantae",371,"Breaking leaf buds",13,"2021-01-01","2021-12-31",2021-03-09,68,2021-02-23,14,1,0
"onset",142873,27567,35.957191,-83.866592,284,"TN",100,"Quercus","alba","white oak","Plantae",371,"Breaking leaf buds",14,"2022-01-01","2022-12-31",2022-03-21,80,2022-03-11,10,2,0
"onset",142873,27567,35.957191,-83.866592,284,"TN",100,"Quercus","alba","white oak","Plantae",371,"Breaking leaf buds",15,"2023-01-01","2023-12-31",2023-03-31,90,2023-03-24,7,1,0
"onset",142873,27567,35.957191,-83.866592,284,"TN",100,"Quercus","alba","white oak","Plantae",371,"Breaking leaf buds",16,"2024-01-01","2024-12-31",2024-04-10,101,2024-03-15,26,1,0
"onset",142873,27567,35.957191,-83.866592,284,"TN",100,"Quercus","alba","white oak","Plantae",371,"Breaking leaf buds",17,"2025-01-01","2025-12-31",2025-04-08,98,2025-03-29,10,1,0
"onset",142873,27567,35.957191,-83.866592,284,"TN",100,"Quercus","alba","white oak","Plantae",371,"Breaking leaf buds",18,"2026-01-01","2026-12-31",2026-03-30,89,2026-03-23,7,1,0
"onset",142951,27585,29.033138,-81.299995,10,"FL",297,"Quercus","geminata","sand live oak","Plantae",371,"Breaking leaf buds",9,"2017-01-01","2017-12-31",2017-12-03,337,2017-11-19,14,1,0
"onset",143294,27467,40.655563,-73.997101,4,"NY",305,"Quercus","virginiana","live oak","Plantae",371,"Breaking leaf buds",10,"2018-01-01","2018-12-31",2018-05-01,121,2018-04-20,11,4,0
"onset",143294,27467,40.655563,-73.997101,4,"NY",305,"Quercus","virginiana","live oak","Plantae",371,"Breaking leaf buds",17,"2025-01-01","2025-12-31",2025-06-06,157,2025-06-05,1,1,0
"onset",143294,27467,40.655563,-73.997101,4,"NY",305,"Quercus","virginiana","live oak","Plantae",501,"Open flowers",17,"2025-01-01","2025-12-31",2025-06-07,158,2025-06-06,1,1,0
"onset",143316,22979,41.556442,-93.267807,267,"IA",101,"Quercus","macrocarpa","bur oak","Plantae",371,"Breaking leaf buds",10,"2018-01-01","2018-12-31",2018-05-02,122,2018-04-24,8,1,0
"onset",143316,22979,41.556442,-93.267807,267,"IA",101,"Quercus","macrocarpa","bur oak","Plantae",371,"Breaking leaf buds",11,"2019-01-01","2019-12-31",2019-04-25,115,2019-04-16,9,1,0
"onset",143316,22979,41.556442,-93.267807,267,"IA",101,"Quercus","macrocarpa","bur oak","Plantae",371,"Breaking leaf buds",12,"2020-01-01","2020-12-31",2020-04-10,101,2020-04-07,3,2,0
"onset",143316,22979,41.556442,-93.267807,267,"IA",101,"Quercus","macrocarpa","bur oak","Plantae",371,"Breaking leaf buds",13,"2021-01-01","2021-12-31",2021-05-04,124,2021-04-26,8,1,0
"onset",143316,22979,41.556442,-93.267807,267,"IA",101,"Quercus","macrocarpa","bur oak","Plantae",371,"Breaking leaf buds",14,"2022-01-01","2022-12-31",2022-05-11,131,2022-05-04,7,1,0
"onset",143316,22979,41.556442,-93.267807,267,"IA",101,"Quercus","macrocarpa","bur oak","Plantae",371,"Breaking leaf buds",15,"2023-01-01","2023-12-31",2023-04-19,109,2023-04-10,9,2,0
"onset",143316,22979,41.556442,-93.267807,267,"IA",101,"Quercus","macrocarpa","bur oak","Plantae",371,"Breaking leaf buds",16,"2024-01-01","2024-12-31",2024-04-18,109,2024-04-12,6,1,0
"onset",143316,22979,41.556442,-93.267807,267,"IA",101,"Quercus","macrocarpa","bur oak","Plantae",371,"Breaking leaf buds",17,"2025-01-01","2025-12-31",2025-04-28,118,2025-04-21,7,1,0
"onset",143316,22979,41.556442,-93.267807,267,"IA",101,"Quercus","macrocarpa","bur oak","Plantae",371,"Breaking leaf buds",18,"2026-01-01","2026-12-31",2026-04-16,106,2026-04-06,10,2,0
"onset",143316,22979,41.556442,-93.267807,267,"IA",101,"Quercus","macrocarpa","bur oak","Plantae",501,"Open flowers",10,"2018-01-01","2018-12-31",2018-05-10,130,2018-05-02,8,1,0
"onset",143316,22979,41.556442,-93.267807,267,"IA",101,"Quercus","macrocarpa","bur oak","Plantae",501,"Open flowers",12,"2020-01-01","2020-12-31",2020-05-21,142,2020-05-12,9,1,0
"onset",143316,22979,41.556442,-93.267807,267,"IA",101,"Quercus","macrocarpa","bur oak","Plantae",501,"Open flowers",13,"2021-01-01","2021-12-31",2021-05-04,124,2021-04-26,8,1,0
"onset",143316,22979,41.556442,-93.267807,267,"IA",101,"Quercus","macrocarpa","bur oak","Plantae",501,"Open flowers",14,"2022-01-01","2022-12-31",2022-05-26,146,2022-05-16,10,1,0
"onset",143316,22979,41.556442,-93.267807,267,"IA",101,"Quercus","macrocarpa","bur oak","Plantae",501,"Open flowers",15,"2023-01-01","2023-12-31",2023-05-17,137,2023-05-08,9,1,0
"onset",143316,22979,41.556442,-93.267807,267,"IA",101,"Quercus","macrocarpa","bur oak","Plantae",501,"Open flowers",16,"2024-01-01","2024-12-31",2024-05-07,128,2024-04-29,8,1,0
"onset",143316,22979,41.556442,-93.267807,267,"IA",101,"Quercus","macrocarpa","bur oak","Plantae",501,"Open flowers",17,"2025-01-01","2025-12-31",2025-05-07,127,2025-04-28,9,4,0
"onset",143316,22979,41.556442,-93.267807,267,"IA",101,"Quercus","macrocarpa","bur oak","Plantae",501,"Open flowers",18,"2026-01-01","2026-12-31",2026-05-09,129,2026-04-27,12,1,0
"onset",143317,22979,41.556442,-93.267807,267,"IA",101,"Quercus","macrocarpa","bur oak","Plantae",371,"Breaking leaf buds",10,"2018-01-01","2018-12-31",2018-05-02,122,2018-04-24,8,1,0
"onset",143317,22979,41.556442,-93.267807,267,"IA",101,"Quercus","macrocarpa","bur oak","Plantae",371,"Breaking leaf buds",11,"2019-01-01","2019-12-31",2019-04-25,115,2019-04-16,9,1,0
"onset",143317,22979,41.556442,-93.267807,267,"IA",101,"Quercus","macrocarpa","bur oak","Plantae",371,"Breaking leaf buds",12,"2020-01-01","2020-12-31",2020-04-10,101,2020-04-07,3,2,0
"onset",143317,22979,41.556442,-93.267807,267,"IA",101,"Quercus","macrocarpa","bur oak","Plantae",371,"Breaking leaf buds",13,"2021-01-01","2021-12-31",2021-05-04,124,2021-04-26,8,1,0
"onset",143317,22979,41.556442,-93.267807,267,"IA",101,"Quercus","macrocarpa","bur oak","Plantae",371,"Breaking leaf buds",14,"2022-01-01","2022-12-31",2022-05-11,131,2022-05-04,7,1,0
"onset",143317,22979,41.556442,-93.267807,267,"IA",101,"Quercus","macrocarpa","bur oak","Plantae",371,"Breaking leaf buds",15,"2023-01-01","2023-12-31",2023-04-19,109,2023-04-10,9,2,0
"onset",143317,22979,41.556442,-93.267807,267,"IA",101,"Quercus","macrocarpa","bur oak","Plantae",371,"Breaking leaf buds",16,"2024-01-01","2024-12-31",2024-04-18,109,2024-04-12,6,1,0
"onset",143317,22979,41.556442,-93.267807,267,"IA",101,"Quercus","macrocarpa","bur oak","Plantae",371,"Breaking leaf buds",17,"2025-01-01","2025-12-31",2025-04-28,118,2025-04-21,7,1,0
"onset",143317,22979,41.556442,-93.267807,267,"IA",101,"Quercus","macrocarpa","bur oak","Plantae",371,"Breaking leaf buds",18,"2026-01-01","2026-12-31",2026-04-22,112,2026-04-16,6,1,0
"onset",143317,22979,41.556442,-93.267807,267,"IA",101,"Quercus","macrocarpa","bur oak","Plantae",501,"Open flowers",10,"2018-01-01","2018-12-31",2018-05-10,130,2018-05-02,8,1,0
"onset",143317,22979,41.556442,-93.267807,267,"IA",101,"Quercus","macrocarpa","bur oak","Plantae",501,"Open flowers",12,"2020-01-01","2020-12-31",2020-05-12,133,2020-05-07,5,1,0
"onset",143317,22979,41.556442,-93.267807,267,"IA",101,"Quercus","macrocarpa","bur oak","Plantae",501,"Open flowers",13,"2021-01-01","2021-12-31",2021-05-04,124,2021-04-26,8,1,0
"onset",143317,22979,41.556442,-93.267807,267,"IA",101,"Quercus","macrocarpa","bur oak","Plantae",501,"Open flowers",14,"2022-01-01","2022-12-31",2022-06-06,157,2022-05-16,21,1,0
"onset",143317,22979,41.556442,-93.267807,267,"IA",101,"Quercus","macrocarpa","bur oak","Plantae",501,"Open flowers",15,"2023-01-01","2023-12-31",2023-05-17,137,2023-05-08,9,1,0
"onset",143317,22979,41.556442,-93.267807,267,"IA",101,"Quercus","macrocarpa","bur oak","Plantae",501,"Open flowers",16,"2024-01-01","2024-12-31",2024-05-07,128,2024-04-29,8,1,0
"onset",143317,22979,41.556442,-93.267807,267,"IA",101,"Quercus","macrocarpa","bur oak","Plantae",501,"Open flowers",17,"2025-01-01","2025-12-31",2025-05-16,136,2025-05-07,9,3,0
"onset",143317,22979,41.556442,-93.267807,267,"IA",101,"Quercus","macrocarpa","bur oak","Plantae",501,"Open flowers",18,"2026-01-01","2026-12-31",2026-05-09,129,2026-04-27,12,1,0
"onset",144326,27856,44.440258,-103.879349,1451,"SD",101,"Quercus","macrocarpa","bur oak","Plantae",371,"Breaking leaf buds",10,"2018-01-01","2018-12-31",2018-05-10,130,2018-05-02,8,1,0
"onset",144326,27856,44.440258,-103.879349,1451,"SD",101,"Quercus","macrocarpa","bur oak","Plantae",371,"Breaking leaf buds",11,"2019-01-01","2019-12-31",2019-05-17,137,2019-05-09,8,1,0
"onset",144326,27856,44.440258,-103.879349,1451,"SD",101,"Quercus","macrocarpa","bur oak","Plantae",371,"Breaking leaf buds",12,"2020-01-01","2020-12-31",2020-05-17,138,2020-04-26,21,1,0
"onset",144326,27856,44.440258,-103.879349,1451,"SD",101,"Quercus","macrocarpa","bur oak","Plantae",371,"Breaking leaf buds",13,"2021-01-01","2021-12-31",2021-05-27,147,2021-05-19,8,1,0
"onset",144326,27856,44.440258,-103.879349,1451,"SD",101,"Quercus","macrocarpa","bur oak","Plantae",371,"Breaking leaf buds",14,"2022-01-01","2022-12-31",2022-05-27,147,2022-05-26,1,1,0
"onset",144326,27856,44.440258,-103.879349,1451,"SD",101,"Quercus","macrocarpa","bur oak","Plantae",371,"Breaking leaf buds",15,"2023-01-01","2023-12-31",2023-05-20,140,2023-05-07,13,1,0
"onset",144326,27856,44.440258,-103.879349,1451,"SD",101,"Quercus","macrocarpa","bur oak","Plantae",371,"Breaking leaf buds",16,"2024-01-01","2024-12-31",2024-05-14,135,2024-05-12,2,1,0
"onset",144326,27856,44.440258,-103.879349,1451,"SD",101,"Quercus","macrocarpa","bur oak","Plantae",371,"Breaking leaf buds",17,"2025-01-01","2025-12-31",2025-05-11,131,2025-04-29,12,1,0
"onset",144326,27856,44.440258,-103.879349,1451,"SD",101,"Quercus","macrocarpa","bur oak","Plantae",371,"Breaking leaf buds",18,"2026-01-01","2026-12-31",2026-04-25,115,2026-04-06,19,1,0
"onset",144326,27856,44.440258,-103.879349,1451,"SD",101,"Quercus","macrocarpa","bur oak","Plantae",501,"Open flowers",13,"2021-01-01","2021-12-31",2021-06-11,162,2021-06-10,1,1,0
"onset",144326,27856,44.440258,-103.879349,1451,"SD",101,"Quercus","macrocarpa","bur oak","Plantae",501,"Open flowers",14,"2022-01-01","2022-12-31",2022-06-17,168,2022-06-11,6,1,0
"onset",144365,27873,42.217434,-85.88958,224,"MI",305,"Quercus","virginiana","live oak","Plantae",371,"Breaking leaf buds",9,"2017-01-01","2017-12-31",2017-11-05,309,2017-10-15,21,1,0
"onset",144715,27467,40.655563,-73.997101,4,"NY",305,"Quercus","virginiana","live oak","Plantae",371,"Breaking leaf buds",10,"2018-01-01","2018-12-31",2018-05-01,121,2018-04-20,11,3,0
"onset",144715,27467,40.655563,-73.997101,4,"NY",305,"Quercus","virginiana","live oak","Plantae",371,"Breaking leaf buds",17,"2025-01-01","2025-12-31",2025-06-06,157,2025-06-05,1,1,0
"onset",144715,27467,40.655563,-73.997101,4,"NY",305,"Quercus","virginiana","live oak","Plantae",501,"Open flowers",17,"2025-01-01","2025-12-31",2025-06-07,158,2025-06-06,1,1,0
"onset",144716,27467,40.655563,-73.997101,4,"NY",305,"Quercus","virginiana","live oak","Plantae",371,"Breaking leaf buds",10,"2018-01-01","2018-12-31",2018-05-01,121,2018-04-20,11,2,0
"onset",144716,27467,40.655563,-73.997101,4,"NY",305,"Quercus","virginiana","live oak","Plantae",371,"Breaking leaf buds",17,"2025-01-01","2025-12-31",2025-06-06,157,2025-06-05,1,1,0
"onset",144716,27467,40.655563,-73.997101,4,"NY",305,"Quercus","virginiana","live oak","Plantae",501,"Open flowers",17,"2025-01-01","2025-12-31",2025-06-07,158,2025-06-06,1,1,0
"onset",144717,27467,40.655563,-73.997101,4,"NY",305,"Quercus","virginiana","live oak","Plantae",371,"Breaking leaf buds",10,"2018-01-01","2018-12-31",2018-05-01,121,2018-04-20,11,2,0
"onset",144717,27467,40.655563,-73.997101,4,"NY",305,"Quercus","virginiana","live oak","Plantae",371,"Breaking leaf buds",17,"2025-01-01","2025-12-31",2025-06-06,157,2025-06-05,1,1,0
"onset",144717,27467,40.655563,-73.997101,4,"NY",305,"Quercus","virginiana","live oak","Plantae",501,"Open flowers",17,"2025-01-01","2025-12-31",2025-06-07,158,2025-06-06,1,1,0
"onset",144718,27467,40.655563,-73.997101,4,"NY",305,"Quercus","virginiana","live oak","Plantae",371,"Breaking leaf buds",10,"2018-01-01","2018-12-31",2018-05-01,121,2018-04-20,11,3,0
"onset",144718,27467,40.655563,-73.997101,4,"NY",305,"Quercus","virginiana","live oak","Plantae",371,"Breaking leaf buds",17,"2025-01-01","2025-12-31",2025-06-06,157,2025-06-05,1,1,0
"onset",144718,27467,40.655563,-73.997101,4,"NY",305,"Quercus","virginiana","live oak","Plantae",501,"Open flowers",17,"2025-01-01","2025-12-31",2025-06-07,158,2025-06-06,1,1,0
"onset",144746,27836,42.36327,-71.26049,33,"MA",100,"Quercus","alba","white oak","Plantae",371,"Breaking leaf buds",9,"2017-01-01","2017-12-31",2017-10-13,286,2017-10-02,11,1,0
"onset",147077,27467,40.655563,-73.997101,4,"NY",100,"Quercus","alba","white oak","Plantae",371,"Breaking leaf buds",10,"2018-01-01","2018-12-31",2018-05-01,121,2018-04-20,11,1,0
"onset",147077,27467,40.655563,-73.997101,4,"NY",100,"Quercus","alba","white oak","Plantae",371,"Breaking leaf buds",17,"2025-01-01","2025-12-31",2025-06-06,157,2025-06-05,1,1,0
"onset",147077,27467,40.655563,-73.997101,4,"NY",100,"Quercus","alba","white oak","Plantae",501,"Open flowers",10,"2018-01-01","2018-12-31",2018-05-09,129,2018-05-04,5,1,0
"onset",147077,27467,40.655563,-73.997101,4,"NY",100,"Quercus","alba","white oak","Plantae",501,"Open flowers",17,"2025-01-01","2025-12-31",2025-06-07,158,2025-06-06,1,1,0
"onset",147778,27467,40.655563,-73.997101,4,"NY",305,"Quercus","virginiana","live oak","Plantae",371,"Breaking leaf buds",10,"2018-01-01","2018-12-31",2018-05-01,121,2018-04-20,11,2,0
"onset",147778,27467,40.655563,-73.997101,4,"NY",305,"Quercus","virginiana","live oak","Plantae",371,"Breaking leaf buds",17,"2025-01-01","2025-12-31",2025-06-06,157,2025-06-05,1,1,0
"onset",147778,27467,40.655563,-73.997101,4,"NY",305,"Quercus","virginiana","live oak","Plantae",501,"Open flowers",17,"2025-01-01","2025-12-31",2025-06-07,158,2025-06-06,1,1,0
"onset",148382,28482,39.030319,-94.570541,288,"MO",101,"Quercus","macrocarpa","bur oak","Plantae",371,"Breaking leaf buds",9,"2017-01-01","2017-12-31",2017-11-28,332,2017-11-21,7,1,0
"onset",149928,28664,38.699406,-90.304901,166,"MO",100,"Quercus","alba","white oak","Plantae",371,"Breaking leaf buds",10,"2018-01-01","2018-12-31",2018-04-05,95,2018-03-22,14,1,0
"onset",151500,28898,45.046383,-93.224602,281,"MN",100,"Quercus","alba","white oak","Plantae",371,"Breaking leaf buds",10,"2018-01-01","2018-12-31",2018-05-02,122,2018-04-27,5,1,0
"onset",151500,28898,45.046383,-93.224602,281,"MN",100,"Quercus","alba","white oak","Plantae",371,"Breaking leaf buds",11,"2019-01-01","2019-12-31",2019-05-12,132,2019-05-04,8,1,0
"onset",151500,28898,45.046383,-93.224602,281,"MN",100,"Quercus","alba","white oak","Plantae",501,"Open flowers",10,"2018-01-01","2018-12-31",2018-05-16,136,2018-05-02,14,1,0
"onset",151500,28898,45.046383,-93.224602,281,"MN",100,"Quercus","alba","white oak","Plantae",501,"Open flowers",11,"2019-01-01","2019-12-31",2019-06-01,152,2019-05-26,6,1,0
"onset",152975,28988,30.225048,-92.045006,10,"LA",305,"Quercus","virginiana","live oak","Plantae",371,"Breaking leaf buds",10,"2018-01-01","2018-12-31",2018-03-08,67,2018-03-01,7,1,0
"onset",152975,28988,30.225048,-92.045006,10,"LA",305,"Quercus","virginiana","live oak","Plantae",501,"Open flowers",10,"2018-01-01","2018-12-31",2018-03-08,67,2018-03-01,7,1,0
"onset",153968,27645,40.652672,-73.987457,5,"NY",100,"Quercus","alba","white oak","Plantae",371,"Breaking leaf buds",11,"2019-01-01","2019-12-31",2019-04-27,117,2019-04-13,14,1,0
"onset",153968,27645,40.652672,-73.987457,5,"NY",100,"Quercus","alba","white oak","Plantae",371,"Breaking leaf buds",12,"2020-01-01","2020-12-31",2020-04-26,117,2020-04-19,7,1,0
"onset",153968,27645,40.652672,-73.987457,5,"NY",100,"Quercus","alba","white oak","Plantae",501,"Open flowers",10,"2018-01-01","2018-12-31",2018-05-04,124,2018-04-20,14,1,0
"onset",153968,27645,40.652672,-73.987457,5,"NY",100,"Quercus","alba","white oak","Plantae",501,"Open flowers",11,"2019-01-01","2019-12-31",2019-04-27,117,2019-04-14,13,1,0
"onset",153968,27645,40.652672,-73.987457,5,"NY",100,"Quercus","alba","white oak","Plantae",501,"Open flowers",12,"2020-01-01","2020-12-31",2020-04-29,120,2020-04-26,3,1,0
"onset",154075,28549,38.730068,-75.365211,13,"DE",100,"Quercus","alba","white oak","Plantae",371,"Breaking leaf buds",11,"2019-01-01","2019-12-31",2019-03-13,72,2019-02-23,18,1,0
"onset",159520,29923,47.48584,-94.874771,417,"MN",100,"Quercus","alba","white oak","Plantae",371,"Breaking leaf buds",10,"2018-01-01","2018-12-31",2018-04-30,120,2018-04-19,11,1,0
"onset",159976,26863,42.419384,-76.492157,266,"NY",100,"Quercus","alba","white oak","Plantae",371,"Breaking leaf buds",11,"2019-01-01","2019-12-31",2019-04-16,106,2019-04-03,13,1,0
"onset",159977,26863,42.419384,-76.492157,266,"NY",100,"Quercus","alba","white oak","Plantae",371,"Breaking leaf buds",10,"2018-01-01","2018-12-31",2018-04-17,107,2018-04-05,12,1,0
"onset",159977,26863,42.419384,-76.492157,266,"NY",100,"Quercus","alba","white oak","Plantae",371,"Breaking leaf buds",11,"2019-01-01","2019-12-31",2019-04-18,108,2019-04-16,2,2,0
"onset",159977,26863,42.419384,-76.492157,266,"NY",100,"Quercus","alba","white oak","Plantae",501,"Open flowers",11,"2019-01-01","2019-12-31",2019-05-01,121,2019-04-18,13,1,0
"onset",159978,26863,42.419384,-76.492157,266,"NY",100,"Quercus","alba","white oak","Plantae",371,"Breaking leaf buds",11,"2019-01-01","2019-12-31",2019-04-08,98,2019-04-04,4,1,0
"onset",159978,26863,42.419384,-76.492157,266,"NY",100,"Quercus","alba","white oak","Plantae",371,"Breaking leaf buds",14,"2022-01-01","2022-12-31",2022-04-14,104,2022-04-07,7,1,0
"onset",159979,26863,42.419384,-76.492157,266,"NY",100,"Quercus","alba","white oak","Plantae",371,"Breaking leaf buds",10,"2018-01-01","2018-12-31",2018-04-20,110,2018-04-04,16,1,0
"onset",159979,26863,42.419384,-76.492157,266,"NY",100,"Quercus","alba","white oak","Plantae",371,"Breaking leaf buds",13,"2021-01-01","2021-12-31",2021-04-20,110,2021-04-13,7,1,0
"onset",159979,26863,42.419384,-76.492157,266,"NY",100,"Quercus","alba","white oak","Plantae",371,"Breaking leaf buds",14,"2022-01-01","2022-12-31",2022-04-14,104,2022-04-07,7,1,0
"onset",160830,30113,47.485638,-94.873604,414,"MN",100,"Quercus","alba","white oak","Plantae",371,"Breaking leaf buds",10,"2018-01-01","2018-12-31",2018-04-18,108,2018-04-16,2,1,0
"onset",160915,30122,37.387775,-80.047691,546,"VA",1212,"Quercus","montana","chestnut oak","Plantae",371,"Breaking leaf buds",10,"2018-01-01","2018-12-31",2018-04-02,92,2018-03-19,14,1,0
"onset",161058,30146,42.056484,-87.676254,180,"IL",101,"Quercus","macrocarpa","bur oak","Plantae",371,"Breaking leaf buds",10,"2018-01-01","2018-12-31",2018-05-07,127,2018-04-30,7,1,0
"onset",161062,30148,38.518478,-78.440117,897,"VA",100,"Quercus","alba","white oak","Plantae",371,"Breaking leaf buds",10,"2018-01-01","2018-12-31",2018-05-21,141,2018-05-09,12,1,0
"onset",161137,30148,38.518478,-78.440117,897,"VA",100,"Quercus","alba","white oak","Plantae",371,"Breaking leaf buds",10,"2018-01-01","2018-12-31",2018-05-06,126,2018-05-05,1,2,0
"onset",163733,30453,41.941708,-87.709549,181,"IL",1212,"Quercus","montana","chestnut oak","Plantae",371,"Breaking leaf buds",10,"2018-01-01","2018-12-31",2018-04-07,97,2018-03-22,16,1,0
"onset",166353,1904,47.143215,-93.431,399,"MN",101,"Quercus","macrocarpa","bur oak","Plantae",371,"Breaking leaf buds",11,"2019-01-01","2019-12-31",2019-05-14,134,2019-05-11,3,1,0
"onset",166353,1904,47.143215,-93.431,399,"MN",101,"Quercus","macrocarpa","bur oak","Plantae",371,"Breaking leaf buds",12,"2020-01-01","2020-12-31",2020-05-06,127,2020-05-01,5,1,0
"onset",166353,1904,47.143215,-93.431,399,"MN",101,"Quercus","macrocarpa","bur oak","Plantae",371,"Breaking leaf buds",13,"2021-01-01","2021-12-31",2021-05-06,126,2021-05-02,4,1,0
"onset",166353,1904,47.143215,-93.431,399,"MN",101,"Quercus","macrocarpa","bur oak","Plantae",371,"Breaking leaf buds",14,"2022-01-01","2022-12-31",2022-05-11,131,2022-05-09,2,1,0
"onset",166353,1904,47.143215,-93.431,399,"MN",101,"Quercus","macrocarpa","bur oak","Plantae",371,"Breaking leaf buds",15,"2023-01-01","2023-12-31",2023-05-10,130,2023-05-08,2,1,0
"onset",166353,1904,47.143215,-93.431,399,"MN",101,"Quercus","macrocarpa","bur oak","Plantae",371,"Breaking leaf buds",16,"2024-01-01","2024-12-31",2024-05-08,129,2024-05-04,4,1,0
"onset",166353,1904,47.143215,-93.431,399,"MN",101,"Quercus","macrocarpa","bur oak","Plantae",371,"Breaking leaf buds",17,"2025-01-01","2025-12-31",2025-05-07,127,2025-05-04,3,1,0
"onset",166353,1904,47.143215,-93.431,399,"MN",101,"Quercus","macrocarpa","bur oak","Plantae",371,"Breaking leaf buds",18,"2026-01-01","2026-12-31",2026-05-17,137,2026-05-13,4,1,0
"onset",166353,1904,47.143215,-93.431,399,"MN",101,"Quercus","macrocarpa","bur oak","Plantae",501,"Open flowers",11,"2019-01-01","2019-12-31",2019-05-28,148,2019-05-23,5,1,0
"onset",166353,1904,47.143215,-93.431,399,"MN",101,"Quercus","macrocarpa","bur oak","Plantae",501,"Open flowers",12,"2020-01-01","2020-12-31",2020-05-24,145,2020-05-21,3,1,0
"onset",166353,1904,47.143215,-93.431,399,"MN",101,"Quercus","macrocarpa","bur oak","Plantae",501,"Open flowers",13,"2021-01-01","2021-12-31",2021-05-21,141,2021-05-19,2,1,0
"onset",166353,1904,47.143215,-93.431,399,"MN",101,"Quercus","macrocarpa","bur oak","Plantae",501,"Open flowers",14,"2022-01-01","2022-12-31",2022-06-01,152,2022-05-29,3,1,0
"onset",166353,1904,47.143215,-93.431,399,"MN",101,"Quercus","macrocarpa","bur oak","Plantae",501,"Open flowers",15,"2023-01-01","2023-12-31",2023-05-17,137,2023-05-15,2,1,0
"onset",166385,30110,42.052658,-87.684387,181,"IL",101,"Quercus","macrocarpa","bur oak","Plantae",371,"Breaking leaf buds",10,"2018-01-01","2018-12-31",2018-05-10,130,2018-05-03,7,1,0
"onset",166385,30110,42.052658,-87.684387,181,"IL",101,"Quercus","macrocarpa","bur oak","Plantae",501,"Open flowers",10,"2018-01-01","2018-12-31",2018-05-10,130,2018-05-03,7,1,0
"onset",166837,30714,42.151939,-87.779762,198,"IL",100,"Quercus","alba","white oak","Plantae",371,"Breaking leaf buds",10,"2018-01-01","2018-12-31",2018-05-02,122,2018-04-25,7,1,0
"onset",166837,30714,42.151939,-87.779762,198,"IL",100,"Quercus","alba","white oak","Plantae",501,"Open flowers",10,"2018-01-01","2018-12-31",2018-05-11,131,2018-05-02,9,1,0
"onset",166874,25661,41.643398,-93.671654,259,"IA",101,"Quercus","macrocarpa","bur oak","Plantae",371,"Breaking leaf buds",11,"2019-01-01","2019-12-31",2019-04-20,110,2019-04-01,19,1,0
"onset",166874,25661,41.643398,-93.671654,259,"IA",101,"Quercus","macrocarpa","bur oak","Plantae",371,"Breaking leaf buds",12,"2020-01-01","2020-12-31",2020-04-09,100,2020-03-31,9,1,0
"onset",166874,25661,41.643398,-93.671654,259,"IA",101,"Quercus","macrocarpa","bur oak","Plantae",371,"Breaking leaf buds",13,"2021-01-01","2021-12-31",2021-04-12,102,2021-04-02,10,1,0
"onset",166874,25661,41.643398,-93.671654,259,"IA",101,"Quercus","macrocarpa","bur oak","Plantae",371,"Breaking leaf buds",14,"2022-01-01","2022-12-31",2022-04-24,114,2022-04-16,8,1,0
"onset",166874,25661,41.643398,-93.671654,259,"IA",101,"Quercus","macrocarpa","bur oak","Plantae",371,"Breaking leaf buds",15,"2023-01-01","2023-12-31",2023-04-13,103,2023-04-02,11,1,0
"onset",166874,25661,41.643398,-93.671654,259,"IA",101,"Quercus","macrocarpa","bur oak","Plantae",501,"Open flowers",12,"2020-01-01","2020-12-31",2020-05-17,138,2020-05-08,9,1,0
"onset",166874,25661,41.643398,-93.671654,259,"IA",101,"Quercus","macrocarpa","bur oak","Plantae",501,"Open flowers",13,"2021-01-01","2021-12-31",2021-04-28,118,2021-04-18,10,1,0
"onset",166874,25661,41.643398,-93.671654,259,"IA",101,"Quercus","macrocarpa","bur oak","Plantae",501,"Open flowers",14,"2022-01-01","2022-12-31",2022-05-16,136,2022-05-07,9,1,0
"onset",166875,25661,41.643398,-93.671654,259,"IA",101,"Quercus","macrocarpa","bur oak","Plantae",371,"Breaking leaf buds",11,"2019-01-01","2019-12-31",2019-04-20,110,2019-04-01,19,1,0
"onset",166875,25661,41.643398,-93.671654,259,"IA",101,"Quercus","macrocarpa","bur oak","Plantae",371,"Breaking leaf buds",12,"2020-01-01","2020-12-31",2020-04-09,100,2020-03-31,9,1,0
"onset",166875,25661,41.643398,-93.671654,259,"IA",101,"Quercus","macrocarpa","bur oak","Plantae",371,"Breaking leaf buds",13,"2021-01-01","2021-12-31",2021-04-12,102,2021-04-02,10,1,0
"onset",166875,25661,41.643398,-93.671654,259,"IA",101,"Quercus","macrocarpa","bur oak","Plantae",371,"Breaking leaf buds",14,"2022-01-01","2022-12-31",2022-04-24,114,2022-04-16,8,1,0
"onset",166875,25661,41.643398,-93.671654,259,"IA",101,"Quercus","macrocarpa","bur oak","Plantae",371,"Breaking leaf buds",15,"2023-01-01","2023-12-31",2023-04-13,103,2023-04-02,11,1,0
"onset",166875,25661,41.643398,-93.671654,259,"IA",101,"Quercus","macrocarpa","bur oak","Plantae",501,"Open flowers",12,"2020-01-01","2020-12-31",2020-05-17,138,2020-05-08,9,1,0
"onset",166875,25661,41.643398,-93.671654,259,"IA",101,"Quercus","macrocarpa","bur oak","Plantae",501,"Open flowers",13,"2021-01-01","2021-12-31",2021-04-28,118,2021-04-18,10,1,0
"onset",166875,25661,41.643398,-93.671654,259,"IA",101,"Quercus","macrocarpa","bur oak","Plantae",501,"Open flowers",14,"2022-01-01","2022-12-31",2022-05-16,136,2022-05-07,9,1,0
"onset",168251,30883,42.058048,-87.680901,180,"IL",101,"Quercus","macrocarpa","bur oak","Plantae",371,"Breaking leaf buds",10,"2018-01-01","2018-12-31",2018-05-07,127,2018-04-30,7,1,0
"onset",169909,30979,42.435844,-71.106285,26,"MA",1212,"Quercus","montana","chestnut oak","Plantae",371,"Breaking leaf buds",11,"2019-01-01","2019-12-31",2019-04-23,113,2019-04-11,12,1,0
"onset",169909,30979,42.435844,-71.106285,26,"MA",1212,"Quercus","montana","chestnut oak","Plantae",371,"Breaking leaf buds",12,"2020-01-01","2020-12-31",2020-04-26,117,2020-04-20,6,2,0
"onset",169909,30979,42.435844,-71.106285,26,"MA",1212,"Quercus","montana","chestnut oak","Plantae",371,"Breaking leaf buds",13,"2021-01-01","2021-12-31",2021-04-12,102,2021-04-05,7,1,0
"onset",169909,30979,42.435844,-71.106285,26,"MA",1212,"Quercus","montana","chestnut oak","Plantae",371,"Breaking leaf buds",14,"2022-01-01","2022-12-31",2022-05-02,122,2022-04-25,7,1,0
"onset",169909,30979,42.435844,-71.106285,26,"MA",1212,"Quercus","montana","chestnut oak","Plantae",371,"Breaking leaf buds",15,"2023-01-01","2023-12-31",2023-04-17,107,2023-04-10,7,1,0
"onset",169909,30979,42.435844,-71.106285,26,"MA",1212,"Quercus","montana","chestnut oak","Plantae",371,"Breaking leaf buds",16,"2024-01-01","2024-12-31",2024-04-29,120,2024-04-22,7,1,0
"onset",169909,30979,42.435844,-71.106285,26,"MA",1212,"Quercus","montana","chestnut oak","Plantae",371,"Breaking leaf buds",17,"2025-01-01","2025-12-31",2025-04-21,111,2025-04-14,7,1,0
"onset",169909,30979,42.435844,-71.106285,26,"MA",1212,"Quercus","montana","chestnut oak","Plantae",371,"Breaking leaf buds",18,"2026-01-01","2026-12-31",2026-04-20,110,2026-04-13,7,1,0
"onset",169909,30979,42.435844,-71.106285,26,"MA",1212,"Quercus","montana","chestnut oak","Plantae",501,"Open flowers",11,"2019-01-01","2019-12-31",2019-05-11,131,2019-05-04,7,1,0
"onset",169909,30979,42.435844,-71.106285,26,"MA",1212,"Quercus","montana","chestnut oak","Plantae",501,"Open flowers",13,"2021-01-01","2021-12-31",2021-05-17,137,2021-05-10,7,1,0
"onset",169909,30979,42.435844,-71.106285,26,"MA",1212,"Quercus","montana","chestnut oak","Plantae",501,"Open flowers",17,"2025-01-01","2025-12-31",2025-05-06,126,2025-04-28,8,1,0
"onset",169909,30979,42.435844,-71.106285,26,"MA",1212,"Quercus","montana","chestnut oak","Plantae",501,"Open flowers",18,"2026-01-01","2026-12-31",2026-05-18,138,2026-05-11,7,1,0
"onset",171135,31120,38.801815,-94.688911,319,"KS",101,"Quercus","macrocarpa","bur oak","Plantae",371,"Breaking leaf buds",11,"2019-01-01","2019-12-31",2019-04-15,105,2019-04-11,4,1,0
"onset",171135,31120,38.801815,-94.688911,319,"KS",101,"Quercus","macrocarpa","bur oak","Plantae",371,"Breaking leaf buds",15,"2023-01-01","2023-12-31",2023-04-13,103,2023-03-30,14,1,0
"onset",171135,31120,38.801815,-94.688911,319,"KS",101,"Quercus","macrocarpa","bur oak","Plantae",501,"Open flowers",11,"2019-01-01","2019-12-31",2019-05-01,121,2019-04-23,8,1,0
"onset",171136,31120,38.801815,-94.688911,319,"KS",101,"Quercus","macrocarpa","bur oak","Plantae",371,"Breaking leaf buds",11,"2019-01-01","2019-12-31",2019-04-15,105,2019-04-11,4,1,0
"onset",171136,31120,38.801815,-94.688911,319,"KS",101,"Quercus","macrocarpa","bur oak","Plantae",371,"Breaking leaf buds",15,"2023-01-01","2023-12-31",2023-04-13,103,2023-03-30,14,1,0
"onset",172230,31362,35.616035,-82.563438,635,"NC",100,"Quercus","alba","white oak","Plantae",371,"Breaking leaf buds",11,"2019-01-01","2019-12-31",2019-04-21,111,2019-04-03,18,1,0
"onset",172230,31362,35.616035,-82.563438,635,"NC",100,"Quercus","alba","white oak","Plantae",371,"Breaking leaf buds",12,"2020-01-01","2020-12-31",2020-05-03,124,2020-04-24,9,1,0
"onset",172242,31362,35.616035,-82.563438,635,"NC",100,"Quercus","alba","white oak","Plantae",371,"Breaking leaf buds",11,"2019-01-01","2019-12-31",2019-04-21,111,2019-04-03,18,1,0
"onset",172242,31362,35.616035,-82.563438,635,"NC",100,"Quercus","alba","white oak","Plantae",371,"Breaking leaf buds",12,"2020-01-01","2020-12-31",2020-04-24,115,2020-04-17,7,2,0
"onset",172242,31362,35.616035,-82.563438,635,"NC",100,"Quercus","alba","white oak","Plantae",371,"Breaking leaf buds",13,"2021-01-01","2021-12-31",2021-04-25,115,2021-04-03,22,1,0
"onset",172252,31362,35.616035,-82.563438,635,"NC",100,"Quercus","alba","white oak","Plantae",371,"Breaking leaf buds",11,"2019-01-01","2019-12-31",2019-04-21,111,2019-04-03,18,1,0
"onset",172252,31362,35.616035,-82.563438,635,"NC",100,"Quercus","alba","white oak","Plantae",371,"Breaking leaf buds",12,"2020-01-01","2020-12-31",2020-04-09,100,2020-03-29,11,2,0
"onset",172252,31362,35.616035,-82.563438,635,"NC",100,"Quercus","alba","white oak","Plantae",371,"Breaking leaf buds",13,"2021-01-01","2021-12-31",2021-04-25,115,2021-04-03,22,1,0
"onset",172253,31362,35.616035,-82.563438,635,"NC",100,"Quercus","alba","white oak","Plantae",371,"Breaking leaf buds",11,"2019-01-01","2019-12-31",2019-04-21,111,2019-04-03,18,1,0
"onset",172253,31362,35.616035,-82.563438,635,"NC",100,"Quercus","alba","white oak","Plantae",371,"Breaking leaf buds",12,"2020-01-01","2020-12-31",2020-04-09,100,2020-03-29,11,2,0
"onset",172253,31362,35.616035,-82.563438,635,"NC",100,"Quercus","alba","white oak","Plantae",371,"Breaking leaf buds",13,"2021-01-01","2021-12-31",2021-04-25,115,2021-04-03,22,1,0
"onset",172260,31362,35.616035,-82.563438,635,"NC",100,"Quercus","alba","white oak","Plantae",371,"Breaking leaf buds",11,"2019-01-01","2019-12-31",2019-04-03,93,2019-03-30,4,1,0
"onset",172260,31362,35.616035,-82.563438,635,"NC",100,"Quercus","alba","white oak","Plantae",371,"Breaking leaf buds",12,"2020-01-01","2020-12-31",2020-03-22,82,2020-03-15,7,1,0
"onset",172260,31362,35.616035,-82.563438,635,"NC",100,"Quercus","alba","white oak","Plantae",371,"Breaking leaf buds",13,"2021-01-01","2021-12-31",2021-04-25,115,2021-04-03,22,1,0
"onset",173772,31699,39.871071,-86.161232,233,"IN",101,"Quercus","macrocarpa","bur oak","Plantae",371,"Breaking leaf buds",11,"2019-01-01","2019-12-31",2019-04-16,106,2019-04-11,5,1,0
"onset",173772,31699,39.871071,-86.161232,233,"IN",101,"Quercus","macrocarpa","bur oak","Plantae",371,"Breaking leaf buds",13,"2021-01-01","2021-12-31",2021-04-08,98,2021-04-04,4,1,0
"onset",173772,31699,39.871071,-86.161232,233,"IN",101,"Quercus","macrocarpa","bur oak","Plantae",371,"Breaking leaf buds",14,"2022-01-01","2022-12-31",2022-04-19,109,2022-04-08,11,2,0
"onset",173772,31699,39.871071,-86.161232,233,"IN",101,"Quercus","macrocarpa","bur oak","Plantae",371,"Breaking leaf buds",15,"2023-01-01","2023-12-31",2023-04-14,104,2023-04-08,6,2,0
"onset",173772,31699,39.871071,-86.161232,233,"IN",101,"Quercus","macrocarpa","bur oak","Plantae",371,"Breaking leaf buds",16,"2024-01-01","2024-12-31",2024-04-24,115,2024-04-14,10,1,0
"onset",173772,31699,39.871071,-86.161232,233,"IN",101,"Quercus","macrocarpa","bur oak","Plantae",371,"Breaking leaf buds",17,"2025-01-01","2025-12-31",2025-04-24,114,2025-04-16,8,2,0
"onset",173772,31699,39.871071,-86.161232,233,"IN",101,"Quercus","macrocarpa","bur oak","Plantae",371,"Breaking leaf buds",18,"2026-01-01","2026-12-31",2026-04-29,119,2026-03-30,30,2,0
"onset",173772,31699,39.871071,-86.161232,233,"IN",101,"Quercus","macrocarpa","bur oak","Plantae",501,"Open flowers",13,"2021-01-01","2021-12-31",2021-04-29,119,2021-04-18,11,2,0
"onset",173772,31699,39.871071,-86.161232,233,"IN",101,"Quercus","macrocarpa","bur oak","Plantae",501,"Open flowers",14,"2022-01-01","2022-12-31",2022-05-10,130,2022-05-03,7,1,0
"onset",173772,31699,39.871071,-86.161232,233,"IN",101,"Quercus","macrocarpa","bur oak","Plantae",501,"Open flowers",16,"2024-01-01","2024-12-31",2024-04-28,119,2024-04-14,14,1,0
"onset",173772,31699,39.871071,-86.161232,233,"IN",101,"Quercus","macrocarpa","bur oak","Plantae",501,"Open flowers",17,"2025-01-01","2025-12-31",2025-04-16,106,2025-04-10,6,1,0
"onset",173772,31699,39.871071,-86.161232,233,"IN",101,"Quercus","macrocarpa","bur oak","Plantae",501,"Open flowers",18,"2026-01-01","2026-12-31",2026-04-29,119,2026-03-30,30,2,0
"onset",173774,31699,39.871071,-86.161232,233,"IN",101,"Quercus","macrocarpa","bur oak","Plantae",371,"Breaking leaf buds",11,"2019-01-01","2019-12-31",2019-04-16,106,2019-04-11,5,1,0
"onset",173774,31699,39.871071,-86.161232,233,"IN",101,"Quercus","macrocarpa","bur oak","Plantae",371,"Breaking leaf buds",13,"2021-01-01","2021-12-31",2021-04-14,104,2021-04-13,1,1,0
"onset",173774,31699,39.871071,-86.161232,233,"IN",101,"Quercus","macrocarpa","bur oak","Plantae",371,"Breaking leaf buds",14,"2022-01-01","2022-12-31",2022-05-03,123,2022-04-19,14,1,0
"onset",173774,31699,39.871071,-86.161232,233,"IN",101,"Quercus","macrocarpa","bur oak","Plantae",371,"Breaking leaf buds",15,"2023-01-01","2023-12-31",2023-04-14,104,2023-04-08,6,1,0
"onset",173774,31699,39.871071,-86.161232,233,"IN",101,"Quercus","macrocarpa","bur oak","Plantae",371,"Breaking leaf buds",16,"2024-01-01","2024-12-31",2024-04-12,103,2024-04-10,2,2,0
"onset",173774,31699,39.871071,-86.161232,233,"IN",101,"Quercus","macrocarpa","bur oak","Plantae",371,"Breaking leaf buds",17,"2025-01-01","2025-12-31",2025-04-03,93,2025-03-27,7,2,0
"onset",173774,31699,39.871071,-86.161232,233,"IN",101,"Quercus","macrocarpa","bur oak","Plantae",371,"Breaking leaf buds",18,"2026-01-01","2026-12-31",2026-04-29,119,2026-03-30,30,1,0
"onset",173774,31699,39.871071,-86.161232,233,"IN",101,"Quercus","macrocarpa","bur oak","Plantae",501,"Open flowers",13,"2021-01-01","2021-12-31",2021-04-29,119,2021-04-18,11,1,0
"onset",173774,31699,39.871071,-86.161232,233,"IN",101,"Quercus","macrocarpa","bur oak","Plantae",501,"Open flowers",16,"2024-01-01","2024-12-31",2024-04-28,119,2024-04-14,14,1,0
"onset",173774,31699,39.871071,-86.161232,233,"IN",101,"Quercus","macrocarpa","bur oak","Plantae",501,"Open flowers",17,"2025-01-01","2025-12-31",2025-04-16,106,2025-04-10,6,1,0
"onset",173774,31699,39.871071,-86.161232,233,"IN",101,"Quercus","macrocarpa","bur oak","Plantae",501,"Open flowers",18,"2026-01-01","2026-12-31",2026-04-29,119,2026-03-30,30,1,0
"onset",173832,31699,39.871071,-86.161232,233,"IN",101,"Quercus","macrocarpa","bur oak","Plantae",371,"Breaking leaf buds",11,"2019-01-01","2019-12-31",2019-04-11,101,2019-03-28,14,1,0
"onset",173832,31699,39.871071,-86.161232,233,"IN",101,"Quercus","macrocarpa","bur oak","Plantae",371,"Breaking leaf buds",12,"2020-01-01","2020-12-31",2020-04-03,94,2020-03-20,14,2,0
"onset",173832,31699,39.871071,-86.161232,233,"IN",101,"Quercus","macrocarpa","bur oak","Plantae",371,"Breaking leaf buds",13,"2021-01-01","2021-12-31",2021-04-08,98,2021-04-04,4,1,0
"onset",173832,31699,39.871071,-86.161232,233,"IN",101,"Quercus","macrocarpa","bur oak","Plantae",371,"Breaking leaf buds",14,"2022-01-01","2022-12-31",2022-04-19,109,2022-04-08,11,1,0
"onset",173832,31699,39.871071,-86.161232,233,"IN",101,"Quercus","macrocarpa","bur oak","Plantae",371,"Breaking leaf buds",15,"2023-01-01","2023-12-31",2023-04-14,104,2023-04-08,6,1,0
"onset",173832,31699,39.871071,-86.161232,233,"IN",101,"Quercus","macrocarpa","bur oak","Plantae",371,"Breaking leaf buds",16,"2024-01-01","2024-12-31",2024-03-30,90,2024-03-09,21,2,0
"onset",173832,31699,39.871071,-86.161232,233,"IN",101,"Quercus","macrocarpa","bur oak","Plantae",371,"Breaking leaf buds",17,"2025-01-01","2025-12-31",2025-04-03,93,2025-03-27,7,2,0
"onset",173832,31699,39.871071,-86.161232,233,"IN",101,"Quercus","macrocarpa","bur oak","Plantae",371,"Breaking leaf buds",18,"2026-01-01","2026-12-31",2026-04-29,119,2026-03-30,30,1,0
"onset",173832,31699,39.871071,-86.161232,233,"IN",101,"Quercus","macrocarpa","bur oak","Plantae",501,"Open flowers",11,"2019-01-01","2019-12-31",2019-05-01,121,2019-04-25,6,1,0
"onset",173832,31699,39.871071,-86.161232,233,"IN",101,"Quercus","macrocarpa","bur oak","Plantae",501,"Open flowers",13,"2021-01-01","2021-12-31",2021-05-19,139,2021-05-13,6,1,0
"onset",173832,31699,39.871071,-86.161232,233,"IN",101,"Quercus","macrocarpa","bur oak","Plantae",501,"Open flowers",14,"2022-01-01","2022-12-31",2022-05-10,130,2022-05-03,7,1,0
"onset",173832,31699,39.871071,-86.161232,233,"IN",101,"Quercus","macrocarpa","bur oak","Plantae",501,"Open flowers",15,"2023-01-01","2023-12-31",2023-04-14,104,2023-04-08,6,2,0
"onset",173832,31699,39.871071,-86.161232,233,"IN",101,"Quercus","macrocarpa","bur oak","Plantae",501,"Open flowers",16,"2024-01-01","2024-12-31",2024-04-10,101,2024-04-03,7,2,0
"onset",173832,31699,39.871071,-86.161232,233,"IN",101,"Quercus","macrocarpa","bur oak","Plantae",501,"Open flowers",17,"2025-01-01","2025-12-31",2025-04-24,114,2025-04-10,14,2,0
"onset",173832,31699,39.871071,-86.161232,233,"IN",101,"Quercus","macrocarpa","bur oak","Plantae",501,"Open flowers",18,"2026-01-01","2026-12-31",2026-04-29,119,2026-03-30,30,1,0
"onset",175126,24164,40.665085,-73.963432,17,"NY",101,"Quercus","macrocarpa","bur oak","Plantae",371,"Breaking leaf buds",11,"2019-01-01","2019-12-31",2019-04-23,113,2019-04-16,7,1,0
"onset",175126,24164,40.665085,-73.963432,17,"NY",101,"Quercus","macrocarpa","bur oak","Plantae",501,"Open flowers",11,"2019-01-01","2019-12-31",2019-05-02,122,2019-04-29,3,1,0
"onset",177845,32388,41.320896,-86.294739,250,"IN",101,"Quercus","macrocarpa","bur oak","Plantae",371,"Breaking leaf buds",11,"2019-01-01","2019-12-31",2019-04-23,113,2019-04-18,5,1,0
"onset",177845,32388,41.320896,-86.294739,250,"IN",101,"Quercus","macrocarpa","bur oak","Plantae",371,"Breaking leaf buds",12,"2020-01-01","2020-12-31",2020-04-22,113,2020-04-11,11,1,0
"onset",177845,32388,41.320896,-86.294739,250,"IN",101,"Quercus","macrocarpa","bur oak","Plantae",371,"Breaking leaf buds",13,"2021-01-01","2021-12-31",2021-04-16,106,2021-04-07,9,1,0
"onset",177845,32388,41.320896,-86.294739,250,"IN",101,"Quercus","macrocarpa","bur oak","Plantae",371,"Breaking leaf buds",14,"2022-01-01","2022-12-31",2022-04-29,119,2022-04-05,24,1,0
"onset",177845,32388,41.320896,-86.294739,250,"IN",101,"Quercus","macrocarpa","bur oak","Plantae",501,"Open flowers",11,"2019-01-01","2019-12-31",2019-05-06,126,2019-05-01,5,1,0
"onset",177845,32388,41.320896,-86.294739,250,"IN",101,"Quercus","macrocarpa","bur oak","Plantae",501,"Open flowers",12,"2020-01-01","2020-12-31",2020-05-12,133,2020-05-07,5,1,0
"onset",177845,32388,41.320896,-86.294739,250,"IN",101,"Quercus","macrocarpa","bur oak","Plantae",501,"Open flowers",13,"2021-01-01","2021-12-31",2021-04-29,119,2021-04-16,13,1,0
"onset",177845,32388,41.320896,-86.294739,250,"IN",101,"Quercus","macrocarpa","bur oak","Plantae",501,"Open flowers",14,"2022-01-01","2022-12-31",2022-05-08,128,2022-04-29,9,1,0
"onset",179070,31493,41.99865,-87.657845,177,"IL",100,"Quercus","alba","white oak","Plantae",371,"Breaking leaf buds",10,"2018-01-01","2018-12-31",2018-11-27,331,2018-10-29,29,1,0
"onset",180415,32634,35.977894,-79.016479,126,"NC",100,"Quercus","alba","white oak","Plantae",371,"Breaking leaf buds",11,"2019-01-01","2019-12-31",2019-03-24,83,2019-02-26,26,1,0
"onset",180416,32634,35.977894,-79.016479,126,"NC",100,"Quercus","alba","white oak","Plantae",371,"Breaking leaf buds",11,"2019-01-01","2019-12-31",2019-02-19,50,2019-02-09,10,2,0
"onset",180417,32634,35.977894,-79.016479,126,"NC",100,"Quercus","alba","white oak","Plantae",371,"Breaking leaf buds",11,"2019-01-01","2019-12-31",2019-03-24,83,2019-03-19,5,1,0
"onset",180426,32635,35.994949,-79.008698,131,"NC",100,"Quercus","alba","white oak","Plantae",371,"Breaking leaf buds",11,"2019-01-01","2019-12-31",2019-04-04,94,2019-04-03,1,1,0
"onset",181185,32655,30.167885,-93.229988,4,"LA",305,"Quercus","virginiana","live oak","Plantae",501,"Open flowers",11,"2019-01-01","2019-12-31",2019-03-21,80,2019-03-10,11,1,0
"onset",182065,32779,36.487606,-75.865494,-1,"NC",305,"Quercus","virginiana","live oak","Plantae",371,"Breaking leaf buds",11,"2019-01-01","2019-12-31",2019-02-22,53,2019-02-19,3,2,0
"onset",182065,32779,36.487606,-75.865494,-1,"NC",305,"Quercus","virginiana","live oak","Plantae",501,"Open flowers",11,"2019-01-01","2019-12-31",2019-04-12,102,2019-04-04,8,1,0
"onset",182202,32872,39.771435,-86.484055,277,"IN",100,"Quercus","alba","white oak","Plantae",371,"Breaking leaf buds",11,"2019-01-01","2019-12-31",2019-04-25,115,2019-04-19,6,1,0
"onset",185298,23558,41.889706,-87.795265,191,"IL",101,"Quercus","macrocarpa","bur oak","Plantae",371,"Breaking leaf buds",11,"2019-01-01","2019-12-31",2019-04-23,113,2019-04-16,7,1,0
"onset",185298,23558,41.889706,-87.795265,191,"IL",101,"Quercus","macrocarpa","bur oak","Plantae",371,"Breaking leaf buds",12,"2020-01-01","2020-12-31",2020-04-09,100,2020-04-07,2,1,0
"onset",185298,23558,41.889706,-87.795265,191,"IL",101,"Quercus","macrocarpa","bur oak","Plantae",501,"Open flowers",11,"2019-01-01","2019-12-31",2019-05-03,123,2019-04-23,10,1,0
"onset",185298,23558,41.889706,-87.795265,191,"IL",101,"Quercus","macrocarpa","bur oak","Plantae",501,"Open flowers",12,"2020-01-01","2020-12-31",2020-05-03,124,2020-04-27,6,1,0
"onset",185299,23558,41.889706,-87.795265,191,"IL",101,"Quercus","macrocarpa","bur oak","Plantae",371,"Breaking leaf buds",11,"2019-01-01","2019-12-31",2019-04-15,105,2019-04-09,6,2,0
"onset",185299,23558,41.889706,-87.795265,191,"IL",101,"Quercus","macrocarpa","bur oak","Plantae",371,"Breaking leaf buds",12,"2020-01-01","2020-12-31",2020-04-09,100,2020-04-07,2,1,0
"onset",185299,23558,41.889706,-87.795265,191,"IL",101,"Quercus","macrocarpa","bur oak","Plantae",501,"Open flowers",11,"2019-01-01","2019-12-31",2019-05-09,129,2019-05-03,6,1,0
"onset",185299,23558,41.889706,-87.795265,191,"IL",101,"Quercus","macrocarpa","bur oak","Plantae",501,"Open flowers",12,"2020-01-01","2020-12-31",2020-04-27,118,2020-04-09,18,2,0
"onset",185300,23558,41.889706,-87.795265,191,"IL",101,"Quercus","macrocarpa","bur oak","Plantae",371,"Breaking leaf buds",11,"2019-01-01","2019-12-31",2019-04-15,105,2019-04-09,6,1,0
"onset",185300,23558,41.889706,-87.795265,191,"IL",101,"Quercus","macrocarpa","bur oak","Plantae",371,"Breaking leaf buds",12,"2020-01-01","2020-12-31",2020-04-09,100,2020-04-07,2,1,0
"onset",185300,23558,41.889706,-87.795265,191,"IL",101,"Quercus","macrocarpa","bur oak","Plantae",501,"Open flowers",11,"2019-01-01","2019-12-31",2019-05-03,123,2019-04-23,10,1,0
"onset",185300,23558,41.889706,-87.795265,191,"IL",101,"Quercus","macrocarpa","bur oak","Plantae",501,"Open flowers",12,"2020-01-01","2020-12-31",2020-05-03,124,2020-04-27,6,1,0
"onset",188956,33477,45.568214,-94.16539,316,"MN",101,"Quercus","macrocarpa","bur oak","Plantae",371,"Breaking leaf buds",11,"2019-01-01","2019-12-31",2019-04-25,115,2019-04-16,9,1,0
"onset",188956,33477,45.568214,-94.16539,316,"MN",101,"Quercus","macrocarpa","bur oak","Plantae",371,"Breaking leaf buds",16,"2024-01-01","2024-12-31",2024-04-21,112,2024-04-16,5,1,0
"onset",188956,33477,45.568214,-94.16539,316,"MN",101,"Quercus","macrocarpa","bur oak","Plantae",501,"Open flowers",11,"2019-01-01","2019-12-31",2019-05-25,145,2019-04-25,30,1,0
"onset",188956,33477,45.568214,-94.16539,316,"MN",101,"Quercus","macrocarpa","bur oak","Plantae",501,"Open flowers",16,"2024-01-01","2024-12-31",2024-05-06,127,2024-04-21,15,1,0
"onset",188957,33477,45.568214,-94.16539,316,"MN",101,"Quercus","macrocarpa","bur oak","Plantae",371,"Breaking leaf buds",11,"2019-01-01","2019-12-31",2019-04-25,115,2019-04-16,9,1,0
"onset",188957,33477,45.568214,-94.16539,316,"MN",101,"Quercus","macrocarpa","bur oak","Plantae",371,"Breaking leaf buds",16,"2024-01-01","2024-12-31",2024-04-21,112,2024-04-16,5,1,0
"onset",188957,33477,45.568214,-94.16539,316,"MN",101,"Quercus","macrocarpa","bur oak","Plantae",501,"Open flowers",11,"2019-01-01","2019-12-31",2019-05-25,145,2019-04-25,30,1,0
"onset",188957,33477,45.568214,-94.16539,316,"MN",101,"Quercus","macrocarpa","bur oak","Plantae",501,"Open flowers",16,"2024-01-01","2024-12-31",2024-05-06,127,2024-04-21,15,1,0
"onset",189666,33401,30.004747,-90.094208,0,"LA",305,"Quercus","virginiana","live oak","Plantae",371,"Breaking leaf buds",12,"2020-01-01","2020-12-31",2020-02-26,57,2020-02-18,8,9,0
"onset",189666,33401,30.004747,-90.094208,0,"LA",305,"Quercus","virginiana","live oak","Plantae",371,"Breaking leaf buds",13,"2021-01-01","2021-12-31",2021-03-13,72,2021-03-09,4,1,0
"onset",189666,33401,30.004747,-90.094208,0,"LA",305,"Quercus","virginiana","live oak","Plantae",371,"Breaking leaf buds",16,"2024-01-01","2024-12-31",2024-03-05,65,2024-02-26,8,1,0
"onset",189666,33401,30.004747,-90.094208,0,"LA",305,"Quercus","virginiana","live oak","Plantae",371,"Breaking leaf buds",17,"2025-01-01","2025-12-31",2025-03-11,70,2025-03-04,7,1,0
"onset",189666,33401,30.004747,-90.094208,0,"LA",305,"Quercus","virginiana","live oak","Plantae",501,"Open flowers",12,"2020-01-01","2020-12-31",2020-06-11,163,2020-06-04,7,1,0
"onset",189666,33401,30.004747,-90.094208,0,"LA",305,"Quercus","virginiana","live oak","Plantae",501,"Open flowers",13,"2021-01-01","2021-12-31",2021-03-13,72,2021-03-09,4,1,0
"onset",189666,33401,30.004747,-90.094208,0,"LA",305,"Quercus","virginiana","live oak","Plantae",501,"Open flowers",16,"2024-01-01","2024-12-31",2024-03-05,65,2024-02-20,14,1,0
"onset",189666,33401,30.004747,-90.094208,0,"LA",305,"Quercus","virginiana","live oak","Plantae",501,"Open flowers",17,"2025-01-01","2025-12-31",2025-03-19,78,2025-02-20,27,1,0
"onset",189787,29347,45.56287,-94.662285,373,"MN",101,"Quercus","macrocarpa","bur oak","Plantae",371,"Breaking leaf buds",11,"2019-01-01","2019-12-31",2019-05-02,122,2019-04-26,6,1,0
"onset",189787,29347,45.56287,-94.662285,373,"MN",101,"Quercus","macrocarpa","bur oak","Plantae",371,"Breaking leaf buds",12,"2020-01-01","2020-12-31",2020-05-14,135,2020-04-27,17,1,0
"onset",189787,29347,45.56287,-94.662285,373,"MN",101,"Quercus","macrocarpa","bur oak","Plantae",501,"Open flowers",11,"2019-01-01","2019-12-31",2019-05-23,143,2019-05-02,21,1,0
"onset",189787,29347,45.56287,-94.662285,373,"MN",101,"Quercus","macrocarpa","bur oak","Plantae",501,"Open flowers",12,"2020-01-01","2020-12-31",2020-05-04,125,2020-04-27,7,1,0
"onset",189787,29347,45.56287,-94.662285,373,"MN",101,"Quercus","macrocarpa","bur oak","Plantae",501,"Open flowers",14,"2022-01-01","2022-12-31",2022-05-20,140,2022-05-03,17,1,0
"onset",190306,32893,40.811333,-82.023102,327,"OH",101,"Quercus","macrocarpa","bur oak","Plantae",371,"Breaking leaf buds",11,"2019-01-01","2019-12-31",2019-04-28,118,2019-04-17,11,1,0
"onset",190306,32893,40.811333,-82.023102,327,"OH",101,"Quercus","macrocarpa","bur oak","Plantae",371,"Breaking leaf buds",13,"2021-01-01","2021-12-31",2021-04-11,101,2021-04-04,7,1,0
"onset",190571,33394,41.742821,-111.809052,1447,"UT",100,"Quercus","alba","white oak","Plantae",371,"Breaking leaf buds",11,"2019-01-01","2019-12-31",2019-04-29,119,2019-04-25,4,1,0
"onset",190571,33394,41.742821,-111.809052,1447,"UT",100,"Quercus","alba","white oak","Plantae",501,"Open flowers",11,"2019-01-01","2019-12-31",2019-05-16,136,2019-05-13,3,1,0
"onset",192277,33670,41.380959,-78.203339,401,"PA",100,"Quercus","alba","white oak","Plantae",371,"Breaking leaf buds",11,"2019-01-01","2019-12-31",2019-04-28,118,2019-04-14,14,1,0
"onset",193262,33859,40.667957,-73.963814,17,"NY",101,"Quercus","macrocarpa","bur oak","Plantae",371,"Breaking leaf buds",11,"2019-01-01","2019-12-31",2019-04-23,113,2019-04-15,8,1,0
"onset",202128,25488,38.451763,-88.905441,173,"IL",101,"Quercus","macrocarpa","bur oak","Plantae",371,"Breaking leaf buds",12,"2020-01-01","2020-12-31",2020-04-01,92,2020-03-08,24,1,0
"onset",203037,34834,38.918751,-76.674637,22,"MD",100,"Quercus","alba","white oak","Plantae",371,"Breaking leaf buds",12,"2020-01-01","2020-12-31",2020-03-18,78,2020-03-11,7,1,0
"onset",203037,34834,38.918751,-76.674637,22,"MD",100,"Quercus","alba","white oak","Plantae",501,"Open flowers",12,"2020-01-01","2020-12-31",2020-04-06,97,2020-04-01,5,1,0
"onset",204820,35096,30.849813,-83.289307,62,"GA",305,"Quercus","virginiana","live oak","Plantae",371,"Breaking leaf buds",11,"2019-01-01","2019-12-31",2019-08-28,240,2019-08-27,1,1,0
"onset",204971,35096,30.849813,-83.289307,62,"GA",305,"Quercus","virginiana","live oak","Plantae",371,"Breaking leaf buds",11,"2019-01-01","2019-12-31",2019-09-03,246,2019-09-02,1,7,0
"onset",204977,35096,30.849813,-83.289307,62,"GA",305,"Quercus","virginiana","live oak","Plantae",371,"Breaking leaf buds",11,"2019-01-01","2019-12-31",2019-09-26,269,2019-09-23,3,2,0
"onset",205163,32607,39.936066,-86.118439,242,"IN",100,"Quercus","alba","white oak","Plantae",371,"Breaking leaf buds",12,"2020-01-01","2020-12-31",2020-04-07,98,2020-04-02,5,1,0
"onset",205163,32607,39.936066,-86.118439,242,"IN",100,"Quercus","alba","white oak","Plantae",501,"Open flowers",12,"2020-01-01","2020-12-31",2020-05-03,124,2020-04-07,26,1,0
"onset",205210,35096,30.849813,-83.289307,62,"GA",305,"Quercus","virginiana","live oak","Plantae",371,"Breaking leaf buds",11,"2019-01-01","2019-12-31",2019-08-27,239,2019-08-20,7,8,0
"onset",205212,35096,30.849813,-83.289307,62,"GA",305,"Quercus","virginiana","live oak","Plantae",371,"Breaking leaf buds",11,"2019-01-01","2019-12-31",2019-09-10,253,2019-09-03,7,2,0
"onset",205266,35096,30.849813,-83.289307,62,"GA",305,"Quercus","virginiana","live oak","Plantae",371,"Breaking leaf buds",11,"2019-01-01","2019-12-31",2019-09-24,267,2019-09-23,1,2,0
"onset",205267,35096,30.849813,-83.289307,62,"GA",305,"Quercus","virginiana","live oak","Plantae",371,"Breaking leaf buds",11,"2019-01-01","2019-12-31",2019-09-18,261,2019-09-11,7,1,0
"onset",205606,35274,39.519222,-87.022339,202,"IN",100,"Quercus","alba","white oak","Plantae",371,"Breaking leaf buds",12,"2020-01-01","2020-12-31",2020-05-02,123,2020-04-22,10,1,0
"onset",205606,35274,39.519222,-87.022339,202,"IN",100,"Quercus","alba","white oak","Plantae",371,"Breaking leaf buds",15,"2023-01-01","2023-12-31",2023-04-19,109,2023-03-30,20,1,0
"onset",205606,35274,39.519222,-87.022339,202,"IN",100,"Quercus","alba","white oak","Plantae",371,"Breaking leaf buds",18,"2026-01-01","2026-12-31",2026-04-11,101,2026-03-25,17,1,0
"onset",205606,35274,39.519222,-87.022339,202,"IN",100,"Quercus","alba","white oak","Plantae",501,"Open flowers",12,"2020-01-01","2020-12-31",2020-04-22,113,2020-04-10,12,1,0
"onset",206648,30979,42.435844,-71.106285,26,"MA",100,"Quercus","alba","white oak","Plantae",371,"Breaking leaf buds",12,"2020-01-01","2020-12-31",2020-04-28,119,2020-04-26,2,1,0
"onset",206648,30979,42.435844,-71.106285,26,"MA",100,"Quercus","alba","white oak","Plantae",371,"Breaking leaf buds",13,"2021-01-01","2021-12-31",2021-04-19,109,2021-04-12,7,1,0
"onset",206648,30979,42.435844,-71.106285,26,"MA",100,"Quercus","alba","white oak","Plantae",371,"Breaking leaf buds",14,"2022-01-01","2022-12-31",2022-04-25,115,2022-04-18,7,1,0
"onset",206648,30979,42.435844,-71.106285,26,"MA",100,"Quercus","alba","white oak","Plantae",371,"Breaking leaf buds",15,"2023-01-01","2023-12-31",2023-04-24,114,2023-04-10,14,1,0
"onset",206648,30979,42.435844,-71.106285,26,"MA",100,"Quercus","alba","white oak","Plantae",371,"Breaking leaf buds",16,"2024-01-01","2024-12-31",2024-04-22,113,2024-04-15,7,1,0
"onset",206648,30979,42.435844,-71.106285,26,"MA",100,"Quercus","alba","white oak","Plantae",371,"Breaking leaf buds",17,"2025-01-01","2025-12-31",2025-04-21,111,2025-04-14,7,1,0
"onset",206648,30979,42.435844,-71.106285,26,"MA",100,"Quercus","alba","white oak","Plantae",371,"Breaking leaf buds",18,"2026-01-01","2026-12-31",2026-04-20,110,2026-04-13,7,1,0
"onset",206648,30979,42.435844,-71.106285,26,"MA",100,"Quercus","alba","white oak","Plantae",501,"Open flowers",16,"2024-01-01","2024-12-31",2024-05-13,134,2024-05-06,7,1,0
"onset",206648,30979,42.435844,-71.106285,26,"MA",100,"Quercus","alba","white oak","Plantae",501,"Open flowers",17,"2025-01-01","2025-12-31",2025-05-06,126,2025-04-28,8,1,0
"onset",206648,30979,42.435844,-71.106285,26,"MA",100,"Quercus","alba","white oak","Plantae",501,"Open flowers",18,"2026-01-01","2026-12-31",2026-05-11,131,2026-05-04,7,1,0
"onset",210869,35691,35.826511,-82.55204,734,"NC",100,"Quercus","alba","white oak","Plantae",371,"Breaking leaf buds",13,"2021-01-01","2021-12-31",2021-03-30,89,2021-03-26,4,5,0
"onset",210869,35691,35.826511,-82.55204,734,"NC",100,"Quercus","alba","white oak","Plantae",371,"Breaking leaf buds",14,"2022-01-01","2022-12-31",2022-04-08,98,2022-04-04,4,2,0
"onset",210869,35691,35.826511,-82.55204,734,"NC",100,"Quercus","alba","white oak","Plantae",371,"Breaking leaf buds",15,"2023-01-01","2023-12-31",2023-02-02,33,2023-02-01,1,4,0
"onset",210869,35691,35.826511,-82.55204,734,"NC",100,"Quercus","alba","white oak","Plantae",371,"Breaking leaf buds",16,"2024-01-01","2024-12-31",2024-01-31,31,2024-01-24,7,5,0
"onset",210869,35691,35.826511,-82.55204,734,"NC",100,"Quercus","alba","white oak","Plantae",371,"Breaking leaf buds",17,"2025-01-01","2025-12-31",2025-02-25,56,2025-02-13,12,5,0
"onset",210869,35691,35.826511,-82.55204,734,"NC",100,"Quercus","alba","white oak","Plantae",371,"Breaking leaf buds",18,"2026-01-01","2026-12-31",2026-04-03,93,2026-04-01,2,2,0
"onset",210869,35691,35.826511,-82.55204,734,"NC",100,"Quercus","alba","white oak","Plantae",501,"Open flowers",11,"2019-01-01","2019-12-31",2019-10-16,289,2019-10-14,2,1,0
"onset",210869,35691,35.826511,-82.55204,734,"NC",100,"Quercus","alba","white oak","Plantae",501,"Open flowers",13,"2021-01-01","2021-12-31",2021-04-08,98,2021-04-07,1,5,0
"onset",210869,35691,35.826511,-82.55204,734,"NC",100,"Quercus","alba","white oak","Plantae",501,"Open flowers",14,"2022-01-01","2022-12-31",2022-04-15,105,2022-04-11,4,4,0
"onset",210869,35691,35.826511,-82.55204,734,"NC",100,"Quercus","alba","white oak","Plantae",501,"Open flowers",15,"2023-01-01","2023-12-31",2023-03-30,89,2023-03-23,7,1,0
"onset",210869,35691,35.826511,-82.55204,734,"NC",100,"Quercus","alba","white oak","Plantae",501,"Open flowers",17,"2025-01-01","2025-12-31",2025-09-11,254,2025-09-09,2,9,0
"onset",210869,35691,35.826511,-82.55204,734,"NC",100,"Quercus","alba","white oak","Plantae",501,"Open flowers",18,"2026-01-01","2026-12-31",2026-04-15,105,2026-04-13,2,3,0
"onset",211552,35769,35.94458,-83.870483,286,"TN",1212,"Quercus","montana","chestnut oak","Plantae",371,"Breaking leaf buds",12,"2020-01-01","2020-12-31",2020-03-26,86,2020-03-18,8,1,0
"onset",211552,35769,35.94458,-83.870483,286,"TN",1212,"Quercus","montana","chestnut oak","Plantae",371,"Breaking leaf buds",13,"2021-01-01","2021-12-31",2021-04-10,100,2021-04-05,5,1,0
"onset",211552,35769,35.94458,-83.870483,286,"TN",1212,"Quercus","montana","chestnut oak","Plantae",371,"Breaking leaf buds",15,"2023-01-01","2023-12-31",2023-03-25,84,2023-03-18,7,1,0
"onset",211552,35769,35.94458,-83.870483,286,"TN",1212,"Quercus","montana","chestnut oak","Plantae",371,"Breaking leaf buds",16,"2024-01-01","2024-12-31",2024-04-06,97,2024-04-01,5,1,0
"onset",211552,35769,35.94458,-83.870483,286,"TN",1212,"Quercus","montana","chestnut oak","Plantae",371,"Breaking leaf buds",17,"2025-01-01","2025-12-31",2025-03-29,88,2025-03-23,6,1,0
"onset",211554,35769,35.94458,-83.870483,286,"TN",100,"Quercus","alba","white oak","Plantae",371,"Breaking leaf buds",12,"2020-01-01","2020-12-31",2020-03-26,86,2020-03-18,8,1,0
"onset",211554,35769,35.94458,-83.870483,286,"TN",100,"Quercus","alba","white oak","Plantae",371,"Breaking leaf buds",13,"2021-01-01","2021-12-31",2021-03-28,87,2021-03-13,15,2,0
"onset",211554,35769,35.94458,-83.870483,286,"TN",100,"Quercus","alba","white oak","Plantae",371,"Breaking leaf buds",14,"2022-01-01","2022-12-31",2022-04-01,91,2022-03-21,11,1,0
"onset",211554,35769,35.94458,-83.870483,286,"TN",100,"Quercus","alba","white oak","Plantae",371,"Breaking leaf buds",15,"2023-01-01","2023-12-31",2023-03-18,77,2023-03-11,7,1,0
"onset",211554,35769,35.94458,-83.870483,286,"TN",100,"Quercus","alba","white oak","Plantae",371,"Breaking leaf buds",16,"2024-01-01","2024-12-31",2024-04-01,92,2024-03-25,7,1,0
"onset",211554,35769,35.94458,-83.870483,286,"TN",100,"Quercus","alba","white oak","Plantae",371,"Breaking leaf buds",18,"2026-01-01","2026-12-31",2026-04-02,92,2026-03-25,8,1,0
"onset",211554,35769,35.94458,-83.870483,286,"TN",100,"Quercus","alba","white oak","Plantae",501,"Open flowers",14,"2022-01-01","2022-12-31",2022-04-14,104,2022-04-04,10,1,0
"onset",211554,35769,35.94458,-83.870483,286,"TN",100,"Quercus","alba","white oak","Plantae",501,"Open flowers",16,"2024-01-01","2024-12-31",2024-04-01,92,2024-03-25,7,2,0
"onset",211554,35769,35.94458,-83.870483,286,"TN",100,"Quercus","alba","white oak","Plantae",501,"Open flowers",17,"2025-01-01","2025-12-31",2025-04-05,95,2025-03-29,7,1,0
"onset",211554,35769,35.94458,-83.870483,286,"TN",100,"Quercus","alba","white oak","Plantae",501,"Open flowers",18,"2026-01-01","2026-12-31",2026-04-02,92,2026-03-09,24,1,0
"onset",211570,35768,35.94849,-83.866074,282,"TN",100,"Quercus","alba","white oak","Plantae",371,"Breaking leaf buds",12,"2020-01-01","2020-12-31",2020-04-02,93,2020-03-26,7,1,0
"onset",211570,35768,35.94849,-83.866074,282,"TN",100,"Quercus","alba","white oak","Plantae",371,"Breaking leaf buds",13,"2021-01-01","2021-12-31",2021-03-28,87,2021-03-13,15,1,0
"onset",211570,35768,35.94849,-83.866074,282,"TN",100,"Quercus","alba","white oak","Plantae",371,"Breaking leaf buds",14,"2022-01-01","2022-12-31",2022-04-14,104,2022-04-04,10,1,0
"onset",211570,35768,35.94849,-83.866074,282,"TN",100,"Quercus","alba","white oak","Plantae",371,"Breaking leaf buds",15,"2023-01-01","2023-12-31",2023-03-30,89,2023-03-24,6,2,0
"onset",211570,35768,35.94849,-83.866074,282,"TN",100,"Quercus","alba","white oak","Plantae",371,"Breaking leaf buds",18,"2026-01-01","2026-12-31",2026-03-29,88,2026-03-21,8,1,0
"onset",223783,35638,36.251804,-80.86097,306,"NC",100,"Quercus","alba","white oak","Plantae",371,"Breaking leaf buds",12,"2020-01-01","2020-12-31",2020-02-17,48,2020-02-14,3,1,0
"onset",224280,35069,34.773415,-96.664055,310,"OK",101,"Quercus","macrocarpa","bur oak","Plantae",371,"Breaking leaf buds",12,"2020-01-01","2020-12-31",2020-02-16,47,2020-02-05,11,1,0
"onset",224280,35069,34.773415,-96.664055,310,"OK",101,"Quercus","macrocarpa","bur oak","Plantae",371,"Breaking leaf buds",13,"2021-01-01","2021-12-31",2021-02-23,54,2021-02-09,14,2,0
"onset",224280,35069,34.773415,-96.664055,310,"OK",101,"Quercus","macrocarpa","bur oak","Plantae",371,"Breaking leaf buds",14,"2022-01-01","2022-12-31",2022-04-11,101,2022-04-04,7,10,0
"onset",224280,35069,34.773415,-96.664055,310,"OK",101,"Quercus","macrocarpa","bur oak","Plantae",501,"Open flowers",13,"2021-01-01","2021-12-31",2021-04-12,102,2021-04-04,8,1,0
"onset",224305,35069,34.773415,-96.664055,310,"OK",101,"Quercus","macrocarpa","bur oak","Plantae",371,"Breaking leaf buds",14,"2022-01-01","2022-12-31",2022-04-19,109,2022-04-11,8,1,0
"onset",224305,35069,34.773415,-96.664055,310,"OK",101,"Quercus","macrocarpa","bur oak","Plantae",371,"Breaking leaf buds",15,"2023-01-01","2023-12-31",2023-03-03,62,2023-02-24,7,1,0
"onset",224305,35069,34.773415,-96.664055,310,"OK",101,"Quercus","macrocarpa","bur oak","Plantae",371,"Breaking leaf buds",16,"2024-01-01","2024-12-31",2024-04-05,96,2024-04-02,3,1,0
"onset",224305,35069,34.773415,-96.664055,310,"OK",101,"Quercus","macrocarpa","bur oak","Plantae",371,"Breaking leaf buds",17,"2025-01-01","2025-12-31",2025-02-24,55,2025-02-07,17,1,0
"onset",224305,35069,34.773415,-96.664055,310,"OK",101,"Quercus","macrocarpa","bur oak","Plantae",501,"Open flowers",15,"2023-01-01","2023-12-31",2023-04-07,97,2023-03-24,14,1,0
"onset",226756,27474,29.784473,-90.114784,0,"LA",305,"Quercus","virginiana","live oak","Plantae",371,"Breaking leaf buds",12,"2020-01-01","2020-12-31",2020-03-05,65,2020-03-01,4,1,0
"onset",226756,27474,29.784473,-90.114784,0,"LA",305,"Quercus","virginiana","live oak","Plantae",371,"Breaking leaf buds",16,"2024-01-01","2024-12-31",2024-03-14,74,2024-02-27,16,1,0
"onset",226756,27474,29.784473,-90.114784,0,"LA",305,"Quercus","virginiana","live oak","Plantae",501,"Open flowers",16,"2024-01-01","2024-12-31",2024-03-14,74,2024-02-27,16,1,0
"onset",226756,27474,29.784473,-90.114784,0,"LA",305,"Quercus","virginiana","live oak","Plantae",501,"Open flowers",17,"2025-01-01","2025-12-31",2025-03-19,78,2025-02-18,29,1,0
"onset",226764,27475,29.783813,-90.117561,0,"LA",305,"Quercus","virginiana","live oak","Plantae",371,"Breaking leaf buds",12,"2020-01-01","2020-12-31",2020-03-05,65,2020-03-01,4,1,0
"onset",226764,27475,29.783813,-90.117561,0,"LA",305,"Quercus","virginiana","live oak","Plantae",501,"Open flowers",12,"2020-01-01","2020-12-31",2020-03-05,65,2020-03-01,4,1,0
"onset",228548,36873,36.4319,-94.230301,363,"AR",101,"Quercus","macrocarpa","bur oak","Plantae",371,"Breaking leaf buds",12,"2020-01-01","2020-12-31",2020-04-01,92,2020-03-14,18,1,0
"onset",229630,33862,30.353952,-89.136215,6,"MS",305,"Quercus","virginiana","live oak","Plantae",371,"Breaking leaf buds",13,"2021-01-01","2021-12-31",2021-03-15,74,2021-02-26,17,1,0
"onset",229630,33862,30.353952,-89.136215,6,"MS",305,"Quercus","virginiana","live oak","Plantae",371,"Breaking leaf buds",15,"2023-01-01","2023-12-31",2023-02-28,59,2023-02-06,22,1,0
"onset",229630,33862,30.353952,-89.136215,6,"MS",305,"Quercus","virginiana","live oak","Plantae",371,"Breaking leaf buds",18,"2026-01-01","2026-12-31",2026-03-10,69,2026-03-02,8,1,0
"onset",229630,33862,30.353952,-89.136215,6,"MS",305,"Quercus","virginiana","live oak","Plantae",501,"Open flowers",18,"2026-01-01","2026-12-31",2026-03-10,69,2026-03-02,8,1,0
"onset",230042,37196,41.814323,-88.070099,232,"IL",100,"Quercus","alba","white oak","Plantae",371,"Breaking leaf buds",14,"2022-01-01","2022-12-31",2022-04-24,114,2022-04-15,9,1,0
"onset",230042,37196,41.814323,-88.070099,232,"IL",100,"Quercus","alba","white oak","Plantae",371,"Breaking leaf buds",15,"2023-01-01","2023-12-31",2023-04-20,110,2023-04-12,8,2,0
"onset",230042,37196,41.814323,-88.070099,232,"IL",100,"Quercus","alba","white oak","Plantae",371,"Breaking leaf buds",16,"2024-01-01","2024-12-31",2024-03-27,87,2024-03-20,7,1,0
"onset",230042,37196,41.814323,-88.070099,232,"IL",100,"Quercus","alba","white oak","Plantae",371,"Breaking leaf buds",17,"2025-01-01","2025-12-31",2025-04-17,107,2025-04-10,7,2,0
"onset",230042,37196,41.814323,-88.070099,232,"IL",100,"Quercus","alba","white oak","Plantae",371,"Breaking leaf buds",18,"2026-01-01","2026-12-31",2026-04-03,93,2026-03-27,7,1,0
"onset",230042,37196,41.814323,-88.070099,232,"IL",100,"Quercus","alba","white oak","Plantae",501,"Open flowers",15,"2023-01-01","2023-12-31",2023-05-15,135,2023-05-07,8,1,0
"onset",230042,37196,41.814323,-88.070099,232,"IL",100,"Quercus","alba","white oak","Plantae",501,"Open flowers",16,"2024-01-01","2024-12-31",2024-05-05,126,2024-04-29,6,1,0
"onset",230042,37196,41.814323,-88.070099,232,"IL",100,"Quercus","alba","white oak","Plantae",501,"Open flowers",17,"2025-01-01","2025-12-31",2025-05-04,124,2025-04-25,9,1,0
"onset",230043,37196,41.814323,-88.070099,232,"IL",100,"Quercus","alba","white oak","Plantae",371,"Breaking leaf buds",14,"2022-01-01","2022-12-31",2022-05-09,129,2022-04-30,9,1,0
"onset",230048,37197,41.813972,-88.068817,232,"IL",100,"Quercus","alba","white oak","Plantae",371,"Breaking leaf buds",14,"2022-01-01","2022-12-31",2022-04-19,109,2022-04-09,10,3,0
"onset",230048,37197,41.813972,-88.068817,232,"IL",100,"Quercus","alba","white oak","Plantae",371,"Breaking leaf buds",15,"2023-01-01","2023-12-31",2023-04-11,101,2023-04-10,1,3,0
"onset",230048,37197,41.813972,-88.068817,232,"IL",100,"Quercus","alba","white oak","Plantae",371,"Breaking leaf buds",16,"2024-01-01","2024-12-31",2024-04-29,120,2024-04-14,15,1,0
"onset",230048,37197,41.813972,-88.068817,232,"IL",100,"Quercus","alba","white oak","Plantae",371,"Breaking leaf buds",17,"2025-01-01","2025-12-31",2025-04-23,113,2025-04-16,7,1,0
"onset",230048,37197,41.813972,-88.068817,232,"IL",100,"Quercus","alba","white oak","Plantae",371,"Breaking leaf buds",18,"2026-01-01","2026-12-31",2026-04-22,112,2026-04-11,11,1,0
"onset",230048,37197,41.813972,-88.068817,232,"IL",100,"Quercus","alba","white oak","Plantae",501,"Open flowers",14,"2022-01-01","2022-12-31",2022-05-13,133,2022-05-10,3,1,0
"onset",230048,37197,41.813972,-88.068817,232,"IL",100,"Quercus","alba","white oak","Plantae",501,"Open flowers",15,"2023-01-01","2023-12-31",2023-05-02,122,2023-04-27,5,3,0
"onset",230050,37197,41.813972,-88.068817,232,"IL",101,"Quercus","macrocarpa","bur oak","Plantae",371,"Breaking leaf buds",14,"2022-01-01","2022-12-31",2022-04-26,116,2022-04-23,3,1,0
"onset",230050,37197,41.813972,-88.068817,232,"IL",101,"Quercus","macrocarpa","bur oak","Plantae",371,"Breaking leaf buds",15,"2023-01-01","2023-12-31",2023-04-11,101,2023-04-10,1,3,0
"onset",230050,37197,41.813972,-88.068817,232,"IL",101,"Quercus","macrocarpa","bur oak","Plantae",371,"Breaking leaf buds",16,"2024-01-01","2024-12-31",2024-04-29,120,2024-04-14,15,1,0
"onset",230050,37197,41.813972,-88.068817,232,"IL",101,"Quercus","macrocarpa","bur oak","Plantae",371,"Breaking leaf buds",17,"2025-01-01","2025-12-31",2025-04-23,113,2025-04-16,7,1,0
"onset",230050,37197,41.813972,-88.068817,232,"IL",101,"Quercus","macrocarpa","bur oak","Plantae",371,"Breaking leaf buds",18,"2026-01-01","2026-12-31",2026-05-02,122,2026-04-22,10,1,0
"onset",230050,37197,41.813972,-88.068817,232,"IL",101,"Quercus","macrocarpa","bur oak","Plantae",501,"Open flowers",14,"2022-01-01","2022-12-31",2022-05-13,133,2022-05-10,3,1,0
"onset",230050,37197,41.813972,-88.068817,232,"IL",101,"Quercus","macrocarpa","bur oak","Plantae",501,"Open flowers",15,"2023-01-01","2023-12-31",2023-05-02,122,2023-04-27,5,2,0
"onset",230051,37197,41.813972,-88.068817,232,"IL",101,"Quercus","macrocarpa","bur oak","Plantae",371,"Breaking leaf buds",14,"2022-01-01","2022-12-31",2022-04-26,116,2022-04-23,3,1,0
"onset",230051,37197,41.813972,-88.068817,232,"IL",101,"Quercus","macrocarpa","bur oak","Plantae",371,"Breaking leaf buds",15,"2023-01-01","2023-12-31",2023-04-11,101,2023-04-10,1,3,0
"onset",230051,37197,41.813972,-88.068817,232,"IL",101,"Quercus","macrocarpa","bur oak","Plantae",371,"Breaking leaf buds",16,"2024-01-01","2024-12-31",2024-04-29,120,2024-04-14,15,1,0
"onset",230051,37197,41.813972,-88.068817,232,"IL",101,"Quercus","macrocarpa","bur oak","Plantae",371,"Breaking leaf buds",17,"2025-01-01","2025-12-31",2025-05-09,129,2025-04-23,16,1,0
"onset",230051,37197,41.813972,-88.068817,232,"IL",101,"Quercus","macrocarpa","bur oak","Plantae",371,"Breaking leaf buds",18,"2026-01-01","2026-12-31",2026-04-22,112,2026-04-11,11,1,0
"onset",230051,37197,41.813972,-88.068817,232,"IL",101,"Quercus","macrocarpa","bur oak","Plantae",501,"Open flowers",14,"2022-01-01","2022-12-31",2022-05-13,133,2022-05-10,3,1,0
"onset",230051,37197,41.813972,-88.068817,232,"IL",101,"Quercus","macrocarpa","bur oak","Plantae",501,"Open flowers",15,"2023-01-01","2023-12-31",2023-05-02,122,2023-04-27,5,2,0
"onset",230051,37197,41.813972,-88.068817,232,"IL",101,"Quercus","macrocarpa","bur oak","Plantae",501,"Open flowers",17,"2025-01-01","2025-12-31",2025-09-09,252,2025-09-06,3,1,0
"onset",230286,37293,35.531059,-94.169556,242,"AR",100,"Quercus","alba","white oak","Plantae",371,"Breaking leaf buds",12,"2020-01-01","2020-12-31",2020-03-25,85,2020-03-04,21,1,0
"onset",231518,36831,36.470451,-94.212837,347,"AR",100,"Quercus","alba","white oak","Plantae",371,"Breaking leaf buds",12,"2020-01-01","2020-12-31",2020-03-23,83,2020-03-13,10,2,0
"onset",231581,34459,31.679283,-97.679939,284,"TX",305,"Quercus","virginiana","live oak","Plantae",371,"Breaking leaf buds",12,"2020-01-01","2020-12-31",2020-06-11,163,2020-06-03,8,1,0
"onset",231581,34459,31.679283,-97.679939,284,"TX",305,"Quercus","virginiana","live oak","Plantae",501,"Open flowers",12,"2020-01-01","2020-12-31",2020-06-03,155,2020-05-29,5,1,0
"onset",233167,37760,35.688911,-83.747101,358,"TN",100,"Quercus","alba","white oak","Plantae",371,"Breaking leaf buds",12,"2020-01-01","2020-12-31",2020-04-08,99,2020-03-28,11,1,0
"onset",233167,37760,35.688911,-83.747101,358,"TN",100,"Quercus","alba","white oak","Plantae",501,"Open flowers",12,"2020-01-01","2020-12-31",2020-05-04,125,2020-04-19,15,1,0
"onset",233598,37845,41.799072,-88.024521,218,"IL",100,"Quercus","alba","white oak","Plantae",371,"Breaking leaf buds",12,"2020-01-01","2020-12-31",2020-04-23,114,2020-04-10,13,1,0
"onset",233598,37845,41.799072,-88.024521,218,"IL",100,"Quercus","alba","white oak","Plantae",371,"Breaking leaf buds",13,"2021-01-01","2021-12-31",2021-04-18,108,2021-04-09,9,1,0
"onset",233598,37845,41.799072,-88.024521,218,"IL",100,"Quercus","alba","white oak","Plantae",501,"Open flowers",12,"2020-01-01","2020-12-31",2020-05-20,141,2020-05-07,13,1,0
"onset",233598,37845,41.799072,-88.024521,218,"IL",100,"Quercus","alba","white oak","Plantae",501,"Open flowers",13,"2021-01-01","2021-12-31",2021-05-03,123,2021-04-25,8,1,0
"onset",233602,37845,41.799072,-88.024521,218,"IL",101,"Quercus","macrocarpa","bur oak","Plantae",371,"Breaking leaf buds",12,"2020-01-01","2020-12-31",2020-04-23,114,2020-04-16,7,1,0
"onset",233602,37845,41.799072,-88.024521,218,"IL",101,"Quercus","macrocarpa","bur oak","Plantae",371,"Breaking leaf buds",13,"2021-01-01","2021-12-31",2021-04-18,108,2021-04-09,9,1,0
"onset",233602,37845,41.799072,-88.024521,218,"IL",101,"Quercus","macrocarpa","bur oak","Plantae",501,"Open flowers",12,"2020-01-01","2020-12-31",2020-05-20,141,2020-05-13,7,1,0
"onset",233711,37845,41.799072,-88.024521,218,"IL",101,"Quercus","macrocarpa","bur oak","Plantae",371,"Breaking leaf buds",12,"2020-01-01","2020-12-31",2020-04-23,114,2020-04-16,7,1,0
"onset",233711,37845,41.799072,-88.024521,218,"IL",101,"Quercus","macrocarpa","bur oak","Plantae",371,"Breaking leaf buds",13,"2021-01-01","2021-12-31",2021-04-25,115,2021-04-18,7,1,0
"onset",233711,37845,41.799072,-88.024521,218,"IL",101,"Quercus","macrocarpa","bur oak","Plantae",501,"Open flowers",12,"2020-01-01","2020-12-31",2020-05-20,141,2020-05-13,7,1,0
"onset",234869,38076,42.027615,-93.62516,283,"IA",100,"Quercus","alba","white oak","Plantae",371,"Breaking leaf buds",12,"2020-01-01","2020-12-31",2020-05-11,132,2020-05-08,3,1,0
"onset",235867,38327,40.328484,-88.793625,236,"IL",100,"Quercus","alba","white oak","Plantae",501,"Open flowers",12,"2020-01-01","2020-12-31",2020-05-18,139,2020-05-02,16,1,0
"onset",237844,38501,40.199524,-85.414024,288,"IN",100,"Quercus","alba","white oak","Plantae",371,"Breaking leaf buds",13,"2021-01-01","2021-12-31",2021-04-13,103,2021-04-10,3,1,0
"onset",237844,38501,40.199524,-85.414024,288,"IN",100,"Quercus","alba","white oak","Plantae",371,"Breaking leaf buds",14,"2022-01-01","2022-12-31",2022-04-23,113,2022-04-19,4,1,0
"onset",237844,38501,40.199524,-85.414024,288,"IN",100,"Quercus","alba","white oak","Plantae",371,"Breaking leaf buds",15,"2023-01-01","2023-12-31",2023-04-18,108,2023-04-14,4,1,0
"onset",237844,38501,40.199524,-85.414024,288,"IN",100,"Quercus","alba","white oak","Plantae",371,"Breaking leaf buds",16,"2024-01-01","2024-12-31",2024-04-26,117,2024-04-17,9,1,0
"onset",237844,38501,40.199524,-85.414024,288,"IN",100,"Quercus","alba","white oak","Plantae",371,"Breaking leaf buds",17,"2025-01-01","2025-12-31",2025-04-30,120,2025-04-21,9,1,0
"onset",237844,38501,40.199524,-85.414024,288,"IN",100,"Quercus","alba","white oak","Plantae",371,"Breaking leaf buds",18,"2026-01-01","2026-12-31",2026-04-17,107,2026-04-13,4,1,0
"onset",237844,38501,40.199524,-85.414024,288,"IN",100,"Quercus","alba","white oak","Plantae",501,"Open flowers",12,"2020-01-01","2020-12-31",2020-05-04,125,2020-05-02,2,1,0
"onset",237844,38501,40.199524,-85.414024,288,"IN",100,"Quercus","alba","white oak","Plantae",501,"Open flowers",13,"2021-01-01","2021-12-31",2021-04-20,110,2021-04-17,3,2,0
"onset",237844,38501,40.199524,-85.414024,288,"IN",100,"Quercus","alba","white oak","Plantae",501,"Open flowers",14,"2022-01-01","2022-12-31",2022-05-06,126,2022-04-28,8,1,0
"onset",237844,38501,40.199524,-85.414024,288,"IN",100,"Quercus","alba","white oak","Plantae",501,"Open flowers",15,"2023-01-01","2023-12-31",2023-05-01,121,2023-04-26,5,1,0
"onset",237844,38501,40.199524,-85.414024,288,"IN",100,"Quercus","alba","white oak","Plantae",501,"Open flowers",16,"2024-01-01","2024-12-31",2024-04-26,117,2024-04-17,9,1,0
"onset",237844,38501,40.199524,-85.414024,288,"IN",100,"Quercus","alba","white oak","Plantae",501,"Open flowers",17,"2025-01-01","2025-12-31",2025-04-30,120,2025-04-21,9,1,0
"onset",237844,38501,40.199524,-85.414024,288,"IN",100,"Quercus","alba","white oak","Plantae",501,"Open flowers",18,"2026-01-01","2026-12-31",2026-04-17,107,2026-04-13,4,1,0
"onset",237913,38516,41.770496,-87.999031,230,"IL",101,"Quercus","macrocarpa","bur oak","Plantae",371,"Breaking leaf buds",12,"2020-01-01","2020-12-31",2020-04-30,121,2020-04-23,7,1,0
"onset",237914,38516,41.770496,-87.999031,230,"IL",101,"Quercus","macrocarpa","bur oak","Plantae",371,"Breaking leaf buds",12,"2020-01-01","2020-12-31",2020-04-30,121,2020-04-23,7,1,0
"onset",237915,38516,41.770496,-87.999031,230,"IL",101,"Quercus","macrocarpa","bur oak","Plantae",371,"Breaking leaf buds",12,"2020-01-01","2020-12-31",2020-04-30,121,2020-04-23,7,1,0
"onset",240227,32443,39.90163,-86.175911,242,"IN",100,"Quercus","alba","white oak","Plantae",371,"Breaking leaf buds",12,"2020-01-01","2020-12-31",2020-05-27,148,2020-05-21,6,1,0
"onset",240227,32443,39.90163,-86.175911,242,"IN",100,"Quercus","alba","white oak","Plantae",371,"Breaking leaf buds",15,"2023-01-01","2023-12-31",2023-04-18,108,2023-04-10,8,1,0
"onset",240227,32443,39.90163,-86.175911,242,"IN",100,"Quercus","alba","white oak","Plantae",371,"Breaking leaf buds",16,"2024-01-01","2024-12-31",2024-04-17,108,2024-04-11,6,1,0
"onset",240227,32443,39.90163,-86.175911,242,"IN",100,"Quercus","alba","white oak","Plantae",371,"Breaking leaf buds",17,"2025-01-01","2025-12-31",2025-04-23,113,2025-04-16,7,1,0
"onset",240227,32443,39.90163,-86.175911,242,"IN",100,"Quercus","alba","white oak","Plantae",371,"Breaking leaf buds",18,"2026-01-01","2026-12-31",2026-04-20,110,2026-04-13,7,1,0
"onset",243156,38983,46.5303,-93.710556,373,"MN",101,"Quercus","macrocarpa","bur oak","Plantae",501,"Open flowers",12,"2020-01-01","2020-12-31",2020-05-31,152,2020-05-22,9,1,0
"onset",245583,36700,42.455666,-71.124626,50,"MA",100,"Quercus","alba","white oak","Plantae",371,"Breaking leaf buds",13,"2021-01-01","2021-12-31",2021-04-28,118,2021-04-21,7,1,0
"onset",245583,36700,42.455666,-71.124626,50,"MA",100,"Quercus","alba","white oak","Plantae",371,"Breaking leaf buds",14,"2022-01-01","2022-12-31",2022-04-29,119,2022-04-22,7,1,0
"onset",245583,36700,42.455666,-71.124626,50,"MA",100,"Quercus","alba","white oak","Plantae",371,"Breaking leaf buds",15,"2023-01-01","2023-12-31",2023-04-14,104,2023-04-07,7,1,0
"onset",245972,10397,35.81398,-82.866119,643,"NC",100,"Quercus","alba","white oak","Plantae",371,"Breaking leaf buds",13,"2021-01-01","2021-12-31",2021-04-05,95,2021-03-11,25,1,0
"onset",245972,10397,35.81398,-82.866119,643,"NC",100,"Quercus","alba","white oak","Plantae",371,"Breaking leaf buds",14,"2022-01-01","2022-12-31",2022-04-17,107,2022-04-10,7,1,0
"onset",246650,40221,38.030041,-84.499199,308,"KY",100,"Quercus","alba","white oak","Plantae",371,"Breaking leaf buds",12,"2020-01-01","2020-12-31",2020-10-22,296,2020-10-03,19,1,0
"onset",246678,35069,34.773415,-96.664055,310,"OK",101,"Quercus","macrocarpa","bur oak","Plantae",371,"Breaking leaf buds",13,"2021-01-01","2021-12-31",2021-03-24,83,2021-03-13,11,1,0
"onset",246678,35069,34.773415,-96.664055,310,"OK",101,"Quercus","macrocarpa","bur oak","Plantae",371,"Breaking leaf buds",14,"2022-01-01","2022-12-31",2022-04-12,102,2022-04-07,5,1,0
"onset",246678,35069,34.773415,-96.664055,310,"OK",101,"Quercus","macrocarpa","bur oak","Plantae",371,"Breaking leaf buds",16,"2024-01-01","2024-12-31",2024-04-01,92,2024-03-30,2,1,0
"onset",246678,35069,34.773415,-96.664055,310,"OK",101,"Quercus","macrocarpa","bur oak","Plantae",501,"Open flowers",16,"2024-01-01","2024-12-31",2024-04-03,94,2024-04-01,2,1,0
"onset",246692,35069,34.773415,-96.664055,310,"OK",101,"Quercus","macrocarpa","bur oak","Plantae",371,"Breaking leaf buds",13,"2021-01-01","2021-12-31",2021-03-30,89,2021-03-09,21,1,0
"onset",246692,35069,34.773415,-96.664055,310,"OK",101,"Quercus","macrocarpa","bur oak","Plantae",371,"Breaking leaf buds",14,"2022-01-01","2022-12-31",2022-04-12,102,2022-03-29,14,1,0
"onset",246692,35069,34.773415,-96.664055,310,"OK",101,"Quercus","macrocarpa","bur oak","Plantae",371,"Breaking leaf buds",16,"2024-01-01","2024-12-31",2024-04-01,92,2024-03-29,3,1,0
"onset",246692,35069,34.773415,-96.664055,310,"OK",101,"Quercus","macrocarpa","bur oak","Plantae",501,"Open flowers",13,"2021-01-01","2021-12-31",2021-04-13,103,2021-04-07,6,1,0
"onset",246727,40242,38.0429,-84.503525,302,"KY",101,"Quercus","macrocarpa","bur oak","Plantae",371,"Breaking leaf buds",12,"2020-01-01","2020-12-31",2020-09-20,264,2020-09-13,7,2,0
"onset",247020,40352,44.313557,-96.798218,498,"SD",100,"Quercus","alba","white oak","Plantae",371,"Breaking leaf buds",12,"2020-01-01","2020-12-31",2020-09-17,261,2020-09-10,7,1,0
"onset",247357,40409,32.327999,-110.94857,813,"AZ",1212,"Quercus","montana","chestnut oak","Plantae",371,"Breaking leaf buds",12,"2020-01-01","2020-12-31",2020-10-29,303,2020-10-18,11,1,0
"onset",248131,40586,47.910019,-97.023216,254,"ND",101,"Quercus","macrocarpa","bur oak","Plantae",371,"Breaking leaf buds",13,"2021-01-01","2021-12-31",2021-05-04,124,2021-04-22,12,1,0
"onset",248131,40586,47.910019,-97.023216,254,"ND",101,"Quercus","macrocarpa","bur oak","Plantae",371,"Breaking leaf buds",17,"2025-01-01","2025-12-31",2025-05-14,134,2025-05-04,10,1,0
"onset",248368,9342,35.644516,-83.68988,500,"TN",100,"Quercus","alba","white oak","Plantae",371,"Breaking leaf buds",13,"2021-01-01","2021-12-31",2021-04-17,107,2021-04-12,5,1,0
"onset",248368,9342,35.644516,-83.68988,500,"TN",100,"Quercus","alba","white oak","Plantae",371,"Breaking leaf buds",14,"2022-01-01","2022-12-31",2022-04-09,99,2022-04-02,7,2,0
"onset",248368,9342,35.644516,-83.68988,500,"TN",100,"Quercus","alba","white oak","Plantae",371,"Breaking leaf buds",15,"2023-01-01","2023-12-31",2023-04-04,94,2023-03-29,6,1,0
"onset",248368,9342,35.644516,-83.68988,500,"TN",100,"Quercus","alba","white oak","Plantae",371,"Breaking leaf buds",16,"2024-01-01","2024-12-31",2024-04-18,109,2024-04-13,5,1,0
"onset",248368,9342,35.644516,-83.68988,500,"TN",100,"Quercus","alba","white oak","Plantae",371,"Breaking leaf buds",17,"2025-01-01","2025-12-31",2025-04-08,98,2025-03-13,26,1,0
"onset",248368,9342,35.644516,-83.68988,500,"TN",100,"Quercus","alba","white oak","Plantae",371,"Breaking leaf buds",18,"2026-01-01","2026-12-31",2026-04-11,101,2026-04-04,7,1,0
"onset",248368,9342,35.644516,-83.68988,500,"TN",100,"Quercus","alba","white oak","Plantae",501,"Open flowers",15,"2023-01-01","2023-12-31",2023-04-19,109,2023-04-13,6,1,0
"onset",248368,9342,35.644516,-83.68988,500,"TN",100,"Quercus","alba","white oak","Plantae",501,"Open flowers",16,"2024-01-01","2024-12-31",2024-04-23,114,2024-04-18,5,1,0
"onset",248368,9342,35.644516,-83.68988,500,"TN",100,"Quercus","alba","white oak","Plantae",501,"Open flowers",17,"2025-01-01","2025-12-31",2025-04-20,110,2025-04-08,12,1,0
"onset",249132,40616,45.279068,-122.279015,284,"OR",100,"Quercus","alba","white oak","Plantae",371,"Breaking leaf buds",14,"2022-01-01","2022-12-31",2022-03-12,71,2022-03-10,2,1,0
"onset",249518,40888,42.865818,-78.74865,192,"NY",101,"Quercus","macrocarpa","bur oak","Plantae",371,"Breaking leaf buds",12,"2020-01-01","2020-12-31",2020-11-03,308,2020-11-02,1,1,0
"onset",250163,41145,38.029823,-84.49897,308,"KY",100,"Quercus","alba","white oak","Plantae",371,"Breaking leaf buds",12,"2020-01-01","2020-12-31",2020-09-13,257,2020-09-06,7,2,0
"onset",250645,32443,39.90163,-86.175911,242,"IN",101,"Quercus","macrocarpa","bur oak","Plantae",371,"Breaking leaf buds",15,"2023-01-01","2023-12-31",2023-04-18,108,2023-04-10,8,1,0
"onset",250645,32443,39.90163,-86.175911,242,"IN",101,"Quercus","macrocarpa","bur oak","Plantae",371,"Breaking leaf buds",16,"2024-01-01","2024-12-31",2024-04-11,102,2024-04-03,8,1,0
"onset",250645,32443,39.90163,-86.175911,242,"IN",101,"Quercus","macrocarpa","bur oak","Plantae",371,"Breaking leaf buds",17,"2025-01-01","2025-12-31",2025-04-27,117,2025-04-23,4,1,0
"onset",250645,32443,39.90163,-86.175911,242,"IN",101,"Quercus","macrocarpa","bur oak","Plantae",371,"Breaking leaf buds",18,"2026-01-01","2026-12-31",2026-04-20,110,2026-04-13,7,1,0
"onset",254012,41802,39.910755,-86.424187,287,"IN",100,"Quercus","alba","white oak","Plantae",371,"Breaking leaf buds",13,"2021-01-01","2021-12-31",2021-04-21,111,2021-04-13,8,1,0
"onset",254012,41802,39.910755,-86.424187,287,"IN",100,"Quercus","alba","white oak","Plantae",371,"Breaking leaf buds",14,"2022-01-01","2022-12-31",2022-05-04,124,2022-04-28,6,1,0
"onset",254012,41802,39.910755,-86.424187,287,"IN",100,"Quercus","alba","white oak","Plantae",371,"Breaking leaf buds",15,"2023-01-01","2023-12-31",2023-04-25,115,2023-04-12,13,1,0
"onset",254012,41802,39.910755,-86.424187,287,"IN",100,"Quercus","alba","white oak","Plantae",371,"Breaking leaf buds",16,"2024-01-01","2024-12-31",2024-04-23,114,2024-04-14,9,1,0
"onset",254164,40276,38.042633,-84.499008,303,"KY",100,"Quercus","alba","white oak","Plantae",371,"Breaking leaf buds",12,"2020-01-01","2020-12-31",2020-09-30,274,2020-09-22,8,1,0
"onset",254642,41903,34.287571,-86.849609,298,"AL",100,"Quercus","alba","white oak","Plantae",371,"Breaking leaf buds",13,"2021-01-01","2021-12-31",2021-03-24,83,2021-03-13,11,1,0
"onset",256566,42061,41.717556,-86.245186,218,"IN",100,"Quercus","alba","white oak","Plantae",371,"Breaking leaf buds",13,"2021-01-01","2021-12-31",2021-05-04,124,2021-05-02,2,1,0
"onset",256566,42061,41.717556,-86.245186,218,"IN",100,"Quercus","alba","white oak","Plantae",371,"Breaking leaf buds",14,"2022-01-01","2022-12-31",2022-05-15,135,2022-04-30,15,1,0
"onset",256566,42061,41.717556,-86.245186,218,"IN",100,"Quercus","alba","white oak","Plantae",501,"Open flowers",13,"2021-01-01","2021-12-31",2021-05-22,142,2021-05-16,6,1,0
"onset",256693,42044,41.05518,-86.165627,241,"IN",100,"Quercus","alba","white oak","Plantae",371,"Breaking leaf buds",13,"2021-01-01","2021-12-31",2021-04-08,98,2021-03-23,16,1,0
"onset",256693,42044,41.05518,-86.165627,241,"IN",100,"Quercus","alba","white oak","Plantae",371,"Breaking leaf buds",14,"2022-01-01","2022-12-31",2022-04-22,112,2022-04-14,8,1,0
"onset",256693,42044,41.05518,-86.165627,241,"IN",100,"Quercus","alba","white oak","Plantae",371,"Breaking leaf buds",15,"2023-01-01","2023-12-31",2023-04-13,103,2023-04-05,8,2,0
"onset",256693,42044,41.05518,-86.165627,241,"IN",100,"Quercus","alba","white oak","Plantae",371,"Breaking leaf buds",16,"2024-01-01","2024-12-31",2024-03-29,89,2024-03-23,6,2,0
"onset",256693,42044,41.05518,-86.165627,241,"IN",100,"Quercus","alba","white oak","Plantae",371,"Breaking leaf buds",17,"2025-01-01","2025-12-31",2025-05-10,130,2025-04-13,27,1,0
"onset",256971,42061,41.717556,-86.245186,218,"IN",100,"Quercus","alba","white oak","Plantae",371,"Breaking leaf buds",13,"2021-01-01","2021-12-31",2021-04-29,119,2021-04-26,3,1,0
"onset",256971,42061,41.717556,-86.245186,218,"IN",100,"Quercus","alba","white oak","Plantae",371,"Breaking leaf buds",14,"2022-01-01","2022-12-31",2022-05-15,135,2022-04-30,15,1,0
"onset",256971,42061,41.717556,-86.245186,218,"IN",100,"Quercus","alba","white oak","Plantae",501,"Open flowers",13,"2021-01-01","2021-12-31",2021-05-22,142,2021-05-16,6,1,0
"onset",256971,42061,41.717556,-86.245186,218,"IN",100,"Quercus","alba","white oak","Plantae",501,"Open flowers",14,"2022-01-01","2022-12-31",2022-05-21,141,2022-05-15,6,1,0
"onset",257182,42215,35.968449,-79.999405,270,"NC",100,"Quercus","alba","white oak","Plantae",371,"Breaking leaf buds",13,"2021-01-01","2021-12-31",2021-03-18,77,2021-03-11,7,1,0
"onset",257182,42215,35.968449,-79.999405,270,"NC",100,"Quercus","alba","white oak","Plantae",501,"Open flowers",13,"2021-01-01","2021-12-31",2021-04-01,91,2021-03-25,7,2,0
"onset",257438,31139,42.455235,-71.123512,36,"MA",100,"Quercus","alba","white oak","Plantae",371,"Breaking leaf buds",13,"2021-01-01","2021-12-31",2021-04-21,111,2021-04-14,7,1,0
"onset",257438,31139,42.455235,-71.123512,36,"MA",100,"Quercus","alba","white oak","Plantae",371,"Breaking leaf buds",14,"2022-01-01","2022-12-31",2022-04-22,112,2022-04-15,7,1,0
"onset",257438,31139,42.455235,-71.123512,36,"MA",100,"Quercus","alba","white oak","Plantae",371,"Breaking leaf buds",15,"2023-01-01","2023-12-31",2023-04-14,104,2023-04-07,7,1,0
"onset",257438,31139,42.455235,-71.123512,36,"MA",100,"Quercus","alba","white oak","Plantae",371,"Breaking leaf buds",16,"2024-01-01","2024-12-31",2024-04-19,110,2024-04-13,6,2,0
"onset",257438,31139,42.455235,-71.123512,36,"MA",100,"Quercus","alba","white oak","Plantae",371,"Breaking leaf buds",17,"2025-01-01","2025-12-31",2025-04-25,115,2025-04-18,7,1,0
"onset",257438,31139,42.455235,-71.123512,36,"MA",100,"Quercus","alba","white oak","Plantae",371,"Breaking leaf buds",18,"2026-01-01","2026-12-31",2026-04-17,107,2026-04-10,7,2,0
"onset",258542,42296,40.186535,-86.714111,246,"IN",100,"Quercus","alba","white oak","Plantae",371,"Breaking leaf buds",13,"2021-01-01","2021-12-31",2021-04-07,97,2021-04-02,5,2,0
"onset",258542,42296,40.186535,-86.714111,246,"IN",100,"Quercus","alba","white oak","Plantae",371,"Breaking leaf buds",14,"2022-01-01","2022-12-31",2022-04-26,116,2022-04-12,14,1,0
"onset",258542,42296,40.186535,-86.714111,246,"IN",100,"Quercus","alba","white oak","Plantae",371,"Breaking leaf buds",15,"2023-01-01","2023-12-31",2023-04-14,104,2023-04-08,6,1,0
"onset",258542,42296,40.186535,-86.714111,246,"IN",100,"Quercus","alba","white oak","Plantae",501,"Open flowers",13,"2021-01-01","2021-12-31",2021-04-09,99,2021-04-02,7,1,0
"onset",259782,42645,44.861355,-92.62381,282,"WI",100,"Quercus","alba","white oak","Plantae",371,"Breaking leaf buds",13,"2021-01-01","2021-12-31",2021-03-03,62,2021-02-24,7,1,0
"onset",259782,42645,44.861355,-92.62381,282,"WI",100,"Quercus","alba","white oak","Plantae",501,"Open flowers",13,"2021-01-01","2021-12-31",2021-05-05,125,2021-04-28,7,1,0
"onset",260274,42726,35.665653,-82.533623,854,"NC",1212,"Quercus","montana","chestnut oak","Plantae",371,"Breaking leaf buds",13,"2021-01-01","2021-12-31",2021-03-30,89,2021-03-21,9,1,0
"onset",261370,42060,39.627743,-86.380142,218,"IN",100,"Quercus","alba","white oak","Plantae",371,"Breaking leaf buds",14,"2022-01-01","2022-12-31",2022-04-26,116,2022-04-17,9,1,0
"onset",261370,42060,39.627743,-86.380142,218,"IN",100,"Quercus","alba","white oak","Plantae",501,"Open flowers",14,"2022-01-01","2022-12-31",2022-05-03,123,2022-04-26,7,1,0
"onset",264105,43276,41.063885,-73.990829,64,"NY",100,"Quercus","alba","white oak","Plantae",371,"Breaking leaf buds",13,"2021-01-01","2021-12-31",2021-04-16,106,2021-04-09,7,1,0
"onset",264120,43276,41.063885,-73.990829,64,"NY",100,"Quercus","alba","white oak","Plantae",371,"Breaking leaf buds",13,"2021-01-01","2021-12-31",2021-04-16,106,2021-04-09,7,1,0
"onset",264199,43283,43.153866,-75.883095,117,"NY",100,"Quercus","alba","white oak","Plantae",371,"Breaking leaf buds",13,"2021-01-01","2021-12-31",2021-05-07,127,2021-04-23,14,1,0
"onset",264481,42726,35.665653,-82.533623,854,"NC",100,"Quercus","alba","white oak","Plantae",371,"Breaking leaf buds",13,"2021-01-01","2021-12-31",2021-04-26,116,2021-04-08,18,1,0
"onset",265296,43468,44.59866,-94.047485,300,"MN",101,"Quercus","macrocarpa","bur oak","Plantae",371,"Breaking leaf buds",13,"2021-01-01","2021-12-31",2021-04-07,97,2021-04-04,3,1,0
"onset",265783,19824,34.836891,-92.405724,123,"AR",100,"Quercus","alba","white oak","Plantae",371,"Breaking leaf buds",13,"2021-01-01","2021-12-31",2021-04-01,91,2021-03-28,4,1,0
"onset",266305,43327,42.386902,-71.146004,6,"MA",2043,"Quercus","bicolor","swamp white oak","Plantae",371,"Breaking leaf buds",13,"2021-01-01","2021-12-31",2021-04-05,95,2021-03-29,7,2,0
"onset",266305,43327,42.386902,-71.146004,6,"MA",2043,"Quercus","bicolor","swamp white oak","Plantae",371,"Breaking leaf buds",14,"2022-01-01","2022-12-31",2022-04-18,108,2022-04-11,7,1,0
"onset",266305,43327,42.386902,-71.146004,6,"MA",2043,"Quercus","bicolor","swamp white oak","Plantae",371,"Breaking leaf buds",15,"2023-01-01","2023-12-31",2023-04-14,104,2023-04-10,4,1,0
"onset",266305,43327,42.386902,-71.146004,6,"MA",2043,"Quercus","bicolor","swamp white oak","Plantae",371,"Breaking leaf buds",16,"2024-01-01","2024-12-31",2024-04-14,105,2024-04-08,6,1,0
"onset",266305,43327,42.386902,-71.146004,6,"MA",2043,"Quercus","bicolor","swamp white oak","Plantae",371,"Breaking leaf buds",17,"2025-01-01","2025-12-31",2025-04-14,104,2025-04-07,7,1,0
"onset",266305,43327,42.386902,-71.146004,6,"MA",2043,"Quercus","bicolor","swamp white oak","Plantae",371,"Breaking leaf buds",18,"2026-01-01","2026-12-31",2026-04-13,103,2026-04-06,7,1,0
"onset",266305,43327,42.386902,-71.146004,6,"MA",2043,"Quercus","bicolor","swamp white oak","Plantae",501,"Open flowers",14,"2022-01-01","2022-12-31",2022-05-09,129,2022-05-02,7,1,0
"onset",266305,43327,42.386902,-71.146004,6,"MA",2043,"Quercus","bicolor","swamp white oak","Plantae",501,"Open flowers",15,"2023-01-01","2023-12-31",2023-05-08,128,2023-04-24,14,1,0
"onset",266305,43327,42.386902,-71.146004,6,"MA",2043,"Quercus","bicolor","swamp white oak","Plantae",501,"Open flowers",16,"2024-01-01","2024-12-31",2024-04-29,120,2024-04-22,7,1,0
"onset",266305,43327,42.386902,-71.146004,6,"MA",2043,"Quercus","bicolor","swamp white oak","Plantae",501,"Open flowers",18,"2026-01-01","2026-12-31",2026-04-27,117,2026-04-20,7,1,0
"onset",266823,43781,37.82851,-79.857574,527,"VA",1212,"Quercus","montana","chestnut oak","Plantae",371,"Breaking leaf buds",13,"2021-01-01","2021-12-31",2021-04-11,101,2021-04-09,2,1,0
"onset",266823,43781,37.82851,-79.857574,527,"VA",1212,"Quercus","montana","chestnut oak","Plantae",371,"Breaking leaf buds",14,"2022-01-01","2022-12-31",2022-04-17,107,2022-04-14,3,1,0
"onset",266823,43781,37.82851,-79.857574,527,"VA",1212,"Quercus","montana","chestnut oak","Plantae",371,"Breaking leaf buds",17,"2025-01-01","2025-12-31",2025-04-01,91,2025-03-29,3,1,0
"onset",266823,43781,37.82851,-79.857574,527,"VA",1212,"Quercus","montana","chestnut oak","Plantae",371,"Breaking leaf buds",18,"2026-01-01","2026-12-31",2026-04-05,95,2026-03-29,7,1,0
"onset",266823,43781,37.82851,-79.857574,527,"VA",1212,"Quercus","montana","chestnut oak","Plantae",501,"Open flowers",14,"2022-01-01","2022-12-31",2022-05-02,122,2022-04-17,15,1,0
"onset",266905,43800,37.744896,-96.249573,322,"KS",101,"Quercus","macrocarpa","bur oak","Plantae",371,"Breaking leaf buds",13,"2021-01-01","2021-12-31",2021-04-15,105,2021-04-10,5,2,0
"onset",266913,43801,37.746494,-96.249763,323,"KS",101,"Quercus","macrocarpa","bur oak","Plantae",371,"Breaking leaf buds",13,"2021-01-01","2021-12-31",2021-04-25,115,2021-04-19,6,1,0
"onset",267142,43829,41.939144,-87.633827,175,"IL",100,"Quercus","alba","white oak","Plantae",371,"Breaking leaf buds",13,"2021-01-01","2021-12-31",2021-04-24,114,2021-04-18,6,1,0
"onset",269674,43865,35.674778,-82.43631,1206,"NC",100,"Quercus","alba","white oak","Plantae",371,"Breaking leaf buds",13,"2021-01-01","2021-12-31",2021-04-30,120,2021-04-22,8,1,0
"onset",269681,42660,44.934498,-93.005882,277,"MN",100,"Quercus","alba","white oak","Plantae",371,"Breaking leaf buds",13,"2021-01-01","2021-12-31",2021-04-02,92,2021-03-26,7,1,0
"onset",269681,42660,44.934498,-93.005882,277,"MN",100,"Quercus","alba","white oak","Plantae",501,"Open flowers",13,"2021-01-01","2021-12-31",2021-04-16,106,2021-04-09,7,2,0
"onset",269688,44055,44.901894,-93.147064,276,"MN",101,"Quercus","macrocarpa","bur oak","Plantae",371,"Breaking leaf buds",13,"2021-01-01","2021-12-31",2021-04-30,120,2021-04-16,14,1,0
"onset",269688,44055,44.901894,-93.147064,276,"MN",101,"Quercus","macrocarpa","bur oak","Plantae",371,"Breaking leaf buds",14,"2022-01-01","2022-12-31",2022-05-10,130,2022-05-02,8,1,0
"onset",269688,44055,44.901894,-93.147064,276,"MN",101,"Quercus","macrocarpa","bur oak","Plantae",371,"Breaking leaf buds",15,"2023-01-01","2023-12-31",2023-05-12,132,2023-04-14,28,1,0
"onset",269688,44055,44.901894,-93.147064,276,"MN",101,"Quercus","macrocarpa","bur oak","Plantae",371,"Breaking leaf buds",16,"2024-01-01","2024-12-31",2024-04-26,117,2024-04-18,8,1,0
"onset",269688,44055,44.901894,-93.147064,276,"MN",101,"Quercus","macrocarpa","bur oak","Plantae",371,"Breaking leaf buds",17,"2025-01-01","2025-12-31",2025-04-18,108,2025-04-11,7,1,0
"onset",269688,44055,44.901894,-93.147064,276,"MN",101,"Quercus","macrocarpa","bur oak","Plantae",371,"Breaking leaf buds",18,"2026-01-01","2026-12-31",2026-04-25,115,2026-04-17,8,1,0
"onset",269695,44055,44.901894,-93.147064,276,"MN",101,"Quercus","macrocarpa","bur oak","Plantae",371,"Breaking leaf buds",13,"2021-01-01","2021-12-31",2021-05-07,127,2021-04-16,21,1,0
"onset",269695,44055,44.901894,-93.147064,276,"MN",101,"Quercus","macrocarpa","bur oak","Plantae",371,"Breaking leaf buds",14,"2022-01-01","2022-12-31",2022-05-27,147,2022-05-10,17,2,0
"onset",269695,44055,44.901894,-93.147064,276,"MN",101,"Quercus","macrocarpa","bur oak","Plantae",371,"Breaking leaf buds",15,"2023-01-01","2023-12-31",2023-05-12,132,2023-04-14,28,1,0
"onset",269695,44055,44.901894,-93.147064,276,"MN",101,"Quercus","macrocarpa","bur oak","Plantae",371,"Breaking leaf buds",16,"2024-01-01","2024-12-31",2024-04-26,117,2024-04-18,8,1,0
"onset",269695,44055,44.901894,-93.147064,276,"MN",101,"Quercus","macrocarpa","bur oak","Plantae",371,"Breaking leaf buds",17,"2025-01-01","2025-12-31",2025-05-02,122,2025-04-25,7,1,0
"onset",269695,44055,44.901894,-93.147064,276,"MN",101,"Quercus","macrocarpa","bur oak","Plantae",371,"Breaking leaf buds",18,"2026-01-01","2026-12-31",2026-05-01,121,2026-04-25,6,1,0
"onset",269695,44055,44.901894,-93.147064,276,"MN",101,"Quercus","macrocarpa","bur oak","Plantae",501,"Open flowers",17,"2025-01-01","2025-12-31",2025-05-15,135,2025-05-09,6,1,0
"onset",269719,44055,44.901894,-93.147064,276,"MN",101,"Quercus","macrocarpa","bur oak","Plantae",371,"Breaking leaf buds",13,"2021-01-01","2021-12-31",2021-04-30,120,2021-04-09,21,1,0
"onset",269719,44055,44.901894,-93.147064,276,"MN",101,"Quercus","macrocarpa","bur oak","Plantae",371,"Breaking leaf buds",14,"2022-01-01","2022-12-31",2022-05-10,130,2022-05-02,8,1,0
"onset",269719,44055,44.901894,-93.147064,276,"MN",101,"Quercus","macrocarpa","bur oak","Plantae",371,"Breaking leaf buds",15,"2023-01-01","2023-12-31",2023-05-12,132,2023-04-14,28,1,0
"onset",269719,44055,44.901894,-93.147064,276,"MN",101,"Quercus","macrocarpa","bur oak","Plantae",371,"Breaking leaf buds",16,"2024-01-01","2024-12-31",2024-05-03,124,2024-04-26,7,1,0
"onset",269719,44055,44.901894,-93.147064,276,"MN",101,"Quercus","macrocarpa","bur oak","Plantae",371,"Breaking leaf buds",17,"2025-01-01","2025-12-31",2025-05-02,122,2025-04-25,7,1,0
"onset",269719,44055,44.901894,-93.147064,276,"MN",101,"Quercus","macrocarpa","bur oak","Plantae",371,"Breaking leaf buds",18,"2026-01-01","2026-12-31",2026-04-25,115,2026-04-17,8,1,0
"onset",270049,44254,44.901379,-93.147896,277,"MN",101,"Quercus","macrocarpa","bur oak","Plantae",371,"Breaking leaf buds",13,"2021-01-01","2021-12-31",2021-04-16,106,2021-04-09,7,1,0
"onset",270049,44254,44.901379,-93.147896,277,"MN",101,"Quercus","macrocarpa","bur oak","Plantae",371,"Breaking leaf buds",14,"2022-01-01","2022-12-31",2022-05-11,131,2022-05-05,6,1,0
"onset",270049,44254,44.901379,-93.147896,277,"MN",101,"Quercus","macrocarpa","bur oak","Plantae",371,"Breaking leaf buds",15,"2023-01-01","2023-12-31",2023-06-05,156,2023-05-30,6,1,0
"onset",270049,44254,44.901379,-93.147896,277,"MN",101,"Quercus","macrocarpa","bur oak","Plantae",371,"Breaking leaf buds",16,"2024-01-01","2024-12-31",2024-04-29,120,2024-04-13,16,2,0
"onset",270049,44254,44.901379,-93.147896,277,"MN",101,"Quercus","macrocarpa","bur oak","Plantae",371,"Breaking leaf buds",17,"2025-01-01","2025-12-31",2025-04-25,115,2025-04-18,7,1,0
"onset",270049,44254,44.901379,-93.147896,277,"MN",101,"Quercus","macrocarpa","bur oak","Plantae",371,"Breaking leaf buds",18,"2026-01-01","2026-12-31",2026-04-18,108,2026-04-10,8,1,0
"onset",270055,44254,44.901379,-93.147896,277,"MN",101,"Quercus","macrocarpa","bur oak","Plantae",371,"Breaking leaf buds",13,"2021-01-01","2021-12-31",2021-04-16,106,2021-04-09,7,1,0
"onset",270055,44254,44.901379,-93.147896,277,"MN",101,"Quercus","macrocarpa","bur oak","Plantae",371,"Breaking leaf buds",14,"2022-01-01","2022-12-31",2022-05-11,131,2022-05-05,6,1,0
"onset",270055,44254,44.901379,-93.147896,277,"MN",101,"Quercus","macrocarpa","bur oak","Plantae",371,"Breaking leaf buds",15,"2023-01-01","2023-12-31",2023-06-05,156,2023-05-30,6,1,0
"onset",270055,44254,44.901379,-93.147896,277,"MN",101,"Quercus","macrocarpa","bur oak","Plantae",371,"Breaking leaf buds",16,"2024-01-01","2024-12-31",2024-04-29,120,2024-04-13,16,2,0
"onset",270055,44254,44.901379,-93.147896,277,"MN",101,"Quercus","macrocarpa","bur oak","Plantae",371,"Breaking leaf buds",17,"2025-01-01","2025-12-31",2025-04-25,115,2025-04-18,7,1,0
"onset",270055,44254,44.901379,-93.147896,277,"MN",101,"Quercus","macrocarpa","bur oak","Plantae",371,"Breaking leaf buds",18,"2026-01-01","2026-12-31",2026-04-18,108,2026-04-10,8,1,0
"onset",270061,44254,44.901379,-93.147896,277,"MN",101,"Quercus","macrocarpa","bur oak","Plantae",371,"Breaking leaf buds",13,"2021-01-01","2021-12-31",2021-04-23,113,2021-04-16,7,1,0
"onset",270061,44254,44.901379,-93.147896,277,"MN",101,"Quercus","macrocarpa","bur oak","Plantae",371,"Breaking leaf buds",14,"2022-01-01","2022-12-31",2022-05-11,131,2022-05-05,6,1,0
"onset",270061,44254,44.901379,-93.147896,277,"MN",101,"Quercus","macrocarpa","bur oak","Plantae",371,"Breaking leaf buds",16,"2024-01-01","2024-12-31",2024-04-29,120,2024-04-13,16,2,0
"onset",270061,44254,44.901379,-93.147896,277,"MN",101,"Quercus","macrocarpa","bur oak","Plantae",371,"Breaking leaf buds",17,"2025-01-01","2025-12-31",2025-05-02,122,2025-04-25,7,1,0
"onset",270061,44254,44.901379,-93.147896,277,"MN",101,"Quercus","macrocarpa","bur oak","Plantae",371,"Breaking leaf buds",18,"2026-01-01","2026-12-31",2026-04-24,114,2026-04-18,6,1,0
"onset",270062,44255,44.902611,-93.148041,277,"MN",101,"Quercus","macrocarpa","bur oak","Plantae",371,"Breaking leaf buds",13,"2021-01-01","2021-12-31",2021-04-23,113,2021-04-16,7,1,0
"onset",270062,44255,44.902611,-93.148041,277,"MN",101,"Quercus","macrocarpa","bur oak","Plantae",371,"Breaking leaf buds",14,"2022-01-01","2022-12-31",2022-05-14,134,2022-05-06,8,1,0
"onset",270062,44255,44.902611,-93.148041,277,"MN",101,"Quercus","macrocarpa","bur oak","Plantae",371,"Breaking leaf buds",15,"2023-01-01","2023-12-31",2023-05-12,132,2023-04-14,28,1,0
"onset",270062,44255,44.902611,-93.148041,277,"MN",101,"Quercus","macrocarpa","bur oak","Plantae",371,"Breaking leaf buds",16,"2024-01-01","2024-12-31",2024-04-29,120,2024-04-13,16,3,0
"onset",270062,44255,44.902611,-93.148041,277,"MN",101,"Quercus","macrocarpa","bur oak","Plantae",371,"Breaking leaf buds",17,"2025-01-01","2025-12-31",2025-05-02,122,2025-04-25,7,1,0
"onset",270062,44255,44.902611,-93.148041,277,"MN",101,"Quercus","macrocarpa","bur oak","Plantae",371,"Breaking leaf buds",18,"2026-01-01","2026-12-31",2026-04-24,114,2026-04-18,6,1,0
"onset",270068,44255,44.902611,-93.148041,277,"MN",101,"Quercus","macrocarpa","bur oak","Plantae",371,"Breaking leaf buds",13,"2021-01-01","2021-12-31",2021-05-14,134,2021-05-06,8,1,0
"onset",270068,44255,44.902611,-93.148041,277,"MN",101,"Quercus","macrocarpa","bur oak","Plantae",371,"Breaking leaf buds",14,"2022-01-01","2022-12-31",2022-05-06,126,2022-04-29,7,1,0
"onset",270068,44255,44.902611,-93.148041,277,"MN",101,"Quercus","macrocarpa","bur oak","Plantae",371,"Breaking leaf buds",15,"2023-01-01","2023-12-31",2023-04-14,104,2023-04-07,7,1,0
"onset",270068,44255,44.902611,-93.148041,277,"MN",101,"Quercus","macrocarpa","bur oak","Plantae",371,"Breaking leaf buds",16,"2024-01-01","2024-12-31",2024-04-29,120,2024-04-13,16,1,0
"onset",270068,44255,44.902611,-93.148041,277,"MN",101,"Quercus","macrocarpa","bur oak","Plantae",371,"Breaking leaf buds",17,"2025-01-01","2025-12-31",2025-05-02,122,2025-04-25,7,1,0
"onset",270068,44255,44.902611,-93.148041,277,"MN",101,"Quercus","macrocarpa","bur oak","Plantae",371,"Breaking leaf buds",18,"2026-01-01","2026-12-31",2026-04-24,114,2026-04-18,6,1,0
"onset",270079,44255,44.902611,-93.148041,277,"MN",101,"Quercus","macrocarpa","bur oak","Plantae",371,"Breaking leaf buds",13,"2021-01-01","2021-12-31",2021-04-30,120,2021-04-16,14,1,0
"onset",270079,44255,44.902611,-93.148041,277,"MN",101,"Quercus","macrocarpa","bur oak","Plantae",371,"Breaking leaf buds",14,"2022-01-01","2022-12-31",2022-05-06,126,2022-04-29,7,1,0
"onset",270079,44255,44.902611,-93.148041,277,"MN",101,"Quercus","macrocarpa","bur oak","Plantae",371,"Breaking leaf buds",15,"2023-01-01","2023-12-31",2023-04-14,104,2023-04-07,7,1,0
"onset",270079,44255,44.902611,-93.148041,277,"MN",101,"Quercus","macrocarpa","bur oak","Plantae",371,"Breaking leaf buds",16,"2024-01-01","2024-12-31",2024-04-29,120,2024-04-13,16,2,0
"onset",270079,44255,44.902611,-93.148041,277,"MN",101,"Quercus","macrocarpa","bur oak","Plantae",371,"Breaking leaf buds",17,"2025-01-01","2025-12-31",2025-04-25,115,2025-04-18,7,1,0
"onset",270079,44255,44.902611,-93.148041,277,"MN",101,"Quercus","macrocarpa","bur oak","Plantae",371,"Breaking leaf buds",18,"2026-01-01","2026-12-31",2026-04-24,114,2026-04-18,6,1,0
"onset",270679,43781,37.82851,-79.857574,527,"VA",1212,"Quercus","montana","chestnut oak","Plantae",371,"Breaking leaf buds",13,"2021-01-01","2021-12-31",2021-04-14,104,2021-04-11,3,1,0
"onset",270679,43781,37.82851,-79.857574,527,"VA",1212,"Quercus","montana","chestnut oak","Plantae",371,"Breaking leaf buds",14,"2022-01-01","2022-12-31",2022-04-17,107,2022-04-14,3,1,0
"onset",270679,43781,37.82851,-79.857574,527,"VA",1212,"Quercus","montana","chestnut oak","Plantae",501,"Open flowers",13,"2021-01-01","2021-12-31",2021-05-02,122,2021-04-25,7,1,0
"onset",271059,43638,43.379196,-89.867279,373,"WI",100,"Quercus","alba","white oak","Plantae",371,"Breaking leaf buds",13,"2021-01-01","2021-12-31",2021-05-28,148,2021-05-23,5,1,0
"onset",271059,43638,43.379196,-89.867279,373,"WI",100,"Quercus","alba","white oak","Plantae",501,"Open flowers",13,"2021-01-01","2021-12-31",2021-05-09,129,2021-05-01,8,1,0
"onset",271065,43638,43.379196,-89.867279,373,"WI",100,"Quercus","alba","white oak","Plantae",371,"Breaking leaf buds",13,"2021-01-01","2021-12-31",2021-05-27,147,2021-05-23,4,1,0
"onset",271073,43638,43.379196,-89.867279,373,"WI",100,"Quercus","alba","white oak","Plantae",371,"Breaking leaf buds",13,"2021-01-01","2021-12-31",2021-05-28,148,2021-05-23,5,1,0
"onset",271080,43638,43.379196,-89.867279,373,"WI",100,"Quercus","alba","white oak","Plantae",371,"Breaking leaf buds",13,"2021-01-01","2021-12-31",2021-05-28,148,2021-05-23,5,1,0
"onset",271087,43638,43.379196,-89.867279,373,"WI",100,"Quercus","alba","white oak","Plantae",371,"Breaking leaf buds",13,"2021-01-01","2021-12-31",2021-05-28,148,2021-05-23,5,1,0
"onset",271093,43638,43.379196,-89.867279,373,"WI",100,"Quercus","alba","white oak","Plantae",371,"Breaking leaf buds",13,"2021-01-01","2021-12-31",2021-05-28,148,2021-05-23,5,1,0
"onset",271100,43638,43.379196,-89.867279,373,"WI",100,"Quercus","alba","white oak","Plantae",371,"Breaking leaf buds",13,"2021-01-01","2021-12-31",2021-05-28,148,2021-05-23,5,1,0
"onset",271119,43638,43.379196,-89.867279,373,"WI",100,"Quercus","alba","white oak","Plantae",371,"Breaking leaf buds",13,"2021-01-01","2021-12-31",2021-05-28,148,2021-05-23,5,1,0
"onset",271667,44499,39.312363,-94.424652,291,"MO",100,"Quercus","alba","white oak","Plantae",371,"Breaking leaf buds",13,"2021-01-01","2021-12-31",2021-05-22,142,2021-05-21,1,1,0
"onset",275148,44975,35.798145,-78.689934,135,"NC",100,"Quercus","alba","white oak","Plantae",371,"Breaking leaf buds",14,"2022-01-01","2022-12-31",2022-03-25,84,2022-03-24,1,4,0
"onset",275148,44975,35.798145,-78.689934,135,"NC",100,"Quercus","alba","white oak","Plantae",371,"Breaking leaf buds",15,"2023-01-01","2023-12-31",2023-03-02,61,2023-02-28,2,1,0
"onset",275148,44975,35.798145,-78.689934,135,"NC",100,"Quercus","alba","white oak","Plantae",371,"Breaking leaf buds",16,"2024-01-01","2024-12-31",2024-03-18,78,2024-03-04,14,2,0
"onset",275148,44975,35.798145,-78.689934,135,"NC",100,"Quercus","alba","white oak","Plantae",501,"Open flowers",14,"2022-01-01","2022-12-31",2022-03-28,87,2022-03-27,1,3,0
"onset",275148,44975,35.798145,-78.689934,135,"NC",100,"Quercus","alba","white oak","Plantae",501,"Open flowers",16,"2024-01-01","2024-12-31",2024-03-25,85,2024-03-22,3,1,0
"onset",275149,44975,35.798145,-78.689934,135,"NC",100,"Quercus","alba","white oak","Plantae",371,"Breaking leaf buds",14,"2022-01-01","2022-12-31",2022-03-25,84,2022-03-24,1,4,0
"onset",275149,44975,35.798145,-78.689934,135,"NC",100,"Quercus","alba","white oak","Plantae",371,"Breaking leaf buds",15,"2023-01-01","2023-12-31",2023-03-07,66,2023-02-23,12,1,0
"onset",275149,44975,35.798145,-78.689934,135,"NC",100,"Quercus","alba","white oak","Plantae",371,"Breaking leaf buds",16,"2024-01-01","2024-12-31",2024-03-18,78,2024-03-01,17,1,0
"onset",275149,44975,35.798145,-78.689934,135,"NC",100,"Quercus","alba","white oak","Plantae",501,"Open flowers",14,"2022-01-01","2022-12-31",2022-03-21,80,2022-03-11,10,5,0
"onset",275164,44977,35.79924,-78.68914,134,"NC",100,"Quercus","alba","white oak","Plantae",371,"Breaking leaf buds",14,"2022-01-01","2022-12-31",2022-03-23,82,2022-03-11,12,2,0
"onset",275164,44977,35.79924,-78.68914,134,"NC",100,"Quercus","alba","white oak","Plantae",371,"Breaking leaf buds",15,"2023-01-01","2023-12-31",2023-02-06,37,2023-02-02,4,1,0
"onset",275164,44977,35.79924,-78.68914,134,"NC",100,"Quercus","alba","white oak","Plantae",501,"Open flowers",14,"2022-01-01","2022-12-31",2022-04-05,95,2022-04-02,3,1,0
"onset",275164,44977,35.79924,-78.68914,134,"NC",100,"Quercus","alba","white oak","Plantae",501,"Open flowers",15,"2023-01-01","2023-12-31",2023-03-21,80,2023-03-09,12,1,0
"onset",275165,44977,35.79924,-78.68914,134,"NC",100,"Quercus","alba","white oak","Plantae",371,"Breaking leaf buds",14,"2022-01-01","2022-12-31",2022-03-23,82,2022-03-11,12,2,0
"onset",275165,44977,35.79924,-78.68914,134,"NC",100,"Quercus","alba","white oak","Plantae",371,"Breaking leaf buds",15,"2023-01-01","2023-12-31",2023-02-06,37,2023-02-02,4,1,0
"onset",275165,44977,35.79924,-78.68914,134,"NC",100,"Quercus","alba","white oak","Plantae",501,"Open flowers",14,"2022-01-01","2022-12-31",2022-04-05,95,2022-04-02,3,1,0
"onset",275165,44977,35.79924,-78.68914,134,"NC",100,"Quercus","alba","white oak","Plantae",501,"Open flowers",15,"2023-01-01","2023-12-31",2023-03-21,80,2023-03-09,12,1,0
"onset",275166,44977,35.79924,-78.68914,134,"NC",100,"Quercus","alba","white oak","Plantae",371,"Breaking leaf buds",14,"2022-01-01","2022-12-31",2022-03-23,82,2022-03-11,12,1,0
"onset",275166,44977,35.79924,-78.68914,134,"NC",100,"Quercus","alba","white oak","Plantae",371,"Breaking leaf buds",15,"2023-01-01","2023-12-31",2023-02-06,37,2023-02-02,4,1,0
"onset",275166,44977,35.79924,-78.68914,134,"NC",100,"Quercus","alba","white oak","Plantae",501,"Open flowers",14,"2022-01-01","2022-12-31",2022-04-05,95,2022-04-02,3,1,0
"onset",275166,44977,35.79924,-78.68914,134,"NC",100,"Quercus","alba","white oak","Plantae",501,"Open flowers",15,"2023-01-01","2023-12-31",2023-03-28,87,2023-03-23,5,2,0
"onset",275167,44977,35.79924,-78.68914,134,"NC",100,"Quercus","alba","white oak","Plantae",371,"Breaking leaf buds",14,"2022-01-01","2022-12-31",2022-03-23,82,2022-03-11,12,3,0
"onset",275167,44977,35.79924,-78.68914,134,"NC",100,"Quercus","alba","white oak","Plantae",371,"Breaking leaf buds",15,"2023-01-01","2023-12-31",2023-02-06,37,2023-02-02,4,1,0
"onset",275167,44977,35.79924,-78.68914,134,"NC",100,"Quercus","alba","white oak","Plantae",501,"Open flowers",14,"2022-01-01","2022-12-31",2022-04-05,95,2022-04-02,3,1,0
"onset",275167,44977,35.79924,-78.68914,134,"NC",100,"Quercus","alba","white oak","Plantae",501,"Open flowers",15,"2023-01-01","2023-12-31",2023-03-21,80,2023-03-09,12,1,0
"onset",275168,44977,35.79924,-78.68914,134,"NC",100,"Quercus","alba","white oak","Plantae",371,"Breaking leaf buds",14,"2022-01-01","2022-12-31",2022-03-23,82,2022-03-11,12,2,0
"onset",275168,44977,35.79924,-78.68914,134,"NC",100,"Quercus","alba","white oak","Plantae",371,"Breaking leaf buds",15,"2023-01-01","2023-12-31",2023-02-06,37,2023-02-02,4,1,0
"onset",275168,44977,35.79924,-78.68914,134,"NC",100,"Quercus","alba","white oak","Plantae",501,"Open flowers",14,"2022-01-01","2022-12-31",2022-04-05,95,2022-04-02,3,1,0
"onset",275168,44977,35.79924,-78.68914,134,"NC",100,"Quercus","alba","white oak","Plantae",501,"Open flowers",15,"2023-01-01","2023-12-31",2023-03-28,87,2023-03-23,5,2,0
"onset",275180,44979,35.797493,-78.687859,134,"NC",100,"Quercus","alba","white oak","Plantae",371,"Breaking leaf buds",14,"2022-01-01","2022-12-31",2022-02-16,47,2022-02-11,5,3,0
"onset",275180,44979,35.797493,-78.687859,134,"NC",100,"Quercus","alba","white oak","Plantae",371,"Breaking leaf buds",15,"2023-01-01","2023-12-31",2023-02-16,47,2023-02-14,2,3,0
"onset",275180,44979,35.797493,-78.687859,134,"NC",100,"Quercus","alba","white oak","Plantae",501,"Open flowers",14,"2022-01-01","2022-12-31",2022-04-08,98,2022-04-05,3,1,0
"onset",275180,44979,35.797493,-78.687859,134,"NC",100,"Quercus","alba","white oak","Plantae",501,"Open flowers",15,"2023-01-01","2023-12-31",2023-03-21,80,2023-03-09,12,1,0
"onset",275181,44979,35.797493,-78.687859,134,"NC",100,"Quercus","alba","white oak","Plantae",371,"Breaking leaf buds",14,"2022-01-01","2022-12-31",2022-03-29,88,2022-03-28,1,2,0
"onset",275181,44979,35.797493,-78.687859,134,"NC",100,"Quercus","alba","white oak","Plantae",371,"Breaking leaf buds",15,"2023-01-01","2023-12-31",2023-02-16,47,2023-02-14,2,4,0
"onset",275181,44979,35.797493,-78.687859,134,"NC",100,"Quercus","alba","white oak","Plantae",501,"Open flowers",14,"2022-01-01","2022-12-31",2022-03-29,88,2022-03-28,1,2,0
"onset",275181,44979,35.797493,-78.687859,134,"NC",100,"Quercus","alba","white oak","Plantae",501,"Open flowers",15,"2023-01-01","2023-12-31",2023-03-21,80,2023-03-09,12,1,0
"onset",275185,44979,35.797493,-78.687859,134,"NC",1755,"Quercus","stellata","post oak","Plantae",371,"Breaking leaf buds",14,"2022-01-01","2022-12-31",2022-03-23,82,2022-03-11,12,2,0
"onset",275185,44979,35.797493,-78.687859,134,"NC",1755,"Quercus","stellata","post oak","Plantae",371,"Breaking leaf buds",15,"2023-01-01","2023-12-31",2023-02-23,54,2023-02-21,2,3,0
"onset",275185,44979,35.797493,-78.687859,134,"NC",1755,"Quercus","stellata","post oak","Plantae",501,"Open flowers",14,"2022-01-01","2022-12-31",2022-03-23,82,2022-03-11,12,2,0
"onset",275185,44979,35.797493,-78.687859,134,"NC",1755,"Quercus","stellata","post oak","Plantae",501,"Open flowers",15,"2023-01-01","2023-12-31",2023-03-28,87,2023-03-21,7,1,0
"onset",275186,44979,35.797493,-78.687859,134,"NC",1755,"Quercus","stellata","post oak","Plantae",371,"Breaking leaf buds",14,"2022-01-01","2022-12-31",2022-03-11,70,2022-03-09,2,2,0
"onset",275186,44979,35.797493,-78.687859,134,"NC",1755,"Quercus","stellata","post oak","Plantae",371,"Breaking leaf buds",15,"2023-01-01","2023-12-31",2023-02-16,47,2023-02-14,2,4,0
"onset",275186,44979,35.797493,-78.687859,134,"NC",1755,"Quercus","stellata","post oak","Plantae",501,"Open flowers",14,"2022-01-01","2022-12-31",2022-03-23,82,2022-03-11,12,2,0
"onset",275186,44979,35.797493,-78.687859,134,"NC",1755,"Quercus","stellata","post oak","Plantae",501,"Open flowers",15,"2023-01-01","2023-12-31",2023-03-28,87,2023-03-21,7,1,0
"onset",275187,44979,35.797493,-78.687859,134,"NC",1755,"Quercus","stellata","post oak","Plantae",371,"Breaking leaf buds",14,"2022-01-01","2022-12-31",2022-03-23,82,2022-03-11,12,2,0
"onset",275187,44979,35.797493,-78.687859,134,"NC",1755,"Quercus","stellata","post oak","Plantae",371,"Breaking leaf buds",15,"2023-01-01","2023-12-31",2023-02-16,47,2023-02-14,2,4,0
"onset",275187,44979,35.797493,-78.687859,134,"NC",1755,"Quercus","stellata","post oak","Plantae",501,"Open flowers",14,"2022-01-01","2022-12-31",2022-04-05,95,2022-03-30,6,1,0
"onset",275187,44979,35.797493,-78.687859,134,"NC",1755,"Quercus","stellata","post oak","Plantae",501,"Open flowers",15,"2023-01-01","2023-12-31",2023-03-09,68,2023-03-07,2,2,0
"onset",275190,44980,35.796516,-78.688103,134,"NC",1755,"Quercus","stellata","post oak","Plantae",371,"Breaking leaf buds",14,"2022-01-01","2022-12-31",2022-03-09,68,2022-03-07,2,2,0
"onset",275190,44980,35.796516,-78.688103,134,"NC",1755,"Quercus","stellata","post oak","Plantae",501,"Open flowers",14,"2022-01-01","2022-12-31",2022-03-07,66,2022-03-05,2,3,0
"onset",275191,44980,35.796516,-78.688103,134,"NC",1755,"Quercus","stellata","post oak","Plantae",371,"Breaking leaf buds",14,"2022-01-01","2022-12-31",2022-03-23,82,2022-03-21,2,1,0
"onset",275191,44980,35.796516,-78.688103,134,"NC",1755,"Quercus","stellata","post oak","Plantae",501,"Open flowers",14,"2022-01-01","2022-12-31",2022-03-07,66,2022-03-05,2,3,0
"onset",275192,44980,35.796516,-78.688103,134,"NC",1755,"Quercus","stellata","post oak","Plantae",371,"Breaking leaf buds",14,"2022-01-01","2022-12-31",2022-03-09,68,2022-03-07,2,2,0
"onset",275192,44980,35.796516,-78.688103,134,"NC",1755,"Quercus","stellata","post oak","Plantae",501,"Open flowers",14,"2022-01-01","2022-12-31",2022-03-07,66,2022-03-03,4,2,0
"onset",275193,44980,35.796516,-78.688103,134,"NC",1755,"Quercus","stellata","post oak","Plantae",371,"Breaking leaf buds",14,"2022-01-01","2022-12-31",2022-03-09,68,2022-03-07,2,2,0
"onset",275193,44980,35.796516,-78.688103,134,"NC",1755,"Quercus","stellata","post oak","Plantae",501,"Open flowers",14,"2022-01-01","2022-12-31",2022-03-21,80,2022-03-11,10,2,0
"onset",275194,44980,35.796516,-78.688103,134,"NC",1755,"Quercus","stellata","post oak","Plantae",371,"Breaking leaf buds",14,"2022-01-01","2022-12-31",2022-03-11,70,2022-03-07,4,2,0
"onset",275194,44980,35.796516,-78.688103,134,"NC",1755,"Quercus","stellata","post oak","Plantae",501,"Open flowers",14,"2022-01-01","2022-12-31",2022-03-21,80,2022-03-11,10,2,0
"onset",275202,44981,35.796909,-78.688995,135,"NC",1755,"Quercus","stellata","post oak","Plantae",371,"Breaking leaf buds",14,"2022-01-01","2022-12-31",2022-04-01,91,2022-03-30,2,1,0
"onset",275202,44981,35.796909,-78.688995,135,"NC",1755,"Quercus","stellata","post oak","Plantae",371,"Breaking leaf buds",15,"2023-01-01","2023-12-31",2023-02-15,46,2023-02-13,2,3,0
"onset",275202,44981,35.796909,-78.688995,135,"NC",1755,"Quercus","stellata","post oak","Plantae",501,"Open flowers",14,"2022-01-01","2022-12-31",2022-03-11,70,2022-03-04,7,1,0
"onset",275202,44981,35.796909,-78.688995,135,"NC",1755,"Quercus","stellata","post oak","Plantae",501,"Open flowers",15,"2023-01-01","2023-12-31",2023-03-06,65,2023-02-27,7,2,0
"onset",275203,44981,35.796909,-78.688995,135,"NC",1755,"Quercus","stellata","post oak","Plantae",371,"Breaking leaf buds",14,"2022-01-01","2022-12-31",2022-04-01,91,2022-03-30,2,1,0
"onset",275203,44981,35.796909,-78.688995,135,"NC",1755,"Quercus","stellata","post oak","Plantae",371,"Breaking leaf buds",15,"2023-01-01","2023-12-31",2023-02-15,46,2023-02-13,2,3,0
"onset",275203,44981,35.796909,-78.688995,135,"NC",1755,"Quercus","stellata","post oak","Plantae",501,"Open flowers",14,"2022-01-01","2022-12-31",2022-03-25,84,2022-03-04,21,1,0
"onset",275203,44981,35.796909,-78.688995,135,"NC",1755,"Quercus","stellata","post oak","Plantae",501,"Open flowers",15,"2023-01-01","2023-12-31",2023-03-06,65,2023-03-01,5,2,0
"onset",275204,44981,35.796909,-78.688995,135,"NC",1755,"Quercus","stellata","post oak","Plantae",371,"Breaking leaf buds",14,"2022-01-01","2022-12-31",2022-03-30,89,2022-03-25,5,1,0
"onset",275204,44981,35.796909,-78.688995,135,"NC",1755,"Quercus","stellata","post oak","Plantae",371,"Breaking leaf buds",15,"2023-01-01","2023-12-31",2023-02-15,46,2023-02-13,2,2,0
"onset",275204,44981,35.796909,-78.688995,135,"NC",1755,"Quercus","stellata","post oak","Plantae",501,"Open flowers",15,"2023-01-01","2023-12-31",2023-03-06,65,2023-03-01,5,2,0
"onset",275205,44981,35.796909,-78.688995,135,"NC",1755,"Quercus","stellata","post oak","Plantae",371,"Breaking leaf buds",14,"2022-01-01","2022-12-31",2022-04-01,91,2022-03-25,7,1,0
"onset",275205,44981,35.796909,-78.688995,135,"NC",1755,"Quercus","stellata","post oak","Plantae",371,"Breaking leaf buds",15,"2023-01-01","2023-12-31",2023-02-15,46,2023-02-13,2,3,0
"onset",275205,44981,35.796909,-78.688995,135,"NC",1755,"Quercus","stellata","post oak","Plantae",501,"Open flowers",14,"2022-01-01","2022-12-31",2022-03-11,70,2022-03-04,7,1,0
"onset",275205,44981,35.796909,-78.688995,135,"NC",1755,"Quercus","stellata","post oak","Plantae",501,"Open flowers",15,"2023-01-01","2023-12-31",2023-03-06,65,2023-03-01,5,2,0
"onset",275206,44981,35.796909,-78.688995,135,"NC",1755,"Quercus","stellata","post oak","Plantae",371,"Breaking leaf buds",14,"2022-01-01","2022-12-31",2022-04-08,98,2022-04-01,7,1,0
"onset",275206,44981,35.796909,-78.688995,135,"NC",1755,"Quercus","stellata","post oak","Plantae",371,"Breaking leaf buds",15,"2023-01-01","2023-12-31",2023-02-15,46,2023-02-13,2,3,0
"onset",275206,44981,35.796909,-78.688995,135,"NC",1755,"Quercus","stellata","post oak","Plantae",501,"Open flowers",14,"2022-01-01","2022-12-31",2022-04-01,91,2022-03-25,7,1,0
"onset",275206,44981,35.796909,-78.688995,135,"NC",1755,"Quercus","stellata","post oak","Plantae",501,"Open flowers",15,"2023-01-01","2023-12-31",2023-02-27,58,2023-02-22,5,2,0
"onset",275207,44981,35.796909,-78.688995,135,"NC",1755,"Quercus","stellata","post oak","Plantae",371,"Breaking leaf buds",14,"2022-01-01","2022-12-31",2022-04-08,98,2022-04-01,7,1,0
"onset",275207,44981,35.796909,-78.688995,135,"NC",1755,"Quercus","stellata","post oak","Plantae",371,"Breaking leaf buds",15,"2023-01-01","2023-12-31",2023-03-08,67,2023-03-06,2,2,0
"onset",275207,44981,35.796909,-78.688995,135,"NC",1755,"Quercus","stellata","post oak","Plantae",501,"Open flowers",15,"2023-01-01","2023-12-31",2023-03-06,65,2023-02-27,7,2,0
"onset",275208,44978,35.799301,-78.68824,133,"NC",1755,"Quercus","stellata","post oak","Plantae",371,"Breaking leaf buds",14,"2022-01-01","2022-12-31",2022-03-07,66,2022-03-04,3,4,0
"onset",275208,44978,35.799301,-78.68824,133,"NC",1755,"Quercus","stellata","post oak","Plantae",371,"Breaking leaf buds",16,"2024-01-01","2024-12-31",2024-02-23,54,2024-02-22,1,3,0
"onset",275208,44978,35.799301,-78.68824,133,"NC",1755,"Quercus","stellata","post oak","Plantae",501,"Open flowers",14,"2022-01-01","2022-12-31",2022-03-04,63,2022-02-28,4,3,0
"onset",275208,44978,35.799301,-78.68824,133,"NC",1755,"Quercus","stellata","post oak","Plantae",501,"Open flowers",16,"2024-01-01","2024-12-31",2024-02-29,60,2024-02-27,2,1,0
"onset",275684,44975,35.798145,-78.689934,135,"NC",1755,"Quercus","stellata","post oak","Plantae",371,"Breaking leaf buds",14,"2022-01-01","2022-12-31",2022-03-23,82,2022-03-21,2,2,0
"onset",275684,44975,35.798145,-78.689934,135,"NC",1755,"Quercus","stellata","post oak","Plantae",371,"Breaking leaf buds",15,"2023-01-01","2023-12-31",2023-02-28,59,2023-02-23,5,1,0
"onset",275684,44975,35.798145,-78.689934,135,"NC",1755,"Quercus","stellata","post oak","Plantae",371,"Breaking leaf buds",16,"2024-01-01","2024-12-31",2024-02-26,57,2024-02-19,7,3,0
"onset",275684,44975,35.798145,-78.689934,135,"NC",1755,"Quercus","stellata","post oak","Plantae",501,"Open flowers",14,"2022-01-01","2022-12-31",2022-03-07,66,2022-03-04,3,6,0
"onset",275684,44975,35.798145,-78.689934,135,"NC",1755,"Quercus","stellata","post oak","Plantae",501,"Open flowers",16,"2024-01-01","2024-12-31",2024-03-18,78,2024-03-04,14,2,0
"onset",276061,45193,45.059395,-93.163467,280,"MN",100,"Quercus","alba","white oak","Plantae",371,"Breaking leaf buds",14,"2022-01-01","2022-12-31",2022-03-29,88,2022-03-22,7,1,0
"onset",276064,45193,45.059395,-93.163467,280,"MN",100,"Quercus","alba","white oak","Plantae",371,"Breaking leaf buds",14,"2022-01-01","2022-12-31",2022-03-29,88,2022-03-22,7,1,0
"onset",276066,45193,45.059395,-93.163467,280,"MN",100,"Quercus","alba","white oak","Plantae",371,"Breaking leaf buds",14,"2022-01-01","2022-12-31",2022-03-29,88,2022-03-22,7,1,0
"onset",276068,45193,45.059395,-93.163467,280,"MN",100,"Quercus","alba","white oak","Plantae",371,"Breaking leaf buds",14,"2022-01-01","2022-12-31",2022-03-29,88,2022-03-22,7,1,0
"onset",277300,45412,37.991146,-81.148392,601,"WV",100,"Quercus","alba","white oak","Plantae",371,"Breaking leaf buds",13,"2021-01-01","2021-12-31",2021-09-30,273,2021-09-29,1,3,0
"onset",277300,45412,37.991146,-81.148392,601,"WV",100,"Quercus","alba","white oak","Plantae",371,"Breaking leaf buds",14,"2022-01-01","2022-12-31",2022-03-18,77,2022-03-11,7,2,0
"onset",277300,45412,37.991146,-81.148392,601,"WV",100,"Quercus","alba","white oak","Plantae",501,"Open flowers",13,"2021-01-01","2021-12-31",2021-10-15,288,2021-10-14,1,1,0
"onset",277817,45473,44.852238,-92.6147,299,"WI",100,"Quercus","alba","white oak","Plantae",371,"Breaking leaf buds",13,"2021-01-01","2021-12-31",2021-11-09,313,2021-11-04,5,1,0
"onset",278549,45529,41.363132,-85.21489,284,"IN",100,"Quercus","alba","white oak","Plantae",371,"Breaking leaf buds",14,"2022-01-01","2022-12-31",2022-05-17,137,2022-05-10,7,1,0
"onset",280640,45921,35.565289,-82.489777,665,"NC",1212,"Quercus","montana","chestnut oak","Plantae",501,"Open flowers",14,"2022-01-01","2022-12-31",2022-04-17,107,2022-04-15,2,1,0
"onset",281562,5431,35.517879,-82.469681,823,"NC",1212,"Quercus","montana","chestnut oak","Plantae",371,"Breaking leaf buds",14,"2022-01-01","2022-12-31",2022-04-27,117,2022-04-19,8,1,0
"onset",281562,5431,35.517879,-82.469681,823,"NC",1212,"Quercus","montana","chestnut oak","Plantae",371,"Breaking leaf buds",15,"2023-01-01","2023-12-31",2023-04-25,115,2023-04-09,16,1,0
"onset",281562,5431,35.517879,-82.469681,823,"NC",1212,"Quercus","montana","chestnut oak","Plantae",501,"Open flowers",15,"2023-01-01","2023-12-31",2023-05-09,129,2023-04-09,30,1,0
"onset",282316,46162,42.027802,-86.533638,193,"MI",101,"Quercus","macrocarpa","bur oak","Plantae",371,"Breaking leaf buds",14,"2022-01-01","2022-12-31",2022-05-07,127,2022-04-30,7,1,0
"onset",282321,46163,42.027744,-86.533615,193,"MI",101,"Quercus","macrocarpa","bur oak","Plantae",371,"Breaking leaf buds",14,"2022-01-01","2022-12-31",2022-05-07,127,2022-04-30,7,1,0
"onset",282321,46163,42.027744,-86.533615,193,"MI",101,"Quercus","macrocarpa","bur oak","Plantae",501,"Open flowers",14,"2022-01-01","2022-12-31",2022-05-07,127,2022-04-30,7,1,0
"onset",285546,46542,39.320232,-86.410049,253,"IN",100,"Quercus","alba","white oak","Plantae",371,"Breaking leaf buds",15,"2023-01-01","2023-12-31",2023-03-30,89,2023-03-28,2,1,0
"onset",285547,46542,39.320232,-86.410049,253,"IN",100,"Quercus","alba","white oak","Plantae",371,"Breaking leaf buds",15,"2023-01-01","2023-12-31",2023-03-30,89,2023-03-28,2,1,0
"onset",285548,46542,39.320232,-86.410049,253,"IN",100,"Quercus","alba","white oak","Plantae",371,"Breaking leaf buds",15,"2023-01-01","2023-12-31",2023-03-30,89,2023-03-28,2,1,0
"onset",285550,46542,39.320232,-86.410049,253,"IN",100,"Quercus","alba","white oak","Plantae",371,"Breaking leaf buds",15,"2023-01-01","2023-12-31",2023-03-30,89,2023-03-28,2,1,0
"onset",285923,46683,40.494106,-74.515701,30,"NJ",100,"Quercus","alba","white oak","Plantae",371,"Breaking leaf buds",14,"2022-01-01","2022-12-31",2022-04-30,120,2022-04-28,2,1,0
"onset",285935,41802,39.910755,-86.424187,287,"IN",100,"Quercus","alba","white oak","Plantae",371,"Breaking leaf buds",14,"2022-01-01","2022-12-31",2022-05-04,124,2022-04-28,6,1,0
"onset",285935,41802,39.910755,-86.424187,287,"IN",100,"Quercus","alba","white oak","Plantae",371,"Breaking leaf buds",15,"2023-01-01","2023-12-31",2023-04-25,115,2023-04-12,13,1,0
"onset",285935,41802,39.910755,-86.424187,287,"IN",100,"Quercus","alba","white oak","Plantae",371,"Breaking leaf buds",16,"2024-01-01","2024-12-31",2024-04-23,114,2024-04-14,9,1,0
"onset",286034,46705,27.716299,-82.6903,1,"FL",305,"Quercus","virginiana","live oak","Plantae",371,"Breaking leaf buds",14,"2022-01-01","2022-12-31",2022-02-03,34,2022-02-01,2,1,0
"onset",286064,46712,33.433224,-79.121429,2,"SC",305,"Quercus","virginiana","live oak","Plantae",371,"Breaking leaf buds",14,"2022-01-01","2022-12-31",2022-03-11,70,2022-03-08,3,2,0
"onset",286064,46712,33.433224,-79.121429,2,"SC",305,"Quercus","virginiana","live oak","Plantae",501,"Open flowers",14,"2022-01-01","2022-12-31",2022-04-11,101,2022-03-27,15,1,0
"onset",286065,46712,33.433224,-79.121429,2,"SC",305,"Quercus","virginiana","live oak","Plantae",371,"Breaking leaf buds",14,"2022-01-01","2022-12-31",2022-03-27,86,2022-03-23,4,1,0
"onset",286065,46712,33.433224,-79.121429,2,"SC",305,"Quercus","virginiana","live oak","Plantae",501,"Open flowers",14,"2022-01-01","2022-12-31",2022-04-11,101,2022-03-27,15,1,0
"onset",286066,46712,33.433224,-79.121429,2,"SC",305,"Quercus","virginiana","live oak","Plantae",371,"Breaking leaf buds",14,"2022-01-01","2022-12-31",2022-03-11,70,2022-03-08,3,2,0
"onset",286066,46712,33.433224,-79.121429,2,"SC",305,"Quercus","virginiana","live oak","Plantae",501,"Open flowers",14,"2022-01-01","2022-12-31",2022-04-11,101,2022-03-27,15,1,0
"onset",286082,46713,33.509758,-79.063377,5,"SC",305,"Quercus","virginiana","live oak","Plantae",371,"Breaking leaf buds",14,"2022-01-01","2022-12-31",2022-03-23,82,2022-03-16,7,1,0
"onset",286082,46713,33.509758,-79.063377,5,"SC",305,"Quercus","virginiana","live oak","Plantae",501,"Open flowers",14,"2022-01-01","2022-12-31",2022-03-30,89,2022-03-23,7,1,0
"onset",286083,46713,33.509758,-79.063377,5,"SC",305,"Quercus","virginiana","live oak","Plantae",371,"Breaking leaf buds",14,"2022-01-01","2022-12-31",2022-03-23,82,2022-03-16,7,1,0
"onset",286083,46713,33.509758,-79.063377,5,"SC",305,"Quercus","virginiana","live oak","Plantae",501,"Open flowers",14,"2022-01-01","2022-12-31",2022-03-16,75,2022-03-13,3,2,0
"onset",286084,46713,33.509758,-79.063377,5,"SC",305,"Quercus","virginiana","live oak","Plantae",371,"Breaking leaf buds",14,"2022-01-01","2022-12-31",2022-03-13,72,2022-03-04,9,2,0
"onset",286084,46713,33.509758,-79.063377,5,"SC",305,"Quercus","virginiana","live oak","Plantae",501,"Open flowers",14,"2022-01-01","2022-12-31",2022-03-16,75,2022-03-13,3,2,0
"onset",286156,46632,35.79995,-78.688179,133,"NC",1755,"Quercus","stellata","post oak","Plantae",371,"Breaking leaf buds",14,"2022-01-01","2022-12-31",2022-03-09,68,2022-02-25,12,1,0
"onset",286156,46632,35.79995,-78.688179,133,"NC",1755,"Quercus","stellata","post oak","Plantae",501,"Open flowers",14,"2022-01-01","2022-12-31",2022-03-28,87,2022-03-03,25,1,0
"onset",286157,46632,35.79995,-78.688179,133,"NC",1755,"Quercus","stellata","post oak","Plantae",371,"Breaking leaf buds",14,"2022-01-01","2022-12-31",2022-03-28,87,2022-03-03,25,1,0
"onset",286157,46632,35.79995,-78.688179,133,"NC",1755,"Quercus","stellata","post oak","Plantae",501,"Open flowers",14,"2022-01-01","2022-12-31",2022-03-28,87,2022-03-09,19,1,0
"onset",286158,46632,35.79995,-78.688179,133,"NC",1755,"Quercus","stellata","post oak","Plantae",371,"Breaking leaf buds",14,"2022-01-01","2022-12-31",2022-03-09,68,2022-02-25,12,1,0
"onset",286158,46632,35.79995,-78.688179,133,"NC",1755,"Quercus","stellata","post oak","Plantae",501,"Open flowers",14,"2022-01-01","2022-12-31",2022-03-28,87,2022-03-03,25,1,0
"onset",286159,46632,35.79995,-78.688179,133,"NC",1755,"Quercus","stellata","post oak","Plantae",371,"Breaking leaf buds",14,"2022-01-01","2022-12-31",2022-03-09,68,2022-02-25,12,1,0
"onset",286159,46632,35.79995,-78.688179,133,"NC",1755,"Quercus","stellata","post oak","Plantae",501,"Open flowers",14,"2022-01-01","2022-12-31",2022-03-28,87,2022-03-03,25,1,0
"onset",286164,46593,35.799,-78.6884,133,"NC",1755,"Quercus","stellata","post oak","Plantae",371,"Breaking leaf buds",14,"2022-01-01","2022-12-31",2022-04-04,94,2022-03-28,7,1,0
"onset",286164,46593,35.799,-78.6884,133,"NC",1755,"Quercus","stellata","post oak","Plantae",501,"Open flowers",14,"2022-01-01","2022-12-31",2022-02-16,47,2022-02-11,5,2,0
"onset",286165,46593,35.799,-78.6884,133,"NC",1755,"Quercus","stellata","post oak","Plantae",371,"Breaking leaf buds",14,"2022-01-01","2022-12-31",2022-02-28,59,2022-02-24,4,2,0
"onset",286165,46593,35.799,-78.6884,133,"NC",1755,"Quercus","stellata","post oak","Plantae",501,"Open flowers",14,"2022-01-01","2022-12-31",2022-02-16,47,2022-02-11,5,1,0
"onset",286166,46593,35.799,-78.6884,133,"NC",1755,"Quercus","stellata","post oak","Plantae",371,"Breaking leaf buds",14,"2022-01-01","2022-12-31",2022-04-04,94,2022-03-28,7,1,0
"onset",286166,46593,35.799,-78.6884,133,"NC",1755,"Quercus","stellata","post oak","Plantae",501,"Open flowers",14,"2022-01-01","2022-12-31",2022-02-21,52,2022-02-18,3,1,0
"onset",286167,46593,35.799,-78.6884,133,"NC",1755,"Quercus","stellata","post oak","Plantae",371,"Breaking leaf buds",14,"2022-01-01","2022-12-31",2022-04-04,94,2022-03-28,7,1,0
"onset",286167,46593,35.799,-78.6884,133,"NC",1755,"Quercus","stellata","post oak","Plantae",501,"Open flowers",14,"2022-01-01","2022-12-31",2022-02-21,52,2022-02-18,3,1,0
"onset",286168,46593,35.799,-78.6884,133,"NC",1755,"Quercus","stellata","post oak","Plantae",371,"Breaking leaf buds",14,"2022-01-01","2022-12-31",2022-02-28,59,2022-02-24,4,2,0
"onset",286168,46593,35.799,-78.6884,133,"NC",1755,"Quercus","stellata","post oak","Plantae",501,"Open flowers",14,"2022-01-01","2022-12-31",2022-02-21,52,2022-02-18,3,2,0
"onset",286169,46593,35.799,-78.6884,133,"NC",1755,"Quercus","stellata","post oak","Plantae",371,"Breaking leaf buds",14,"2022-01-01","2022-12-31",2022-02-24,55,2022-02-23,1,2,0
"onset",286169,46593,35.799,-78.6884,133,"NC",1755,"Quercus","stellata","post oak","Plantae",501,"Open flowers",14,"2022-01-01","2022-12-31",2022-02-21,52,2022-02-18,3,1,0
"onset",286508,46541,39.148186,-86.393646,175,"IN",100,"Quercus","alba","white oak","Plantae",371,"Breaking leaf buds",15,"2023-01-01","2023-12-31",2023-04-04,94,2023-03-30,5,1,0
"onset",286543,46541,39.148186,-86.393646,175,"IN",100,"Quercus","alba","white oak","Plantae",371,"Breaking leaf buds",15,"2023-01-01","2023-12-31",2023-04-04,94,2023-03-30,5,1,0
"onset",287228,46715,33.352726,-79.195641,16,"SC",305,"Quercus","virginiana","live oak","Plantae",371,"Breaking leaf buds",14,"2022-01-01","2022-12-31",2022-03-29,88,2022-03-14,15,1,0
"onset",287229,46715,33.352726,-79.195641,16,"SC",305,"Quercus","virginiana","live oak","Plantae",371,"Breaking leaf buds",14,"2022-01-01","2022-12-31",2022-03-29,88,2022-03-14,15,1,0
"onset",287230,46715,33.352726,-79.195641,16,"SC",305,"Quercus","virginiana","live oak","Plantae",371,"Breaking leaf buds",14,"2022-01-01","2022-12-31",2022-03-04,63,2022-02-25,7,1,0
"onset",287283,46539,32.221619,-110.95723,738,"AZ",305,"Quercus","virginiana","live oak","Plantae",371,"Breaking leaf buds",14,"2022-01-01","2022-12-31",2022-04-03,93,2022-03-20,14,1,0
"onset",287624,46931,35.79995,-78.688179,133,"NC",1755,"Quercus","stellata","post oak","Plantae",371,"Breaking leaf buds",14,"2022-01-01","2022-12-31",2022-03-02,61,2022-02-28,2,1,0
"onset",287624,46931,35.79995,-78.688179,133,"NC",1755,"Quercus","stellata","post oak","Plantae",501,"Open flowers",14,"2022-01-01","2022-12-31",2022-03-12,71,2022-03-02,10,1,0
"onset",287633,46931,35.79995,-78.688179,133,"NC",100,"Quercus","alba","white oak","Plantae",371,"Breaking leaf buds",14,"2022-01-01","2022-12-31",2022-03-02,61,2022-02-28,2,1,0
"onset",287633,46931,35.79995,-78.688179,133,"NC",100,"Quercus","alba","white oak","Plantae",501,"Open flowers",14,"2022-01-01","2022-12-31",2022-03-12,71,2022-03-02,10,1,0
"onset",287819,46829,37.221249,-80.416122,647,"VA",100,"Quercus","alba","white oak","Plantae",371,"Breaking leaf buds",14,"2022-01-01","2022-12-31",2022-04-08,98,2022-03-30,9,2,0
"onset",287819,46829,37.221249,-80.416122,647,"VA",100,"Quercus","alba","white oak","Plantae",371,"Breaking leaf buds",16,"2024-01-01","2024-12-31",2024-04-04,95,2024-03-22,13,2,0
"onset",287819,46829,37.221249,-80.416122,647,"VA",100,"Quercus","alba","white oak","Plantae",371,"Breaking leaf buds",17,"2025-01-01","2025-12-31",2025-04-18,108,2025-04-08,10,2,0
"onset",287819,46829,37.221249,-80.416122,647,"VA",100,"Quercus","alba","white oak","Plantae",371,"Breaking leaf buds",18,"2026-01-01","2026-12-31",2026-03-28,87,2026-03-26,2,3,0
"onset",287819,46829,37.221249,-80.416122,647,"VA",100,"Quercus","alba","white oak","Plantae",501,"Open flowers",14,"2022-01-01","2022-12-31",2022-04-25,115,2022-04-13,12,1,0
"onset",287820,46829,37.221249,-80.416122,647,"VA",100,"Quercus","alba","white oak","Plantae",371,"Breaking leaf buds",14,"2022-01-01","2022-12-31",2022-04-27,117,2022-04-13,14,1,0
"onset",287820,46829,37.221249,-80.416122,647,"VA",100,"Quercus","alba","white oak","Plantae",371,"Breaking leaf buds",16,"2024-01-01","2024-12-31",2024-04-04,95,2024-03-22,13,2,0
"onset",287820,46829,37.221249,-80.416122,647,"VA",100,"Quercus","alba","white oak","Plantae",371,"Breaking leaf buds",17,"2025-01-01","2025-12-31",2025-04-18,108,2025-04-08,10,2,0
"onset",287820,46829,37.221249,-80.416122,647,"VA",100,"Quercus","alba","white oak","Plantae",371,"Breaking leaf buds",18,"2026-01-01","2026-12-31",2026-03-28,87,2026-03-26,2,3,0
"onset",287820,46829,37.221249,-80.416122,647,"VA",100,"Quercus","alba","white oak","Plantae",501,"Open flowers",18,"2026-01-01","2026-12-31",2026-04-30,120,2026-04-29,1,1,0
"onset",287821,46829,37.221249,-80.416122,647,"VA",100,"Quercus","alba","white oak","Plantae",371,"Breaking leaf buds",14,"2022-01-01","2022-12-31",2022-04-27,117,2022-04-13,14,1,0
"onset",287821,46829,37.221249,-80.416122,647,"VA",100,"Quercus","alba","white oak","Plantae",371,"Breaking leaf buds",16,"2024-01-01","2024-12-31",2024-03-15,75,2024-03-14,1,2,0
"onset",287821,46829,37.221249,-80.416122,647,"VA",100,"Quercus","alba","white oak","Plantae",371,"Breaking leaf buds",17,"2025-01-01","2025-12-31",2025-04-02,92,2025-03-27,6,2,0
"onset",287821,46829,37.221249,-80.416122,647,"VA",100,"Quercus","alba","white oak","Plantae",371,"Breaking leaf buds",18,"2026-01-01","2026-12-31",2026-03-28,87,2026-03-26,2,2,0
"onset",287821,46829,37.221249,-80.416122,647,"VA",100,"Quercus","alba","white oak","Plantae",501,"Open flowers",18,"2026-01-01","2026-12-31",2026-04-16,106,2026-04-09,7,2,0
"onset",287822,46829,37.221249,-80.416122,647,"VA",100,"Quercus","alba","white oak","Plantae",371,"Breaking leaf buds",14,"2022-01-01","2022-12-31",2022-04-27,117,2022-04-08,19,1,0
"onset",287822,46829,37.221249,-80.416122,647,"VA",100,"Quercus","alba","white oak","Plantae",371,"Breaking leaf buds",16,"2024-01-01","2024-12-31",2024-04-28,119,2024-04-27,1,1,0
"onset",287822,46829,37.221249,-80.416122,647,"VA",100,"Quercus","alba","white oak","Plantae",371,"Breaking leaf buds",17,"2025-01-01","2025-12-31",2025-04-08,98,2025-04-04,4,3,0
"onset",287822,46829,37.221249,-80.416122,647,"VA",100,"Quercus","alba","white oak","Plantae",371,"Breaking leaf buds",18,"2026-01-01","2026-12-31",2026-03-28,87,2026-03-26,2,2,0
"onset",287823,46829,37.221249,-80.416122,647,"VA",100,"Quercus","alba","white oak","Plantae",371,"Breaking leaf buds",14,"2022-01-01","2022-12-31",2022-04-27,117,2022-04-13,14,1,0
"onset",287823,46829,37.221249,-80.416122,647,"VA",100,"Quercus","alba","white oak","Plantae",371,"Breaking leaf buds",16,"2024-01-01","2024-12-31",2024-04-20,111,2024-04-12,8,1,0
"onset",287823,46829,37.221249,-80.416122,647,"VA",100,"Quercus","alba","white oak","Plantae",371,"Breaking leaf buds",18,"2026-01-01","2026-12-31",2026-03-28,87,2026-03-26,2,2,0
"onset",287823,46829,37.221249,-80.416122,647,"VA",100,"Quercus","alba","white oak","Plantae",501,"Open flowers",16,"2024-01-01","2024-12-31",2024-04-20,111,2024-04-12,8,1,0
"onset",287824,46829,37.221249,-80.416122,647,"VA",100,"Quercus","alba","white oak","Plantae",371,"Breaking leaf buds",14,"2022-01-01","2022-12-31",2022-03-13,72,2022-03-03,10,2,0
"onset",287824,46829,37.221249,-80.416122,647,"VA",100,"Quercus","alba","white oak","Plantae",371,"Breaking leaf buds",16,"2024-01-01","2024-12-31",2024-04-20,111,2024-04-12,8,1,0
"onset",287824,46829,37.221249,-80.416122,647,"VA",100,"Quercus","alba","white oak","Plantae",371,"Breaking leaf buds",17,"2025-01-01","2025-12-31",2025-04-24,114,2025-04-18,6,1,0
"onset",287824,46829,37.221249,-80.416122,647,"VA",100,"Quercus","alba","white oak","Plantae",371,"Breaking leaf buds",18,"2026-01-01","2026-12-31",2026-03-28,87,2026-03-26,2,3,0
"onset",287825,46829,37.221249,-80.416122,647,"VA",100,"Quercus","alba","white oak","Plantae",371,"Breaking leaf buds",14,"2022-01-01","2022-12-31",2022-04-27,117,2022-04-13,14,1,0
"onset",287825,46829,37.221249,-80.416122,647,"VA",100,"Quercus","alba","white oak","Plantae",371,"Breaking leaf buds",16,"2024-01-01","2024-12-31",2024-03-15,75,2024-03-13,2,2,0
"onset",287825,46829,37.221249,-80.416122,647,"VA",100,"Quercus","alba","white oak","Plantae",371,"Breaking leaf buds",17,"2025-01-01","2025-12-31",2025-04-24,114,2025-04-18,6,1,0
"onset",287825,46829,37.221249,-80.416122,647,"VA",100,"Quercus","alba","white oak","Plantae",371,"Breaking leaf buds",18,"2026-01-01","2026-12-31",2026-03-28,87,2026-03-26,2,2,0
"onset",287825,46829,37.221249,-80.416122,647,"VA",100,"Quercus","alba","white oak","Plantae",501,"Open flowers",16,"2024-01-01","2024-12-31",2024-04-20,111,2024-04-12,8,1,0
"onset",287825,46829,37.221249,-80.416122,647,"VA",100,"Quercus","alba","white oak","Plantae",501,"Open flowers",18,"2026-01-01","2026-12-31",2026-04-30,120,2026-04-29,1,1,0
"onset",287826,46829,37.221249,-80.416122,647,"VA",100,"Quercus","alba","white oak","Plantae",371,"Breaking leaf buds",14,"2022-01-01","2022-12-31",2022-04-27,117,2022-04-13,14,1,0
"onset",287826,46829,37.221249,-80.416122,647,"VA",100,"Quercus","alba","white oak","Plantae",371,"Breaking leaf buds",16,"2024-01-01","2024-12-31",2024-04-04,95,2024-03-22,13,2,0
"onset",287826,46829,37.221249,-80.416122,647,"VA",100,"Quercus","alba","white oak","Plantae",371,"Breaking leaf buds",17,"2025-01-01","2025-12-31",2025-04-24,114,2025-04-18,6,2,0
"onset",287826,46829,37.221249,-80.416122,647,"VA",100,"Quercus","alba","white oak","Plantae",371,"Breaking leaf buds",18,"2026-01-01","2026-12-31",2026-03-28,87,2026-03-26,2,4,0
"onset",287827,46829,37.221249,-80.416122,647,"VA",100,"Quercus","alba","white oak","Plantae",371,"Breaking leaf buds",14,"2022-01-01","2022-12-31",2022-04-27,117,2022-04-13,14,1,0
"onset",287827,46829,37.221249,-80.416122,647,"VA",100,"Quercus","alba","white oak","Plantae",371,"Breaking leaf buds",16,"2024-01-01","2024-12-31",2024-03-22,82,2024-03-15,7,2,0
"onset",287827,46829,37.221249,-80.416122,647,"VA",100,"Quercus","alba","white oak","Plantae",371,"Breaking leaf buds",17,"2025-01-01","2025-12-31",2025-05-02,122,2025-04-29,3,1,0
"onset",287827,46829,37.221249,-80.416122,647,"VA",100,"Quercus","alba","white oak","Plantae",371,"Breaking leaf buds",18,"2026-01-01","2026-12-31",2026-03-28,87,2026-03-26,2,3,0
"onset",287827,46829,37.221249,-80.416122,647,"VA",100,"Quercus","alba","white oak","Plantae",501,"Open flowers",16,"2024-01-01","2024-12-31",2024-04-20,111,2024-04-12,8,1,0
"onset",287827,46829,37.221249,-80.416122,647,"VA",100,"Quercus","alba","white oak","Plantae",501,"Open flowers",17,"2025-01-01","2025-12-31",2025-04-24,114,2025-04-18,6,1,0
"onset",287827,46829,37.221249,-80.416122,647,"VA",100,"Quercus","alba","white oak","Plantae",501,"Open flowers",18,"2026-01-01","2026-12-31",2026-03-28,87,2026-03-26,2,3,0
"onset",287828,46829,37.221249,-80.416122,647,"VA",100,"Quercus","alba","white oak","Plantae",371,"Breaking leaf buds",14,"2022-01-01","2022-12-31",2022-04-27,117,2022-04-13,14,1,0
"onset",287828,46829,37.221249,-80.416122,647,"VA",100,"Quercus","alba","white oak","Plantae",371,"Breaking leaf buds",16,"2024-01-01","2024-12-31",2024-03-22,82,2024-03-15,7,3,0
"onset",287828,46829,37.221249,-80.416122,647,"VA",100,"Quercus","alba","white oak","Plantae",371,"Breaking leaf buds",17,"2025-01-01","2025-12-31",2025-04-24,114,2025-04-18,6,2,0
"onset",287828,46829,37.221249,-80.416122,647,"VA",100,"Quercus","alba","white oak","Plantae",371,"Breaking leaf buds",18,"2026-01-01","2026-12-31",2026-04-03,93,2026-03-31,3,3,0
"onset",288479,47018,35.899311,-78.720772,145,"NC",100,"Quercus","alba","white oak","Plantae",371,"Breaking leaf buds",14,"2022-01-01","2022-12-31",2022-03-28,87,2022-03-20,8,1,0
"onset",288480,47018,35.899311,-78.720772,145,"NC",100,"Quercus","alba","white oak","Plantae",371,"Breaking leaf buds",14,"2022-01-01","2022-12-31",2022-03-18,77,2022-03-11,7,1,0
"onset",288481,47018,35.899311,-78.720772,145,"NC",100,"Quercus","alba","white oak","Plantae",371,"Breaking leaf buds",14,"2022-01-01","2022-12-31",2022-03-19,78,2022-03-18,1,1,0
"onset",288482,47018,35.899311,-78.720772,145,"NC",100,"Quercus","alba","white oak","Plantae",371,"Breaking leaf buds",14,"2022-01-01","2022-12-31",2022-03-20,79,2022-03-19,1,1,0
"onset",288483,47018,35.899311,-78.720772,145,"NC",100,"Quercus","alba","white oak","Plantae",371,"Breaking leaf buds",14,"2022-01-01","2022-12-31",2022-03-19,78,2022-03-18,1,1,0
"onset",288724,47030,35.79995,-78.688179,133,"NC",1755,"Quercus","stellata","post oak","Plantae",371,"Breaking leaf buds",14,"2022-01-01","2022-12-31",2022-03-02,61,2022-02-28,2,1,0
"onset",288724,47030,35.79995,-78.688179,133,"NC",1755,"Quercus","stellata","post oak","Plantae",501,"Open flowers",14,"2022-01-01","2022-12-31",2022-03-09,68,2022-03-02,7,1,0
"onset",288725,47030,35.79995,-78.688179,133,"NC",1755,"Quercus","stellata","post oak","Plantae",371,"Breaking leaf buds",14,"2022-01-01","2022-12-31",2022-03-02,61,2022-02-28,2,1,0
"onset",288725,47030,35.79995,-78.688179,133,"NC",1755,"Quercus","stellata","post oak","Plantae",501,"Open flowers",14,"2022-01-01","2022-12-31",2022-03-09,68,2022-03-02,7,1,0
"onset",288726,47030,35.79995,-78.688179,133,"NC",1755,"Quercus","stellata","post oak","Plantae",371,"Breaking leaf buds",14,"2022-01-01","2022-12-31",2022-03-02,61,2022-02-28,2,1,0
"onset",288726,47030,35.79995,-78.688179,133,"NC",1755,"Quercus","stellata","post oak","Plantae",501,"Open flowers",14,"2022-01-01","2022-12-31",2022-03-09,68,2022-03-02,7,1,0
"onset",288727,47030,35.79995,-78.688179,133,"NC",1755,"Quercus","stellata","post oak","Plantae",371,"Breaking leaf buds",14,"2022-01-01","2022-12-31",2022-03-02,61,2022-02-28,2,1,0
"onset",288727,47030,35.79995,-78.688179,133,"NC",1755,"Quercus","stellata","post oak","Plantae",501,"Open flowers",14,"2022-01-01","2022-12-31",2022-03-09,68,2022-03-02,7,1,0
"onset",288730,47030,35.79995,-78.688179,133,"NC",1755,"Quercus","stellata","post oak","Plantae",371,"Breaking leaf buds",14,"2022-01-01","2022-12-31",2022-03-02,61,2022-02-28,2,1,0
"onset",288730,47030,35.79995,-78.688179,133,"NC",1755,"Quercus","stellata","post oak","Plantae",501,"Open flowers",14,"2022-01-01","2022-12-31",2022-03-12,71,2022-03-09,3,1,0
"onset",288732,47030,35.79995,-78.688179,133,"NC",1755,"Quercus","stellata","post oak","Plantae",371,"Breaking leaf buds",14,"2022-01-01","2022-12-31",2022-03-02,61,2022-02-28,2,1,0
"onset",288732,47030,35.79995,-78.688179,133,"NC",1755,"Quercus","stellata","post oak","Plantae",501,"Open flowers",14,"2022-01-01","2022-12-31",2022-03-09,68,2022-03-02,7,1,0
"onset",288733,47030,35.79995,-78.688179,133,"NC",100,"Quercus","alba","white oak","Plantae",371,"Breaking leaf buds",14,"2022-01-01","2022-12-31",2022-03-02,61,2022-02-28,2,1,0
"onset",288733,47030,35.79995,-78.688179,133,"NC",100,"Quercus","alba","white oak","Plantae",501,"Open flowers",14,"2022-01-01","2022-12-31",2022-03-09,68,2022-03-02,7,1,0
"onset",288755,47050,40.736946,-73.161842,11,"NY",101,"Quercus","macrocarpa","bur oak","Plantae",371,"Breaking leaf buds",14,"2022-01-01","2022-12-31",2022-05-01,121,2022-04-29,2,1,0
"onset",288755,47050,40.736946,-73.161842,11,"NY",101,"Quercus","macrocarpa","bur oak","Plantae",371,"Breaking leaf buds",15,"2023-01-01","2023-12-31",2023-04-19,109,2023-04-17,2,1,0
"onset",288755,47050,40.736946,-73.161842,11,"NY",101,"Quercus","macrocarpa","bur oak","Plantae",501,"Open flowers",14,"2022-01-01","2022-12-31",2022-05-15,135,2022-05-13,2,1,0
"onset",288781,22580,42.077522,-72.558563,48,"MA",100,"Quercus","alba","white oak","Plantae",371,"Breaking leaf buds",14,"2022-01-01","2022-12-31",2022-05-01,121,2022-04-27,4,1,0
"onset",288781,22580,42.077522,-72.558563,48,"MA",100,"Quercus","alba","white oak","Plantae",371,"Breaking leaf buds",15,"2023-01-01","2023-12-31",2023-04-16,106,2023-04-15,1,1,0
"onset",288781,22580,42.077522,-72.558563,48,"MA",100,"Quercus","alba","white oak","Plantae",371,"Breaking leaf buds",16,"2024-01-01","2024-12-31",2024-04-27,118,2024-04-24,3,1,0
"onset",288781,22580,42.077522,-72.558563,48,"MA",100,"Quercus","alba","white oak","Plantae",371,"Breaking leaf buds",17,"2025-01-01","2025-12-31",2025-04-25,115,2025-04-23,2,1,0
"onset",288781,22580,42.077522,-72.558563,48,"MA",100,"Quercus","alba","white oak","Plantae",371,"Breaking leaf buds",18,"2026-01-01","2026-12-31",2026-04-18,108,2026-04-11,7,1,0
"onset",288781,22580,42.077522,-72.558563,48,"MA",100,"Quercus","alba","white oak","Plantae",501,"Open flowers",14,"2022-01-01","2022-12-31",2022-05-15,135,2022-05-05,10,2,0
"onset",288781,22580,42.077522,-72.558563,48,"MA",100,"Quercus","alba","white oak","Plantae",501,"Open flowers",15,"2023-01-01","2023-12-31",2023-04-27,117,2023-04-22,5,1,0
"onset",288781,22580,42.077522,-72.558563,48,"MA",100,"Quercus","alba","white oak","Plantae",501,"Open flowers",16,"2024-01-01","2024-12-31",2024-05-07,128,2024-05-04,3,2,0
"onset",288781,22580,42.077522,-72.558563,48,"MA",100,"Quercus","alba","white oak","Plantae",501,"Open flowers",17,"2025-01-01","2025-12-31",2025-05-07,127,2025-05-03,4,1,0
"onset",288781,22580,42.077522,-72.558563,48,"MA",100,"Quercus","alba","white oak","Plantae",501,"Open flowers",18,"2026-01-01","2026-12-31",2026-05-06,126,2026-05-02,4,1,0
"onset",288782,22580,42.077522,-72.558563,48,"MA",100,"Quercus","alba","white oak","Plantae",371,"Breaking leaf buds",14,"2022-01-01","2022-12-31",2022-05-01,121,2022-04-27,4,1,0
"onset",288782,22580,42.077522,-72.558563,48,"MA",100,"Quercus","alba","white oak","Plantae",371,"Breaking leaf buds",15,"2023-01-01","2023-12-31",2023-04-16,106,2023-04-15,1,1,0
"onset",288783,22580,42.077522,-72.558563,48,"MA",100,"Quercus","alba","white oak","Plantae",371,"Breaking leaf buds",14,"2022-01-01","2022-12-31",2022-05-01,121,2022-04-27,4,1,0
"onset",288783,22580,42.077522,-72.558563,48,"MA",100,"Quercus","alba","white oak","Plantae",371,"Breaking leaf buds",15,"2023-01-01","2023-12-31",2023-04-16,106,2023-04-15,1,1,0
"onset",288837,47109,39.134617,-77.671898,163,"VA",100,"Quercus","alba","white oak","Plantae",371,"Breaking leaf buds",16,"2024-01-01","2024-12-31",2024-05-02,123,2024-04-11,21,1,0
"onset",288837,47109,39.134617,-77.671898,163,"VA",100,"Quercus","alba","white oak","Plantae",501,"Open flowers",16,"2024-01-01","2024-12-31",2024-05-02,123,2024-04-11,21,1,0
"onset",288872,47136,42.432171,-71.10672,19,"MA",100,"Quercus","alba","white oak","Plantae",371,"Breaking leaf buds",14,"2022-01-01","2022-12-31",2022-05-09,129,2022-05-02,7,1,0
"onset",288914,31289,42.454601,-71.12426,35,"MA",100,"Quercus","alba","white oak","Plantae",371,"Breaking leaf buds",14,"2022-01-01","2022-12-31",2022-04-29,119,2022-04-22,7,1,0
"onset",288914,31289,42.454601,-71.12426,35,"MA",100,"Quercus","alba","white oak","Plantae",371,"Breaking leaf buds",15,"2023-01-01","2023-12-31",2023-04-21,111,2023-04-14,7,1,0
"onset",288914,31289,42.454601,-71.12426,35,"MA",100,"Quercus","alba","white oak","Plantae",371,"Breaking leaf buds",16,"2024-01-01","2024-12-31",2024-04-19,110,2024-04-13,6,1,0
"onset",288914,31289,42.454601,-71.12426,35,"MA",100,"Quercus","alba","white oak","Plantae",371,"Breaking leaf buds",17,"2025-01-01","2025-12-31",2025-04-25,115,2025-04-18,7,1,0
"onset",288914,31289,42.454601,-71.12426,35,"MA",100,"Quercus","alba","white oak","Plantae",371,"Breaking leaf buds",18,"2026-01-01","2026-12-31",2026-04-24,114,2026-04-17,7,1,0
"onset",288914,31289,42.454601,-71.12426,35,"MA",100,"Quercus","alba","white oak","Plantae",501,"Open flowers",15,"2023-01-01","2023-12-31",2023-05-12,132,2023-05-05,7,1,0
"onset",288914,31289,42.454601,-71.12426,35,"MA",100,"Quercus","alba","white oak","Plantae",501,"Open flowers",16,"2024-01-01","2024-12-31",2024-05-17,138,2024-05-10,7,1,0
"onset",288914,31289,42.454601,-71.12426,35,"MA",100,"Quercus","alba","white oak","Plantae",501,"Open flowers",17,"2025-01-01","2025-12-31",2025-05-16,136,2025-05-02,14,1,0
"onset",288914,31289,42.454601,-71.12426,35,"MA",100,"Quercus","alba","white oak","Plantae",501,"Open flowers",18,"2026-01-01","2026-12-31",2026-05-08,128,2026-05-01,7,1,0
"onset",288920,31139,42.455235,-71.123512,36,"MA",100,"Quercus","alba","white oak","Plantae",371,"Breaking leaf buds",15,"2023-01-01","2023-12-31",2023-04-21,111,2023-04-14,7,1,0
"onset",288920,31139,42.455235,-71.123512,36,"MA",100,"Quercus","alba","white oak","Plantae",371,"Breaking leaf buds",16,"2024-01-01","2024-12-31",2024-04-26,117,2024-04-19,7,1,0
"onset",288920,31139,42.455235,-71.123512,36,"MA",100,"Quercus","alba","white oak","Plantae",371,"Breaking leaf buds",17,"2025-01-01","2025-12-31",2025-04-25,115,2025-04-18,7,1,0
"onset",288920,31139,42.455235,-71.123512,36,"MA",100,"Quercus","alba","white oak","Plantae",371,"Breaking leaf buds",18,"2026-01-01","2026-12-31",2026-04-24,114,2026-04-17,7,1,0
"onset",288920,31139,42.455235,-71.123512,36,"MA",100,"Quercus","alba","white oak","Plantae",501,"Open flowers",14,"2022-01-01","2022-12-31",2022-05-20,140,2022-05-13,7,1,0
"onset",288920,31139,42.455235,-71.123512,36,"MA",100,"Quercus","alba","white oak","Plantae",501,"Open flowers",15,"2023-01-01","2023-12-31",2023-05-12,132,2023-05-05,7,1,0
"onset",288920,31139,42.455235,-71.123512,36,"MA",100,"Quercus","alba","white oak","Plantae",501,"Open flowers",16,"2024-01-01","2024-12-31",2024-05-17,138,2024-05-10,7,1,0
"onset",288920,31139,42.455235,-71.123512,36,"MA",100,"Quercus","alba","white oak","Plantae",501,"Open flowers",17,"2025-01-01","2025-12-31",2025-05-09,129,2025-05-02,7,1,0
"onset",288920,31139,42.455235,-71.123512,36,"MA",100,"Quercus","alba","white oak","Plantae",501,"Open flowers",18,"2026-01-01","2026-12-31",2026-05-15,135,2026-05-08,7,1,0
"onset",288950,46583,38.911377,-77.10849,31,"VA",100,"Quercus","alba","white oak","Plantae",371,"Breaking leaf buds",14,"2022-01-01","2022-12-31",2022-04-30,120,2022-04-21,9,1,0
"onset",288950,46583,38.911377,-77.10849,31,"VA",100,"Quercus","alba","white oak","Plantae",371,"Breaking leaf buds",16,"2024-01-01","2024-12-31",2024-03-15,75,2024-03-07,8,2,0
"onset",288950,46583,38.911377,-77.10849,31,"VA",100,"Quercus","alba","white oak","Plantae",371,"Breaking leaf buds",17,"2025-01-01","2025-12-31",2025-03-29,88,2025-03-19,10,1,0
"onset",288950,46583,38.911377,-77.10849,31,"VA",100,"Quercus","alba","white oak","Plantae",371,"Breaking leaf buds",18,"2026-01-01","2026-12-31",2026-03-26,85,2026-03-24,2,1,0
"onset",288950,46583,38.911377,-77.10849,31,"VA",100,"Quercus","alba","white oak","Plantae",501,"Open flowers",17,"2025-01-01","2025-12-31",2025-04-02,92,2025-03-29,4,1,0
"onset",288950,46583,38.911377,-77.10849,31,"VA",100,"Quercus","alba","white oak","Plantae",501,"Open flowers",18,"2026-01-01","2026-12-31",2026-04-07,97,2026-04-04,3,1,0
"onset",288953,47073,49.858315,-97.108627,231,"MB",101,"Quercus","macrocarpa","bur oak","Plantae",371,"Breaking leaf buds",14,"2022-01-01","2022-12-31",2022-05-20,140,2022-05-19,1,1,0
"onset",288953,47073,49.858315,-97.108627,231,"MB",101,"Quercus","macrocarpa","bur oak","Plantae",501,"Open flowers",14,"2022-01-01","2022-12-31",2022-05-28,148,2022-05-27,1,1,0
"onset",288963,47078,36.3727,-80.1483,245,"NC",100,"Quercus","alba","white oak","Plantae",371,"Breaking leaf buds",14,"2022-01-01","2022-12-31",2022-04-12,102,2022-04-09,3,1,0
"onset",288963,47078,36.3727,-80.1483,245,"NC",100,"Quercus","alba","white oak","Plantae",371,"Breaking leaf buds",15,"2023-01-01","2023-12-31",2023-03-08,67,2023-02-26,10,2,0
"onset",288963,47078,36.3727,-80.1483,245,"NC",100,"Quercus","alba","white oak","Plantae",371,"Breaking leaf buds",17,"2025-01-01","2025-12-31",2025-03-30,89,2025-03-24,6,1,0
"onset",288963,47078,36.3727,-80.1483,245,"NC",100,"Quercus","alba","white oak","Plantae",371,"Breaking leaf buds",18,"2026-01-01","2026-12-31",2026-04-14,104,2026-04-05,9,1,0
"onset",288963,47078,36.3727,-80.1483,245,"NC",100,"Quercus","alba","white oak","Plantae",501,"Open flowers",14,"2022-01-01","2022-12-31",2022-04-12,102,2022-04-09,3,1,0
"onset",288963,47078,36.3727,-80.1483,245,"NC",100,"Quercus","alba","white oak","Plantae",501,"Open flowers",15,"2023-01-01","2023-12-31",2023-04-15,105,2023-04-04,11,1,0
"onset",288963,47078,36.3727,-80.1483,245,"NC",100,"Quercus","alba","white oak","Plantae",501,"Open flowers",17,"2025-01-01","2025-12-31",2025-03-30,89,2025-03-24,6,1,0
"onset",288963,47078,36.3727,-80.1483,245,"NC",100,"Quercus","alba","white oak","Plantae",501,"Open flowers",18,"2026-01-01","2026-12-31",2026-04-05,95,2026-03-24,12,1,0
"onset",288964,47078,36.3727,-80.1483,245,"NC",1212,"Quercus","montana","chestnut oak","Plantae",371,"Breaking leaf buds",14,"2022-01-01","2022-12-31",2022-04-16,106,2022-04-12,4,1,0
"onset",288964,47078,36.3727,-80.1483,245,"NC",1212,"Quercus","montana","chestnut oak","Plantae",371,"Breaking leaf buds",15,"2023-01-01","2023-12-31",2023-04-09,99,2023-04-04,5,1,0
"onset",288964,47078,36.3727,-80.1483,245,"NC",1212,"Quercus","montana","chestnut oak","Plantae",371,"Breaking leaf buds",17,"2025-01-01","2025-12-31",2025-04-12,102,2025-03-30,13,1,0
"onset",288964,47078,36.3727,-80.1483,245,"NC",1212,"Quercus","montana","chestnut oak","Plantae",371,"Breaking leaf buds",18,"2026-01-01","2026-12-31",2026-04-14,104,2026-04-05,9,1,0
"onset",288964,47078,36.3727,-80.1483,245,"NC",1212,"Quercus","montana","chestnut oak","Plantae",501,"Open flowers",14,"2022-01-01","2022-12-31",2022-04-16,106,2022-04-12,4,1,0
"onset",288964,47078,36.3727,-80.1483,245,"NC",1212,"Quercus","montana","chestnut oak","Plantae",501,"Open flowers",15,"2023-01-01","2023-12-31",2023-04-15,105,2023-04-04,11,1,0
"onset",288964,47078,36.3727,-80.1483,245,"NC",1212,"Quercus","montana","chestnut oak","Plantae",501,"Open flowers",17,"2025-01-01","2025-12-31",2025-04-12,102,2025-03-30,13,1,0
"onset",288964,47078,36.3727,-80.1483,245,"NC",1212,"Quercus","montana","chestnut oak","Plantae",501,"Open flowers",18,"2026-01-01","2026-12-31",2026-04-05,95,2026-03-24,12,1,0
"onset",289005,47162,40.741177,-73.160126,11,"NY",100,"Quercus","alba","white oak","Plantae",371,"Breaking leaf buds",14,"2022-01-01","2022-12-31",2022-05-05,125,2022-05-04,1,1,0
"onset",289005,47162,40.741177,-73.160126,11,"NY",100,"Quercus","alba","white oak","Plantae",371,"Breaking leaf buds",15,"2023-01-01","2023-12-31",2023-04-23,113,2023-04-20,3,2,0
"onset",289005,47162,40.741177,-73.160126,11,"NY",100,"Quercus","alba","white oak","Plantae",501,"Open flowers",14,"2022-01-01","2022-12-31",2022-05-20,140,2022-05-19,1,1,0
"onset",289006,47162,40.741177,-73.160126,11,"NY",100,"Quercus","alba","white oak","Plantae",371,"Breaking leaf buds",14,"2022-01-01","2022-12-31",2022-05-08,128,2022-05-07,1,1,0
"onset",289006,47162,40.741177,-73.160126,11,"NY",100,"Quercus","alba","white oak","Plantae",371,"Breaking leaf buds",15,"2023-01-01","2023-12-31",2023-04-23,113,2023-04-20,3,2,0
"onset",289006,47162,40.741177,-73.160126,11,"NY",100,"Quercus","alba","white oak","Plantae",501,"Open flowers",14,"2022-01-01","2022-12-31",2022-05-22,142,2022-05-20,2,1,0
"onset",289007,47162,40.741177,-73.160126,11,"NY",100,"Quercus","alba","white oak","Plantae",371,"Breaking leaf buds",14,"2022-01-01","2022-12-31",2022-05-09,129,2022-05-08,1,1,0
"onset",289007,47162,40.741177,-73.160126,11,"NY",100,"Quercus","alba","white oak","Plantae",371,"Breaking leaf buds",15,"2023-01-01","2023-12-31",2023-05-03,123,2023-04-23,10,1,0
"onset",289007,47162,40.741177,-73.160126,11,"NY",100,"Quercus","alba","white oak","Plantae",501,"Open flowers",14,"2022-01-01","2022-12-31",2022-05-22,142,2022-05-20,2,1,0
"onset",289008,47162,40.741177,-73.160126,11,"NY",100,"Quercus","alba","white oak","Plantae",371,"Breaking leaf buds",14,"2022-01-01","2022-12-31",2022-05-08,128,2022-05-07,1,1,0
"onset",289008,47162,40.741177,-73.160126,11,"NY",100,"Quercus","alba","white oak","Plantae",371,"Breaking leaf buds",15,"2023-01-01","2023-12-31",2023-05-03,123,2023-04-23,10,1,0
"onset",289008,47162,40.741177,-73.160126,11,"NY",100,"Quercus","alba","white oak","Plantae",501,"Open flowers",14,"2022-01-01","2022-12-31",2022-05-20,140,2022-05-19,1,1,0
"onset",289022,47108,39.13485,-77.66407,160,"VA",100,"Quercus","alba","white oak","Plantae",371,"Breaking leaf buds",16,"2024-01-01","2024-12-31",2024-04-07,98,2024-04-06,1,1,0
"onset",289024,47108,39.13485,-77.66407,160,"VA",100,"Quercus","alba","white oak","Plantae",371,"Breaking leaf buds",14,"2022-01-01","2022-12-31",2022-03-31,90,2022-03-21,10,1,0
"onset",289024,47108,39.13485,-77.66407,160,"VA",100,"Quercus","alba","white oak","Plantae",371,"Breaking leaf buds",16,"2024-01-01","2024-12-31",2024-04-11,102,2024-04-07,4,1,0
"onset",289179,47073,49.858315,-97.108627,231,"MB",101,"Quercus","macrocarpa","bur oak","Plantae",371,"Breaking leaf buds",14,"2022-01-01","2022-12-31",2022-05-19,139,2022-05-11,8,2,0
"onset",289179,47073,49.858315,-97.108627,231,"MB",101,"Quercus","macrocarpa","bur oak","Plantae",501,"Open flowers",14,"2022-01-01","2022-12-31",2022-05-28,148,2022-05-27,1,2,0
"onset",289191,47242,36.04776,-83.935112,325,"TN",100,"Quercus","alba","white oak","Plantae",371,"Breaking leaf buds",14,"2022-01-01","2022-12-31",2022-03-31,90,2022-03-22,9,1,0
"onset",289191,47242,36.04776,-83.935112,325,"TN",100,"Quercus","alba","white oak","Plantae",501,"Open flowers",14,"2022-01-01","2022-12-31",2022-04-14,104,2022-04-11,3,1,0
"onset",289192,47242,36.04776,-83.935112,325,"TN",100,"Quercus","alba","white oak","Plantae",371,"Breaking leaf buds",14,"2022-01-01","2022-12-31",2022-03-31,90,2022-03-22,9,1,0
"onset",289192,47242,36.04776,-83.935112,325,"TN",100,"Quercus","alba","white oak","Plantae",501,"Open flowers",14,"2022-01-01","2022-12-31",2022-04-11,101,2022-04-05,6,1,0
"onset",289204,43327,42.386902,-71.146004,6,"MA",2043,"Quercus","bicolor","swamp white oak","Plantae",371,"Breaking leaf buds",14,"2022-01-01","2022-12-31",2022-05-02,122,2022-04-25,7,1,0
"onset",289204,43327,42.386902,-71.146004,6,"MA",2043,"Quercus","bicolor","swamp white oak","Plantae",371,"Breaking leaf buds",15,"2023-01-01","2023-12-31",2023-04-19,109,2023-04-10,9,1,0
"onset",289204,43327,42.386902,-71.146004,6,"MA",2043,"Quercus","bicolor","swamp white oak","Plantae",371,"Breaking leaf buds",16,"2024-01-01","2024-12-31",2024-04-21,112,2024-04-15,6,2,0
"onset",289204,43327,42.386902,-71.146004,6,"MA",2043,"Quercus","bicolor","swamp white oak","Plantae",371,"Breaking leaf buds",17,"2025-01-01","2025-12-31",2025-04-21,111,2025-04-14,7,1,0
"onset",289204,43327,42.386902,-71.146004,6,"MA",2043,"Quercus","bicolor","swamp white oak","Plantae",371,"Breaking leaf buds",18,"2026-01-01","2026-12-31",2026-04-20,110,2026-04-13,7,1,0
"onset",289204,43327,42.386902,-71.146004,6,"MA",2043,"Quercus","bicolor","swamp white oak","Plantae",501,"Open flowers",16,"2024-01-01","2024-12-31",2024-04-29,120,2024-04-22,7,1,0
"onset",289204,43327,42.386902,-71.146004,6,"MA",2043,"Quercus","bicolor","swamp white oak","Plantae",501,"Open flowers",18,"2026-01-01","2026-12-31",2026-05-04,124,2026-04-27,7,1,0
"onset",289256,36700,42.455666,-71.124626,50,"MA",100,"Quercus","alba","white oak","Plantae",371,"Breaking leaf buds",14,"2022-01-01","2022-12-31",2022-05-06,126,2022-04-29,7,1,0
"onset",289256,36700,42.455666,-71.124626,50,"MA",100,"Quercus","alba","white oak","Plantae",371,"Breaking leaf buds",15,"2023-01-01","2023-12-31",2023-04-14,104,2023-04-07,7,1,0
"onset",289256,36700,42.455666,-71.124626,50,"MA",100,"Quercus","alba","white oak","Plantae",371,"Breaking leaf buds",16,"2024-01-01","2024-12-31",2024-04-26,117,2024-04-19,7,1,0
"onset",289256,36700,42.455666,-71.124626,50,"MA",100,"Quercus","alba","white oak","Plantae",371,"Breaking leaf buds",17,"2025-01-01","2025-12-31",2025-04-25,115,2025-04-18,7,1,0
"onset",289256,36700,42.455666,-71.124626,50,"MA",100,"Quercus","alba","white oak","Plantae",371,"Breaking leaf buds",18,"2026-01-01","2026-12-31",2026-05-01,121,2026-04-24,7,1,0
"onset",289256,36700,42.455666,-71.124626,50,"MA",100,"Quercus","alba","white oak","Plantae",501,"Open flowers",15,"2023-01-01","2023-12-31",2023-05-19,139,2023-05-12,7,1,0
"onset",289256,36700,42.455666,-71.124626,50,"MA",100,"Quercus","alba","white oak","Plantae",501,"Open flowers",17,"2025-01-01","2025-12-31",2025-05-16,136,2025-05-09,7,1,0
"onset",289279,47198,42.396446,-71.135941,13,"MA",2043,"Quercus","bicolor","swamp white oak","Plantae",371,"Breaking leaf buds",14,"2022-01-01","2022-12-31",2022-04-16,106,2022-04-08,8,1,0
"onset",289345,16337,42.04314,-87.687683,184,"IL",2050,"Quercus","muehlenbergii","chinquapin oak","Plantae",371,"Breaking leaf buds",14,"2022-01-01","2022-12-31",2022-04-03,93,2022-03-25,9,2,0
"onset",289345,16337,42.04314,-87.687683,184,"IL",2050,"Quercus","muehlenbergii","chinquapin oak","Plantae",371,"Breaking leaf buds",15,"2023-01-01","2023-12-31",2023-04-15,105,2023-04-10,5,1,0
"onset",289356,47286,35.949524,-78.82518,119,"NC",100,"Quercus","alba","white oak","Plantae",371,"Breaking leaf buds",15,"2023-01-01","2023-12-31",2023-03-25,84,2023-03-17,8,1,0
"onset",289356,47286,35.949524,-78.82518,119,"NC",100,"Quercus","alba","white oak","Plantae",371,"Breaking leaf buds",16,"2024-01-01","2024-12-31",2024-04-05,96,2024-03-24,12,1,0
"onset",289356,47286,35.949524,-78.82518,119,"NC",100,"Quercus","alba","white oak","Plantae",371,"Breaking leaf buds",17,"2025-01-01","2025-12-31",2025-04-04,94,2025-03-28,7,1,0
"onset",289356,47286,35.949524,-78.82518,119,"NC",100,"Quercus","alba","white oak","Plantae",371,"Breaking leaf buds",18,"2026-01-01","2026-12-31",2026-04-04,94,2026-03-28,7,1,0
"onset",289356,47286,35.949524,-78.82518,119,"NC",100,"Quercus","alba","white oak","Plantae",501,"Open flowers",14,"2022-01-01","2022-12-31",2022-04-23,113,2022-04-17,6,1,0
"onset",289356,47286,35.949524,-78.82518,119,"NC",100,"Quercus","alba","white oak","Plantae",501,"Open flowers",16,"2024-01-01","2024-12-31",2024-04-20,111,2024-04-05,15,1,0
"onset",289356,47286,35.949524,-78.82518,119,"NC",100,"Quercus","alba","white oak","Plantae",501,"Open flowers",17,"2025-01-01","2025-12-31",2025-03-28,87,2025-03-23,5,2,0
"onset",289356,47286,35.949524,-78.82518,119,"NC",100,"Quercus","alba","white oak","Plantae",501,"Open flowers",18,"2026-01-01","2026-12-31",2026-04-04,94,2026-03-28,7,1,0
"onset",289357,47288,44.924088,-93.195183,258,"MN",2043,"Quercus","bicolor","swamp white oak","Plantae",371,"Breaking leaf buds",14,"2022-01-01","2022-12-31",2022-05-05,125,2022-05-04,1,1,0
"onset",289357,47288,44.924088,-93.195183,258,"MN",2043,"Quercus","bicolor","swamp white oak","Plantae",371,"Breaking leaf buds",15,"2023-01-01","2023-12-31",2023-04-17,107,2023-04-15,2,1,0
"onset",289367,16337,42.04314,-87.687683,184,"IL",2043,"Quercus","bicolor","swamp white oak","Plantae",371,"Breaking leaf buds",14,"2022-01-01","2022-12-31",2022-04-27,117,2022-04-23,4,1,0
"onset",289367,16337,42.04314,-87.687683,184,"IL",2043,"Quercus","bicolor","swamp white oak","Plantae",371,"Breaking leaf buds",15,"2023-01-01","2023-12-31",2023-04-15,105,2023-04-10,5,1,0
"onset",289367,16337,42.04314,-87.687683,184,"IL",2043,"Quercus","bicolor","swamp white oak","Plantae",501,"Open flowers",14,"2022-01-01","2022-12-31",2022-05-18,138,2022-05-10,8,1,0
"onset",289367,16337,42.04314,-87.687683,184,"IL",2043,"Quercus","bicolor","swamp white oak","Plantae",501,"Open flowers",15,"2023-01-01","2023-12-31",2023-04-30,120,2023-04-24,6,2,0
"onset",289368,16337,42.04314,-87.687683,184,"IL",2043,"Quercus","bicolor","swamp white oak","Plantae",371,"Breaking leaf buds",14,"2022-01-01","2022-12-31",2022-04-23,113,2022-04-09,14,1,0
"onset",289368,16337,42.04314,-87.687683,184,"IL",2043,"Quercus","bicolor","swamp white oak","Plantae",371,"Breaking leaf buds",15,"2023-01-01","2023-12-31",2023-04-15,105,2023-04-10,5,1,0
"onset",289369,16337,42.04314,-87.687683,184,"IL",2043,"Quercus","bicolor","swamp white oak","Plantae",371,"Breaking leaf buds",14,"2022-01-01","2022-12-31",2022-04-23,113,2022-04-09,14,1,0
"onset",289369,16337,42.04314,-87.687683,184,"IL",2043,"Quercus","bicolor","swamp white oak","Plantae",371,"Breaking leaf buds",15,"2023-01-01","2023-12-31",2023-04-15,105,2023-04-10,5,1,0
"onset",289369,16337,42.04314,-87.687683,184,"IL",2043,"Quercus","bicolor","swamp white oak","Plantae",501,"Open flowers",15,"2023-01-01","2023-12-31",2023-05-07,127,2023-05-05,2,1,0
"onset",289371,16337,42.04314,-87.687683,184,"IL",2050,"Quercus","muehlenbergii","chinquapin oak","Plantae",371,"Breaking leaf buds",14,"2022-01-01","2022-12-31",2022-04-27,117,2022-04-23,4,1,0
"onset",289371,16337,42.04314,-87.687683,184,"IL",2050,"Quercus","muehlenbergii","chinquapin oak","Plantae",371,"Breaking leaf buds",15,"2023-01-01","2023-12-31",2023-04-15,105,2023-04-10,5,1,0
"onset",289371,16337,42.04314,-87.687683,184,"IL",2050,"Quercus","muehlenbergii","chinquapin oak","Plantae",501,"Open flowers",14,"2022-01-01","2022-12-31",2022-05-18,138,2022-05-09,9,1,0
"onset",289371,16337,42.04314,-87.687683,184,"IL",2050,"Quercus","muehlenbergii","chinquapin oak","Plantae",501,"Open flowers",15,"2023-01-01","2023-12-31",2023-05-07,127,2023-05-05,2,1,0
"onset",289454,47313,39.125767,-77.677895,147,"VA",100,"Quercus","alba","white oak","Plantae",371,"Breaking leaf buds",15,"2023-01-01","2023-12-31",2023-04-17,107,2023-03-26,22,1,0
"onset",289456,47313,39.125767,-77.677895,147,"VA",100,"Quercus","alba","white oak","Plantae",501,"Open flowers",14,"2022-01-01","2022-12-31",2022-05-18,138,2022-05-08,10,1,0
"onset",289638,47320,43.304134,-78.860298,85,"NY",100,"Quercus","alba","white oak","Plantae",371,"Breaking leaf buds",14,"2022-01-01","2022-12-31",2022-05-01,121,2022-04-24,7,1,0
"onset",289638,47320,43.304134,-78.860298,85,"NY",100,"Quercus","alba","white oak","Plantae",371,"Breaking leaf buds",15,"2023-01-01","2023-12-31",2023-04-16,106,2023-04-12,4,1,0
"onset",289638,47320,43.304134,-78.860298,85,"NY",100,"Quercus","alba","white oak","Plantae",371,"Breaking leaf buds",16,"2024-01-01","2024-12-31",2024-04-12,103,2024-04-04,8,1,0
"onset",289725,47344,44.702324,-68.611954,101,"ME",100,"Quercus","alba","white oak","Plantae",371,"Breaking leaf buds",14,"2022-01-01","2022-12-31",2022-05-23,143,2022-05-20,3,1,0
"onset",289725,47344,44.702324,-68.611954,101,"ME",100,"Quercus","alba","white oak","Plantae",371,"Breaking leaf buds",15,"2023-01-01","2023-12-31",2023-05-16,136,2023-05-12,4,1,0
"onset",289725,47344,44.702324,-68.611954,101,"ME",100,"Quercus","alba","white oak","Plantae",371,"Breaking leaf buds",16,"2024-01-01","2024-12-31",2024-05-19,140,2024-05-16,3,1,0
"onset",289725,47344,44.702324,-68.611954,101,"ME",100,"Quercus","alba","white oak","Plantae",371,"Breaking leaf buds",17,"2025-01-01","2025-12-31",2025-05-26,146,2025-05-21,5,1,0
"onset",289726,47344,44.702324,-68.611954,101,"ME",101,"Quercus","macrocarpa","bur oak","Plantae",371,"Breaking leaf buds",14,"2022-01-01","2022-12-31",2022-05-06,126,2022-05-05,1,1,0
"onset",289726,47344,44.702324,-68.611954,101,"ME",101,"Quercus","macrocarpa","bur oak","Plantae",371,"Breaking leaf buds",15,"2023-01-01","2023-12-31",2023-04-30,120,2023-04-26,4,1,0
"onset",289726,47344,44.702324,-68.611954,101,"ME",101,"Quercus","macrocarpa","bur oak","Plantae",371,"Breaking leaf buds",16,"2024-01-01","2024-12-31",2024-05-06,127,2024-05-02,4,1,0
"onset",289726,47344,44.702324,-68.611954,101,"ME",101,"Quercus","macrocarpa","bur oak","Plantae",371,"Breaking leaf buds",17,"2025-01-01","2025-12-31",2025-05-06,126,2025-04-30,6,1,0
"onset",289726,47344,44.702324,-68.611954,101,"ME",101,"Quercus","macrocarpa","bur oak","Plantae",501,"Open flowers",14,"2022-01-01","2022-12-31",2022-05-23,143,2022-05-20,3,1,0
"onset",289726,47344,44.702324,-68.611954,101,"ME",101,"Quercus","macrocarpa","bur oak","Plantae",501,"Open flowers",15,"2023-01-01","2023-12-31",2023-05-20,140,2023-05-16,4,1,0
"onset",289726,47344,44.702324,-68.611954,101,"ME",101,"Quercus","macrocarpa","bur oak","Plantae",501,"Open flowers",17,"2025-01-01","2025-12-31",2025-05-26,146,2025-05-21,5,1,0
"onset",289727,47344,44.702324,-68.611954,101,"ME",2043,"Quercus","bicolor","swamp white oak","Plantae",371,"Breaking leaf buds",14,"2022-01-01","2022-12-31",2022-05-09,129,2022-05-06,3,1,0
"onset",289727,47344,44.702324,-68.611954,101,"ME",2043,"Quercus","bicolor","swamp white oak","Plantae",371,"Breaking leaf buds",15,"2023-01-01","2023-12-31",2023-05-04,124,2023-04-30,4,1,0
"onset",289727,47344,44.702324,-68.611954,101,"ME",2043,"Quercus","bicolor","swamp white oak","Plantae",371,"Breaking leaf buds",16,"2024-01-01","2024-12-31",2024-05-13,134,2024-05-12,1,1,0
"onset",289727,47344,44.702324,-68.611954,101,"ME",2043,"Quercus","bicolor","swamp white oak","Plantae",371,"Breaking leaf buds",17,"2025-01-01","2025-12-31",2025-05-11,131,2025-05-06,5,1,0
"onset",289727,47344,44.702324,-68.611954,101,"ME",2043,"Quercus","bicolor","swamp white oak","Plantae",501,"Open flowers",14,"2022-01-01","2022-12-31",2022-05-27,147,2022-05-20,7,1,0
"onset",289727,47344,44.702324,-68.611954,101,"ME",2043,"Quercus","bicolor","swamp white oak","Plantae",501,"Open flowers",15,"2023-01-01","2023-12-31",2023-05-24,144,2023-05-20,4,1,0
"onset",289727,47344,44.702324,-68.611954,101,"ME",2043,"Quercus","bicolor","swamp white oak","Plantae",501,"Open flowers",17,"2025-01-01","2025-12-31",2025-05-30,150,2025-05-26,4,1,0
"onset",289728,47344,44.702324,-68.611954,101,"ME",1212,"Quercus","montana","chestnut oak","Plantae",371,"Breaking leaf buds",14,"2022-01-01","2022-12-31",2022-05-10,130,2022-05-09,1,1,0
"onset",289728,47344,44.702324,-68.611954,101,"ME",1212,"Quercus","montana","chestnut oak","Plantae",371,"Breaking leaf buds",15,"2023-01-01","2023-12-31",2023-05-08,128,2023-05-04,4,1,0
"onset",289728,47344,44.702324,-68.611954,101,"ME",1212,"Quercus","montana","chestnut oak","Plantae",371,"Breaking leaf buds",16,"2024-01-01","2024-12-31",2024-05-06,127,2024-05-02,4,1,0
"onset",289728,47344,44.702324,-68.611954,101,"ME",1212,"Quercus","montana","chestnut oak","Plantae",371,"Breaking leaf buds",17,"2025-01-01","2025-12-31",2025-05-11,131,2025-05-06,5,1,0
"onset",289728,47344,44.702324,-68.611954,101,"ME",1212,"Quercus","montana","chestnut oak","Plantae",501,"Open flowers",14,"2022-01-01","2022-12-31",2022-05-27,147,2022-05-23,4,1,0
"onset",289728,47344,44.702324,-68.611954,101,"ME",1212,"Quercus","montana","chestnut oak","Plantae",501,"Open flowers",15,"2023-01-01","2023-12-31",2023-05-24,144,2023-05-16,8,1,0
"onset",289728,47344,44.702324,-68.611954,101,"ME",1212,"Quercus","montana","chestnut oak","Plantae",501,"Open flowers",17,"2025-01-01","2025-12-31",2025-05-26,146,2025-05-21,5,1,0
"onset",289729,47344,44.702324,-68.611954,101,"ME",100,"Quercus","alba","white oak","Plantae",371,"Breaking leaf buds",14,"2022-01-01","2022-12-31",2022-05-12,132,2022-05-11,1,1,0
"onset",289729,47344,44.702324,-68.611954,101,"ME",100,"Quercus","alba","white oak","Plantae",371,"Breaking leaf buds",15,"2023-01-01","2023-12-31",2023-05-04,124,2023-04-30,4,1,0
"onset",289729,47344,44.702324,-68.611954,101,"ME",100,"Quercus","alba","white oak","Plantae",371,"Breaking leaf buds",16,"2024-01-01","2024-12-31",2024-05-13,134,2024-05-12,1,1,0
"onset",289729,47344,44.702324,-68.611954,101,"ME",100,"Quercus","alba","white oak","Plantae",371,"Breaking leaf buds",17,"2025-01-01","2025-12-31",2025-05-17,137,2025-05-13,4,1,0
"onset",289730,47344,44.702324,-68.611954,101,"ME",101,"Quercus","macrocarpa","bur oak","Plantae",371,"Breaking leaf buds",14,"2022-01-01","2022-12-31",2022-05-06,126,2022-05-05,1,1,0
"onset",289730,47344,44.702324,-68.611954,101,"ME",101,"Quercus","macrocarpa","bur oak","Plantae",371,"Breaking leaf buds",15,"2023-01-01","2023-12-31",2023-04-30,120,2023-04-26,4,1,0
"onset",289730,47344,44.702324,-68.611954,101,"ME",101,"Quercus","macrocarpa","bur oak","Plantae",371,"Breaking leaf buds",16,"2024-01-01","2024-12-31",2024-05-06,127,2024-05-02,4,1,0
"onset",289730,47344,44.702324,-68.611954,101,"ME",101,"Quercus","macrocarpa","bur oak","Plantae",371,"Breaking leaf buds",17,"2025-01-01","2025-12-31",2025-05-06,126,2025-04-30,6,1,0
"onset",289730,47344,44.702324,-68.611954,101,"ME",101,"Quercus","macrocarpa","bur oak","Plantae",501,"Open flowers",14,"2022-01-01","2022-12-31",2022-05-27,147,2022-05-20,7,1,0
"onset",289730,47344,44.702324,-68.611954,101,"ME",101,"Quercus","macrocarpa","bur oak","Plantae",501,"Open flowers",15,"2023-01-01","2023-12-31",2023-05-24,144,2023-05-16,8,1,0
"onset",289730,47344,44.702324,-68.611954,101,"ME",101,"Quercus","macrocarpa","bur oak","Plantae",501,"Open flowers",17,"2025-01-01","2025-12-31",2025-05-26,146,2025-05-21,5,1,0
"onset",289731,47344,44.702324,-68.611954,101,"ME",2043,"Quercus","bicolor","swamp white oak","Plantae",371,"Breaking leaf buds",14,"2022-01-01","2022-12-31",2022-05-06,126,2022-05-05,1,1,0
"onset",289731,47344,44.702324,-68.611954,101,"ME",2043,"Quercus","bicolor","swamp white oak","Plantae",371,"Breaking leaf buds",15,"2023-01-01","2023-12-31",2023-04-26,116,2023-04-22,4,1,0
"onset",289731,47344,44.702324,-68.611954,101,"ME",2043,"Quercus","bicolor","swamp white oak","Plantae",371,"Breaking leaf buds",16,"2024-01-01","2024-12-31",2024-05-06,127,2024-05-02,4,1,0
"onset",289731,47344,44.702324,-68.611954,101,"ME",2043,"Quercus","bicolor","swamp white oak","Plantae",371,"Breaking leaf buds",17,"2025-01-01","2025-12-31",2025-05-06,126,2025-04-30,6,1,0
"onset",289731,47344,44.702324,-68.611954,101,"ME",2043,"Quercus","bicolor","swamp white oak","Plantae",501,"Open flowers",14,"2022-01-01","2022-12-31",2022-05-27,147,2022-05-23,4,1,0
"onset",289731,47344,44.702324,-68.611954,101,"ME",2043,"Quercus","bicolor","swamp white oak","Plantae",501,"Open flowers",15,"2023-01-01","2023-12-31",2023-05-20,140,2023-05-16,4,1,0
"onset",289732,47344,44.702324,-68.611954,101,"ME",1212,"Quercus","montana","chestnut oak","Plantae",371,"Breaking leaf buds",14,"2022-01-01","2022-12-31",2022-05-12,132,2022-05-11,1,1,0
"onset",289732,47344,44.702324,-68.611954,101,"ME",1212,"Quercus","montana","chestnut oak","Plantae",371,"Breaking leaf buds",15,"2023-01-01","2023-12-31",2023-05-08,128,2023-05-04,4,1,0
"onset",289732,47344,44.702324,-68.611954,101,"ME",1212,"Quercus","montana","chestnut oak","Plantae",371,"Breaking leaf buds",16,"2024-01-01","2024-12-31",2024-05-13,134,2024-05-12,1,1,0
"onset",289732,47344,44.702324,-68.611954,101,"ME",1212,"Quercus","montana","chestnut oak","Plantae",371,"Breaking leaf buds",17,"2025-01-01","2025-12-31",2025-05-11,131,2025-05-06,5,1,0
"onset",289732,47344,44.702324,-68.611954,101,"ME",1212,"Quercus","montana","chestnut oak","Plantae",501,"Open flowers",15,"2023-01-01","2023-12-31",2023-05-24,144,2023-05-16,8,1,0
"onset",289732,47344,44.702324,-68.611954,101,"ME",1212,"Quercus","montana","chestnut oak","Plantae",501,"Open flowers",17,"2025-01-01","2025-12-31",2025-05-26,146,2025-05-21,5,1,0
"onset",289882,47344,44.702324,-68.611954,101,"ME",100,"Quercus","alba","white oak","Plantae",371,"Breaking leaf buds",14,"2022-01-01","2022-12-31",2022-05-12,132,2022-05-11,1,1,0
"onset",289882,47344,44.702324,-68.611954,101,"ME",100,"Quercus","alba","white oak","Plantae",371,"Breaking leaf buds",15,"2023-01-01","2023-12-31",2023-05-08,128,2023-05-04,4,1,0
"onset",289882,47344,44.702324,-68.611954,101,"ME",100,"Quercus","alba","white oak","Plantae",371,"Breaking leaf buds",16,"2024-01-01","2024-12-31",2024-05-12,133,2024-05-10,2,1,0
"onset",289882,47344,44.702324,-68.611954,101,"ME",100,"Quercus","alba","white oak","Plantae",371,"Breaking leaf buds",17,"2025-01-01","2025-12-31",2025-05-13,133,2025-05-11,2,1,0
"onset",291397,47398,43.060757,-89.418594,274,"WI",100,"Quercus","alba","white oak","Plantae",371,"Breaking leaf buds",14,"2022-01-01","2022-12-31",2022-05-11,131,2022-05-07,4,1,0
"onset",291398,47398,43.060757,-89.418594,274,"WI",100,"Quercus","alba","white oak","Plantae",371,"Breaking leaf buds",14,"2022-01-01","2022-12-31",2022-05-11,131,2022-05-07,4,1,0
"onset",291399,47398,43.060757,-89.418594,274,"WI",100,"Quercus","alba","white oak","Plantae",371,"Breaking leaf buds",14,"2022-01-01","2022-12-31",2022-05-11,131,2022-05-07,4,2,0
"onset",291503,47142,38.557934,-81.441483,286,"WV",100,"Quercus","alba","white oak","Plantae",371,"Breaking leaf buds",14,"2022-01-01","2022-12-31",2022-04-06,96,2022-04-03,3,2,0
"onset",291503,47142,38.557934,-81.441483,286,"WV",100,"Quercus","alba","white oak","Plantae",371,"Breaking leaf buds",15,"2023-01-01","2023-12-31",2023-04-12,102,2023-04-04,8,1,0
"onset",291503,47142,38.557934,-81.441483,286,"WV",100,"Quercus","alba","white oak","Plantae",371,"Breaking leaf buds",16,"2024-01-01","2024-12-31",2024-04-18,109,2024-04-10,8,1,0
"onset",291503,47142,38.557934,-81.441483,286,"WV",100,"Quercus","alba","white oak","Plantae",371,"Breaking leaf buds",17,"2025-01-01","2025-12-31",2025-04-19,109,2025-04-04,15,1,0
"onset",291503,47142,38.557934,-81.441483,286,"WV",100,"Quercus","alba","white oak","Plantae",501,"Open flowers",14,"2022-01-01","2022-12-31",2022-04-23,113,2022-04-20,3,1,0
"onset",291503,47142,38.557934,-81.441483,286,"WV",100,"Quercus","alba","white oak","Plantae",501,"Open flowers",15,"2023-01-01","2023-12-31",2023-04-12,102,2023-04-04,8,1,0
"onset",291503,47142,38.557934,-81.441483,286,"WV",100,"Quercus","alba","white oak","Plantae",501,"Open flowers",16,"2024-01-01","2024-12-31",2024-04-25,116,2024-04-10,15,1,0
"onset",291503,47142,38.557934,-81.441483,286,"WV",100,"Quercus","alba","white oak","Plantae",501,"Open flowers",17,"2025-01-01","2025-12-31",2025-04-19,109,2025-04-04,15,1,0
"onset",291789,32789,40.73082,-73.99733,7,"NY",2043,"Quercus","bicolor","swamp white oak","Plantae",371,"Breaking leaf buds",14,"2022-01-01","2022-12-31",2022-04-19,109,2022-04-11,8,1,0
"onset",291789,32789,40.73082,-73.99733,7,"NY",2043,"Quercus","bicolor","swamp white oak","Plantae",371,"Breaking leaf buds",15,"2023-01-01","2023-12-31",2023-04-02,92,2023-03-20,13,2,0
"onset",291789,32789,40.73082,-73.99733,7,"NY",2043,"Quercus","bicolor","swamp white oak","Plantae",371,"Breaking leaf buds",16,"2024-01-01","2024-12-31",2024-04-07,98,2024-03-29,9,1,0
"onset",291789,32789,40.73082,-73.99733,7,"NY",2043,"Quercus","bicolor","swamp white oak","Plantae",371,"Breaking leaf buds",17,"2025-01-01","2025-12-31",2025-04-02,92,2025-03-30,3,3,0
"onset",291789,32789,40.73082,-73.99733,7,"NY",2043,"Quercus","bicolor","swamp white oak","Plantae",371,"Breaking leaf buds",18,"2026-01-01","2026-12-31",2026-04-07,97,2026-03-20,18,1,0
"onset",291789,32789,40.73082,-73.99733,7,"NY",2043,"Quercus","bicolor","swamp white oak","Plantae",501,"Open flowers",14,"2022-01-01","2022-12-31",2022-04-19,109,2022-04-11,8,1,0
"onset",291789,32789,40.73082,-73.99733,7,"NY",2043,"Quercus","bicolor","swamp white oak","Plantae",501,"Open flowers",15,"2023-01-01","2023-12-31",2023-04-17,107,2023-04-04,13,1,0
"onset",291789,32789,40.73082,-73.99733,7,"NY",2043,"Quercus","bicolor","swamp white oak","Plantae",501,"Open flowers",16,"2024-01-01","2024-12-31",2024-04-29,120,2024-04-17,12,1,0
"onset",291789,32789,40.73082,-73.99733,7,"NY",2043,"Quercus","bicolor","swamp white oak","Plantae",501,"Open flowers",17,"2025-01-01","2025-12-31",2025-04-26,116,2025-04-23,3,1,0
"onset",291799,47073,49.858315,-97.108627,231,"MB",101,"Quercus","macrocarpa","bur oak","Plantae",371,"Breaking leaf buds",14,"2022-01-01","2022-12-31",2022-05-19,139,2022-05-11,8,1,0
"onset",291960,47543,42.883919,-97.411652,376,"SD",2043,"Quercus","bicolor","swamp white oak","Plantae",371,"Breaking leaf buds",14,"2022-01-01","2022-12-31",2022-05-04,124,2022-05-01,3,2,0
"onset",292123,47543,42.883919,-97.411652,376,"SD",2050,"Quercus","muehlenbergii","chinquapin oak","Plantae",371,"Breaking leaf buds",14,"2022-01-01","2022-12-31",2022-04-25,115,2022-04-24,1,1,0
"onset",292128,47543,42.883919,-97.411652,376,"SD",101,"Quercus","macrocarpa","bur oak","Plantae",371,"Breaking leaf buds",14,"2022-01-01","2022-12-31",2022-05-01,121,2022-04-27,4,1,0
"onset",292128,47543,42.883919,-97.411652,376,"SD",101,"Quercus","macrocarpa","bur oak","Plantae",501,"Open flowers",14,"2022-01-01","2022-12-31",2022-05-13,133,2022-05-04,9,2,0
"onset",292197,47588,29.994877,-90.067543,0,"LA",305,"Quercus","virginiana","live oak","Plantae",371,"Breaking leaf buds",14,"2022-01-01","2022-12-31",2022-04-07,97,2022-04-05,2,1,0
"onset",292351,47198,42.396446,-71.135941,13,"MA",2043,"Quercus","bicolor","swamp white oak","Plantae",371,"Breaking leaf buds",14,"2022-01-01","2022-12-31",2022-04-25,115,2022-04-16,9,1,0
"onset",292609,47697,41.506199,-91.507301,189,"IA",101,"Quercus","macrocarpa","bur oak","Plantae",371,"Breaking leaf buds",14,"2022-01-01","2022-12-31",2022-04-12,102,2022-04-03,9,1,0
"onset",292610,47697,41.506199,-91.507301,189,"IA",101,"Quercus","macrocarpa","bur oak","Plantae",371,"Breaking leaf buds",14,"2022-01-01","2022-12-31",2022-04-12,102,2022-04-03,9,1,0
"onset",292677,47756,40.90255,-73.126343,46,"NY",100,"Quercus","alba","white oak","Plantae",371,"Breaking leaf buds",14,"2022-01-01","2022-12-31",2022-04-21,111,2022-04-16,5,1,0
"onset",292677,47756,40.90255,-73.126343,46,"NY",100,"Quercus","alba","white oak","Plantae",371,"Breaking leaf buds",15,"2023-01-01","2023-12-31",2023-04-14,104,2023-04-11,3,1,0
"onset",292677,47756,40.90255,-73.126343,46,"NY",100,"Quercus","alba","white oak","Plantae",371,"Breaking leaf buds",16,"2024-01-01","2024-12-31",2024-04-22,113,2024-04-15,7,1,0
"onset",292677,47756,40.90255,-73.126343,46,"NY",100,"Quercus","alba","white oak","Plantae",371,"Breaking leaf buds",17,"2025-01-01","2025-12-31",2025-04-23,113,2025-04-19,4,2,0
"onset",292678,47756,40.90255,-73.126343,46,"NY",100,"Quercus","alba","white oak","Plantae",371,"Breaking leaf buds",14,"2022-01-01","2022-12-31",2022-04-21,111,2022-04-16,5,1,0
"onset",292678,47756,40.90255,-73.126343,46,"NY",100,"Quercus","alba","white oak","Plantae",371,"Breaking leaf buds",15,"2023-01-01","2023-12-31",2023-04-14,104,2023-04-11,3,1,0
"onset",292678,47756,40.90255,-73.126343,46,"NY",100,"Quercus","alba","white oak","Plantae",371,"Breaking leaf buds",16,"2024-01-01","2024-12-31",2024-04-15,106,2024-04-09,6,1,0
"onset",292678,47756,40.90255,-73.126343,46,"NY",100,"Quercus","alba","white oak","Plantae",371,"Breaking leaf buds",17,"2025-01-01","2025-12-31",2025-04-23,113,2025-04-19,4,1,0
"onset",292678,47756,40.90255,-73.126343,46,"NY",100,"Quercus","alba","white oak","Plantae",501,"Open flowers",14,"2022-01-01","2022-12-31",2022-05-14,134,2022-05-11,3,1,0
"onset",292678,47756,40.90255,-73.126343,46,"NY",100,"Quercus","alba","white oak","Plantae",501,"Open flowers",15,"2023-01-01","2023-12-31",2023-04-25,115,2023-04-20,5,1,0
"onset",292678,47756,40.90255,-73.126343,46,"NY",100,"Quercus","alba","white oak","Plantae",501,"Open flowers",16,"2024-01-01","2024-12-31",2024-04-28,119,2024-04-22,6,1,0
"onset",292678,47756,40.90255,-73.126343,46,"NY",100,"Quercus","alba","white oak","Plantae",501,"Open flowers",17,"2025-01-01","2025-12-31",2025-04-23,113,2025-04-19,4,1,0
"onset",292749,47633,41.5033,-91.507301,188,"IA",101,"Quercus","macrocarpa","bur oak","Plantae",371,"Breaking leaf buds",14,"2022-01-01","2022-12-31",2022-05-04,124,2022-05-02,2,1,0
"onset",292749,47633,41.5033,-91.507301,188,"IA",101,"Quercus","macrocarpa","bur oak","Plantae",371,"Breaking leaf buds",15,"2023-01-01","2023-12-31",2023-04-21,111,2023-03-27,25,1,0
"onset",292749,47633,41.5033,-91.507301,188,"IA",101,"Quercus","macrocarpa","bur oak","Plantae",371,"Breaking leaf buds",16,"2024-01-01","2024-12-31",2024-04-12,103,2024-03-27,16,1,0
"onset",292749,47633,41.5033,-91.507301,188,"IA",101,"Quercus","macrocarpa","bur oak","Plantae",371,"Breaking leaf buds",17,"2025-01-01","2025-12-31",2025-04-24,114,2025-04-16,8,1,0
"onset",292750,47633,41.5033,-91.507301,188,"IA",101,"Quercus","macrocarpa","bur oak","Plantae",371,"Breaking leaf buds",14,"2022-01-01","2022-12-31",2022-05-06,126,2022-05-04,2,1,0
"onset",292750,47633,41.5033,-91.507301,188,"IA",101,"Quercus","macrocarpa","bur oak","Plantae",371,"Breaking leaf buds",15,"2023-01-01","2023-12-31",2023-04-21,111,2023-03-27,25,1,0
"onset",292750,47633,41.5033,-91.507301,188,"IA",101,"Quercus","macrocarpa","bur oak","Plantae",371,"Breaking leaf buds",16,"2024-01-01","2024-12-31",2024-04-12,103,2024-03-27,16,2,0
"onset",292750,47633,41.5033,-91.507301,188,"IA",101,"Quercus","macrocarpa","bur oak","Plantae",371,"Breaking leaf buds",17,"2025-01-01","2025-12-31",2025-04-24,114,2025-04-16,8,1,0
"onset",292750,47633,41.5033,-91.507301,188,"IA",101,"Quercus","macrocarpa","bur oak","Plantae",501,"Open flowers",15,"2023-01-01","2023-12-31",2023-11-02,306,2023-10-12,21,1,0
"onset",292750,47633,41.5033,-91.507301,188,"IA",101,"Quercus","macrocarpa","bur oak","Plantae",501,"Open flowers",16,"2024-01-01","2024-12-31",2024-08-15,228,2024-07-26,20,1,0
"onset",292751,47633,41.5033,-91.507301,188,"IA",101,"Quercus","macrocarpa","bur oak","Plantae",371,"Breaking leaf buds",14,"2022-01-01","2022-12-31",2022-05-14,134,2022-05-06,8,1,0
"onset",292751,47633,41.5033,-91.507301,188,"IA",101,"Quercus","macrocarpa","bur oak","Plantae",371,"Breaking leaf buds",15,"2023-01-01","2023-12-31",2023-04-21,111,2023-03-27,25,1,0
"onset",292751,47633,41.5033,-91.507301,188,"IA",101,"Quercus","macrocarpa","bur oak","Plantae",371,"Breaking leaf buds",16,"2024-01-01","2024-12-31",2024-04-12,103,2024-03-27,16,2,0
"onset",292751,47633,41.5033,-91.507301,188,"IA",101,"Quercus","macrocarpa","bur oak","Plantae",371,"Breaking leaf buds",17,"2025-01-01","2025-12-31",2025-04-24,114,2025-04-16,8,1,0
"onset",292751,47633,41.5033,-91.507301,188,"IA",101,"Quercus","macrocarpa","bur oak","Plantae",501,"Open flowers",16,"2024-01-01","2024-12-31",2024-07-26,208,2024-07-19,7,1,0
"onset",292751,47633,41.5033,-91.507301,188,"IA",101,"Quercus","macrocarpa","bur oak","Plantae",501,"Open flowers",17,"2025-01-01","2025-12-31",2025-06-19,170,2025-05-28,22,1,0
"onset",292819,47803,44.5238,-109.042175,1551,"WY",101,"Quercus","macrocarpa","bur oak","Plantae",371,"Breaking leaf buds",14,"2022-01-01","2022-12-31",2022-04-15,105,2022-04-09,6,1,0
"onset",292981,47050,40.736946,-73.161842,11,"NY",2043,"Quercus","bicolor","swamp white oak","Plantae",371,"Breaking leaf buds",14,"2022-01-01","2022-12-31",2022-05-02,122,2022-05-01,1,1,0
"onset",292981,47050,40.736946,-73.161842,11,"NY",2043,"Quercus","bicolor","swamp white oak","Plantae",371,"Breaking leaf buds",15,"2023-01-01","2023-12-31",2023-04-19,109,2023-04-17,2,2,0
"onset",292981,47050,40.736946,-73.161842,11,"NY",2043,"Quercus","bicolor","swamp white oak","Plantae",501,"Open flowers",14,"2022-01-01","2022-12-31",2022-05-13,133,2022-05-12,1,1,0
"onset",292982,47050,40.736946,-73.161842,11,"NY",2043,"Quercus","bicolor","swamp white oak","Plantae",371,"Breaking leaf buds",14,"2022-01-01","2022-12-31",2022-05-02,122,2022-05-01,1,1,0
"onset",292982,47050,40.736946,-73.161842,11,"NY",2043,"Quercus","bicolor","swamp white oak","Plantae",371,"Breaking leaf buds",15,"2023-01-01","2023-12-31",2023-04-19,109,2023-04-17,2,1,0
"onset",292982,47050,40.736946,-73.161842,11,"NY",2043,"Quercus","bicolor","swamp white oak","Plantae",501,"Open flowers",14,"2022-01-01","2022-12-31",2022-05-15,135,2022-05-13,2,1,0
"onset",292983,47050,40.736946,-73.161842,11,"NY",2043,"Quercus","bicolor","swamp white oak","Plantae",371,"Breaking leaf buds",14,"2022-01-01","2022-12-31",2022-05-04,124,2022-05-02,2,1,0
"onset",292983,47050,40.736946,-73.161842,11,"NY",2043,"Quercus","bicolor","swamp white oak","Plantae",371,"Breaking leaf buds",15,"2023-01-01","2023-12-31",2023-04-23,113,2023-04-20,3,1,0
"onset",292983,47050,40.736946,-73.161842,11,"NY",2043,"Quercus","bicolor","swamp white oak","Plantae",501,"Open flowers",14,"2022-01-01","2022-12-31",2022-05-20,140,2022-05-19,1,1,0
"onset",293008,47882,42.455154,-71.124077,51,"MA",100,"Quercus","alba","white oak","Plantae",371,"Breaking leaf buds",14,"2022-01-01","2022-12-31",2022-04-27,117,2022-04-22,5,1,0
"onset",293009,47882,42.455154,-71.124077,51,"MA",100,"Quercus","alba","white oak","Plantae",371,"Breaking leaf buds",14,"2022-01-01","2022-12-31",2022-04-22,112,2022-04-15,7,2,0
"onset",293010,47882,42.455154,-71.124077,51,"MA",100,"Quercus","alba","white oak","Plantae",371,"Breaking leaf buds",14,"2022-01-01","2022-12-31",2022-05-06,126,2022-04-27,9,1,0
"onset",293011,47882,42.455154,-71.124077,51,"MA",100,"Quercus","alba","white oak","Plantae",371,"Breaking leaf buds",14,"2022-01-01","2022-12-31",2022-04-27,117,2022-04-22,5,1,0
"onset",293012,47882,42.455154,-71.124077,51,"MA",100,"Quercus","alba","white oak","Plantae",371,"Breaking leaf buds",14,"2022-01-01","2022-12-31",2022-05-06,126,2022-04-27,9,1,0
"onset",293111,47756,40.90255,-73.126343,46,"NY",100,"Quercus","alba","white oak","Plantae",371,"Breaking leaf buds",14,"2022-01-01","2022-12-31",2022-04-21,111,2022-04-16,5,1,0
"onset",293111,47756,40.90255,-73.126343,46,"NY",100,"Quercus","alba","white oak","Plantae",371,"Breaking leaf buds",15,"2023-01-01","2023-12-31",2023-04-14,104,2023-04-11,3,1,0
"onset",293111,47756,40.90255,-73.126343,46,"NY",100,"Quercus","alba","white oak","Plantae",371,"Breaking leaf buds",16,"2024-01-01","2024-12-31",2024-04-15,106,2024-04-09,6,1,0
"onset",293111,47756,40.90255,-73.126343,46,"NY",100,"Quercus","alba","white oak","Plantae",371,"Breaking leaf buds",17,"2025-01-01","2025-12-31",2025-04-23,113,2025-04-19,4,1,0
"onset",293111,47756,40.90255,-73.126343,46,"NY",100,"Quercus","alba","white oak","Plantae",501,"Open flowers",14,"2022-01-01","2022-12-31",2022-05-14,134,2022-05-11,3,1,0
"onset",293111,47756,40.90255,-73.126343,46,"NY",100,"Quercus","alba","white oak","Plantae",501,"Open flowers",15,"2023-01-01","2023-12-31",2023-04-25,115,2023-04-20,5,1,0
"onset",293111,47756,40.90255,-73.126343,46,"NY",100,"Quercus","alba","white oak","Plantae",501,"Open flowers",16,"2024-01-01","2024-12-31",2024-04-28,119,2024-04-22,6,1,0
"onset",293111,47756,40.90255,-73.126343,46,"NY",100,"Quercus","alba","white oak","Plantae",501,"Open flowers",17,"2025-01-01","2025-12-31",2025-04-23,113,2025-04-19,4,1,0
"onset",293366,47756,40.90255,-73.126343,46,"NY",1212,"Quercus","montana","chestnut oak","Plantae",371,"Breaking leaf buds",15,"2023-01-01","2023-12-31",2023-04-14,104,2023-04-11,3,1,0
"onset",293366,47756,40.90255,-73.126343,46,"NY",1212,"Quercus","montana","chestnut oak","Plantae",371,"Breaking leaf buds",16,"2024-01-01","2024-12-31",2024-04-28,119,2024-04-22,6,1,0
"onset",293366,47756,40.90255,-73.126343,46,"NY",1212,"Quercus","montana","chestnut oak","Plantae",371,"Breaking leaf buds",17,"2025-01-01","2025-12-31",2025-04-19,109,2025-04-10,9,1,0
"onset",293366,47756,40.90255,-73.126343,46,"NY",1212,"Quercus","montana","chestnut oak","Plantae",501,"Open flowers",14,"2022-01-01","2022-12-31",2022-05-05,125,2022-05-03,2,1,0
"onset",293366,47756,40.90255,-73.126343,46,"NY",1212,"Quercus","montana","chestnut oak","Plantae",501,"Open flowers",15,"2023-01-01","2023-12-31",2023-04-20,110,2023-04-14,6,1,0
"onset",293366,47756,40.90255,-73.126343,46,"NY",1212,"Quercus","montana","chestnut oak","Plantae",501,"Open flowers",16,"2024-01-01","2024-12-31",2024-04-28,119,2024-04-22,6,1,0
"onset",293366,47756,40.90255,-73.126343,46,"NY",1212,"Quercus","montana","chestnut oak","Plantae",501,"Open flowers",17,"2025-01-01","2025-12-31",2025-04-23,113,2025-04-19,4,1,0
"onset",293367,50922,40.901848,-73.12323,42,"NY",1212,"Quercus","montana","chestnut oak","Plantae",371,"Breaking leaf buds",14,"2022-01-01","2022-12-31",2022-04-24,114,2022-04-22,2,1,0
"onset",293367,50922,40.901848,-73.12323,42,"NY",1212,"Quercus","montana","chestnut oak","Plantae",371,"Breaking leaf buds",15,"2023-01-01","2023-12-31",2023-04-14,104,2023-04-11,3,1,0
"onset",293367,50922,40.901848,-73.12323,42,"NY",1212,"Quercus","montana","chestnut oak","Plantae",371,"Breaking leaf buds",16,"2024-01-01","2024-12-31",2024-04-28,119,2024-04-22,6,1,0
"onset",293367,50922,40.901848,-73.12323,42,"NY",1212,"Quercus","montana","chestnut oak","Plantae",371,"Breaking leaf buds",17,"2025-01-01","2025-12-31",2025-04-23,113,2025-04-19,4,1,0
"onset",293367,50922,40.901848,-73.12323,42,"NY",1212,"Quercus","montana","chestnut oak","Plantae",501,"Open flowers",14,"2022-01-01","2022-12-31",2022-05-20,140,2022-05-17,3,1,0
"onset",293367,50922,40.901848,-73.12323,42,"NY",1212,"Quercus","montana","chestnut oak","Plantae",501,"Open flowers",15,"2023-01-01","2023-12-31",2023-04-25,115,2023-04-20,5,1,0
"onset",293367,50922,40.901848,-73.12323,42,"NY",1212,"Quercus","montana","chestnut oak","Plantae",501,"Open flowers",16,"2024-01-01","2024-12-31",2024-05-13,134,2024-05-07,6,1,0
"onset",293367,50922,40.901848,-73.12323,42,"NY",1212,"Quercus","montana","chestnut oak","Plantae",501,"Open flowers",17,"2025-01-01","2025-12-31",2025-04-30,120,2025-04-23,7,1,0
"onset",293368,50922,40.901848,-73.12323,42,"NY",100,"Quercus","alba","white oak","Plantae",371,"Breaking leaf buds",15,"2023-01-01","2023-12-31",2023-04-14,104,2023-04-11,3,1,0
"onset",293368,50922,40.901848,-73.12323,42,"NY",100,"Quercus","alba","white oak","Plantae",371,"Breaking leaf buds",16,"2024-01-01","2024-12-31",2024-04-22,113,2024-04-15,7,1,0
"onset",293368,50922,40.901848,-73.12323,42,"NY",100,"Quercus","alba","white oak","Plantae",371,"Breaking leaf buds",17,"2025-01-01","2025-12-31",2025-04-23,113,2025-04-19,4,1,0
"onset",293368,50922,40.901848,-73.12323,42,"NY",100,"Quercus","alba","white oak","Plantae",501,"Open flowers",14,"2022-01-01","2022-12-31",2022-05-01,121,2022-04-29,2,1,0
"onset",293368,50922,40.901848,-73.12323,42,"NY",100,"Quercus","alba","white oak","Plantae",501,"Open flowers",15,"2023-01-01","2023-12-31",2023-04-20,110,2023-04-14,6,1,0
"onset",293368,50922,40.901848,-73.12323,42,"NY",100,"Quercus","alba","white oak","Plantae",501,"Open flowers",16,"2024-01-01","2024-12-31",2024-04-28,119,2024-04-22,6,1,0
"onset",293368,50922,40.901848,-73.12323,42,"NY",100,"Quercus","alba","white oak","Plantae",501,"Open flowers",17,"2025-01-01","2025-12-31",2025-04-23,113,2025-04-19,4,1,0
"onset",293780,46683,40.494106,-74.515701,30,"NJ",100,"Quercus","alba","white oak","Plantae",371,"Breaking leaf buds",14,"2022-01-01","2022-12-31",2022-04-30,120,2022-04-28,2,1,0
"onset",294143,32443,39.90163,-86.175911,242,"IN",2053,"Quercus","prinoides","dwarf chinquapin oak","Plantae",371,"Breaking leaf buds",15,"2023-01-01","2023-12-31",2023-03-11,70,2023-03-06,5,2,0
"onset",294143,32443,39.90163,-86.175911,242,"IN",2053,"Quercus","prinoides","dwarf chinquapin oak","Plantae",371,"Breaking leaf buds",16,"2024-01-01","2024-12-31",2024-04-17,108,2024-04-11,6,1,0
"onset",294143,32443,39.90163,-86.175911,242,"IN",2053,"Quercus","prinoides","dwarf chinquapin oak","Plantae",371,"Breaking leaf buds",17,"2025-01-01","2025-12-31",2025-04-27,117,2025-04-23,4,1,0
"onset",294143,32443,39.90163,-86.175911,242,"IN",2053,"Quercus","prinoides","dwarf chinquapin oak","Plantae",371,"Breaking leaf buds",18,"2026-01-01","2026-12-31",2026-04-27,117,2026-04-20,7,1,0
"onset",295379,48055,42.31424,-72.648468,45,"MA",100,"Quercus","alba","white oak","Plantae",371,"Breaking leaf buds",14,"2022-01-01","2022-12-31",2022-05-06,126,2022-05-01,5,1,0
"onset",295379,48055,42.31424,-72.648468,45,"MA",100,"Quercus","alba","white oak","Plantae",501,"Open flowers",14,"2022-01-01","2022-12-31",2022-05-15,135,2022-05-13,2,1,0
"onset",295380,48056,42.314152,-72.649925,47,"MA",100,"Quercus","alba","white oak","Plantae",371,"Breaking leaf buds",14,"2022-01-01","2022-12-31",2022-05-06,126,2022-05-01,5,1,0
"onset",295380,48056,42.314152,-72.649925,47,"MA",100,"Quercus","alba","white oak","Plantae",501,"Open flowers",14,"2022-01-01","2022-12-31",2022-05-15,135,2022-05-13,2,1,0
"onset",297583,48690,35.775093,-78.816956,129,"NC",100,"Quercus","alba","white oak","Plantae",371,"Breaking leaf buds",15,"2023-01-01","2023-12-31",2023-03-13,72,2023-03-06,7,1,0
"onset",297583,48690,35.775093,-78.816956,129,"NC",100,"Quercus","alba","white oak","Plantae",501,"Open flowers",15,"2023-01-01","2023-12-31",2023-04-02,92,2023-03-19,14,1,0
"onset",297669,43308,42.375237,-71.144234,4,"MA",100,"Quercus","alba","white oak","Plantae",371,"Breaking leaf buds",15,"2023-01-01","2023-12-31",2023-04-14,104,2023-04-13,1,2,0
"onset",297669,43308,42.375237,-71.144234,4,"MA",100,"Quercus","alba","white oak","Plantae",371,"Breaking leaf buds",16,"2024-01-01","2024-12-31",2024-04-25,116,2024-04-19,6,2,0
"onset",297669,43308,42.375237,-71.144234,4,"MA",100,"Quercus","alba","white oak","Plantae",371,"Breaking leaf buds",17,"2025-01-01","2025-12-31",2025-04-22,112,2025-04-17,5,1,0
"onset",297669,43308,42.375237,-71.144234,4,"MA",100,"Quercus","alba","white oak","Plantae",371,"Breaking leaf buds",18,"2026-01-01","2026-12-31",2026-04-14,104,2026-04-08,6,3,0
"onset",297669,43308,42.375237,-71.144234,4,"MA",100,"Quercus","alba","white oak","Plantae",501,"Open flowers",15,"2023-01-01","2023-12-31",2023-04-20,110,2023-04-19,1,5,0
"onset",297669,43308,42.375237,-71.144234,4,"MA",100,"Quercus","alba","white oak","Plantae",501,"Open flowers",16,"2024-01-01","2024-12-31",2024-05-08,129,2024-05-05,3,4,0
"onset",297669,43308,42.375237,-71.144234,4,"MA",100,"Quercus","alba","white oak","Plantae",501,"Open flowers",17,"2025-01-01","2025-12-31",2025-05-02,122,2025-04-28,4,4,0
"onset",297669,43308,42.375237,-71.144234,4,"MA",100,"Quercus","alba","white oak","Plantae",501,"Open flowers",18,"2026-01-01","2026-12-31",2026-05-05,125,2026-04-28,7,2,0
"onset",297670,43308,42.375237,-71.144234,4,"MA",100,"Quercus","alba","white oak","Plantae",371,"Breaking leaf buds",15,"2023-01-01","2023-12-31",2023-04-13,103,2023-04-12,1,1,0
"onset",297670,43308,42.375237,-71.144234,4,"MA",100,"Quercus","alba","white oak","Plantae",371,"Breaking leaf buds",16,"2024-01-01","2024-12-31",2024-04-13,104,2024-04-12,1,4,0
"onset",297670,43308,42.375237,-71.144234,4,"MA",100,"Quercus","alba","white oak","Plantae",371,"Breaking leaf buds",17,"2025-01-01","2025-12-31",2025-04-14,104,2025-04-09,5,3,0
"onset",297670,43308,42.375237,-71.144234,4,"MA",100,"Quercus","alba","white oak","Plantae",371,"Breaking leaf buds",18,"2026-01-01","2026-12-31",2026-04-06,96,2026-04-01,5,2,0
"onset",297670,43308,42.375237,-71.144234,4,"MA",100,"Quercus","alba","white oak","Plantae",501,"Open flowers",15,"2023-01-01","2023-12-31",2023-04-20,110,2023-04-19,1,5,0
"onset",297670,43308,42.375237,-71.144234,4,"MA",100,"Quercus","alba","white oak","Plantae",501,"Open flowers",16,"2024-01-01","2024-12-31",2024-05-08,129,2024-05-04,4,3,0
"onset",297670,43308,42.375237,-71.144234,4,"MA",100,"Quercus","alba","white oak","Plantae",501,"Open flowers",17,"2025-01-01","2025-12-31",2025-04-28,118,2025-04-25,3,3,0
"onset",297670,43308,42.375237,-71.144234,4,"MA",100,"Quercus","alba","white oak","Plantae",501,"Open flowers",18,"2026-01-01","2026-12-31",2026-04-28,118,2026-04-27,1,1,0
"onset",297690,48749,42.373653,-71.143356,4,"MA",100,"Quercus","alba","white oak","Plantae",371,"Breaking leaf buds",15,"2023-01-01","2023-12-31",2023-04-14,104,2023-04-13,1,4,0
"onset",297690,48749,42.373653,-71.143356,4,"MA",100,"Quercus","alba","white oak","Plantae",371,"Breaking leaf buds",16,"2024-01-01","2024-12-31",2024-04-19,110,2024-04-16,3,1,0
"onset",297690,48749,42.373653,-71.143356,4,"MA",100,"Quercus","alba","white oak","Plantae",371,"Breaking leaf buds",17,"2025-01-01","2025-12-31",2025-04-19,109,2025-04-17,2,2,0
"onset",297690,48749,42.373653,-71.143356,4,"MA",100,"Quercus","alba","white oak","Plantae",371,"Breaking leaf buds",18,"2026-01-01","2026-12-31",2026-04-16,106,2026-04-14,2,1,0
"onset",297690,48749,42.373653,-71.143356,4,"MA",100,"Quercus","alba","white oak","Plantae",501,"Open flowers",15,"2023-01-01","2023-12-31",2023-05-09,129,2023-05-07,2,2,0
"onset",297690,48749,42.373653,-71.143356,4,"MA",100,"Quercus","alba","white oak","Plantae",501,"Open flowers",16,"2024-01-01","2024-12-31",2024-05-10,131,2024-05-03,7,1,0
"onset",297690,48749,42.373653,-71.143356,4,"MA",100,"Quercus","alba","white oak","Plantae",501,"Open flowers",17,"2025-01-01","2025-12-31",2025-05-06,126,2025-04-30,6,1,0
"onset",297690,48749,42.373653,-71.143356,4,"MA",100,"Quercus","alba","white oak","Plantae",501,"Open flowers",18,"2026-01-01","2026-12-31",2026-05-13,133,2026-05-12,1,1,0
"onset",297691,48749,42.373653,-71.143356,4,"MA",100,"Quercus","alba","white oak","Plantae",371,"Breaking leaf buds",15,"2023-01-01","2023-12-31",2023-04-17,107,2023-04-15,2,2,0
"onset",297691,48749,42.373653,-71.143356,4,"MA",100,"Quercus","alba","white oak","Plantae",371,"Breaking leaf buds",16,"2024-01-01","2024-12-31",2024-04-19,110,2024-04-16,3,1,0
"onset",297691,48749,42.373653,-71.143356,4,"MA",100,"Quercus","alba","white oak","Plantae",371,"Breaking leaf buds",17,"2025-01-01","2025-12-31",2025-04-19,109,2025-04-17,2,1,0
"onset",297691,48749,42.373653,-71.143356,4,"MA",100,"Quercus","alba","white oak","Plantae",371,"Breaking leaf buds",18,"2026-01-01","2026-12-31",2026-04-21,111,2026-04-14,7,1,0
"onset",297691,48749,42.373653,-71.143356,4,"MA",100,"Quercus","alba","white oak","Plantae",501,"Open flowers",15,"2023-01-01","2023-12-31",2023-05-02,122,2023-05-01,1,3,0
"onset",297691,48749,42.373653,-71.143356,4,"MA",100,"Quercus","alba","white oak","Plantae",501,"Open flowers",16,"2024-01-01","2024-12-31",2024-05-03,124,2024-05-02,1,1,0
"onset",297691,48749,42.373653,-71.143356,4,"MA",100,"Quercus","alba","white oak","Plantae",501,"Open flowers",17,"2025-01-01","2025-12-31",2025-04-30,120,2025-04-22,8,1,0
"onset",297691,48749,42.373653,-71.143356,4,"MA",100,"Quercus","alba","white oak","Plantae",501,"Open flowers",18,"2026-01-01","2026-12-31",2026-05-05,125,2026-04-28,7,1,0
"onset",297736,48749,42.373653,-71.143356,4,"MA",100,"Quercus","alba","white oak","Plantae",371,"Breaking leaf buds",15,"2023-01-01","2023-12-31",2023-04-13,103,2023-04-12,1,3,0
"onset",297736,48749,42.373653,-71.143356,4,"MA",100,"Quercus","alba","white oak","Plantae",371,"Breaking leaf buds",16,"2024-01-01","2024-12-31",2024-04-11,102,2024-04-02,9,3,0
"onset",297736,48749,42.373653,-71.143356,4,"MA",100,"Quercus","alba","white oak","Plantae",371,"Breaking leaf buds",17,"2025-01-01","2025-12-31",2025-04-19,109,2025-04-15,4,1,0
"onset",297736,48749,42.373653,-71.143356,4,"MA",100,"Quercus","alba","white oak","Plantae",371,"Breaking leaf buds",18,"2026-01-01","2026-12-31",2026-04-07,97,2026-04-01,6,2,0
"onset",297736,48749,42.373653,-71.143356,4,"MA",100,"Quercus","alba","white oak","Plantae",501,"Open flowers",15,"2023-01-01","2023-12-31",2023-05-02,122,2023-05-01,1,3,0
"onset",297736,48749,42.373653,-71.143356,4,"MA",100,"Quercus","alba","white oak","Plantae",501,"Open flowers",16,"2024-01-01","2024-12-31",2024-05-12,133,2024-05-10,2,2,0
"onset",297736,48749,42.373653,-71.143356,4,"MA",100,"Quercus","alba","white oak","Plantae",501,"Open flowers",17,"2025-01-01","2025-12-31",2025-04-25,115,2025-04-22,3,1,0
"onset",297736,48749,42.373653,-71.143356,4,"MA",100,"Quercus","alba","white oak","Plantae",501,"Open flowers",18,"2026-01-01","2026-12-31",2026-05-05,125,2026-05-04,1,1,0
"onset",297741,48750,42.374542,-71.146736,4,"MA",100,"Quercus","alba","white oak","Plantae",371,"Breaking leaf buds",15,"2023-01-01","2023-12-31",2023-04-13,103,2023-04-09,4,1,0
"onset",297741,48750,42.374542,-71.146736,4,"MA",100,"Quercus","alba","white oak","Plantae",371,"Breaking leaf buds",16,"2024-01-01","2024-12-31",2024-04-14,105,2024-04-11,3,1,0
"onset",297741,48750,42.374542,-71.146736,4,"MA",100,"Quercus","alba","white oak","Plantae",371,"Breaking leaf buds",17,"2025-01-01","2025-12-31",2025-03-20,79,2025-03-18,2,3,0
"onset",297741,48750,42.374542,-71.146736,4,"MA",100,"Quercus","alba","white oak","Plantae",371,"Breaking leaf buds",18,"2026-01-01","2026-12-31",2026-04-13,103,2026-04-09,4,2,0
"onset",297741,48750,42.374542,-71.146736,4,"MA",100,"Quercus","alba","white oak","Plantae",501,"Open flowers",15,"2023-01-01","2023-12-31",2023-04-25,115,2023-04-24,1,3,0
"onset",297741,48750,42.374542,-71.146736,4,"MA",100,"Quercus","alba","white oak","Plantae",501,"Open flowers",16,"2024-01-01","2024-12-31",2024-05-05,126,2024-04-28,7,1,0
"onset",297741,48750,42.374542,-71.146736,4,"MA",100,"Quercus","alba","white oak","Plantae",501,"Open flowers",17,"2025-01-01","2025-12-31",2025-04-28,118,2025-04-23,5,1,0
"onset",297741,48750,42.374542,-71.146736,4,"MA",100,"Quercus","alba","white oak","Plantae",501,"Open flowers",18,"2026-01-01","2026-12-31",2026-05-05,125,2026-04-28,7,1,0
"onset",297746,48750,42.374542,-71.146736,4,"MA",100,"Quercus","alba","white oak","Plantae",371,"Breaking leaf buds",15,"2023-01-01","2023-12-31",2023-04-14,104,2023-04-13,1,1,0
"onset",297746,48750,42.374542,-71.146736,4,"MA",100,"Quercus","alba","white oak","Plantae",371,"Breaking leaf buds",16,"2024-01-01","2024-12-31",2024-04-19,110,2024-04-14,5,1,0
"onset",297746,48750,42.374542,-71.146736,4,"MA",100,"Quercus","alba","white oak","Plantae",371,"Breaking leaf buds",17,"2025-01-01","2025-12-31",2025-04-22,112,2025-04-15,7,1,0
"onset",297746,48750,42.374542,-71.146736,4,"MA",100,"Quercus","alba","white oak","Plantae",371,"Breaking leaf buds",18,"2026-01-01","2026-12-31",2026-04-21,111,2026-04-14,7,1,0
"onset",297746,48750,42.374542,-71.146736,4,"MA",100,"Quercus","alba","white oak","Plantae",501,"Open flowers",15,"2023-01-01","2023-12-31",2023-05-04,124,2023-05-02,2,2,0
"onset",297746,48750,42.374542,-71.146736,4,"MA",100,"Quercus","alba","white oak","Plantae",501,"Open flowers",16,"2024-01-01","2024-12-31",2024-05-05,126,2024-04-28,7,1,0
"onset",297746,48750,42.374542,-71.146736,4,"MA",100,"Quercus","alba","white oak","Plantae",501,"Open flowers",17,"2025-01-01","2025-12-31",2025-04-22,112,2025-04-15,7,2,0
"onset",297746,48750,42.374542,-71.146736,4,"MA",100,"Quercus","alba","white oak","Plantae",501,"Open flowers",18,"2026-01-01","2026-12-31",2026-05-12,132,2026-05-05,7,2,0
"onset",297748,48750,42.374542,-71.146736,4,"MA",100,"Quercus","alba","white oak","Plantae",371,"Breaking leaf buds",15,"2023-01-01","2023-12-31",2023-04-13,103,2023-04-09,4,1,0
"onset",297748,48750,42.374542,-71.146736,4,"MA",100,"Quercus","alba","white oak","Plantae",371,"Breaking leaf buds",16,"2024-01-01","2024-12-31",2024-04-09,100,2024-03-31,9,1,0
"onset",297748,48750,42.374542,-71.146736,4,"MA",100,"Quercus","alba","white oak","Plantae",371,"Breaking leaf buds",17,"2025-01-01","2025-12-31",2025-03-20,79,2025-02-18,30,3,0
"onset",297748,48750,42.374542,-71.146736,4,"MA",100,"Quercus","alba","white oak","Plantae",371,"Breaking leaf buds",18,"2026-01-01","2026-12-31",2026-04-08,98,2026-04-01,7,3,0
"onset",297748,48750,42.374542,-71.146736,4,"MA",100,"Quercus","alba","white oak","Plantae",501,"Open flowers",15,"2023-01-01","2023-12-31",2023-04-25,115,2023-04-24,1,2,0
"onset",297748,48750,42.374542,-71.146736,4,"MA",100,"Quercus","alba","white oak","Plantae",501,"Open flowers",16,"2024-01-01","2024-12-31",2024-04-19,110,2024-04-14,5,2,0
"onset",297748,48750,42.374542,-71.146736,4,"MA",100,"Quercus","alba","white oak","Plantae",501,"Open flowers",17,"2025-01-01","2025-12-31",2025-04-28,118,2025-04-23,5,1,0
"onset",297748,48750,42.374542,-71.146736,4,"MA",100,"Quercus","alba","white oak","Plantae",501,"Open flowers",18,"2026-01-01","2026-12-31",2026-04-24,114,2026-04-23,1,3,0
"onset",297753,48750,42.374542,-71.146736,4,"MA",100,"Quercus","alba","white oak","Plantae",371,"Breaking leaf buds",15,"2023-01-01","2023-12-31",2023-04-13,103,2023-04-09,4,2,0
"onset",297753,48750,42.374542,-71.146736,4,"MA",100,"Quercus","alba","white oak","Plantae",371,"Breaking leaf buds",16,"2024-01-01","2024-12-31",2024-04-19,110,2024-04-14,5,1,0
"onset",297753,48750,42.374542,-71.146736,4,"MA",100,"Quercus","alba","white oak","Plantae",371,"Breaking leaf buds",17,"2025-01-01","2025-12-31",2025-04-22,112,2025-04-15,7,1,0
"onset",297753,48750,42.374542,-71.146736,4,"MA",100,"Quercus","alba","white oak","Plantae",371,"Breaking leaf buds",18,"2026-01-01","2026-12-31",2026-04-13,103,2026-04-09,4,2,0
"onset",297753,48750,42.374542,-71.146736,4,"MA",100,"Quercus","alba","white oak","Plantae",501,"Open flowers",15,"2023-01-01","2023-12-31",2023-05-09,129,2023-05-08,1,1,0
"onset",297753,48750,42.374542,-71.146736,4,"MA",100,"Quercus","alba","white oak","Plantae",501,"Open flowers",16,"2024-01-01","2024-12-31",2024-05-05,126,2024-04-28,7,1,0
"onset",297753,48750,42.374542,-71.146736,4,"MA",100,"Quercus","alba","white oak","Plantae",501,"Open flowers",17,"2025-01-01","2025-12-31",2025-05-06,126,2025-04-23,13,1,0
"onset",297753,48750,42.374542,-71.146736,4,"MA",100,"Quercus","alba","white oak","Plantae",501,"Open flowers",18,"2026-01-01","2026-12-31",2026-05-05,125,2026-04-28,7,1,0
"onset",297759,48750,42.374542,-71.146736,4,"MA",100,"Quercus","alba","white oak","Plantae",371,"Breaking leaf buds",15,"2023-01-01","2023-12-31",2023-04-18,108,2023-04-14,4,1,0
"onset",297759,48750,42.374542,-71.146736,4,"MA",100,"Quercus","alba","white oak","Plantae",371,"Breaking leaf buds",16,"2024-01-01","2024-12-31",2024-04-14,105,2024-04-11,3,1,0
"onset",297759,48750,42.374542,-71.146736,4,"MA",100,"Quercus","alba","white oak","Plantae",371,"Breaking leaf buds",17,"2025-01-01","2025-12-31",2025-03-30,89,2025-03-28,2,3,0
"onset",297759,48750,42.374542,-71.146736,4,"MA",100,"Quercus","alba","white oak","Plantae",371,"Breaking leaf buds",18,"2026-01-01","2026-12-31",2026-04-08,98,2026-04-01,7,3,0
"onset",297759,48750,42.374542,-71.146736,4,"MA",100,"Quercus","alba","white oak","Plantae",501,"Open flowers",15,"2023-01-01","2023-12-31",2023-05-08,128,2023-05-07,1,1,0
"onset",297759,48750,42.374542,-71.146736,4,"MA",100,"Quercus","alba","white oak","Plantae",501,"Open flowers",16,"2024-01-01","2024-12-31",2024-05-05,126,2024-04-28,7,2,0
"onset",297759,48750,42.374542,-71.146736,4,"MA",100,"Quercus","alba","white oak","Plantae",501,"Open flowers",17,"2025-01-01","2025-12-31",2025-05-06,126,2025-04-23,13,1,0
"onset",297759,48750,42.374542,-71.146736,4,"MA",100,"Quercus","alba","white oak","Plantae",501,"Open flowers",18,"2026-01-01","2026-12-31",2026-05-05,125,2026-04-28,7,1,0
"onset",299359,48917,38.030155,-84.49897,306,"KY",100,"Quercus","alba","white oak","Plantae",371,"Breaking leaf buds",14,"2022-01-01","2022-12-31",2022-10-09,282,2022-09-25,14,1,0
"onset",301397,49426,37.992432,-81.148293,603,"WV",100,"Quercus","alba","white oak","Plantae",371,"Breaking leaf buds",14,"2022-01-01","2022-12-31",2022-11-09,313,2022-11-04,5,1,0
"onset",301397,49426,37.992432,-81.148293,603,"WV",100,"Quercus","alba","white oak","Plantae",371,"Breaking leaf buds",15,"2023-01-01","2023-12-31",2023-03-23,82,2023-03-01,22,4,0
"onset",301397,49426,37.992432,-81.148293,603,"WV",100,"Quercus","alba","white oak","Plantae",501,"Open flowers",14,"2022-01-01","2022-12-31",2022-11-09,313,2022-11-04,5,1,0
"onset",301397,49426,37.992432,-81.148293,603,"WV",100,"Quercus","alba","white oak","Plantae",501,"Open flowers",15,"2023-01-01","2023-12-31",2023-04-26,116,2023-04-20,6,3,0
"onset",301407,49426,37.992432,-81.148293,603,"WV",100,"Quercus","alba","white oak","Plantae",371,"Breaking leaf buds",15,"2023-01-01","2023-12-31",2023-03-23,82,2023-03-01,22,2,0
"onset",303056,49815,35.922417,-78.964714,72,"NC",100,"Quercus","alba","white oak","Plantae",371,"Breaking leaf buds",14,"2022-01-01","2022-12-31",2022-12-09,343,2022-12-02,7,1,0
"onset",303056,49815,35.922417,-78.964714,72,"NC",100,"Quercus","alba","white oak","Plantae",371,"Breaking leaf buds",15,"2023-01-01","2023-12-31",2023-02-24,55,2023-02-08,16,1,0
"onset",303108,45924,35.005711,-80.673264,185,"NC",100,"Quercus","alba","white oak","Plantae",371,"Breaking leaf buds",15,"2023-01-01","2023-12-31",2023-01-26,26,2023-01-19,7,1,0
"onset",303109,45924,35.005711,-80.673264,185,"NC",100,"Quercus","alba","white oak","Plantae",371,"Breaking leaf buds",14,"2022-01-01","2022-12-31",2022-11-14,318,2022-11-03,11,1,0
"onset",303109,45924,35.005711,-80.673264,185,"NC",100,"Quercus","alba","white oak","Plantae",371,"Breaking leaf buds",15,"2023-01-01","2023-12-31",2023-03-06,65,2023-02-28,6,1,0
"onset",305774,42060,39.627743,-86.380142,218,"IN",2050,"Quercus","muehlenbergii","chinquapin oak","Plantae",371,"Breaking leaf buds",16,"2024-01-01","2024-12-31",2024-04-15,106,2024-04-08,7,1,0
"onset",305774,42060,39.627743,-86.380142,218,"IN",2050,"Quercus","muehlenbergii","chinquapin oak","Plantae",501,"Open flowers",16,"2024-01-01","2024-12-31",2024-04-22,113,2024-04-15,7,1,0
"onset",306306,50331,30.430586,-88.833366,7,"MS",305,"Quercus","virginiana","live oak","Plantae",371,"Breaking leaf buds",15,"2023-01-01","2023-12-31",2023-03-07,66,2023-02-18,17,1,0
"onset",306306,50331,30.430586,-88.833366,7,"MS",305,"Quercus","virginiana","live oak","Plantae",371,"Breaking leaf buds",16,"2024-01-01","2024-12-31",2024-03-11,71,2024-03-05,6,1,0
"onset",306306,50331,30.430586,-88.833366,7,"MS",305,"Quercus","virginiana","live oak","Plantae",371,"Breaking leaf buds",17,"2025-01-01","2025-12-31",2025-03-27,86,2025-03-18,9,1,0
"onset",306310,50331,30.430586,-88.833366,7,"MS",305,"Quercus","virginiana","live oak","Plantae",371,"Breaking leaf buds",16,"2024-01-01","2024-12-31",2024-03-11,71,2024-03-05,6,2,0
"onset",306310,50331,30.430586,-88.833366,7,"MS",305,"Quercus","virginiana","live oak","Plantae",371,"Breaking leaf buds",17,"2025-01-01","2025-12-31",2025-03-27,86,2025-03-18,9,1,0
"onset",306310,50331,30.430586,-88.833366,7,"MS",305,"Quercus","virginiana","live oak","Plantae",501,"Open flowers",16,"2024-01-01","2024-12-31",2024-10-07,281,2024-10-01,6,1,0
"onset",306342,50344,43.220783,-85.310768,260,"MI",100,"Quercus","alba","white oak","Plantae",371,"Breaking leaf buds",15,"2023-01-01","2023-12-31",2023-05-09,129,2023-05-08,1,1,0
"onset",306765,50056,30.353901,-89.136078,3,"MS",305,"Quercus","virginiana","live oak","Plantae",371,"Breaking leaf buds",16,"2024-01-01","2024-12-31",2024-03-08,68,2024-02-29,8,2,0
"onset",306765,50056,30.353901,-89.136078,3,"MS",305,"Quercus","virginiana","live oak","Plantae",371,"Breaking leaf buds",17,"2025-01-01","2025-12-31",2025-03-20,79,2025-03-06,14,1,0
"onset",306765,50056,30.353901,-89.136078,3,"MS",305,"Quercus","virginiana","live oak","Plantae",371,"Breaking leaf buds",18,"2026-01-01","2026-12-31",2026-03-10,69,2026-03-02,8,1,0
"onset",306765,50056,30.353901,-89.136078,3,"MS",305,"Quercus","virginiana","live oak","Plantae",501,"Open flowers",16,"2024-01-01","2024-12-31",2024-03-21,81,2024-03-15,6,1,0
"onset",306765,50056,30.353901,-89.136078,3,"MS",305,"Quercus","virginiana","live oak","Plantae",501,"Open flowers",17,"2025-01-01","2025-12-31",2025-03-28,87,2025-03-20,8,1,0
"onset",307033,50497,34.80901,-80.157257,94,"SC",100,"Quercus","alba","white oak","Plantae",371,"Breaking leaf buds",15,"2023-01-01","2023-12-31",2023-02-24,55,2023-02-21,3,2,0
"onset",307034,50497,34.80901,-80.157257,94,"SC",1755,"Quercus","stellata","post oak","Plantae",371,"Breaking leaf buds",15,"2023-01-01","2023-12-31",2023-03-10,69,2023-02-21,17,1,0
"onset",307034,50497,34.80901,-80.157257,94,"SC",1755,"Quercus","stellata","post oak","Plantae",501,"Open flowers",15,"2023-01-01","2023-12-31",2023-03-17,76,2023-03-10,7,1,0
"onset",307213,50516,27.710093,-82.687538,1,"FL",305,"Quercus","virginiana","live oak","Plantae",371,"Breaking leaf buds",15,"2023-01-01","2023-12-31",2023-02-20,51,2023-02-09,11,1,0
"onset",307213,50516,27.710093,-82.687538,1,"FL",305,"Quercus","virginiana","live oak","Plantae",501,"Open flowers",15,"2023-01-01","2023-12-31",2023-03-12,71,2023-03-09,3,1,0
"onset",307325,25424,42.286526,-72.653793,51,"MA",100,"Quercus","alba","white oak","Plantae",371,"Breaking leaf buds",15,"2023-01-01","2023-12-31",2023-04-18,108,2023-04-15,3,1,0
"onset",307326,50545,38.4725,-90.803551,191,"MO",101,"Quercus","macrocarpa","bur oak","Plantae",371,"Breaking leaf buds",15,"2023-01-01","2023-12-31",2023-04-06,96,2023-03-31,6,1,0
"onset",307327,50516,27.710093,-82.687538,1,"FL",305,"Quercus","virginiana","live oak","Plantae",371,"Breaking leaf buds",15,"2023-01-01","2023-12-31",2023-02-20,51,2023-02-09,11,1,0
"onset",307452,50473,34.808964,-80.154732,95,"SC",100,"Quercus","alba","white oak","Plantae",371,"Breaking leaf buds",15,"2023-01-01","2023-12-31",2023-03-10,69,2023-02-21,17,1,0
"onset",307631,33477,45.568214,-94.16539,316,"MN",101,"Quercus","macrocarpa","bur oak","Plantae",371,"Breaking leaf buds",16,"2024-01-01","2024-12-31",2024-04-21,112,2024-04-16,5,1,0
"onset",307631,33477,45.568214,-94.16539,316,"MN",101,"Quercus","macrocarpa","bur oak","Plantae",501,"Open flowers",16,"2024-01-01","2024-12-31",2024-05-06,127,2024-04-21,15,1,0
"onset",307632,33477,45.568214,-94.16539,316,"MN",101,"Quercus","macrocarpa","bur oak","Plantae",371,"Breaking leaf buds",16,"2024-01-01","2024-12-31",2024-04-21,112,2024-04-16,5,1,0
"onset",307632,33477,45.568214,-94.16539,316,"MN",101,"Quercus","macrocarpa","bur oak","Plantae",501,"Open flowers",16,"2024-01-01","2024-12-31",2024-05-06,127,2024-04-21,15,1,0
"onset",308073,26037,46.928711,-95.051582,440,"MN",101,"Quercus","macrocarpa","bur oak","Plantae",371,"Breaking leaf buds",15,"2023-01-01","2023-12-31",2023-05-13,133,2023-05-05,8,1,0
"onset",308075,50761,41.684296,-83.654434,191,"OH",100,"Quercus","alba","white oak","Plantae",371,"Breaking leaf buds",15,"2023-01-01","2023-12-31",2023-04-16,106,2023-04-11,5,1,0
"onset",308077,50762,35.99559,-92.007629,202,"AR",100,"Quercus","alba","white oak","Plantae",371,"Breaking leaf buds",15,"2023-01-01","2023-12-31",2023-04-03,93,2023-03-30,4,1,0
"onset",308077,50762,35.99559,-92.007629,202,"AR",100,"Quercus","alba","white oak","Plantae",371,"Breaking leaf buds",16,"2024-01-01","2024-12-31",2024-03-30,90,2024-03-24,6,1,0
"onset",308077,50762,35.99559,-92.007629,202,"AR",100,"Quercus","alba","white oak","Plantae",501,"Open flowers",15,"2023-01-01","2023-12-31",2023-04-13,103,2023-04-10,3,1,0
"onset",308077,50762,35.99559,-92.007629,202,"AR",100,"Quercus","alba","white oak","Plantae",501,"Open flowers",16,"2024-01-01","2024-12-31",2024-04-02,93,2024-03-30,3,1,0
"onset",308078,50762,35.99559,-92.007629,202,"AR",1755,"Quercus","stellata","post oak","Plantae",371,"Breaking leaf buds",15,"2023-01-01","2023-12-31",2023-04-03,93,2023-03-30,4,1,0
"onset",308078,50762,35.99559,-92.007629,202,"AR",1755,"Quercus","stellata","post oak","Plantae",371,"Breaking leaf buds",16,"2024-01-01","2024-12-31",2024-03-30,90,2024-03-24,6,1,0
"onset",308078,50762,35.99559,-92.007629,202,"AR",1755,"Quercus","stellata","post oak","Plantae",501,"Open flowers",15,"2023-01-01","2023-12-31",2023-04-16,106,2023-04-13,3,1,0
"onset",308078,50762,35.99559,-92.007629,202,"AR",1755,"Quercus","stellata","post oak","Plantae",501,"Open flowers",16,"2024-01-01","2024-12-31",2024-04-14,105,2024-04-11,3,1,0
"onset",308079,50762,35.99559,-92.007629,202,"AR",2050,"Quercus","muehlenbergii","chinquapin oak","Plantae",371,"Breaking leaf buds",15,"2023-01-01","2023-12-31",2023-03-26,85,2023-03-22,4,1,0
"onset",308079,50762,35.99559,-92.007629,202,"AR",2050,"Quercus","muehlenbergii","chinquapin oak","Plantae",371,"Breaking leaf buds",16,"2024-01-01","2024-12-31",2024-03-30,90,2024-03-24,6,1,0
"onset",308079,50762,35.99559,-92.007629,202,"AR",2050,"Quercus","muehlenbergii","chinquapin oak","Plantae",501,"Open flowers",15,"2023-01-01","2023-12-31",2023-04-16,106,2023-04-13,3,1,0
"onset",308079,50762,35.99559,-92.007629,202,"AR",2050,"Quercus","muehlenbergii","chinquapin oak","Plantae",501,"Open flowers",16,"2024-01-01","2024-12-31",2024-04-11,102,2024-04-06,5,1,0
"onset",308143,50781,42.976318,-87.898743,202,"WI",101,"Quercus","macrocarpa","bur oak","Plantae",371,"Breaking leaf buds",15,"2023-01-01","2023-12-31",2023-03-08,67,2023-03-01,7,2,0
"onset",308143,50781,42.976318,-87.898743,202,"WI",101,"Quercus","macrocarpa","bur oak","Plantae",501,"Open flowers",15,"2023-01-01","2023-12-31",2023-03-08,67,2023-03-01,7,1,0
"onset",308232,50794,38.159595,-78.425621,164,"VA",100,"Quercus","alba","white oak","Plantae",371,"Breaking leaf buds",15,"2023-01-01","2023-12-31",2023-04-07,97,2023-03-27,11,1,0
"onset",308238,42101,41.368465,-81.844765,241,"OH",101,"Quercus","macrocarpa","bur oak","Plantae",371,"Breaking leaf buds",17,"2025-01-01","2025-12-31",2025-04-01,91,2025-03-25,7,1,0
"onset",308338,28614,42.287708,-85.617592,276,"MI",100,"Quercus","alba","white oak","Plantae",371,"Breaking leaf buds",18,"2026-01-01","2026-12-31",2026-04-09,99,2026-04-03,6,2,0
"onset",308454,19824,34.836891,-92.405724,123,"AR",100,"Quercus","alba","white oak","Plantae",371,"Breaking leaf buds",15,"2023-01-01","2023-12-31",2023-03-02,61,2023-03-01,1,1,0
"onset",308454,19824,34.836891,-92.405724,123,"AR",100,"Quercus","alba","white oak","Plantae",371,"Breaking leaf buds",16,"2024-01-01","2024-12-31",2024-03-20,80,2024-03-11,9,1,0
"onset",308721,50291,42.002438,-87.78643,191,"IL",101,"Quercus","macrocarpa","bur oak","Plantae",371,"Breaking leaf buds",15,"2023-01-01","2023-12-31",2023-04-12,102,2023-04-07,5,1,0
"onset",308721,50291,42.002438,-87.78643,191,"IL",101,"Quercus","macrocarpa","bur oak","Plantae",501,"Open flowers",15,"2023-01-01","2023-12-31",2023-04-27,117,2023-04-19,8,1,0
"onset",308722,50926,42.00824,-87.79097,190,"IL",100,"Quercus","alba","white oak","Plantae",371,"Breaking leaf buds",15,"2023-01-01","2023-12-31",2023-04-12,102,2023-04-07,5,2,0
"onset",308722,50926,42.00824,-87.79097,190,"IL",100,"Quercus","alba","white oak","Plantae",501,"Open flowers",15,"2023-01-01","2023-12-31",2023-05-18,138,2023-05-14,4,1,0
"onset",308740,39847,44.936382,-93.208626,246,"MN",100,"Quercus","alba","white oak","Plantae",371,"Breaking leaf buds",15,"2023-01-01","2023-12-31",2023-05-03,123,2023-04-28,5,2,0
"onset",308740,39847,44.936382,-93.208626,246,"MN",100,"Quercus","alba","white oak","Plantae",371,"Breaking leaf buds",17,"2025-01-01","2025-12-31",2025-04-16,106,2025-04-09,7,1,0
"onset",308740,39847,44.936382,-93.208626,246,"MN",100,"Quercus","alba","white oak","Plantae",371,"Breaking leaf buds",18,"2026-01-01","2026-12-31",2026-04-19,109,2026-04-16,3,1,0
"onset",308740,39847,44.936382,-93.208626,246,"MN",100,"Quercus","alba","white oak","Plantae",501,"Open flowers",15,"2023-01-01","2023-12-31",2023-05-13,133,2023-05-10,3,1,0
"onset",308740,39847,44.936382,-93.208626,246,"MN",100,"Quercus","alba","white oak","Plantae",501,"Open flowers",16,"2024-01-01","2024-12-31",2024-05-22,143,2024-05-15,7,1,0
"onset",308740,39847,44.936382,-93.208626,246,"MN",100,"Quercus","alba","white oak","Plantae",501,"Open flowers",17,"2025-01-01","2025-12-31",2025-05-12,132,2025-05-07,5,1,0
"onset",308740,39847,44.936382,-93.208626,246,"MN",100,"Quercus","alba","white oak","Plantae",501,"Open flowers",18,"2026-01-01","2026-12-31",2026-05-13,133,2026-05-06,7,1,0
"onset",308766,50761,41.684296,-83.654434,191,"OH",100,"Quercus","alba","white oak","Plantae",371,"Breaking leaf buds",15,"2023-01-01","2023-12-31",2023-04-16,106,2023-04-11,5,1,0
"onset",308767,50761,41.684296,-83.654434,191,"OH",100,"Quercus","alba","white oak","Plantae",371,"Breaking leaf buds",15,"2023-01-01","2023-12-31",2023-04-16,106,2023-04-11,5,1,0
"onset",308768,50761,41.684296,-83.654434,191,"OH",100,"Quercus","alba","white oak","Plantae",371,"Breaking leaf buds",15,"2023-01-01","2023-12-31",2023-04-16,106,2023-04-11,5,1,0
"onset",309640,33757,43.230736,-70.757347,38,"ME",100,"Quercus","alba","white oak","Plantae",371,"Breaking leaf buds",16,"2024-01-01","2024-12-31",2024-05-08,129,2024-05-01,7,1,0
"onset",309643,50761,41.684296,-83.654434,191,"OH",100,"Quercus","alba","white oak","Plantae",371,"Breaking leaf buds",15,"2023-01-01","2023-12-31",2023-04-16,106,2023-04-11,5,1,0
"onset",309644,50761,41.684296,-83.654434,191,"OH",100,"Quercus","alba","white oak","Plantae",371,"Breaking leaf buds",15,"2023-01-01","2023-12-31",2023-04-16,106,2023-04-11,5,1,0
"onset",309666,51003,40.474838,-79.957184,315,"PA",100,"Quercus","alba","white oak","Plantae",371,"Breaking leaf buds",15,"2023-01-01","2023-12-31",2023-04-16,106,2023-04-11,5,1,0
"onset",309666,51003,40.474838,-79.957184,315,"PA",100,"Quercus","alba","white oak","Plantae",501,"Open flowers",15,"2023-01-01","2023-12-31",2023-04-29,119,2023-04-07,22,1,0
"onset",310120,50991,43.089485,-89.291893,282,"WI",101,"Quercus","macrocarpa","bur oak","Plantae",371,"Breaking leaf buds",15,"2023-01-01","2023-12-31",2023-05-06,126,2023-04-28,8,1,0
"onset",310120,50991,43.089485,-89.291893,282,"WI",101,"Quercus","macrocarpa","bur oak","Plantae",371,"Breaking leaf buds",16,"2024-01-01","2024-12-31",2024-04-25,116,2024-04-19,6,1,0
"onset",310120,50991,43.089485,-89.291893,282,"WI",101,"Quercus","macrocarpa","bur oak","Plantae",371,"Breaking leaf buds",17,"2025-01-01","2025-12-31",2025-05-04,124,2025-04-27,7,1,0
"onset",310120,50991,43.089485,-89.291893,282,"WI",101,"Quercus","macrocarpa","bur oak","Plantae",371,"Breaking leaf buds",18,"2026-01-01","2026-12-31",2026-05-01,121,2026-04-24,7,2,0
"onset",310120,50991,43.089485,-89.291893,282,"WI",101,"Quercus","macrocarpa","bur oak","Plantae",501,"Open flowers",17,"2025-01-01","2025-12-31",2025-05-18,138,2025-05-11,7,1,0
"onset",310120,50991,43.089485,-89.291893,282,"WI",101,"Quercus","macrocarpa","bur oak","Plantae",501,"Open flowers",18,"2026-01-01","2026-12-31",2026-05-18,138,2026-05-14,4,1,0
"onset",310125,51027,41.814728,-88.089294,213,"IL",101,"Quercus","macrocarpa","bur oak","Plantae",371,"Breaking leaf buds",15,"2023-01-01","2023-12-31",2023-04-18,108,2023-04-11,7,1,0
"onset",310126,51027,41.814728,-88.089294,213,"IL",101,"Quercus","macrocarpa","bur oak","Plantae",371,"Breaking leaf buds",15,"2023-01-01","2023-12-31",2023-04-18,108,2023-03-28,21,1,0
"onset",310126,51027,41.814728,-88.089294,213,"IL",101,"Quercus","macrocarpa","bur oak","Plantae",501,"Open flowers",15,"2023-01-01","2023-12-31",2023-04-25,115,2023-04-18,7,2,0
"onset",310127,51027,41.814728,-88.089294,213,"IL",101,"Quercus","macrocarpa","bur oak","Plantae",371,"Breaking leaf buds",15,"2023-01-01","2023-12-31",2023-04-18,108,2023-04-11,7,1,0
"onset",310127,51027,41.814728,-88.089294,213,"IL",101,"Quercus","macrocarpa","bur oak","Plantae",501,"Open flowers",15,"2023-01-01","2023-12-31",2023-04-25,115,2023-04-18,7,2,0
"onset",310128,51027,41.814728,-88.089294,213,"IL",101,"Quercus","macrocarpa","bur oak","Plantae",371,"Breaking leaf buds",15,"2023-01-01","2023-12-31",2023-04-18,108,2023-04-11,7,1,0
"onset",310128,51027,41.814728,-88.089294,213,"IL",101,"Quercus","macrocarpa","bur oak","Plantae",501,"Open flowers",15,"2023-01-01","2023-12-31",2023-04-25,115,2023-04-18,7,2,0
"onset",310129,51027,41.814728,-88.089294,213,"IL",101,"Quercus","macrocarpa","bur oak","Plantae",371,"Breaking leaf buds",15,"2023-01-01","2023-12-31",2023-04-18,108,2023-03-28,21,1,0
"onset",310130,51027,41.814728,-88.089294,213,"IL",101,"Quercus","macrocarpa","bur oak","Plantae",371,"Breaking leaf buds",15,"2023-01-01","2023-12-31",2023-04-11,101,2023-03-28,14,1,0
"onset",310131,51027,41.814728,-88.089294,213,"IL",101,"Quercus","macrocarpa","bur oak","Plantae",371,"Breaking leaf buds",15,"2023-01-01","2023-12-31",2023-04-18,108,2023-04-11,7,2,0
"onset",310132,51027,41.814728,-88.089294,213,"IL",101,"Quercus","macrocarpa","bur oak","Plantae",371,"Breaking leaf buds",15,"2023-01-01","2023-12-31",2023-04-18,108,2023-04-11,7,1,0
"onset",310133,51027,41.814728,-88.089294,213,"IL",101,"Quercus","macrocarpa","bur oak","Plantae",371,"Breaking leaf buds",15,"2023-01-01","2023-12-31",2023-04-18,108,2023-04-11,7,1,0
"onset",310134,51027,41.814728,-88.089294,213,"IL",101,"Quercus","macrocarpa","bur oak","Plantae",371,"Breaking leaf buds",15,"2023-01-01","2023-12-31",2023-04-18,108,2023-04-11,7,1,0
"onset",310134,51027,41.814728,-88.089294,213,"IL",101,"Quercus","macrocarpa","bur oak","Plantae",501,"Open flowers",15,"2023-01-01","2023-12-31",2023-05-09,129,2023-04-27,12,1,0
"onset",310135,51027,41.814728,-88.089294,213,"IL",101,"Quercus","macrocarpa","bur oak","Plantae",371,"Breaking leaf buds",15,"2023-01-01","2023-12-31",2023-04-25,115,2023-04-18,7,1,0
"onset",310136,51027,41.814728,-88.089294,213,"IL",101,"Quercus","macrocarpa","bur oak","Plantae",371,"Breaking leaf buds",15,"2023-01-01","2023-12-31",2023-04-18,108,2023-04-11,7,1,0
"onset",310137,51028,41.816444,-88.082512,215,"IL",101,"Quercus","macrocarpa","bur oak","Plantae",371,"Breaking leaf buds",15,"2023-01-01","2023-12-31",2023-04-18,108,2023-04-10,8,1,0
"onset",310137,51028,41.816444,-88.082512,215,"IL",101,"Quercus","macrocarpa","bur oak","Plantae",501,"Open flowers",15,"2023-01-01","2023-12-31",2023-05-02,122,2023-04-25,7,1,0
"onset",310138,51028,41.816444,-88.082512,215,"IL",101,"Quercus","macrocarpa","bur oak","Plantae",371,"Breaking leaf buds",15,"2023-01-01","2023-12-31",2023-04-18,108,2023-04-10,8,1,0
"onset",310138,51028,41.816444,-88.082512,215,"IL",101,"Quercus","macrocarpa","bur oak","Plantae",501,"Open flowers",15,"2023-01-01","2023-12-31",2023-05-02,122,2023-04-25,7,1,0
"onset",310139,51028,41.816444,-88.082512,215,"IL",101,"Quercus","macrocarpa","bur oak","Plantae",371,"Breaking leaf buds",15,"2023-01-01","2023-12-31",2023-04-18,108,2023-04-10,8,1,0
"onset",310139,51028,41.816444,-88.082512,215,"IL",101,"Quercus","macrocarpa","bur oak","Plantae",501,"Open flowers",15,"2023-01-01","2023-12-31",2023-05-02,122,2023-04-25,7,1,0
"onset",310140,51028,41.816444,-88.082512,215,"IL",101,"Quercus","macrocarpa","bur oak","Plantae",371,"Breaking leaf buds",15,"2023-01-01","2023-12-31",2023-04-18,108,2023-04-10,8,1,0
"onset",310140,51028,41.816444,-88.082512,215,"IL",101,"Quercus","macrocarpa","bur oak","Plantae",501,"Open flowers",15,"2023-01-01","2023-12-31",2023-05-02,122,2023-04-25,7,1,0
"onset",310141,51028,41.816444,-88.082512,215,"IL",101,"Quercus","macrocarpa","bur oak","Plantae",371,"Breaking leaf buds",15,"2023-01-01","2023-12-31",2023-04-18,108,2023-04-10,8,1,0
"onset",310141,51028,41.816444,-88.082512,215,"IL",101,"Quercus","macrocarpa","bur oak","Plantae",501,"Open flowers",15,"2023-01-01","2023-12-31",2023-05-09,129,2023-05-02,7,1,0
"onset",310142,51028,41.816444,-88.082512,215,"IL",101,"Quercus","macrocarpa","bur oak","Plantae",371,"Breaking leaf buds",15,"2023-01-01","2023-12-31",2023-04-18,108,2023-04-10,8,1,0
"onset",310142,51028,41.816444,-88.082512,215,"IL",101,"Quercus","macrocarpa","bur oak","Plantae",501,"Open flowers",15,"2023-01-01","2023-12-31",2023-05-02,122,2023-04-25,7,1,0
"onset",310143,51028,41.816444,-88.082512,215,"IL",101,"Quercus","macrocarpa","bur oak","Plantae",371,"Breaking leaf buds",15,"2023-01-01","2023-12-31",2023-04-18,108,2023-04-10,8,1,0
"onset",310143,51028,41.816444,-88.082512,215,"IL",101,"Quercus","macrocarpa","bur oak","Plantae",501,"Open flowers",15,"2023-01-01","2023-12-31",2023-05-02,122,2023-04-25,7,2,0
"onset",310144,51028,41.816444,-88.082512,215,"IL",101,"Quercus","macrocarpa","bur oak","Plantae",371,"Breaking leaf buds",15,"2023-01-01","2023-12-31",2023-04-18,108,2023-04-10,8,1,0
"onset",310144,51028,41.816444,-88.082512,215,"IL",101,"Quercus","macrocarpa","bur oak","Plantae",501,"Open flowers",15,"2023-01-01","2023-12-31",2023-05-09,129,2023-05-02,7,1,0
"onset",310145,51028,41.816444,-88.082512,215,"IL",101,"Quercus","macrocarpa","bur oak","Plantae",371,"Breaking leaf buds",15,"2023-01-01","2023-12-31",2023-04-18,108,2023-04-10,8,1,0
"onset",310145,51028,41.816444,-88.082512,215,"IL",101,"Quercus","macrocarpa","bur oak","Plantae",501,"Open flowers",15,"2023-01-01","2023-12-31",2023-05-02,122,2023-04-25,7,1,0
"onset",310146,51028,41.816444,-88.082512,215,"IL",101,"Quercus","macrocarpa","bur oak","Plantae",371,"Breaking leaf buds",15,"2023-01-01","2023-12-31",2023-04-18,108,2023-04-10,8,1,0
"onset",310146,51028,41.816444,-88.082512,215,"IL",101,"Quercus","macrocarpa","bur oak","Plantae",501,"Open flowers",15,"2023-01-01","2023-12-31",2023-05-09,129,2023-05-02,7,1,0
"onset",310147,51028,41.816444,-88.082512,215,"IL",101,"Quercus","macrocarpa","bur oak","Plantae",371,"Breaking leaf buds",15,"2023-01-01","2023-12-31",2023-04-18,108,2023-04-10,8,1,0
"onset",310147,51028,41.816444,-88.082512,215,"IL",101,"Quercus","macrocarpa","bur oak","Plantae",501,"Open flowers",15,"2023-01-01","2023-12-31",2023-05-09,129,2023-05-02,7,1,0
"onset",310148,51028,41.816444,-88.082512,215,"IL",101,"Quercus","macrocarpa","bur oak","Plantae",371,"Breaking leaf buds",15,"2023-01-01","2023-12-31",2023-04-18,108,2023-04-10,8,1,0
"onset",310148,51028,41.816444,-88.082512,215,"IL",101,"Quercus","macrocarpa","bur oak","Plantae",501,"Open flowers",15,"2023-01-01","2023-12-31",2023-05-09,129,2023-05-02,7,2,0
"onset",310149,51028,41.816444,-88.082512,215,"IL",101,"Quercus","macrocarpa","bur oak","Plantae",371,"Breaking leaf buds",15,"2023-01-01","2023-12-31",2023-04-18,108,2023-04-10,8,1,0
"onset",310149,51028,41.816444,-88.082512,215,"IL",101,"Quercus","macrocarpa","bur oak","Plantae",501,"Open flowers",15,"2023-01-01","2023-12-31",2023-05-02,122,2023-04-25,7,2,0
"onset",310150,51028,41.816444,-88.082512,215,"IL",101,"Quercus","macrocarpa","bur oak","Plantae",371,"Breaking leaf buds",15,"2023-01-01","2023-12-31",2023-04-18,108,2023-04-10,8,1,0
"onset",310150,51028,41.816444,-88.082512,215,"IL",101,"Quercus","macrocarpa","bur oak","Plantae",501,"Open flowers",15,"2023-01-01","2023-12-31",2023-05-02,122,2023-04-25,7,2,0
"onset",310152,51029,45.73185,-108.621147,981,"MT",101,"Quercus","macrocarpa","bur oak","Plantae",371,"Breaking leaf buds",15,"2023-01-01","2023-12-31",2023-06-10,161,2023-05-26,15,1,0
"onset",310358,50928,42.593834,-86.220787,217,"MI",2043,"Quercus","bicolor","swamp white oak","Plantae",371,"Breaking leaf buds",15,"2023-01-01","2023-12-31",2023-04-16,106,2023-04-13,3,1,0
"onset",310794,37329,42.279087,-85.613754,278,"MI",100,"Quercus","alba","white oak","Plantae",371,"Breaking leaf buds",15,"2023-01-01","2023-12-31",2023-04-13,103,2023-04-11,2,1,0
"onset",310795,37329,42.279087,-85.613754,278,"MI",100,"Quercus","alba","white oak","Plantae",371,"Breaking leaf buds",15,"2023-01-01","2023-12-31",2023-04-13,103,2023-04-11,2,1,0
"onset",310796,37329,42.279087,-85.613754,278,"MI",100,"Quercus","alba","white oak","Plantae",371,"Breaking leaf buds",15,"2023-01-01","2023-12-31",2023-04-13,103,2023-04-11,2,1,0
"onset",310797,37329,42.279087,-85.613754,278,"MI",100,"Quercus","alba","white oak","Plantae",371,"Breaking leaf buds",15,"2023-01-01","2023-12-31",2023-04-18,108,2023-04-11,7,1,0
"onset",310869,20257,33.455692,-86.80159,270,"AL",1212,"Quercus","montana","chestnut oak","Plantae",501,"Open flowers",15,"2023-01-01","2023-12-31",2023-04-06,96,2023-03-22,15,1,0
"onset",311100,46728,38.932724,-76.492966,3,"MD",100,"Quercus","alba","white oak","Plantae",371,"Breaking leaf buds",15,"2023-01-01","2023-12-31",2023-04-14,104,2023-04-02,12,1,0
"onset",311142,51198,40.437691,-86.824371,189,"IN",2050,"Quercus","muehlenbergii","chinquapin oak","Plantae",371,"Breaking leaf buds",15,"2023-01-01","2023-12-31",2023-04-13,103,2023-04-10,3,1,0
"onset",311142,51198,40.437691,-86.824371,189,"IN",2050,"Quercus","muehlenbergii","chinquapin oak","Plantae",371,"Breaking leaf buds",18,"2026-01-01","2026-12-31",2026-04-20,110,2026-04-14,6,1,0
"onset",311231,50926,42.00824,-87.79097,190,"IL",100,"Quercus","alba","white oak","Plantae",371,"Breaking leaf buds",15,"2023-01-01","2023-12-31",2023-04-12,102,2023-04-07,5,2,0
"onset",311231,50926,42.00824,-87.79097,190,"IL",100,"Quercus","alba","white oak","Plantae",501,"Open flowers",15,"2023-01-01","2023-12-31",2023-05-18,138,2023-05-14,4,2,0
"onset",311256,50883,41.559566,-93.743469,268,"IA",101,"Quercus","macrocarpa","bur oak","Plantae",371,"Breaking leaf buds",15,"2023-01-01","2023-12-31",2023-05-03,123,2023-04-10,23,1,0
"onset",311302,51244,43.477028,-96.594315,412,"SD",101,"Quercus","macrocarpa","bur oak","Plantae",371,"Breaking leaf buds",15,"2023-01-01","2023-12-31",2023-04-13,103,2023-04-11,2,1,0
"onset",311302,51244,43.477028,-96.594315,412,"SD",101,"Quercus","macrocarpa","bur oak","Plantae",371,"Breaking leaf buds",16,"2024-01-01","2024-12-31",2024-04-17,108,2024-04-09,8,1,0
"onset",311302,51244,43.477028,-96.594315,412,"SD",101,"Quercus","macrocarpa","bur oak","Plantae",371,"Breaking leaf buds",17,"2025-01-01","2025-12-31",2025-04-22,112,2025-04-18,4,1,0
"onset",311302,51244,43.477028,-96.594315,412,"SD",101,"Quercus","macrocarpa","bur oak","Plantae",371,"Breaking leaf buds",18,"2026-01-01","2026-12-31",2026-04-15,105,2026-04-07,8,1,0
"onset",311302,51244,43.477028,-96.594315,412,"SD",101,"Quercus","macrocarpa","bur oak","Plantae",501,"Open flowers",15,"2023-01-01","2023-12-31",2023-05-11,131,2023-05-07,4,1,0
"onset",311302,51244,43.477028,-96.594315,412,"SD",101,"Quercus","macrocarpa","bur oak","Plantae",501,"Open flowers",16,"2024-01-01","2024-12-31",2024-05-07,128,2024-05-04,3,1,0
"onset",311302,51244,43.477028,-96.594315,412,"SD",101,"Quercus","macrocarpa","bur oak","Plantae",501,"Open flowers",17,"2025-01-01","2025-12-31",2025-05-04,124,2025-04-30,4,1,0
"onset",311327,51244,43.477028,-96.594315,412,"SD",101,"Quercus","macrocarpa","bur oak","Plantae",371,"Breaking leaf buds",15,"2023-01-01","2023-12-31",2023-04-13,103,2023-04-11,2,1,0
"onset",311327,51244,43.477028,-96.594315,412,"SD",101,"Quercus","macrocarpa","bur oak","Plantae",371,"Breaking leaf buds",16,"2024-01-01","2024-12-31",2024-04-17,108,2024-04-09,8,1,0
"onset",311327,51244,43.477028,-96.594315,412,"SD",101,"Quercus","macrocarpa","bur oak","Plantae",371,"Breaking leaf buds",17,"2025-01-01","2025-12-31",2025-04-18,108,2025-04-16,2,1,0
"onset",311327,51244,43.477028,-96.594315,412,"SD",101,"Quercus","macrocarpa","bur oak","Plantae",371,"Breaking leaf buds",18,"2026-01-01","2026-12-31",2026-04-15,105,2026-04-07,8,1,0
"onset",311327,51244,43.477028,-96.594315,412,"SD",101,"Quercus","macrocarpa","bur oak","Plantae",501,"Open flowers",15,"2023-01-01","2023-12-31",2023-05-09,129,2023-05-07,2,1,0
"onset",311327,51244,43.477028,-96.594315,412,"SD",101,"Quercus","macrocarpa","bur oak","Plantae",501,"Open flowers",16,"2024-01-01","2024-12-31",2024-04-30,121,2024-04-24,6,1,0
"onset",311327,51244,43.477028,-96.594315,412,"SD",101,"Quercus","macrocarpa","bur oak","Plantae",501,"Open flowers",17,"2025-01-01","2025-12-31",2025-05-04,124,2025-04-30,4,1,0
"onset",311327,51244,43.477028,-96.594315,412,"SD",101,"Quercus","macrocarpa","bur oak","Plantae",501,"Open flowers",18,"2026-01-01","2026-12-31",2026-05-05,125,2026-04-28,7,1,0
"onset",312293,51052,37.590611,-81.108292,965,"WV",100,"Quercus","alba","white oak","Plantae",371,"Breaking leaf buds",15,"2023-01-01","2023-12-31",2023-03-31,90,2023-03-24,7,1,0
"onset",312294,51052,37.590611,-81.108292,965,"WV",2043,"Quercus","bicolor","swamp white oak","Plantae",371,"Breaking leaf buds",15,"2023-01-01","2023-12-31",2023-03-31,90,2023-03-24,7,1,0
"onset",312295,51052,37.590611,-81.108292,965,"WV",1755,"Quercus","stellata","post oak","Plantae",371,"Breaking leaf buds",15,"2023-01-01","2023-12-31",2023-03-31,90,2023-03-24,7,1,0
"onset",312551,24473,35.502415,-82.526787,690,"NC",100,"Quercus","alba","white oak","Plantae",371,"Breaking leaf buds",15,"2023-01-01","2023-12-31",2023-04-21,111,2023-03-31,21,1,0
"onset",312551,24473,35.502415,-82.526787,690,"NC",100,"Quercus","alba","white oak","Plantae",501,"Open flowers",15,"2023-01-01","2023-12-31",2023-04-21,111,2023-03-31,21,1,0
"onset",312635,51003,40.474838,-79.957184,315,"PA",100,"Quercus","alba","white oak","Plantae",371,"Breaking leaf buds",15,"2023-01-01","2023-12-31",2023-04-16,106,2023-04-11,5,1,0
"onset",312635,51003,40.474838,-79.957184,315,"PA",100,"Quercus","alba","white oak","Plantae",501,"Open flowers",15,"2023-01-01","2023-12-31",2023-04-29,119,2023-04-11,18,1,0
"onset",312636,51003,40.474838,-79.957184,315,"PA",1212,"Quercus","montana","chestnut oak","Plantae",371,"Breaking leaf buds",15,"2023-01-01","2023-12-31",2023-04-11,101,2023-04-07,4,1,0
"onset",312636,51003,40.474838,-79.957184,315,"PA",1212,"Quercus","montana","chestnut oak","Plantae",501,"Open flowers",15,"2023-01-01","2023-12-31",2023-04-18,108,2023-04-11,7,1,0
"onset",312668,51489,40.237244,-89.785156,165,"IL",2043,"Quercus","bicolor","swamp white oak","Plantae",371,"Breaking leaf buds",15,"2023-01-01","2023-12-31",2023-04-14,104,2023-04-10,4,1,0
"onset",312668,51489,40.237244,-89.785156,165,"IL",2043,"Quercus","bicolor","swamp white oak","Plantae",501,"Open flowers",15,"2023-01-01","2023-12-31",2023-05-23,143,2023-05-18,5,1,0
"onset",312669,51489,40.237244,-89.785156,165,"IL",2053,"Quercus","prinoides","dwarf chinquapin oak","Plantae",371,"Breaking leaf buds",15,"2023-01-01","2023-12-31",2023-04-10,100,2023-04-05,5,1,0
"onset",312967,51570,38.937336,-74.969345,-1,"NJ",100,"Quercus","alba","white oak","Plantae",371,"Breaking leaf buds",15,"2023-01-01","2023-12-31",2023-04-18,108,2023-04-02,16,1,0
"onset",313884,51489,40.237244,-89.785156,165,"IL",2050,"Quercus","muehlenbergii","chinquapin oak","Plantae",371,"Breaking leaf buds",15,"2023-01-01","2023-12-31",2023-04-21,111,2023-04-15,6,1,0
"onset",313995,49869,44.0261,-92.525398,335,"MN",101,"Quercus","macrocarpa","bur oak","Plantae",371,"Breaking leaf buds",16,"2024-01-01","2024-12-31",2024-04-21,112,2024-04-05,16,1,0
"onset",314231,51678,42.925606,-88.037041,231,"WI",100,"Quercus","alba","white oak","Plantae",371,"Breaking leaf buds",15,"2023-01-01","2023-12-31",2023-05-01,121,2023-04-17,14,1,0
"onset",314362,43357,45.330055,-92.927711,277,"MN",101,"Quercus","macrocarpa","bur oak","Plantae",371,"Breaking leaf buds",15,"2023-01-01","2023-12-31",2023-05-08,128,2023-05-06,2,1,0
"onset",314362,43357,45.330055,-92.927711,277,"MN",101,"Quercus","macrocarpa","bur oak","Plantae",371,"Breaking leaf buds",18,"2026-01-01","2026-12-31",2026-04-17,107,2026-04-02,15,1,0
"onset",314362,43357,45.330055,-92.927711,277,"MN",101,"Quercus","macrocarpa","bur oak","Plantae",501,"Open flowers",15,"2023-01-01","2023-12-31",2023-05-10,130,2023-05-08,2,1,0
"onset",314381,51732,46.729553,-94.685898,441,"MN",101,"Quercus","macrocarpa","bur oak","Plantae",371,"Breaking leaf buds",15,"2023-01-01","2023-12-31",2023-04-20,110,2023-04-13,7,1,0
"onset",314382,51735,44.968876,-93.282776,264,"MN",101,"Quercus","macrocarpa","bur oak","Plantae",371,"Breaking leaf buds",15,"2023-01-01","2023-12-31",2023-04-20,110,2023-04-13,7,1,0
"onset",314383,51736,44.969128,-93.287895,264,"MN",101,"Quercus","macrocarpa","bur oak","Plantae",371,"Breaking leaf buds",15,"2023-01-01","2023-12-31",2023-04-20,110,2023-04-13,7,1,0
"onset",314385,51734,44.9701,-93.2836,264,"MN",101,"Quercus","macrocarpa","bur oak","Plantae",371,"Breaking leaf buds",15,"2023-01-01","2023-12-31",2023-04-20,110,2023-04-13,7,1,0
"onset",314385,51734,44.9701,-93.2836,264,"MN",101,"Quercus","macrocarpa","bur oak","Plantae",501,"Open flowers",15,"2023-01-01","2023-12-31",2023-05-04,124,2023-04-27,7,1,0
"onset",314388,51737,44.968346,-93.28331,264,"MN",101,"Quercus","macrocarpa","bur oak","Plantae",371,"Breaking leaf buds",15,"2023-01-01","2023-12-31",2023-04-13,103,2023-04-06,7,1,0
"onset",315518,47095,41.503468,-91.505867,188,"IA",101,"Quercus","macrocarpa","bur oak","Plantae",371,"Breaking leaf buds",15,"2023-01-01","2023-12-31",2023-04-21,111,2023-03-31,21,1,0
"onset",315518,47095,41.503468,-91.505867,188,"IA",101,"Quercus","macrocarpa","bur oak","Plantae",371,"Breaking leaf buds",16,"2024-01-01","2024-12-31",2024-04-16,107,2024-04-12,4,1,0
"onset",315518,47095,41.503468,-91.505867,188,"IA",101,"Quercus","macrocarpa","bur oak","Plantae",371,"Breaking leaf buds",17,"2025-01-01","2025-12-31",2025-04-24,114,2025-04-16,8,1,0
"onset",315734,51953,44.972717,-93.28463,264,"MN",101,"Quercus","macrocarpa","bur oak","Plantae",371,"Breaking leaf buds",15,"2023-01-01","2023-12-31",2023-04-13,103,2023-03-23,21,1,0
"onset",315734,51953,44.972717,-93.28463,264,"MN",101,"Quercus","macrocarpa","bur oak","Plantae",501,"Open flowers",15,"2023-01-01","2023-12-31",2023-04-27,117,2023-04-13,14,1,0
"onset",316079,51976,44.968346,-93.28331,264,"MN",101,"Quercus","macrocarpa","bur oak","Plantae",371,"Breaking leaf buds",15,"2023-01-01","2023-12-31",2023-04-20,110,2023-04-13,7,1,0
"onset",316724,52059,46.579838,-90.87455,213,"WI",101,"Quercus","macrocarpa","bur oak","Plantae",371,"Breaking leaf buds",15,"2023-01-01","2023-12-31",2023-06-07,158,2023-05-31,7,1,0
"onset",316725,52059,46.579838,-90.87455,213,"WI",101,"Quercus","macrocarpa","bur oak","Plantae",371,"Breaking leaf buds",15,"2023-01-01","2023-12-31",2023-06-07,158,2023-05-31,7,3,0
"onset",316745,52064,39.2873,-94.432701,308,"MO",2043,"Quercus","bicolor","swamp white oak","Plantae",371,"Breaking leaf buds",15,"2023-01-01","2023-12-31",2023-05-04,124,2023-05-03,1,1,0
"onset",316829,11999,35.603413,-83.782997,648,"TN",100,"Quercus","alba","white oak","Plantae",371,"Breaking leaf buds",16,"2024-01-01","2024-12-31",2024-04-23,114,2024-04-05,18,1,0
"onset",316829,11999,35.603413,-83.782997,648,"TN",100,"Quercus","alba","white oak","Plantae",371,"Breaking leaf buds",17,"2025-01-01","2025-12-31",2025-04-27,117,2025-04-15,12,1,0
"onset",316829,11999,35.603413,-83.782997,648,"TN",100,"Quercus","alba","white oak","Plantae",371,"Breaking leaf buds",18,"2026-01-01","2026-12-31",2026-04-12,102,2026-04-07,5,2,0
"onset",316833,11999,35.603413,-83.782997,648,"TN",100,"Quercus","alba","white oak","Plantae",371,"Breaking leaf buds",16,"2024-01-01","2024-12-31",2024-04-23,114,2024-04-05,18,1,0
"onset",316833,11999,35.603413,-83.782997,648,"TN",100,"Quercus","alba","white oak","Plantae",371,"Breaking leaf buds",17,"2025-01-01","2025-12-31",2025-04-27,117,2025-04-15,12,1,0
"onset",316833,11999,35.603413,-83.782997,648,"TN",100,"Quercus","alba","white oak","Plantae",371,"Breaking leaf buds",18,"2026-01-01","2026-12-31",2026-04-24,114,2026-04-14,10,1,0
"onset",317073,23501,47.490433,-95.121841,432,"MN",101,"Quercus","macrocarpa","bur oak","Plantae",501,"Open flowers",15,"2023-01-01","2023-12-31",2023-05-23,143,2023-05-11,12,1,0
"onset",317076,52142,27.710093,-82.687538,1,"FL",305,"Quercus","virginiana","live oak","Plantae",501,"Open flowers",15,"2023-01-01","2023-12-31",2023-03-14,73,2023-03-09,5,1,0
"onset",317078,52142,27.710093,-82.687538,1,"FL",305,"Quercus","virginiana","live oak","Plantae",501,"Open flowers",15,"2023-01-01","2023-12-31",2023-03-14,73,2023-03-09,5,1,0
"onset",318215,52308,40.508602,-88.991196,246,"IL",101,"Quercus","macrocarpa","bur oak","Plantae",371,"Breaking leaf buds",15,"2023-01-01","2023-12-31",2023-04-07,97,2023-03-31,7,1,0
"onset",318215,52308,40.508602,-88.991196,246,"IL",101,"Quercus","macrocarpa","bur oak","Plantae",501,"Open flowers",15,"2023-01-01","2023-12-31",2023-04-27,117,2023-04-20,7,3,0
"onset",318219,52308,40.508602,-88.991196,246,"IL",101,"Quercus","macrocarpa","bur oak","Plantae",371,"Breaking leaf buds",15,"2023-01-01","2023-12-31",2023-04-12,102,2023-04-07,5,1,0
"onset",318219,52308,40.508602,-88.991196,246,"IL",101,"Quercus","macrocarpa","bur oak","Plantae",501,"Open flowers",15,"2023-01-01","2023-12-31",2023-05-02,122,2023-04-27,5,2,0
"onset",318220,52308,40.508602,-88.991196,246,"IL",101,"Quercus","macrocarpa","bur oak","Plantae",371,"Breaking leaf buds",15,"2023-01-01","2023-12-31",2023-04-11,101,2023-04-07,4,1,0
"onset",318220,52308,40.508602,-88.991196,246,"IL",101,"Quercus","macrocarpa","bur oak","Plantae",501,"Open flowers",15,"2023-01-01","2023-12-31",2023-05-02,122,2023-04-27,5,2,0
"onset",318221,52308,40.508602,-88.991196,246,"IL",101,"Quercus","macrocarpa","bur oak","Plantae",371,"Breaking leaf buds",15,"2023-01-01","2023-12-31",2023-04-13,103,2023-04-12,1,1,0
"onset",318221,52308,40.508602,-88.991196,246,"IL",101,"Quercus","macrocarpa","bur oak","Plantae",501,"Open flowers",15,"2023-01-01","2023-12-31",2023-04-27,117,2023-04-20,7,2,0
"onset",318222,52308,40.508602,-88.991196,246,"IL",101,"Quercus","macrocarpa","bur oak","Plantae",501,"Open flowers",15,"2023-01-01","2023-12-31",2023-05-02,122,2023-04-27,5,3,0
"onset",318223,52308,40.508602,-88.991196,246,"IL",2043,"Quercus","bicolor","swamp white oak","Plantae",371,"Breaking leaf buds",15,"2023-01-01","2023-12-31",2023-04-20,110,2023-04-07,13,1,0
"onset",318223,52308,40.508602,-88.991196,246,"IL",2043,"Quercus","bicolor","swamp white oak","Plantae",501,"Open flowers",15,"2023-01-01","2023-12-31",2023-04-27,117,2023-04-20,7,1,0
"onset",318224,52308,40.508602,-88.991196,246,"IL",2043,"Quercus","bicolor","swamp white oak","Plantae",371,"Breaking leaf buds",15,"2023-01-01","2023-12-31",2023-04-11,101,2023-04-07,4,1,0
"onset",318224,52308,40.508602,-88.991196,246,"IL",2043,"Quercus","bicolor","swamp white oak","Plantae",501,"Open flowers",15,"2023-01-01","2023-12-31",2023-04-27,117,2023-04-20,7,2,0
"onset",318225,52308,40.508602,-88.991196,246,"IL",2043,"Quercus","bicolor","swamp white oak","Plantae",371,"Breaking leaf buds",15,"2023-01-01","2023-12-31",2023-04-11,101,2023-04-07,4,1,0
"onset",318225,52308,40.508602,-88.991196,246,"IL",2043,"Quercus","bicolor","swamp white oak","Plantae",501,"Open flowers",15,"2023-01-01","2023-12-31",2023-05-02,122,2023-04-20,12,2,0
"onset",318226,52308,40.508602,-88.991196,246,"IL",2043,"Quercus","bicolor","swamp white oak","Plantae",371,"Breaking leaf buds",15,"2023-01-01","2023-12-31",2023-04-20,110,2023-04-12,8,1,0
"onset",318226,52308,40.508602,-88.991196,246,"IL",2043,"Quercus","bicolor","swamp white oak","Plantae",501,"Open flowers",15,"2023-01-01","2023-12-31",2023-05-09,129,2023-05-02,7,1,0
"onset",318227,52308,40.508602,-88.991196,246,"IL",2043,"Quercus","bicolor","swamp white oak","Plantae",371,"Breaking leaf buds",15,"2023-01-01","2023-12-31",2023-04-12,102,2023-04-07,5,1,0
"onset",318227,52308,40.508602,-88.991196,246,"IL",2043,"Quercus","bicolor","swamp white oak","Plantae",501,"Open flowers",15,"2023-01-01","2023-12-31",2023-05-02,122,2023-04-27,5,1,0
"onset",318228,52308,40.508602,-88.991196,246,"IL",2043,"Quercus","bicolor","swamp white oak","Plantae",371,"Breaking leaf buds",15,"2023-01-01","2023-12-31",2023-04-12,102,2023-04-07,5,1,0
"onset",318228,52308,40.508602,-88.991196,246,"IL",2043,"Quercus","bicolor","swamp white oak","Plantae",501,"Open flowers",15,"2023-01-01","2023-12-31",2023-05-02,122,2023-04-27,5,1,0
"onset",318229,52308,40.508602,-88.991196,246,"IL",2043,"Quercus","bicolor","swamp white oak","Plantae",501,"Open flowers",15,"2023-01-01","2023-12-31",2023-05-02,122,2023-04-20,12,2,0
"onset",318236,49869,44.0261,-92.525398,335,"MN",101,"Quercus","macrocarpa","bur oak","Plantae",371,"Breaking leaf buds",16,"2024-01-01","2024-12-31",2024-04-16,107,2024-04-05,11,1,0
"onset",318236,49869,44.0261,-92.525398,335,"MN",101,"Quercus","macrocarpa","bur oak","Plantae",501,"Open flowers",16,"2024-01-01","2024-12-31",2024-05-10,131,2024-04-25,15,1,0
"onset",318244,52308,40.508602,-88.991196,246,"IL",2050,"Quercus","muehlenbergii","chinquapin oak","Plantae",371,"Breaking leaf buds",15,"2023-01-01","2023-12-31",2023-04-11,101,2023-04-07,4,1,0
"onset",318244,52308,40.508602,-88.991196,246,"IL",2050,"Quercus","muehlenbergii","chinquapin oak","Plantae",501,"Open flowers",15,"2023-01-01","2023-12-31",2023-05-01,121,2023-04-27,4,1,0
"onset",318245,52308,40.508602,-88.991196,246,"IL",2050,"Quercus","muehlenbergii","chinquapin oak","Plantae",371,"Breaking leaf buds",15,"2023-01-01","2023-12-31",2023-04-11,101,2023-04-07,4,1,0
"onset",318245,52308,40.508602,-88.991196,246,"IL",2050,"Quercus","muehlenbergii","chinquapin oak","Plantae",501,"Open flowers",15,"2023-01-01","2023-12-31",2023-05-02,122,2023-04-27,5,1,0
"onset",318246,52308,40.508602,-88.991196,246,"IL",2050,"Quercus","muehlenbergii","chinquapin oak","Plantae",501,"Open flowers",15,"2023-01-01","2023-12-31",2023-04-27,117,2023-04-20,7,1,0
"onset",318247,52308,40.508602,-88.991196,246,"IL",2050,"Quercus","muehlenbergii","chinquapin oak","Plantae",501,"Open flowers",15,"2023-01-01","2023-12-31",2023-04-27,117,2023-04-20,7,1,0
"onset",318249,52308,40.508602,-88.991196,246,"IL",2050,"Quercus","muehlenbergii","chinquapin oak","Plantae",371,"Breaking leaf buds",15,"2023-01-01","2023-12-31",2023-04-11,101,2023-04-07,4,1,0
"onset",318249,52308,40.508602,-88.991196,246,"IL",2050,"Quercus","muehlenbergii","chinquapin oak","Plantae",501,"Open flowers",15,"2023-01-01","2023-12-31",2023-05-02,122,2023-04-27,5,1,0
"onset",319140,44055,44.901894,-93.147064,276,"MN",2043,"Quercus","bicolor","swamp white oak","Plantae",371,"Breaking leaf buds",13,"2021-01-01","2021-12-31",2021-04-16,106,2021-04-09,7,1,0
"onset",319140,44055,44.901894,-93.147064,276,"MN",2043,"Quercus","bicolor","swamp white oak","Plantae",371,"Breaking leaf buds",15,"2023-01-01","2023-12-31",2023-05-12,132,2023-04-15,27,1,0
"onset",319140,44055,44.901894,-93.147064,276,"MN",2043,"Quercus","bicolor","swamp white oak","Plantae",371,"Breaking leaf buds",16,"2024-01-01","2024-12-31",2024-04-18,109,2024-04-12,6,3,0
"onset",319140,44055,44.901894,-93.147064,276,"MN",2043,"Quercus","bicolor","swamp white oak","Plantae",371,"Breaking leaf buds",17,"2025-01-01","2025-12-31",2025-04-18,108,2025-04-11,7,1,0
"onset",319140,44055,44.901894,-93.147064,276,"MN",2043,"Quercus","bicolor","swamp white oak","Plantae",371,"Breaking leaf buds",18,"2026-01-01","2026-12-31",2026-04-25,115,2026-04-17,8,1,0
"onset",319140,44055,44.901894,-93.147064,276,"MN",2043,"Quercus","bicolor","swamp white oak","Plantae",501,"Open flowers",16,"2024-01-01","2024-12-31",2024-12-25,360,2024-11-30,25,1,0
"onset",319141,44055,44.901894,-93.147064,276,"MN",2043,"Quercus","bicolor","swamp white oak","Plantae",371,"Breaking leaf buds",13,"2021-01-01","2021-12-31",2021-05-14,134,2021-04-16,28,1,0
"onset",319141,44055,44.901894,-93.147064,276,"MN",2043,"Quercus","bicolor","swamp white oak","Plantae",371,"Breaking leaf buds",15,"2023-01-01","2023-12-31",2023-05-12,132,2023-04-15,27,1,0
"onset",319141,44055,44.901894,-93.147064,276,"MN",2043,"Quercus","bicolor","swamp white oak","Plantae",371,"Breaking leaf buds",16,"2024-01-01","2024-12-31",2024-04-26,117,2024-04-18,8,3,0
"onset",319141,44055,44.901894,-93.147064,276,"MN",2043,"Quercus","bicolor","swamp white oak","Plantae",371,"Breaking leaf buds",17,"2025-01-01","2025-12-31",2025-04-18,108,2025-04-11,7,2,0
"onset",319141,44055,44.901894,-93.147064,276,"MN",2043,"Quercus","bicolor","swamp white oak","Plantae",371,"Breaking leaf buds",18,"2026-01-01","2026-12-31",2026-04-25,115,2026-04-17,8,2,0
"onset",319142,44055,44.901894,-93.147064,276,"MN",2043,"Quercus","bicolor","swamp white oak","Plantae",371,"Breaking leaf buds",13,"2021-01-01","2021-12-31",2021-05-14,134,2021-04-16,28,1,0
"onset",319142,44055,44.901894,-93.147064,276,"MN",2043,"Quercus","bicolor","swamp white oak","Plantae",371,"Breaking leaf buds",15,"2023-01-01","2023-12-31",2023-04-15,105,2023-04-07,8,1,0
"onset",319142,44055,44.901894,-93.147064,276,"MN",2043,"Quercus","bicolor","swamp white oak","Plantae",371,"Breaking leaf buds",16,"2024-01-01","2024-12-31",2024-04-26,117,2024-04-18,8,1,0
"onset",319142,44055,44.901894,-93.147064,276,"MN",2043,"Quercus","bicolor","swamp white oak","Plantae",371,"Breaking leaf buds",17,"2025-01-01","2025-12-31",2025-04-25,115,2025-04-18,7,1,0
"onset",319142,44055,44.901894,-93.147064,276,"MN",2043,"Quercus","bicolor","swamp white oak","Plantae",371,"Breaking leaf buds",18,"2026-01-01","2026-12-31",2026-04-25,115,2026-04-17,8,1,0
"onset",319142,44055,44.901894,-93.147064,276,"MN",2043,"Quercus","bicolor","swamp white oak","Plantae",501,"Open flowers",18,"2026-01-01","2026-12-31",2026-06-19,170,2026-06-12,7,1,0
"onset",319143,44254,44.901379,-93.147896,277,"MN",2043,"Quercus","bicolor","swamp white oak","Plantae",371,"Breaking leaf buds",13,"2021-01-01","2021-12-31",2021-05-14,134,2021-04-16,28,1,0
"onset",319143,44254,44.901379,-93.147896,277,"MN",2043,"Quercus","bicolor","swamp white oak","Plantae",371,"Breaking leaf buds",16,"2024-01-01","2024-12-31",2024-04-29,120,2024-04-13,16,2,0
"onset",319143,44254,44.901379,-93.147896,277,"MN",2043,"Quercus","bicolor","swamp white oak","Plantae",371,"Breaking leaf buds",17,"2025-01-01","2025-12-31",2025-04-18,108,2025-04-11,7,1,0
"onset",319143,44254,44.901379,-93.147896,277,"MN",2043,"Quercus","bicolor","swamp white oak","Plantae",371,"Breaking leaf buds",18,"2026-01-01","2026-12-31",2026-04-18,108,2026-04-10,8,1,0
"onset",319144,44254,44.901379,-93.147896,277,"MN",2043,"Quercus","bicolor","swamp white oak","Plantae",371,"Breaking leaf buds",13,"2021-01-01","2021-12-31",2021-04-16,106,2021-04-09,7,1,0
"onset",319144,44254,44.901379,-93.147896,277,"MN",2043,"Quercus","bicolor","swamp white oak","Plantae",371,"Breaking leaf buds",15,"2023-01-01","2023-12-31",2023-05-12,132,2023-04-15,27,1,0
"onset",319144,44254,44.901379,-93.147896,277,"MN",2043,"Quercus","bicolor","swamp white oak","Plantae",371,"Breaking leaf buds",16,"2024-01-01","2024-12-31",2024-04-29,120,2024-04-13,16,3,0
"onset",319144,44254,44.901379,-93.147896,277,"MN",2043,"Quercus","bicolor","swamp white oak","Plantae",371,"Breaking leaf buds",17,"2025-01-01","2025-12-31",2025-04-18,108,2025-04-11,7,1,0
"onset",319144,44254,44.901379,-93.147896,277,"MN",2043,"Quercus","bicolor","swamp white oak","Plantae",371,"Breaking leaf buds",18,"2026-01-01","2026-12-31",2026-04-18,108,2026-04-10,8,2,0
"onset",319145,44254,44.901379,-93.147896,277,"MN",2043,"Quercus","bicolor","swamp white oak","Plantae",371,"Breaking leaf buds",13,"2021-01-01","2021-12-31",2021-04-16,106,2021-04-09,7,1,0
"onset",319145,44254,44.901379,-93.147896,277,"MN",2043,"Quercus","bicolor","swamp white oak","Plantae",371,"Breaking leaf buds",15,"2023-01-01","2023-12-31",2023-05-12,132,2023-04-15,27,1,0
"onset",319145,44254,44.901379,-93.147896,277,"MN",2043,"Quercus","bicolor","swamp white oak","Plantae",371,"Breaking leaf buds",16,"2024-01-01","2024-12-31",2024-04-29,120,2024-04-13,16,2,0
"onset",319145,44254,44.901379,-93.147896,277,"MN",2043,"Quercus","bicolor","swamp white oak","Plantae",371,"Breaking leaf buds",17,"2025-01-01","2025-12-31",2025-04-25,115,2025-04-18,7,1,0
"onset",319145,44254,44.901379,-93.147896,277,"MN",2043,"Quercus","bicolor","swamp white oak","Plantae",371,"Breaking leaf buds",18,"2026-01-01","2026-12-31",2026-04-18,108,2026-04-10,8,1,0
"onset",319148,44254,44.901379,-93.147896,277,"MN",2043,"Quercus","bicolor","swamp white oak","Plantae",371,"Breaking leaf buds",13,"2021-01-01","2021-12-31",2021-04-16,106,2021-04-09,7,1,0
"onset",319148,44254,44.901379,-93.147896,277,"MN",2043,"Quercus","bicolor","swamp white oak","Plantae",371,"Breaking leaf buds",15,"2023-01-01","2023-12-31",2023-04-15,105,2023-04-07,8,1,0
"onset",319148,44254,44.901379,-93.147896,277,"MN",2043,"Quercus","bicolor","swamp white oak","Plantae",371,"Breaking leaf buds",16,"2024-01-01","2024-12-31",2024-04-29,120,2024-04-13,16,2,0
"onset",319148,44254,44.901379,-93.147896,277,"MN",2043,"Quercus","bicolor","swamp white oak","Plantae",371,"Breaking leaf buds",17,"2025-01-01","2025-12-31",2025-04-25,115,2025-04-18,7,1,0
"onset",319148,44254,44.901379,-93.147896,277,"MN",2043,"Quercus","bicolor","swamp white oak","Plantae",371,"Breaking leaf buds",18,"2026-01-01","2026-12-31",2026-04-18,108,2026-04-10,8,1,0
"onset",319149,44255,44.902611,-93.148041,277,"MN",2043,"Quercus","bicolor","swamp white oak","Plantae",371,"Breaking leaf buds",13,"2021-01-01","2021-12-31",2021-05-14,134,2021-04-16,28,1,0
"onset",319149,44255,44.902611,-93.148041,277,"MN",2043,"Quercus","bicolor","swamp white oak","Plantae",371,"Breaking leaf buds",15,"2023-01-01","2023-12-31",2023-05-12,132,2023-04-15,27,1,0
"onset",319149,44255,44.902611,-93.148041,277,"MN",2043,"Quercus","bicolor","swamp white oak","Plantae",371,"Breaking leaf buds",16,"2024-01-01","2024-12-31",2024-04-29,120,2024-04-13,16,3,0
"onset",319149,44255,44.902611,-93.148041,277,"MN",2043,"Quercus","bicolor","swamp white oak","Plantae",371,"Breaking leaf buds",17,"2025-01-01","2025-12-31",2025-04-25,115,2025-04-18,7,1,0
"onset",319149,44255,44.902611,-93.148041,277,"MN",2043,"Quercus","bicolor","swamp white oak","Plantae",371,"Breaking leaf buds",18,"2026-01-01","2026-12-31",2026-04-18,108,2026-04-10,8,1,0
"onset",319150,44255,44.902611,-93.148041,277,"MN",2043,"Quercus","bicolor","swamp white oak","Plantae",371,"Breaking leaf buds",13,"2021-01-01","2021-12-31",2021-05-14,134,2021-04-16,28,1,0
"onset",319150,44255,44.902611,-93.148041,277,"MN",2043,"Quercus","bicolor","swamp white oak","Plantae",371,"Breaking leaf buds",15,"2023-01-01","2023-12-31",2023-05-12,132,2023-04-15,27,1,0
"onset",319150,44255,44.902611,-93.148041,277,"MN",2043,"Quercus","bicolor","swamp white oak","Plantae",371,"Breaking leaf buds",16,"2024-01-01","2024-12-31",2024-04-29,120,2024-04-13,16,2,0
"onset",319150,44255,44.902611,-93.148041,277,"MN",2043,"Quercus","bicolor","swamp white oak","Plantae",371,"Breaking leaf buds",17,"2025-01-01","2025-12-31",2025-05-02,122,2025-04-25,7,1,0
"onset",319150,44255,44.902611,-93.148041,277,"MN",2043,"Quercus","bicolor","swamp white oak","Plantae",371,"Breaking leaf buds",18,"2026-01-01","2026-12-31",2026-04-24,114,2026-04-18,6,1,0
"onset",319151,44255,44.902611,-93.148041,277,"MN",2043,"Quercus","bicolor","swamp white oak","Plantae",371,"Breaking leaf buds",13,"2021-01-01","2021-12-31",2021-05-14,134,2021-04-16,28,1,0
"onset",319151,44255,44.902611,-93.148041,277,"MN",2043,"Quercus","bicolor","swamp white oak","Plantae",371,"Breaking leaf buds",15,"2023-01-01","2023-12-31",2023-05-12,132,2023-04-15,27,1,0
"onset",319151,44255,44.902611,-93.148041,277,"MN",2043,"Quercus","bicolor","swamp white oak","Plantae",371,"Breaking leaf buds",16,"2024-01-01","2024-12-31",2024-04-29,120,2024-04-13,16,2,0
"onset",319151,44255,44.902611,-93.148041,277,"MN",2043,"Quercus","bicolor","swamp white oak","Plantae",371,"Breaking leaf buds",17,"2025-01-01","2025-12-31",2025-05-02,122,2025-04-25,7,1,0
"onset",319151,44255,44.902611,-93.148041,277,"MN",2043,"Quercus","bicolor","swamp white oak","Plantae",371,"Breaking leaf buds",18,"2026-01-01","2026-12-31",2026-04-24,114,2026-04-18,6,1,0
"onset",319152,44255,44.902611,-93.148041,277,"MN",2043,"Quercus","bicolor","swamp white oak","Plantae",371,"Breaking leaf buds",13,"2021-01-01","2021-12-31",2021-04-16,106,2021-04-09,7,1,0
"onset",319152,44255,44.902611,-93.148041,277,"MN",2043,"Quercus","bicolor","swamp white oak","Plantae",371,"Breaking leaf buds",15,"2023-01-01","2023-12-31",2023-05-12,132,2023-04-15,27,2,0
"onset",319152,44255,44.902611,-93.148041,277,"MN",2043,"Quercus","bicolor","swamp white oak","Plantae",371,"Breaking leaf buds",16,"2024-01-01","2024-12-31",2024-04-29,120,2024-04-13,16,2,0
"onset",319152,44255,44.902611,-93.148041,277,"MN",2043,"Quercus","bicolor","swamp white oak","Plantae",371,"Breaking leaf buds",17,"2025-01-01","2025-12-31",2025-05-02,122,2025-04-25,7,1,0
"onset",319152,44255,44.902611,-93.148041,277,"MN",2043,"Quercus","bicolor","swamp white oak","Plantae",371,"Breaking leaf buds",18,"2026-01-01","2026-12-31",2026-05-01,121,2026-04-24,7,1,0
"onset",319153,44241,44.90081,-93.150246,277,"MN",2043,"Quercus","bicolor","swamp white oak","Plantae",371,"Breaking leaf buds",13,"2021-01-01","2021-12-31",2021-05-14,134,2021-04-16,28,1,0
"onset",319153,44241,44.90081,-93.150246,277,"MN",2043,"Quercus","bicolor","swamp white oak","Plantae",371,"Breaking leaf buds",15,"2023-01-01","2023-12-31",2023-04-15,105,2023-04-07,8,2,0
"onset",319153,44241,44.90081,-93.150246,277,"MN",2043,"Quercus","bicolor","swamp white oak","Plantae",371,"Breaking leaf buds",16,"2024-01-01","2024-12-31",2024-04-13,104,2024-04-05,8,3,0
"onset",319153,44241,44.90081,-93.150246,277,"MN",2043,"Quercus","bicolor","swamp white oak","Plantae",371,"Breaking leaf buds",17,"2025-01-01","2025-12-31",2025-05-09,129,2025-05-02,7,1,0
"onset",319153,44241,44.90081,-93.150246,277,"MN",2043,"Quercus","bicolor","swamp white oak","Plantae",371,"Breaking leaf buds",18,"2026-01-01","2026-12-31",2026-04-24,114,2026-04-18,6,1,0
"onset",319153,44241,44.90081,-93.150246,277,"MN",2043,"Quercus","bicolor","swamp white oak","Plantae",501,"Open flowers",16,"2024-01-01","2024-12-31",2024-05-17,138,2024-05-10,7,1,0
"onset",319153,44241,44.90081,-93.150246,277,"MN",2043,"Quercus","bicolor","swamp white oak","Plantae",501,"Open flowers",18,"2026-01-01","2026-12-31",2026-04-18,108,2026-04-10,8,2,0
"onset",319154,44241,44.90081,-93.150246,277,"MN",2043,"Quercus","bicolor","swamp white oak","Plantae",371,"Breaking leaf buds",13,"2021-01-01","2021-12-31",2021-05-14,134,2021-04-16,28,1,0
"onset",319154,44241,44.90081,-93.150246,277,"MN",2043,"Quercus","bicolor","swamp white oak","Plantae",371,"Breaking leaf buds",15,"2023-01-01","2023-12-31",2023-05-12,132,2023-04-15,27,1,0
"onset",319154,44241,44.90081,-93.150246,277,"MN",2043,"Quercus","bicolor","swamp white oak","Plantae",371,"Breaking leaf buds",16,"2024-01-01","2024-12-31",2024-04-12,103,2024-04-05,7,2,0
"onset",319154,44241,44.90081,-93.150246,277,"MN",2043,"Quercus","bicolor","swamp white oak","Plantae",371,"Breaking leaf buds",17,"2025-01-01","2025-12-31",2025-05-02,122,2025-04-26,6,1,0
"onset",319154,44241,44.90081,-93.150246,277,"MN",2043,"Quercus","bicolor","swamp white oak","Plantae",371,"Breaking leaf buds",18,"2026-01-01","2026-12-31",2026-04-24,114,2026-04-18,6,1,0
"onset",319155,44241,44.90081,-93.150246,277,"MN",2043,"Quercus","bicolor","swamp white oak","Plantae",371,"Breaking leaf buds",13,"2021-01-01","2021-12-31",2021-05-14,134,2021-04-16,28,1,0
"onset",319155,44241,44.90081,-93.150246,277,"MN",2043,"Quercus","bicolor","swamp white oak","Plantae",371,"Breaking leaf buds",15,"2023-01-01","2023-12-31",2023-05-12,132,2023-04-15,27,2,0
"onset",319155,44241,44.90081,-93.150246,277,"MN",2043,"Quercus","bicolor","swamp white oak","Plantae",371,"Breaking leaf buds",16,"2024-01-01","2024-12-31",2024-05-03,124,2024-04-25,8,1,0
"onset",319155,44241,44.90081,-93.150246,277,"MN",2043,"Quercus","bicolor","swamp white oak","Plantae",371,"Breaking leaf buds",17,"2025-01-01","2025-12-31",2025-05-02,122,2025-04-26,6,1,0
"onset",319155,44241,44.90081,-93.150246,277,"MN",2043,"Quercus","bicolor","swamp white oak","Plantae",371,"Breaking leaf buds",18,"2026-01-01","2026-12-31",2026-05-08,128,2026-04-24,14,1,0
"onset",319155,44241,44.90081,-93.150246,277,"MN",2043,"Quercus","bicolor","swamp white oak","Plantae",501,"Open flowers",18,"2026-01-01","2026-12-31",2026-05-15,135,2026-05-08,7,1,0
"onset",319156,44076,44.897518,-93.16597,279,"MN",2043,"Quercus","bicolor","swamp white oak","Plantae",371,"Breaking leaf buds",13,"2021-01-01","2021-12-31",2021-05-14,134,2021-04-16,28,1,0
"onset",319156,44076,44.897518,-93.16597,279,"MN",2043,"Quercus","bicolor","swamp white oak","Plantae",371,"Breaking leaf buds",15,"2023-01-01","2023-12-31",2023-05-12,132,2023-04-15,27,1,0
"onset",319156,44076,44.897518,-93.16597,279,"MN",2043,"Quercus","bicolor","swamp white oak","Plantae",371,"Breaking leaf buds",16,"2024-01-01","2024-12-31",2024-04-20,111,2024-04-13,7,2,0
"onset",319156,44076,44.897518,-93.16597,279,"MN",2043,"Quercus","bicolor","swamp white oak","Plantae",371,"Breaking leaf buds",17,"2025-01-01","2025-12-31",2025-04-25,115,2025-04-18,7,1,0
"onset",319156,44076,44.897518,-93.16597,279,"MN",2043,"Quercus","bicolor","swamp white oak","Plantae",371,"Breaking leaf buds",18,"2026-01-01","2026-12-31",2026-04-24,114,2026-04-18,6,1,0
"onset",319157,44076,44.897518,-93.16597,279,"MN",2043,"Quercus","bicolor","swamp white oak","Plantae",371,"Breaking leaf buds",13,"2021-01-01","2021-12-31",2021-05-14,134,2021-04-16,28,1,0
"onset",319157,44076,44.897518,-93.16597,279,"MN",2043,"Quercus","bicolor","swamp white oak","Plantae",371,"Breaking leaf buds",15,"2023-01-01","2023-12-31",2023-05-12,132,2023-04-15,27,1,0
"onset",319157,44076,44.897518,-93.16597,279,"MN",2043,"Quercus","bicolor","swamp white oak","Plantae",371,"Breaking leaf buds",16,"2024-01-01","2024-12-31",2024-04-20,111,2024-04-13,7,2,0
"onset",319157,44076,44.897518,-93.16597,279,"MN",2043,"Quercus","bicolor","swamp white oak","Plantae",501,"Open flowers",16,"2024-01-01","2024-12-31",2024-05-17,138,2024-05-10,7,1,0
"onset",319158,44076,44.897518,-93.16597,279,"MN",2043,"Quercus","bicolor","swamp white oak","Plantae",371,"Breaking leaf buds",13,"2021-01-01","2021-12-31",2021-05-14,134,2021-04-16,28,1,0
"onset",319158,44076,44.897518,-93.16597,279,"MN",2043,"Quercus","bicolor","swamp white oak","Plantae",371,"Breaking leaf buds",15,"2023-01-01","2023-12-31",2023-05-12,132,2023-04-15,27,1,0
"onset",319158,44076,44.897518,-93.16597,279,"MN",2043,"Quercus","bicolor","swamp white oak","Plantae",371,"Breaking leaf buds",16,"2024-01-01","2024-12-31",2024-04-20,111,2024-04-13,7,2,0
"onset",319158,44076,44.897518,-93.16597,279,"MN",2043,"Quercus","bicolor","swamp white oak","Plantae",371,"Breaking leaf buds",17,"2025-01-01","2025-12-31",2025-05-02,122,2025-04-25,7,1,0
"onset",319158,44076,44.897518,-93.16597,279,"MN",2043,"Quercus","bicolor","swamp white oak","Plantae",371,"Breaking leaf buds",18,"2026-01-01","2026-12-31",2026-04-24,114,2026-04-18,6,1,0
"onset",319159,44076,44.897518,-93.16597,279,"MN",2043,"Quercus","bicolor","swamp white oak","Plantae",371,"Breaking leaf buds",13,"2021-01-01","2021-12-31",2021-05-14,134,2021-04-16,28,1,0
"onset",319159,44076,44.897518,-93.16597,279,"MN",2043,"Quercus","bicolor","swamp white oak","Plantae",371,"Breaking leaf buds",15,"2023-01-01","2023-12-31",2023-05-12,132,2023-04-15,27,1,0
"onset",319159,44076,44.897518,-93.16597,279,"MN",2043,"Quercus","bicolor","swamp white oak","Plantae",371,"Breaking leaf buds",16,"2024-01-01","2024-12-31",2024-04-20,111,2024-04-13,7,2,0
"onset",319159,44076,44.897518,-93.16597,279,"MN",2043,"Quercus","bicolor","swamp white oak","Plantae",371,"Breaking leaf buds",17,"2025-01-01","2025-12-31",2025-04-25,115,2025-04-18,7,1,0
"onset",319159,44076,44.897518,-93.16597,279,"MN",2043,"Quercus","bicolor","swamp white oak","Plantae",371,"Breaking leaf buds",18,"2026-01-01","2026-12-31",2026-04-18,108,2026-04-09,9,1,0
"onset",319160,44076,44.897518,-93.16597,279,"MN",2043,"Quercus","bicolor","swamp white oak","Plantae",371,"Breaking leaf buds",13,"2021-01-01","2021-12-31",2021-05-14,134,2021-04-16,28,1,0
"onset",319160,44076,44.897518,-93.16597,279,"MN",2043,"Quercus","bicolor","swamp white oak","Plantae",371,"Breaking leaf buds",15,"2023-01-01","2023-12-31",2023-05-12,132,2023-04-15,27,1,0
"onset",319160,44076,44.897518,-93.16597,279,"MN",2043,"Quercus","bicolor","swamp white oak","Plantae",371,"Breaking leaf buds",16,"2024-01-01","2024-12-31",2024-04-20,111,2024-04-13,7,2,0
"onset",319160,44076,44.897518,-93.16597,279,"MN",2043,"Quercus","bicolor","swamp white oak","Plantae",371,"Breaking leaf buds",17,"2025-01-01","2025-12-31",2025-05-02,122,2025-04-25,7,1,0
"onset",319160,44076,44.897518,-93.16597,279,"MN",2043,"Quercus","bicolor","swamp white oak","Plantae",371,"Breaking leaf buds",18,"2026-01-01","2026-12-31",2026-04-24,114,2026-04-18,6,1,0
"onset",319161,44256,44.90229,-93.148178,277,"MN",2043,"Quercus","bicolor","swamp white oak","Plantae",371,"Breaking leaf buds",13,"2021-01-01","2021-12-31",2021-05-14,134,2021-04-16,28,1,0
"onset",319161,44256,44.90229,-93.148178,277,"MN",2043,"Quercus","bicolor","swamp white oak","Plantae",371,"Breaking leaf buds",15,"2023-01-01","2023-12-31",2023-05-12,132,2023-04-15,27,1,0
"onset",319161,44256,44.90229,-93.148178,277,"MN",2043,"Quercus","bicolor","swamp white oak","Plantae",371,"Breaking leaf buds",16,"2024-01-01","2024-12-31",2024-04-28,119,2024-04-12,16,2,0
"onset",319161,44256,44.90229,-93.148178,277,"MN",2043,"Quercus","bicolor","swamp white oak","Plantae",371,"Breaking leaf buds",17,"2025-01-01","2025-12-31",2025-05-02,122,2025-04-25,7,1,0
"onset",319161,44256,44.90229,-93.148178,277,"MN",2043,"Quercus","bicolor","swamp white oak","Plantae",371,"Breaking leaf buds",18,"2026-01-01","2026-12-31",2026-04-24,114,2026-04-18,6,1,0
"onset",319162,44256,44.90229,-93.148178,277,"MN",2043,"Quercus","bicolor","swamp white oak","Plantae",371,"Breaking leaf buds",13,"2021-01-01","2021-12-31",2021-05-14,134,2021-04-16,28,1,0
"onset",319162,44256,44.90229,-93.148178,277,"MN",2043,"Quercus","bicolor","swamp white oak","Plantae",371,"Breaking leaf buds",15,"2023-01-01","2023-12-31",2023-05-12,132,2023-04-15,27,1,0
"onset",319162,44256,44.90229,-93.148178,277,"MN",2043,"Quercus","bicolor","swamp white oak","Plantae",371,"Breaking leaf buds",16,"2024-01-01","2024-12-31",2024-04-28,119,2024-04-12,16,1,0
"onset",319162,44256,44.90229,-93.148178,277,"MN",2043,"Quercus","bicolor","swamp white oak","Plantae",371,"Breaking leaf buds",17,"2025-01-01","2025-12-31",2025-04-25,115,2025-04-18,7,1,0
"onset",319162,44256,44.90229,-93.148178,277,"MN",2043,"Quercus","bicolor","swamp white oak","Plantae",371,"Breaking leaf buds",18,"2026-01-01","2026-12-31",2026-04-18,108,2026-04-10,8,1,0
"onset",319163,44256,44.90229,-93.148178,277,"MN",2043,"Quercus","bicolor","swamp white oak","Plantae",371,"Breaking leaf buds",13,"2021-01-01","2021-12-31",2021-05-14,134,2021-04-16,28,1,0
"onset",319163,44256,44.90229,-93.148178,277,"MN",2043,"Quercus","bicolor","swamp white oak","Plantae",371,"Breaking leaf buds",15,"2023-01-01","2023-12-31",2023-05-12,132,2023-04-15,27,1,0
"onset",319163,44256,44.90229,-93.148178,277,"MN",2043,"Quercus","bicolor","swamp white oak","Plantae",371,"Breaking leaf buds",16,"2024-01-01","2024-12-31",2024-04-28,119,2024-04-12,16,1,0
"onset",319163,44256,44.90229,-93.148178,277,"MN",2043,"Quercus","bicolor","swamp white oak","Plantae",371,"Breaking leaf buds",17,"2025-01-01","2025-12-31",2025-04-25,115,2025-04-18,7,1,0
"onset",319875,52637,42.386539,-71.108429,21,"MA",2043,"Quercus","bicolor","swamp white oak","Plantae",371,"Breaking leaf buds",16,"2024-01-01","2024-12-31",2024-04-28,119,2024-04-23,5,1,0
"onset",319875,52637,42.386539,-71.108429,21,"MA",2043,"Quercus","bicolor","swamp white oak","Plantae",371,"Breaking leaf buds",17,"2025-01-01","2025-12-31",2025-04-21,111,2025-04-14,7,1,0
"onset",319875,52637,42.386539,-71.108429,21,"MA",2043,"Quercus","bicolor","swamp white oak","Plantae",371,"Breaking leaf buds",18,"2026-01-01","2026-12-31",2026-04-15,105,2026-04-14,1,1,0
"onset",319875,52637,42.386539,-71.108429,21,"MA",2043,"Quercus","bicolor","swamp white oak","Plantae",501,"Open flowers",18,"2026-01-01","2026-12-31",2026-05-14,134,2026-05-10,4,1,0
"onset",319950,47095,41.503468,-91.505867,188,"IA",101,"Quercus","macrocarpa","bur oak","Plantae",371,"Breaking leaf buds",16,"2024-01-01","2024-12-31",2024-04-16,107,2024-04-12,4,2,0
"onset",319950,47095,41.503468,-91.505867,188,"IA",101,"Quercus","macrocarpa","bur oak","Plantae",371,"Breaking leaf buds",17,"2025-01-01","2025-12-31",2025-04-24,114,2025-04-16,8,1,0
"onset",320196,52756,38.019615,-84.499451,314,"KY",2050,"Quercus","muehlenbergii","chinquapin oak","Plantae",371,"Breaking leaf buds",15,"2023-01-01","2023-12-31",2023-10-02,275,2023-09-28,4,1,0
"onset",320239,52756,38.019615,-84.499451,314,"KY",2043,"Quercus","bicolor","swamp white oak","Plantae",501,"Open flowers",15,"2023-01-01","2023-12-31",2023-09-21,264,2023-09-14,7,1,0
"onset",320279,52605,38.038338,-84.5047,299,"KY",101,"Quercus","macrocarpa","bur oak","Plantae",371,"Breaking leaf buds",17,"2025-01-01","2025-12-31",2025-10-02,275,2025-09-29,3,2,0
"onset",320284,52605,38.038338,-84.5047,299,"KY",2043,"Quercus","bicolor","swamp white oak","Plantae",371,"Breaking leaf buds",15,"2023-01-01","2023-12-31",2023-09-27,270,2023-09-21,6,1,0
"onset",321343,52880,44.901722,-93.361977,274,"MN",101,"Quercus","macrocarpa","bur oak","Plantae",371,"Breaking leaf buds",15,"2023-01-01","2023-12-31",2023-09-27,270,2023-09-20,7,1,0
"onset",321344,52880,44.901722,-93.361977,274,"MN",101,"Quercus","macrocarpa","bur oak","Plantae",371,"Breaking leaf buds",15,"2023-01-01","2023-12-31",2023-09-27,270,2023-09-20,7,1,0
"onset",322756,53157,44.022049,-70.963837,136,"ME",100,"Quercus","alba","white oak","Plantae",371,"Breaking leaf buds",16,"2024-01-01","2024-12-31",2024-05-09,130,2024-05-01,8,1,0
"onset",323156,53328,35.5895,-80.461639,244,"NC",1212,"Quercus","montana","chestnut oak","Plantae",371,"Breaking leaf buds",16,"2024-01-01","2024-12-31",2024-04-09,100,2024-04-01,8,1,0
"onset",324332,52757,38.030651,-84.503967,304,"KY",101,"Quercus","macrocarpa","bur oak","Plantae",371,"Breaking leaf buds",15,"2023-01-01","2023-12-31",2023-11-13,317,2023-11-12,1,1,0
"onset",326418,53579,40.087463,-76.002052,230,"PA",1212,"Quercus","montana","chestnut oak","Plantae",371,"Breaking leaf buds",16,"2024-01-01","2024-12-31",2024-04-15,106,2024-04-01,14,1,0
"onset",326418,53579,40.087463,-76.002052,230,"PA",1212,"Quercus","montana","chestnut oak","Plantae",371,"Breaking leaf buds",17,"2025-01-01","2025-12-31",2025-04-22,112,2025-04-15,7,1,0
"onset",326418,53579,40.087463,-76.002052,230,"PA",1212,"Quercus","montana","chestnut oak","Plantae",371,"Breaking leaf buds",18,"2026-01-01","2026-12-31",2026-04-13,103,2026-03-31,13,2,0
"onset",326692,53581,39.81358,-76.349991,127,"PA",1212,"Quercus","montana","chestnut oak","Plantae",371,"Breaking leaf buds",16,"2024-01-01","2024-12-31",2024-04-13,104,2024-04-04,9,1,0
"onset",326692,53581,39.81358,-76.349991,127,"PA",1212,"Quercus","montana","chestnut oak","Plantae",371,"Breaking leaf buds",17,"2025-01-01","2025-12-31",2025-04-13,103,2025-03-21,23,1,0
"onset",326692,53581,39.81358,-76.349991,127,"PA",1212,"Quercus","montana","chestnut oak","Plantae",501,"Open flowers",17,"2025-01-01","2025-12-31",2025-04-29,119,2025-04-13,16,1,0
"onset",326726,53581,39.81358,-76.349991,127,"PA",100,"Quercus","alba","white oak","Plantae",371,"Breaking leaf buds",16,"2024-01-01","2024-12-31",2024-04-20,111,2024-04-13,7,1,0
"onset",326726,53581,39.81358,-76.349991,127,"PA",100,"Quercus","alba","white oak","Plantae",371,"Breaking leaf buds",17,"2025-01-01","2025-12-31",2025-04-18,108,2025-04-13,5,1,0
"onset",326869,53776,30.450026,-84.262054,43,"FL",305,"Quercus","virginiana","live oak","Plantae",371,"Breaking leaf buds",16,"2024-01-01","2024-12-31",2024-02-25,56,2024-02-20,5,1,0
"onset",326869,53776,30.450026,-84.262054,43,"FL",305,"Quercus","virginiana","live oak","Plantae",501,"Open flowers",16,"2024-01-01","2024-12-31",2024-03-07,67,2024-03-01,6,1,0
"onset",326971,50497,34.80901,-80.157257,94,"SC",100,"Quercus","alba","white oak","Plantae",501,"Open flowers",16,"2024-01-01","2024-12-31",2024-03-22,82,2024-03-15,7,1,0
"onset",327088,53774,30.456919,-84.258575,43,"FL",305,"Quercus","virginiana","live oak","Plantae",371,"Breaking leaf buds",16,"2024-01-01","2024-12-31",2024-02-09,40,2024-02-02,7,2,0
"onset",327088,53774,30.456919,-84.258575,43,"FL",305,"Quercus","virginiana","live oak","Plantae",501,"Open flowers",16,"2024-01-01","2024-12-31",2024-03-11,71,2024-03-06,5,1,0
"onset",327277,53859,37.561539,-77.467545,50,"VA",100,"Quercus","alba","white oak","Plantae",371,"Breaking leaf buds",16,"2024-01-01","2024-12-31",2024-03-13,73,2024-03-07,6,1,0
"onset",327772,53774,30.456919,-84.258575,43,"FL",305,"Quercus","virginiana","live oak","Plantae",371,"Breaking leaf buds",16,"2024-01-01","2024-12-31",2024-03-01,61,2024-02-27,3,1,0
"onset",327772,53774,30.456919,-84.258575,43,"FL",305,"Quercus","virginiana","live oak","Plantae",501,"Open flowers",16,"2024-01-01","2024-12-31",2024-03-11,71,2024-03-06,5,1,0
"onset",327774,53866,30.537191,-84.290665,56,"FL",2047,"Quercus","lyrata","overcup oak","Plantae",371,"Breaking leaf buds",16,"2024-01-01","2024-12-31",2024-03-10,70,2024-03-06,4,1,0
"onset",327774,53866,30.537191,-84.290665,56,"FL",2047,"Quercus","lyrata","overcup oak","Plantae",501,"Open flowers",16,"2024-01-01","2024-12-31",2024-03-20,80,2024-03-12,8,1,0
"onset",327775,53866,30.537191,-84.290665,56,"FL",305,"Quercus","virginiana","live oak","Plantae",371,"Breaking leaf buds",16,"2024-01-01","2024-12-31",2024-02-28,59,2024-02-20,8,1,0
"onset",327775,53866,30.537191,-84.290665,56,"FL",305,"Quercus","virginiana","live oak","Plantae",501,"Open flowers",16,"2024-01-01","2024-12-31",2024-03-20,80,2024-03-12,8,1,0
"onset",327781,53882,39.838814,-84.847878,324,"IN",100,"Quercus","alba","white oak","Plantae",371,"Breaking leaf buds",18,"2026-01-01","2026-12-31",2026-04-15,105,2026-04-01,14,1,0
"onset",327781,53882,39.838814,-84.847878,324,"IN",100,"Quercus","alba","white oak","Plantae",501,"Open flowers",16,"2024-01-01","2024-12-31",2024-05-03,124,2024-04-26,7,1,0
"onset",327781,53882,39.838814,-84.847878,324,"IN",100,"Quercus","alba","white oak","Plantae",501,"Open flowers",18,"2026-01-01","2026-12-31",2026-04-15,105,2026-04-01,14,3,0
"onset",327966,53919,27.714451,-82.681618,1,"FL",305,"Quercus","virginiana","live oak","Plantae",371,"Breaking leaf buds",16,"2024-01-01","2024-12-31",2024-02-28,59,2024-02-26,2,1,0
"onset",327966,53919,27.714451,-82.681618,1,"FL",305,"Quercus","virginiana","live oak","Plantae",501,"Open flowers",16,"2024-01-01","2024-12-31",2024-03-26,86,2024-03-15,11,1,0
"onset",328041,53954,30.447708,-84.248077,42,"FL",1755,"Quercus","stellata","post oak","Plantae",371,"Breaking leaf buds",16,"2024-01-01","2024-12-31",2024-02-29,60,2024-02-21,8,1,0
"onset",328041,53954,30.447708,-84.248077,42,"FL",1755,"Quercus","stellata","post oak","Plantae",501,"Open flowers",16,"2024-01-01","2024-12-31",2024-03-07,67,2024-03-02,5,2,0
"onset",328127,53954,30.447708,-84.248077,42,"FL",305,"Quercus","virginiana","live oak","Plantae",371,"Breaking leaf buds",16,"2024-01-01","2024-12-31",2024-03-02,62,2024-02-29,2,1,0
"onset",328127,53954,30.447708,-84.248077,42,"FL",305,"Quercus","virginiana","live oak","Plantae",501,"Open flowers",16,"2024-01-01","2024-12-31",2024-03-14,74,2024-03-10,4,1,0
"onset",328299,51776,35.075787,-97.331337,339,"OK",101,"Quercus","macrocarpa","bur oak","Plantae",371,"Breaking leaf buds",16,"2024-01-01","2024-12-31",2024-03-31,91,2024-03-19,12,1,0
"onset",328495,54108,38.771027,-93.758766,226,"MO",1755,"Quercus","stellata","post oak","Plantae",371,"Breaking leaf buds",16,"2024-01-01","2024-12-31",2024-04-12,103,2024-04-11,1,1,0
"onset",328521,52282,38.014748,-84.50634,316,"KY",100,"Quercus","alba","white oak","Plantae",371,"Breaking leaf buds",16,"2024-01-01","2024-12-31",2024-03-28,88,2024-03-24,4,4,0
"onset",328521,52282,38.014748,-84.50634,316,"KY",100,"Quercus","alba","white oak","Plantae",371,"Breaking leaf buds",17,"2025-01-01","2025-12-31",2025-03-26,85,2025-03-25,1,4,0
"onset",328521,52282,38.014748,-84.50634,316,"KY",100,"Quercus","alba","white oak","Plantae",371,"Breaking leaf buds",18,"2026-01-01","2026-12-31",2026-04-09,99,2026-04-07,2,2,0
"onset",328521,52282,38.014748,-84.50634,316,"KY",100,"Quercus","alba","white oak","Plantae",501,"Open flowers",16,"2024-01-01","2024-12-31",2024-04-04,95,2024-04-01,3,3,0
"onset",328521,52282,38.014748,-84.50634,316,"KY",100,"Quercus","alba","white oak","Plantae",501,"Open flowers",17,"2025-01-01","2025-12-31",2025-04-17,107,2025-04-15,2,4,0
"onset",328521,52282,38.014748,-84.50634,316,"KY",100,"Quercus","alba","white oak","Plantae",501,"Open flowers",18,"2026-01-01","2026-12-31",2026-04-20,110,2026-04-14,6,3,0
"onset",328538,54115,38.015823,-84.504768,315,"KY",100,"Quercus","alba","white oak","Plantae",371,"Breaking leaf buds",16,"2024-01-01","2024-12-31",2024-04-15,106,2024-04-12,3,2,0
"onset",328538,54115,38.015823,-84.504768,315,"KY",100,"Quercus","alba","white oak","Plantae",371,"Breaking leaf buds",17,"2025-01-01","2025-12-31",2025-04-21,111,2025-04-14,7,1,0
"onset",328538,54115,38.015823,-84.504768,315,"KY",100,"Quercus","alba","white oak","Plantae",501,"Open flowers",16,"2024-01-01","2024-12-31",2024-04-26,117,2024-04-22,4,1,0
"onset",328538,54115,38.015823,-84.504768,315,"KY",100,"Quercus","alba","white oak","Plantae",501,"Open flowers",17,"2025-01-01","2025-12-31",2025-05-05,125,2025-04-28,7,1,0
"onset",328539,54115,38.015823,-84.504768,315,"KY",100,"Quercus","alba","white oak","Plantae",371,"Breaking leaf buds",16,"2024-01-01","2024-12-31",2024-04-15,106,2024-04-08,7,2,0
"onset",328539,54115,38.015823,-84.504768,315,"KY",100,"Quercus","alba","white oak","Plantae",371,"Breaking leaf buds",17,"2025-01-01","2025-12-31",2025-04-21,111,2025-04-14,7,1,0
"onset",328539,54115,38.015823,-84.504768,315,"KY",100,"Quercus","alba","white oak","Plantae",501,"Open flowers",16,"2024-01-01","2024-12-31",2024-04-22,113,2024-04-18,4,1,0
"onset",328539,54115,38.015823,-84.504768,315,"KY",100,"Quercus","alba","white oak","Plantae",501,"Open flowers",17,"2025-01-01","2025-12-31",2025-04-28,118,2025-04-21,7,1,0
"onset",328552,54116,38.011917,-84.504448,318,"KY",100,"Quercus","alba","white oak","Plantae",371,"Breaking leaf buds",16,"2024-01-01","2024-12-31",2024-03-28,88,2024-03-25,3,2,0
"onset",328552,54116,38.011917,-84.504448,318,"KY",100,"Quercus","alba","white oak","Plantae",371,"Breaking leaf buds",17,"2025-01-01","2025-12-31",2025-02-22,53,2025-02-20,2,6,0
"onset",328553,54116,38.011917,-84.504448,318,"KY",100,"Quercus","alba","white oak","Plantae",371,"Breaking leaf buds",16,"2024-01-01","2024-12-31",2024-04-03,94,2024-03-31,3,1,0
"onset",328553,54116,38.011917,-84.504448,318,"KY",100,"Quercus","alba","white oak","Plantae",371,"Breaking leaf buds",17,"2025-01-01","2025-12-31",2025-04-01,91,2025-03-30,2,4,0
"onset",328553,54116,38.011917,-84.504448,318,"KY",100,"Quercus","alba","white oak","Plantae",371,"Breaking leaf buds",18,"2026-01-01","2026-12-31",2026-04-04,94,2026-04-02,2,1,0
"onset",328553,54116,38.011917,-84.504448,318,"KY",100,"Quercus","alba","white oak","Plantae",501,"Open flowers",16,"2024-01-01","2024-12-31",2024-04-24,115,2024-04-17,7,1,0
"onset",328553,54116,38.011917,-84.504448,318,"KY",100,"Quercus","alba","white oak","Plantae",501,"Open flowers",17,"2025-01-01","2025-12-31",2025-03-21,80,2025-03-19,2,4,0
"onset",328553,54116,38.011917,-84.504448,318,"KY",100,"Quercus","alba","white oak","Plantae",501,"Open flowers",18,"2026-01-01","2026-12-31",2026-04-13,103,2026-04-12,1,2,0
"onset",328660,54108,38.771027,-93.758766,226,"MO",100,"Quercus","alba","white oak","Plantae",371,"Breaking leaf buds",16,"2024-01-01","2024-12-31",2024-04-11,102,2024-04-09,2,1,0
"onset",329006,54244,40.805195,-77.864136,352,"PA",2043,"Quercus","bicolor","swamp white oak","Plantae",371,"Breaking leaf buds",16,"2024-01-01","2024-12-31",2024-03-28,88,2024-03-25,3,1,0
"onset",329006,54244,40.805195,-77.864136,352,"PA",2043,"Quercus","bicolor","swamp white oak","Plantae",501,"Open flowers",16,"2024-01-01","2024-12-31",2024-04-16,107,2024-04-12,4,1,0
"onset",329100,43308,42.375237,-71.144234,4,"MA",101,"Quercus","macrocarpa","bur oak","Plantae",371,"Breaking leaf buds",16,"2024-01-01","2024-12-31",2024-04-10,101,2024-03-31,10,2,0
"onset",329100,43308,42.375237,-71.144234,4,"MA",101,"Quercus","macrocarpa","bur oak","Plantae",371,"Breaking leaf buds",17,"2025-01-01","2025-12-31",2025-04-14,104,2025-04-09,5,2,0
"onset",329100,43308,42.375237,-71.144234,4,"MA",101,"Quercus","macrocarpa","bur oak","Plantae",371,"Breaking leaf buds",18,"2026-01-01","2026-12-31",2026-04-01,91,2026-03-24,8,2,0
"onset",329100,43308,42.375237,-71.144234,4,"MA",101,"Quercus","macrocarpa","bur oak","Plantae",501,"Open flowers",16,"2024-01-01","2024-12-31",2024-05-08,129,2024-05-04,4,5,0
"onset",329100,43308,42.375237,-71.144234,4,"MA",101,"Quercus","macrocarpa","bur oak","Plantae",501,"Open flowers",17,"2025-01-01","2025-12-31",2025-05-02,122,2025-04-28,4,4,0
"onset",329100,43308,42.375237,-71.144234,4,"MA",101,"Quercus","macrocarpa","bur oak","Plantae",501,"Open flowers",18,"2026-01-01","2026-12-31",2026-05-05,125,2026-04-28,7,1,0
"onset",329110,48749,42.373653,-71.143356,4,"MA",101,"Quercus","macrocarpa","bur oak","Plantae",371,"Breaking leaf buds",16,"2024-01-01","2024-12-31",2024-04-11,102,2024-04-02,9,5,0
"onset",329110,48749,42.373653,-71.143356,4,"MA",101,"Quercus","macrocarpa","bur oak","Plantae",371,"Breaking leaf buds",17,"2025-01-01","2025-12-31",2025-04-19,109,2025-04-17,2,2,0
"onset",329110,48749,42.373653,-71.143356,4,"MA",101,"Quercus","macrocarpa","bur oak","Plantae",371,"Breaking leaf buds",18,"2026-01-01","2026-12-31",2026-04-07,97,2026-04-01,6,1,0
"onset",329110,48749,42.373653,-71.143356,4,"MA",101,"Quercus","macrocarpa","bur oak","Plantae",501,"Open flowers",16,"2024-01-01","2024-12-31",2024-05-05,126,2024-04-28,7,2,0
"onset",329110,48749,42.373653,-71.143356,4,"MA",101,"Quercus","macrocarpa","bur oak","Plantae",501,"Open flowers",17,"2025-01-01","2025-12-31",2025-04-29,119,2025-04-22,7,1,0
"onset",329110,48749,42.373653,-71.143356,4,"MA",101,"Quercus","macrocarpa","bur oak","Plantae",501,"Open flowers",18,"2026-01-01","2026-12-31",2026-05-05,125,2026-04-23,12,3,0
"onset",329512,54244,40.805195,-77.864136,352,"PA",101,"Quercus","macrocarpa","bur oak","Plantae",371,"Breaking leaf buds",16,"2024-01-01","2024-12-31",2024-03-28,88,2024-03-25,3,1,0
"onset",329512,54244,40.805195,-77.864136,352,"PA",101,"Quercus","macrocarpa","bur oak","Plantae",501,"Open flowers",16,"2024-01-01","2024-12-31",2024-04-19,110,2024-04-12,7,1,0
"onset",330473,54311,37.646572,-84.687546,255,"KY",101,"Quercus","macrocarpa","bur oak","Plantae",371,"Breaking leaf buds",17,"2025-01-01","2025-12-31",2025-04-07,97,2025-03-10,28,1,0
"onset",330539,54312,44.976898,-93.153297,277,"MN",101,"Quercus","macrocarpa","bur oak","Plantae",371,"Breaking leaf buds",16,"2024-01-01","2024-12-31",2024-04-28,119,2024-04-22,6,1,0
"onset",330539,54312,44.976898,-93.153297,277,"MN",101,"Quercus","macrocarpa","bur oak","Plantae",371,"Breaking leaf buds",17,"2025-01-01","2025-12-31",2025-05-04,124,2025-04-13,21,1,0
"onset",330539,54312,44.976898,-93.153297,277,"MN",101,"Quercus","macrocarpa","bur oak","Plantae",501,"Open flowers",16,"2024-01-01","2024-12-31",2024-05-09,130,2024-05-04,5,1,0
"onset",330540,54312,44.976898,-93.153297,277,"MN",101,"Quercus","macrocarpa","bur oak","Plantae",371,"Breaking leaf buds",16,"2024-01-01","2024-12-31",2024-04-17,108,2024-04-12,5,1,0
"onset",330540,54312,44.976898,-93.153297,277,"MN",101,"Quercus","macrocarpa","bur oak","Plantae",371,"Breaking leaf buds",17,"2025-01-01","2025-12-31",2025-05-04,124,2025-04-13,21,1,0
"onset",330540,54312,44.976898,-93.153297,277,"MN",101,"Quercus","macrocarpa","bur oak","Plantae",501,"Open flowers",16,"2024-01-01","2024-12-31",2024-05-09,130,2024-05-04,5,1,0
"onset",330668,54333,42.716141,-88.310501,233,"WI",2043,"Quercus","bicolor","swamp white oak","Plantae",371,"Breaking leaf buds",16,"2024-01-01","2024-12-31",2024-04-22,113,2024-04-19,3,1,0
"onset",330668,54333,42.716141,-88.310501,233,"WI",2043,"Quercus","bicolor","swamp white oak","Plantae",371,"Breaking leaf buds",17,"2025-01-01","2025-12-31",2025-05-16,136,2025-04-29,17,1,0
"onset",330668,54333,42.716141,-88.310501,233,"WI",2043,"Quercus","bicolor","swamp white oak","Plantae",371,"Breaking leaf buds",18,"2026-01-01","2026-12-31",2026-04-23,113,2026-04-17,6,1,0
"onset",330668,54333,42.716141,-88.310501,233,"WI",2043,"Quercus","bicolor","swamp white oak","Plantae",501,"Open flowers",16,"2024-01-01","2024-12-31",2024-05-06,127,2024-05-02,4,1,0
"onset",330668,54333,42.716141,-88.310501,233,"WI",2043,"Quercus","bicolor","swamp white oak","Plantae",501,"Open flowers",18,"2026-01-01","2026-12-31",2026-04-30,120,2026-04-23,7,1,0
"onset",330669,38379,38.078102,-85.610085,168,"KY",101,"Quercus","macrocarpa","bur oak","Plantae",371,"Breaking leaf buds",16,"2024-01-01","2024-12-31",2024-04-01,92,2024-03-30,2,1,0
"onset",330669,38379,38.078102,-85.610085,168,"KY",101,"Quercus","macrocarpa","bur oak","Plantae",501,"Open flowers",16,"2024-01-01","2024-12-31",2024-04-15,106,2024-04-06,9,1,0
"onset",330678,54344,44.073566,-91.676826,198,"MN",2043,"Quercus","bicolor","swamp white oak","Plantae",371,"Breaking leaf buds",17,"2025-01-01","2025-12-31",2025-04-23,113,2025-04-16,7,1,0
"onset",330678,54344,44.073566,-91.676826,198,"MN",2043,"Quercus","bicolor","swamp white oak","Plantae",371,"Breaking leaf buds",18,"2026-01-01","2026-12-31",2026-04-15,105,2026-04-06,9,1,0
"onset",330678,54344,44.073566,-91.676826,198,"MN",2043,"Quercus","bicolor","swamp white oak","Plantae",501,"Open flowers",17,"2025-01-01","2025-12-31",2025-03-16,75,2025-03-05,11,1,0
"onset",330724,54347,37.261837,-77.55069,91,"VA",100,"Quercus","alba","white oak","Plantae",371,"Breaking leaf buds",16,"2024-01-01","2024-12-31",2024-04-12,103,2024-04-07,5,1,0
"onset",330753,42341,42.383221,-71.097885,19,"MA",1212,"Quercus","montana","chestnut oak","Plantae",371,"Breaking leaf buds",16,"2024-01-01","2024-12-31",2024-04-23,114,2024-04-16,7,1,0
"onset",330753,42341,42.383221,-71.097885,19,"MA",1212,"Quercus","montana","chestnut oak","Plantae",371,"Breaking leaf buds",17,"2025-01-01","2025-12-31",2025-04-29,119,2025-04-22,7,1,0
"onset",330753,42341,42.383221,-71.097885,19,"MA",1212,"Quercus","montana","chestnut oak","Plantae",371,"Breaking leaf buds",18,"2026-01-01","2026-12-31",2026-04-28,118,2026-04-21,7,1,0
"onset",330753,42341,42.383221,-71.097885,19,"MA",1212,"Quercus","montana","chestnut oak","Plantae",501,"Open flowers",18,"2026-01-01","2026-12-31",2026-05-12,132,2026-05-05,7,1,0
"onset",330825,54365,44.971355,-93.283714,264,"MN",101,"Quercus","macrocarpa","bur oak","Plantae",371,"Breaking leaf buds",16,"2024-01-01","2024-12-31",2024-04-16,107,2024-04-09,7,1,0
"onset",330840,54392,33.556099,-101.868202,979,"TX",101,"Quercus","macrocarpa","bur oak","Plantae",371,"Breaking leaf buds",16,"2024-01-01","2024-12-31",2024-04-26,117,2024-04-08,18,1,0
"onset",330840,54392,33.556099,-101.868202,979,"TX",101,"Quercus","macrocarpa","bur oak","Plantae",371,"Breaking leaf buds",18,"2026-01-01","2026-12-31",2026-03-23,82,2026-03-12,11,1,0
"onset",330840,54392,33.556099,-101.868202,979,"TX",101,"Quercus","macrocarpa","bur oak","Plantae",501,"Open flowers",16,"2024-01-01","2024-12-31",2024-04-06,97,2024-04-01,5,1,0
"onset",331377,49688,44.739075,-93.602257,232,"MN",101,"Quercus","macrocarpa","bur oak","Plantae",371,"Breaking leaf buds",17,"2025-01-01","2025-12-31",2025-04-25,115,2025-04-22,3,1,0
"onset",331408,54517,40.817055,-77.881592,354,"PA",100,"Quercus","alba","white oak","Plantae",371,"Breaking leaf buds",16,"2024-01-01","2024-12-31",2024-04-05,96,2024-04-01,4,1,0
"onset",331408,54517,40.817055,-77.881592,354,"PA",100,"Quercus","alba","white oak","Plantae",501,"Open flowers",16,"2024-01-01","2024-12-31",2024-04-19,110,2024-04-12,7,1,0
"onset",331412,33012,42.011364,-93.638145,289,"IA",2043,"Quercus","bicolor","swamp white oak","Plantae",371,"Breaking leaf buds",16,"2024-01-01","2024-12-31",2024-04-10,101,2024-04-03,7,2,0
"onset",331412,33012,42.011364,-93.638145,289,"IA",2043,"Quercus","bicolor","swamp white oak","Plantae",371,"Breaking leaf buds",17,"2025-01-01","2025-12-31",2025-04-30,120,2025-04-23,7,1,0
"onset",331412,33012,42.011364,-93.638145,289,"IA",2043,"Quercus","bicolor","swamp white oak","Plantae",371,"Breaking leaf buds",18,"2026-01-01","2026-12-31",2026-04-23,113,2026-04-16,7,1,0
"onset",331412,33012,42.011364,-93.638145,289,"IA",2043,"Quercus","bicolor","swamp white oak","Plantae",501,"Open flowers",16,"2024-01-01","2024-12-31",2024-04-23,114,2024-04-17,6,2,0
"onset",331451,48750,42.374542,-71.146736,4,"MA",101,"Quercus","macrocarpa","bur oak","Plantae",371,"Breaking leaf buds",16,"2024-01-01","2024-12-31",2024-04-11,102,2024-04-09,2,1,0
"onset",331451,48750,42.374542,-71.146736,4,"MA",101,"Quercus","macrocarpa","bur oak","Plantae",371,"Breaking leaf buds",17,"2025-01-01","2025-12-31",2025-03-30,89,2025-03-28,2,2,0
"onset",331451,48750,42.374542,-71.146736,4,"MA",101,"Quercus","macrocarpa","bur oak","Plantae",371,"Breaking leaf buds",18,"2026-01-01","2026-12-31",2026-04-08,98,2026-04-01,7,1,0
"onset",331451,48750,42.374542,-71.146736,4,"MA",101,"Quercus","macrocarpa","bur oak","Plantae",501,"Open flowers",16,"2024-01-01","2024-12-31",2024-04-28,119,2024-04-25,3,2,0
"onset",331451,48750,42.374542,-71.146736,4,"MA",101,"Quercus","macrocarpa","bur oak","Plantae",501,"Open flowers",17,"2025-01-01","2025-12-31",2025-04-23,113,2025-04-22,1,1,0
"onset",331451,48750,42.374542,-71.146736,4,"MA",101,"Quercus","macrocarpa","bur oak","Plantae",501,"Open flowers",18,"2026-01-01","2026-12-31",2026-05-05,125,2026-04-28,7,1,0
"onset",331457,54519,42.859356,-88.447823,266,"WI",100,"Quercus","alba","white oak","Plantae",371,"Breaking leaf buds",16,"2024-01-01","2024-12-31",2024-04-18,109,2024-04-08,10,1,0
"onset",331457,54519,42.859356,-88.447823,266,"WI",100,"Quercus","alba","white oak","Plantae",501,"Open flowers",16,"2024-01-01","2024-12-31",2024-04-29,120,2024-04-18,11,1,0
"onset",331795,54560,40.901348,-79.730774,382,"PA",100,"Quercus","alba","white oak","Plantae",371,"Breaking leaf buds",16,"2024-01-01","2024-12-31",2024-05-02,123,2024-04-25,7,1,0
"onset",331795,54560,40.901348,-79.730774,382,"PA",100,"Quercus","alba","white oak","Plantae",371,"Breaking leaf buds",18,"2026-01-01","2026-12-31",2026-05-08,128,2026-05-01,7,1,0
"onset",332016,54636,43.043701,-89.429665,274,"WI",1212,"Quercus","montana","chestnut oak","Plantae",371,"Breaking leaf buds",16,"2024-01-01","2024-12-31",2024-04-19,110,2024-04-12,7,1,0
"onset",332016,54636,43.043701,-89.429665,274,"WI",1212,"Quercus","montana","chestnut oak","Plantae",501,"Open flowers",16,"2024-01-01","2024-12-31",2024-05-16,137,2024-05-06,10,1,0
"onset",332019,54636,43.043701,-89.429665,274,"WI",2050,"Quercus","muehlenbergii","chinquapin oak","Plantae",371,"Breaking leaf buds",16,"2024-01-01","2024-12-31",2024-04-19,110,2024-04-12,7,1,0
"onset",332019,54636,43.043701,-89.429665,274,"WI",2050,"Quercus","muehlenbergii","chinquapin oak","Plantae",501,"Open flowers",16,"2024-01-01","2024-12-31",2024-05-16,137,2024-05-06,10,1,0
"onset",332027,54636,43.043701,-89.429665,274,"WI",2050,"Quercus","muehlenbergii","chinquapin oak","Plantae",371,"Breaking leaf buds",16,"2024-01-01","2024-12-31",2024-05-01,122,2024-04-25,6,1,0
"onset",332027,54636,43.043701,-89.429665,274,"WI",2050,"Quercus","muehlenbergii","chinquapin oak","Plantae",501,"Open flowers",16,"2024-01-01","2024-12-31",2024-05-16,137,2024-05-06,10,1,0
"onset",332043,54636,43.043701,-89.429665,274,"WI",2053,"Quercus","prinoides","dwarf chinquapin oak","Plantae",501,"Open flowers",16,"2024-01-01","2024-12-31",2024-05-06,127,2024-05-01,5,1,0
"onset",332114,54017,41.868526,-88.19268,228,"IL",100,"Quercus","alba","white oak","Plantae",371,"Breaking leaf buds",16,"2024-01-01","2024-12-31",2024-04-27,118,2024-04-13,14,1,0
"onset",332132,37949,42.962578,-90.137413,380,"WI",2050,"Quercus","muehlenbergii","chinquapin oak","Plantae",371,"Breaking leaf buds",16,"2024-01-01","2024-12-31",2024-04-21,112,2024-04-14,7,2,0
"onset",332132,37949,42.962578,-90.137413,380,"WI",2050,"Quercus","muehlenbergii","chinquapin oak","Plantae",371,"Breaking leaf buds",17,"2025-01-01","2025-12-31",2025-05-04,124,2025-04-24,10,1,0
"onset",332133,37949,42.962578,-90.137413,380,"WI",2050,"Quercus","muehlenbergii","chinquapin oak","Plantae",371,"Breaking leaf buds",16,"2024-01-01","2024-12-31",2024-04-21,112,2024-04-14,7,2,0
"onset",332133,37949,42.962578,-90.137413,380,"WI",2050,"Quercus","muehlenbergii","chinquapin oak","Plantae",371,"Breaking leaf buds",17,"2025-01-01","2025-12-31",2025-05-04,124,2025-04-24,10,1,0
"onset",332134,37949,42.962578,-90.137413,380,"WI",2050,"Quercus","muehlenbergii","chinquapin oak","Plantae",371,"Breaking leaf buds",16,"2024-01-01","2024-12-31",2024-04-21,112,2024-04-14,7,2,0
"onset",332134,37949,42.962578,-90.137413,380,"WI",2050,"Quercus","muehlenbergii","chinquapin oak","Plantae",371,"Breaking leaf buds",17,"2025-01-01","2025-12-31",2025-05-04,124,2025-04-24,10,1,0
"onset",332357,54724,29.2988,-94.805199,-1,"TX",305,"Quercus","virginiana","live oak","Plantae",501,"Open flowers",17,"2025-01-01","2025-12-31",2025-04-04,94,2025-03-15,20,1,0
"onset",332484,54767,44.971436,-93.283966,264,"MN",2043,"Quercus","bicolor","swamp white oak","Plantae",371,"Breaking leaf buds",16,"2024-01-01","2024-12-31",2024-04-16,107,2024-04-09,7,1,0
"onset",332484,54767,44.971436,-93.283966,264,"MN",2043,"Quercus","bicolor","swamp white oak","Plantae",501,"Open flowers",16,"2024-01-01","2024-12-31",2024-04-23,114,2024-04-16,7,1,0
"onset",333090,54866,44.9715,-93.283798,264,"MN",101,"Quercus","macrocarpa","bur oak","Plantae",371,"Breaking leaf buds",16,"2024-01-01","2024-12-31",2024-04-16,107,2024-04-09,7,1,0
"onset",333121,48750,42.374542,-71.146736,4,"MA",101,"Quercus","macrocarpa","bur oak","Plantae",371,"Breaking leaf buds",17,"2025-01-01","2025-12-31",2025-03-18,77,2025-02-18,28,3,0
"onset",333121,48750,42.374542,-71.146736,4,"MA",101,"Quercus","macrocarpa","bur oak","Plantae",371,"Breaking leaf buds",18,"2026-01-01","2026-12-31",2026-04-08,98,2026-04-01,7,2,0
"onset",333121,48750,42.374542,-71.146736,4,"MA",101,"Quercus","macrocarpa","bur oak","Plantae",501,"Open flowers",16,"2024-01-01","2024-12-31",2024-05-05,126,2024-04-28,7,2,0
"onset",333121,48750,42.374542,-71.146736,4,"MA",101,"Quercus","macrocarpa","bur oak","Plantae",501,"Open flowers",17,"2025-01-01","2025-12-31",2025-05-06,126,2025-04-28,8,1,0
"onset",333121,48750,42.374542,-71.146736,4,"MA",101,"Quercus","macrocarpa","bur oak","Plantae",501,"Open flowers",18,"2026-01-01","2026-12-31",2026-05-05,125,2026-04-23,12,1,0
"onset",334380,55089,30.310362,-97.823517,265,"TX",305,"Quercus","virginiana","live oak","Plantae",371,"Breaking leaf buds",16,"2024-01-01","2024-12-31",2024-07-05,187,2024-07-04,1,1,0
"onset",335166,55290,39.060555,-94.581932,282,"MO",100,"Quercus","alba","white oak","Plantae",371,"Breaking leaf buds",17,"2025-01-01","2025-12-31",2025-03-07,66,2025-02-27,8,1,0
"onset",335166,55290,39.060555,-94.581932,282,"MO",100,"Quercus","alba","white oak","Plantae",501,"Open flowers",17,"2025-01-01","2025-12-31",2025-03-07,66,2025-02-27,8,2,0
"onset",335180,55363,44.074883,-103.205841,983,"SD",101,"Quercus","macrocarpa","bur oak","Plantae",371,"Breaking leaf buds",16,"2024-01-01","2024-12-31",2024-09-06,250,2024-09-04,2,1,0
"onset",335537,52756,38.019615,-84.499451,314,"KY",100,"Quercus","alba","white oak","Plantae",371,"Breaking leaf buds",17,"2025-01-01","2025-12-31",2025-10-29,302,2025-10-20,9,1,0
"onset",335540,52756,38.019615,-84.499451,314,"KY",100,"Quercus","alba","white oak","Plantae",371,"Breaking leaf buds",16,"2024-01-01","2024-12-31",2024-09-29,273,2024-09-26,3,1,0
"onset",335629,55554,35.873138,-78.923859,87,"NC",100,"Quercus","alba","white oak","Plantae",371,"Breaking leaf buds",17,"2025-01-01","2025-12-31",2025-03-06,65,2025-02-06,28,1,0
"onset",335772,56657,40.329544,-74.942245,49,NA,100,"Quercus","alba","white oak","Plantae",371,"Breaking leaf buds",17,"2025-01-01","2025-12-31",2025-04-24,114,2025-04-18,6,2,0
"onset",335772,56657,40.329544,-74.942245,49,NA,100,"Quercus","alba","white oak","Plantae",371,"Breaking leaf buds",18,"2026-01-01","2026-12-31",2026-04-11,101,2026-04-09,2,6,0
"onset",335825,56657,40.329544,-74.942245,49,NA,1212,"Quercus","montana","chestnut oak","Plantae",371,"Breaking leaf buds",17,"2025-01-01","2025-12-31",2025-02-19,50,2025-02-13,6,2,0
"onset",335825,56657,40.329544,-74.942245,49,NA,1212,"Quercus","montana","chestnut oak","Plantae",371,"Breaking leaf buds",18,"2026-01-01","2026-12-31",2026-04-16,106,2026-04-11,5,7,0
"onset",335825,56657,40.329544,-74.942245,49,NA,1212,"Quercus","montana","chestnut oak","Plantae",501,"Open flowers",18,"2026-01-01","2026-12-31",2026-05-01,121,2026-04-26,5,2,0
"onset",335953,55626,46.939571,-91.896149,296,"MN",101,"Quercus","macrocarpa","bur oak","Plantae",371,"Breaking leaf buds",18,"2026-01-01","2026-12-31",2026-03-31,90,2026-03-25,6,1,0
"onset",336129,55728,35.27816,-81.090729,222,"NC",100,"Quercus","alba","white oak","Plantae",371,"Breaking leaf buds",17,"2025-01-01","2025-12-31",2025-03-28,87,2025-03-21,7,3,0
"onset",336129,55728,35.27816,-81.090729,222,"NC",100,"Quercus","alba","white oak","Plantae",371,"Breaking leaf buds",18,"2026-01-01","2026-12-31",2026-04-02,92,2026-03-26,7,2,0
"onset",336129,55728,35.27816,-81.090729,222,"NC",100,"Quercus","alba","white oak","Plantae",501,"Open flowers",17,"2025-01-01","2025-12-31",2025-03-28,87,2025-03-21,7,1,0
"onset",336134,55728,35.27816,-81.090729,222,"NC",100,"Quercus","alba","white oak","Plantae",371,"Breaking leaf buds",18,"2026-01-01","2026-12-31",2026-03-27,86,2026-03-05,22,1,0
"onset",346570,55887,44.477852,-73.196465,61,"VT",100,"Quercus","alba","white oak","Plantae",371,"Breaking leaf buds",17,"2025-01-01","2025-12-31",2025-03-31,90,2025-03-30,1,6,0
"onset",346570,55887,44.477852,-73.196465,61,"VT",100,"Quercus","alba","white oak","Plantae",371,"Breaking leaf buds",18,"2026-01-01","2026-12-31",2026-03-27,86,2026-03-26,1,9,0
"onset",346570,55887,44.477852,-73.196465,61,"VT",100,"Quercus","alba","white oak","Plantae",501,"Open flowers",17,"2025-01-01","2025-12-31",2025-03-27,86,2025-03-26,1,4,0
"onset",347228,55890,30.416599,-88.796501,7,NA,305,"Quercus","virginiana","live oak","Plantae",371,"Breaking leaf buds",17,"2025-01-01","2025-12-31",2025-04-18,108,2025-04-01,17,1,0
"onset",347402,56111,37.574879,-77.539665,57,"VA",2047,"Quercus","lyrata","overcup oak","Plantae",371,"Breaking leaf buds",17,"2025-01-01","2025-12-31",2025-03-31,90,2025-03-29,2,1,0
"onset",347403,56111,37.574879,-77.539665,57,"VA",2047,"Quercus","lyrata","overcup oak","Plantae",371,"Breaking leaf buds",17,"2025-01-01","2025-12-31",2025-03-31,90,2025-03-29,2,1,0
"onset",347404,56111,37.574879,-77.539665,57,"VA",2047,"Quercus","lyrata","overcup oak","Plantae",371,"Breaking leaf buds",17,"2025-01-01","2025-12-31",2025-03-31,90,2025-03-27,4,1,0
"onset",347405,56111,37.574879,-77.539665,57,"VA",2047,"Quercus","lyrata","overcup oak","Plantae",371,"Breaking leaf buds",17,"2025-01-01","2025-12-31",2025-03-31,90,2025-03-29,2,1,0
"onset",347406,56111,37.574879,-77.539665,57,"VA",2047,"Quercus","lyrata","overcup oak","Plantae",371,"Breaking leaf buds",17,"2025-01-01","2025-12-31",2025-03-31,90,2025-03-29,2,1,0
"onset",347407,56111,37.574879,-77.539665,57,"VA",2047,"Quercus","lyrata","overcup oak","Plantae",371,"Breaking leaf buds",17,"2025-01-01","2025-12-31",2025-03-31,90,2025-03-29,2,1,0
"onset",347408,56111,37.574879,-77.539665,57,"VA",2047,"Quercus","lyrata","overcup oak","Plantae",371,"Breaking leaf buds",17,"2025-01-01","2025-12-31",2025-03-31,90,2025-03-29,2,1,0
"onset",347409,56111,37.574879,-77.539665,57,"VA",2047,"Quercus","lyrata","overcup oak","Plantae",371,"Breaking leaf buds",17,"2025-01-01","2025-12-31",2025-03-31,90,2025-03-29,2,1,0
"onset",347671,52757,38.030651,-84.503967,304,"KY",100,"Quercus","alba","white oak","Plantae",371,"Breaking leaf buds",17,"2025-01-01","2025-12-31",2025-04-16,106,2025-04-13,3,1,0
"onset",347672,52757,38.030651,-84.503967,304,"KY",100,"Quercus","alba","white oak","Plantae",371,"Breaking leaf buds",17,"2025-01-01","2025-12-31",2025-04-16,106,2025-04-13,3,1,0
"onset",347673,52757,38.030651,-84.503967,304,"KY",100,"Quercus","alba","white oak","Plantae",371,"Breaking leaf buds",17,"2025-01-01","2025-12-31",2025-04-06,96,2025-04-02,4,1,0
"onset",347674,52757,38.030651,-84.503967,304,"KY",100,"Quercus","alba","white oak","Plantae",371,"Breaking leaf buds",17,"2025-01-01","2025-12-31",2025-04-16,106,2025-04-13,3,1,0
"onset",347675,52757,38.030651,-84.503967,304,"KY",100,"Quercus","alba","white oak","Plantae",371,"Breaking leaf buds",17,"2025-01-01","2025-12-31",2025-04-16,106,2025-04-13,3,1,0
"onset",347675,52757,38.030651,-84.503967,304,"KY",100,"Quercus","alba","white oak","Plantae",501,"Open flowers",17,"2025-01-01","2025-12-31",2025-05-04,124,2025-04-30,4,1,0
"onset",347676,52757,38.030651,-84.503967,304,"KY",100,"Quercus","alba","white oak","Plantae",371,"Breaking leaf buds",17,"2025-01-01","2025-12-31",2025-04-16,106,2025-04-13,3,1,0
"onset",347677,52757,38.030651,-84.503967,304,"KY",100,"Quercus","alba","white oak","Plantae",371,"Breaking leaf buds",17,"2025-01-01","2025-12-31",2025-04-16,106,2025-04-13,3,1,0
"onset",347682,56166,39.060528,-94.581902,282,"MO",101,"Quercus","macrocarpa","bur oak","Plantae",371,"Breaking leaf buds",17,"2025-01-01","2025-12-31",2025-04-16,106,2025-04-01,15,1,0
"onset",347683,56167,39.099728,-94.578568,258,"MO",100,"Quercus","alba","white oak","Plantae",371,"Breaking leaf buds",17,"2025-01-01","2025-12-31",2025-04-09,99,2025-03-26,14,1,0
"onset",347721,32789,40.73082,-73.99733,7,"NY",100,"Quercus","alba","white oak","Plantae",371,"Breaking leaf buds",18,"2026-01-01","2026-12-31",2026-04-04,94,2026-03-30,5,1,0
"onset",347721,32789,40.73082,-73.99733,7,"NY",100,"Quercus","alba","white oak","Plantae",501,"Open flowers",18,"2026-01-01","2026-12-31",2026-04-17,107,2026-04-14,3,1,0
"onset",347864,56218,45.601425,-122.560875,37,"WA",100,"Quercus","alba","white oak","Plantae",371,"Breaking leaf buds",17,"2025-01-01","2025-12-31",2025-03-06,65,2025-02-13,21,1,0
"onset",347864,56218,45.601425,-122.560875,37,"WA",100,"Quercus","alba","white oak","Plantae",501,"Open flowers",17,"2025-01-01","2025-12-31",2025-04-05,95,2025-03-21,15,1,0
"onset",347926,56252,30.395105,-84.303589,17,"FL",100,"Quercus","alba","white oak","Plantae",371,"Breaking leaf buds",17,"2025-01-01","2025-12-31",2025-02-24,55,2025-02-22,2,1,0
"onset",348385,56657,40.329544,-74.942245,49,NA,2043,"Quercus","bicolor","swamp white oak","Plantae",371,"Breaking leaf buds",17,"2025-01-01","2025-12-31",2025-03-12,71,2025-03-09,3,4,0
"onset",348385,56657,40.329544,-74.942245,49,NA,2043,"Quercus","bicolor","swamp white oak","Plantae",371,"Breaking leaf buds",18,"2026-01-01","2026-12-31",2026-03-16,75,2026-03-15,1,6,0
"onset",348385,56657,40.329544,-74.942245,49,NA,2043,"Quercus","bicolor","swamp white oak","Plantae",501,"Open flowers",17,"2025-01-01","2025-12-31",2025-05-07,127,2025-05-01,6,1,0
"onset",348385,56657,40.329544,-74.942245,49,NA,2043,"Quercus","bicolor","swamp white oak","Plantae",501,"Open flowers",18,"2026-01-01","2026-12-31",2026-04-17,107,2026-04-13,4,1,0
"onset",348508,56219,45.730705,-122.635559,52,"WA",100,"Quercus","alba","white oak","Plantae",371,"Breaking leaf buds",17,"2025-01-01","2025-12-31",2025-03-05,64,2025-02-07,26,1,0
"onset",348508,56219,45.730705,-122.635559,52,"WA",100,"Quercus","alba","white oak","Plantae",501,"Open flowers",17,"2025-01-01","2025-12-31",2025-04-12,102,2025-04-04,8,1,0
"onset",348532,56320,27.712273,-82.686874,1,"FL",305,"Quercus","virginiana","live oak","Plantae",501,"Open flowers",17,"2025-01-01","2025-12-31",2025-03-04,63,2025-02-28,4,1,0
"onset",348597,56325,30.294142,-87.576637,2,NA,305,"Quercus","virginiana","live oak","Plantae",501,"Open flowers",17,"2025-01-01","2025-12-31",2025-03-22,81,2025-03-21,1,1,0
"onset",348970,56420,42.619869,-87.821167,180,NA,2043,"Quercus","bicolor","swamp white oak","Plantae",371,"Breaking leaf buds",17,"2025-01-01","2025-12-31",2025-04-26,116,2025-04-18,8,1,0
"onset",348976,56291,29.5406,-95.073448,3,"TX",305,"Quercus","virginiana","live oak","Plantae",371,"Breaking leaf buds",17,"2025-01-01","2025-12-31",2025-03-12,71,2025-03-02,10,4,0
"onset",348976,56291,29.5406,-95.073448,3,"TX",305,"Quercus","virginiana","live oak","Plantae",501,"Open flowers",17,"2025-01-01","2025-12-31",2025-03-18,77,2025-03-12,6,1,0
"onset",349543,54311,37.646572,-84.687546,255,"KY",101,"Quercus","macrocarpa","bur oak","Plantae",371,"Breaking leaf buds",17,"2025-01-01","2025-12-31",2025-04-24,114,2025-04-07,17,1,0
"onset",349665,56563,43.092583,-89.335663,263,"WI",2043,"Quercus","bicolor","swamp white oak","Plantae",371,"Breaking leaf buds",17,"2025-01-01","2025-12-31",2025-04-23,113,2025-04-22,1,4,0
"onset",349665,56563,43.092583,-89.335663,263,"WI",2043,"Quercus","bicolor","swamp white oak","Plantae",371,"Breaking leaf buds",18,"2026-01-01","2026-12-31",2026-04-17,107,2026-04-14,3,4,0
"onset",349665,56563,43.092583,-89.335663,263,"WI",2043,"Quercus","bicolor","swamp white oak","Plantae",501,"Open flowers",17,"2025-01-01","2025-12-31",2025-05-10,130,2025-05-07,3,1,0
"onset",349665,56563,43.092583,-89.335663,263,"WI",2043,"Quercus","bicolor","swamp white oak","Plantae",501,"Open flowers",18,"2026-01-01","2026-12-31",2026-04-30,120,2026-04-29,1,2,0
"onset",349666,56563,43.092583,-89.335663,263,"WI",2043,"Quercus","bicolor","swamp white oak","Plantae",371,"Breaking leaf buds",17,"2025-01-01","2025-12-31",2025-04-19,109,2025-04-16,3,4,0
"onset",349666,56563,43.092583,-89.335663,263,"WI",2043,"Quercus","bicolor","swamp white oak","Plantae",371,"Breaking leaf buds",18,"2026-01-01","2026-12-31",2026-04-14,104,2026-04-13,1,5,0
"onset",349666,56563,43.092583,-89.335663,263,"WI",2043,"Quercus","bicolor","swamp white oak","Plantae",501,"Open flowers",17,"2025-01-01","2025-12-31",2025-05-10,130,2025-05-07,3,1,0
"onset",349666,56563,43.092583,-89.335663,263,"WI",2043,"Quercus","bicolor","swamp white oak","Plantae",501,"Open flowers",18,"2026-01-01","2026-12-31",2026-05-02,122,2026-04-30,2,4,0
"onset",349673,56563,43.092583,-89.335663,263,"WI",101,"Quercus","macrocarpa","bur oak","Plantae",371,"Breaking leaf buds",17,"2025-01-01","2025-12-31",2025-04-19,109,2025-04-16,3,3,0
"onset",349673,56563,43.092583,-89.335663,263,"WI",101,"Quercus","macrocarpa","bur oak","Plantae",371,"Breaking leaf buds",18,"2026-01-01","2026-12-31",2026-03-30,89,2026-03-28,2,6,0
"onset",349673,56563,43.092583,-89.335663,263,"WI",101,"Quercus","macrocarpa","bur oak","Plantae",501,"Open flowers",17,"2025-01-01","2025-12-31",2025-05-06,126,2025-05-03,3,1,0
"onset",349673,56563,43.092583,-89.335663,263,"WI",101,"Quercus","macrocarpa","bur oak","Plantae",501,"Open flowers",18,"2026-01-01","2026-12-31",2026-04-26,116,2026-04-24,2,4,0
"onset",350164,56606,36.634457,-78.771889,130,"VA",100,"Quercus","alba","white oak","Plantae",371,"Breaking leaf buds",17,"2025-01-01","2025-12-31",2025-03-26,85,2025-03-22,4,1,0
"onset",350164,56606,36.634457,-78.771889,130,"VA",100,"Quercus","alba","white oak","Plantae",501,"Open flowers",17,"2025-01-01","2025-12-31",2025-04-09,99,2025-04-04,5,1,0
"onset",350167,56606,36.634457,-78.771889,130,"VA",1755,"Quercus","stellata","post oak","Plantae",371,"Breaking leaf buds",17,"2025-01-01","2025-12-31",2025-03-22,81,2025-03-19,3,2,0
"onset",350167,56606,36.634457,-78.771889,130,"VA",1755,"Quercus","stellata","post oak","Plantae",501,"Open flowers",17,"2025-01-01","2025-12-31",2025-04-09,99,2025-04-04,5,1,0
"onset",350217,56626,30.134932,-97.421585,138,"TX",305,"Quercus","virginiana","live oak","Plantae",371,"Breaking leaf buds",17,"2025-01-01","2025-12-31",2025-03-14,73,2025-03-12,2,1,0
"onset",350217,56626,30.134932,-97.421585,138,"TX",305,"Quercus","virginiana","live oak","Plantae",501,"Open flowers",17,"2025-01-01","2025-12-31",2025-03-25,84,2025-03-22,3,1,0
"onset",350218,56626,30.134932,-97.421585,138,"TX",2050,"Quercus","muehlenbergii","chinquapin oak","Plantae",371,"Breaking leaf buds",17,"2025-01-01","2025-12-31",2025-03-22,81,2025-03-18,4,1,0
"onset",350218,56626,30.134932,-97.421585,138,"TX",2050,"Quercus","muehlenbergii","chinquapin oak","Plantae",501,"Open flowers",17,"2025-01-01","2025-12-31",2025-03-31,90,2025-03-29,2,1,0
"onset",350406,56421,42.619869,-87.821167,180,NA,2043,"Quercus","bicolor","swamp white oak","Plantae",371,"Breaking leaf buds",17,"2025-01-01","2025-12-31",2025-04-26,116,2025-03-28,29,1,0
"onset",350407,56421,42.619869,-87.821167,180,NA,100,"Quercus","alba","white oak","Plantae",371,"Breaking leaf buds",17,"2025-01-01","2025-12-31",2025-04-26,116,2025-03-28,29,1,0
"onset",350458,55255,31.838547,-81.254349,5,"GA",2049,"Quercus","michauxii","swamp chestnut oak","Plantae",371,"Breaking leaf buds",17,"2025-01-01","2025-12-31",2025-03-14,73,2025-03-11,3,1,0
"onset",350459,55255,31.838547,-81.254349,5,"GA",305,"Quercus","virginiana","live oak","Plantae",501,"Open flowers",17,"2025-01-01","2025-12-31",2025-03-27,86,2025-03-18,9,2,0
"onset",350497,47095,41.503468,-91.505867,188,"IA",101,"Quercus","macrocarpa","bur oak","Plantae",371,"Breaking leaf buds",17,"2025-01-01","2025-12-31",2025-04-24,114,2025-04-16,8,1,0
"onset",351308,56856,40.052708,-75.687523,134,"PA",100,"Quercus","alba","white oak","Plantae",371,"Breaking leaf buds",17,"2025-01-01","2025-12-31",2025-04-06,96,2025-04-02,4,1,0
"onset",351308,56856,40.052708,-75.687523,134,"PA",100,"Quercus","alba","white oak","Plantae",371,"Breaking leaf buds",18,"2026-01-01","2026-12-31",2026-04-08,98,2026-03-29,10,1,0
"onset",351402,56434,42.619869,-87.821167,180,NA,100,"Quercus","alba","white oak","Plantae",371,"Breaking leaf buds",17,"2025-01-01","2025-12-31",2025-03-28,87,2025-02-28,28,1,0
"onset",351642,56091,43.957001,-97.028801,499,NA,101,"Quercus","macrocarpa","bur oak","Plantae",371,"Breaking leaf buds",17,"2025-01-01","2025-12-31",2025-04-28,118,2025-04-22,6,1,0
"onset",355413,57060,39.099045,-96.565102,387,"KS",2050,"Quercus","muehlenbergii","chinquapin oak","Plantae",371,"Breaking leaf buds",13,"2021-01-01","2021-12-31",2021-04-05,95,2021-04-01,4,1,0
"onset",355413,57060,39.099045,-96.565102,387,"KS",2050,"Quercus","muehlenbergii","chinquapin oak","Plantae",371,"Breaking leaf buds",14,"2022-01-01","2022-12-31",2022-04-25,115,2022-04-20,5,1,0
"onset",355413,57060,39.099045,-96.565102,387,"KS",2050,"Quercus","muehlenbergii","chinquapin oak","Plantae",371,"Breaking leaf buds",15,"2023-01-01","2023-12-31",2023-04-14,104,2023-04-10,4,1,0
"onset",355413,57060,39.099045,-96.565102,387,"KS",2050,"Quercus","muehlenbergii","chinquapin oak","Plantae",371,"Breaking leaf buds",16,"2024-01-01","2024-12-31",2024-04-08,99,2024-04-04,4,1,0
"onset",355413,57060,39.099045,-96.565102,387,"KS",2050,"Quercus","muehlenbergii","chinquapin oak","Plantae",371,"Breaking leaf buds",17,"2025-01-01","2025-12-31",2025-04-17,107,2025-04-14,3,1,0
"onset",355413,57060,39.099045,-96.565102,387,"KS",2050,"Quercus","muehlenbergii","chinquapin oak","Plantae",501,"Open flowers",13,"2021-01-01","2021-12-31",2021-04-30,120,2021-04-26,4,1,0
"onset",355413,57060,39.099045,-96.565102,387,"KS",2050,"Quercus","muehlenbergii","chinquapin oak","Plantae",501,"Open flowers",14,"2022-01-01","2022-12-31",2022-05-02,122,2022-04-28,4,1,0
"onset",355413,57060,39.099045,-96.565102,387,"KS",2050,"Quercus","muehlenbergii","chinquapin oak","Plantae",501,"Open flowers",15,"2023-01-01","2023-12-31",2023-04-21,111,2023-04-17,4,1,0
"onset",355413,57060,39.099045,-96.565102,387,"KS",2050,"Quercus","muehlenbergii","chinquapin oak","Plantae",501,"Open flowers",16,"2024-01-01","2024-12-31",2024-04-18,109,2024-04-15,3,1,0
"onset",355413,57060,39.099045,-96.565102,387,"KS",2050,"Quercus","muehlenbergii","chinquapin oak","Plantae",501,"Open flowers",17,"2025-01-01","2025-12-31",2025-04-17,107,2025-04-14,3,1,0
"onset",355429,57060,39.099045,-96.565102,387,"KS",2050,"Quercus","muehlenbergii","chinquapin oak","Plantae",371,"Breaking leaf buds",13,"2021-01-01","2021-12-31",2021-04-13,103,2021-04-08,5,1,0
"onset",355429,57060,39.099045,-96.565102,387,"KS",2050,"Quercus","muehlenbergii","chinquapin oak","Plantae",371,"Breaking leaf buds",14,"2022-01-01","2022-12-31",2022-04-25,115,2022-04-20,5,1,0
"onset",355429,57060,39.099045,-96.565102,387,"KS",2050,"Quercus","muehlenbergii","chinquapin oak","Plantae",371,"Breaking leaf buds",15,"2023-01-01","2023-12-31",2023-04-14,104,2023-04-10,4,1,0
"onset",355429,57060,39.099045,-96.565102,387,"KS",2050,"Quercus","muehlenbergii","chinquapin oak","Plantae",371,"Breaking leaf buds",16,"2024-01-01","2024-12-31",2024-04-08,99,2024-04-04,4,1,0
"onset",355429,57060,39.099045,-96.565102,387,"KS",2050,"Quercus","muehlenbergii","chinquapin oak","Plantae",371,"Breaking leaf buds",17,"2025-01-01","2025-12-31",2025-04-17,107,2025-04-14,3,1,0
"onset",355429,57060,39.099045,-96.565102,387,"KS",2050,"Quercus","muehlenbergii","chinquapin oak","Plantae",501,"Open flowers",13,"2021-01-01","2021-12-31",2021-04-30,120,2021-04-26,4,1,0
"onset",355429,57060,39.099045,-96.565102,387,"KS",2050,"Quercus","muehlenbergii","chinquapin oak","Plantae",501,"Open flowers",14,"2022-01-01","2022-12-31",2022-05-02,122,2022-04-28,4,1,0
"onset",355429,57060,39.099045,-96.565102,387,"KS",2050,"Quercus","muehlenbergii","chinquapin oak","Plantae",501,"Open flowers",15,"2023-01-01","2023-12-31",2023-04-27,117,2023-04-24,3,1,0
"onset",355429,57060,39.099045,-96.565102,387,"KS",2050,"Quercus","muehlenbergii","chinquapin oak","Plantae",501,"Open flowers",16,"2024-01-01","2024-12-31",2024-04-18,109,2024-04-15,3,1,0
"onset",355429,57060,39.099045,-96.565102,387,"KS",2050,"Quercus","muehlenbergii","chinquapin oak","Plantae",501,"Open flowers",17,"2025-01-01","2025-12-31",2025-04-21,111,2025-04-17,4,1,0
"onset",355438,57060,39.099045,-96.565102,387,"KS",2050,"Quercus","muehlenbergii","chinquapin oak","Plantae",371,"Breaking leaf buds",13,"2021-01-01","2021-12-31",2021-04-05,95,2021-04-01,4,1,0
"onset",355438,57060,39.099045,-96.565102,387,"KS",2050,"Quercus","muehlenbergii","chinquapin oak","Plantae",371,"Breaking leaf buds",14,"2022-01-01","2022-12-31",2022-04-25,115,2022-04-20,5,1,0
"onset",355438,57060,39.099045,-96.565102,387,"KS",2050,"Quercus","muehlenbergii","chinquapin oak","Plantae",371,"Breaking leaf buds",15,"2023-01-01","2023-12-31",2023-04-14,104,2023-04-10,4,1,0
"onset",355438,57060,39.099045,-96.565102,387,"KS",2050,"Quercus","muehlenbergii","chinquapin oak","Plantae",371,"Breaking leaf buds",16,"2024-01-01","2024-12-31",2024-04-04,95,2024-04-01,3,1,0
"onset",355438,57060,39.099045,-96.565102,387,"KS",2050,"Quercus","muehlenbergii","chinquapin oak","Plantae",371,"Breaking leaf buds",17,"2025-01-01","2025-12-31",2025-04-10,100,2025-04-07,3,1,0
"onset",355438,57060,39.099045,-96.565102,387,"KS",2050,"Quercus","muehlenbergii","chinquapin oak","Plantae",501,"Open flowers",13,"2021-01-01","2021-12-31",2021-04-30,120,2021-04-26,4,1,0
"onset",355438,57060,39.099045,-96.565102,387,"KS",2050,"Quercus","muehlenbergii","chinquapin oak","Plantae",501,"Open flowers",14,"2022-01-01","2022-12-31",2022-05-02,122,2022-04-28,4,1,0
"onset",355438,57060,39.099045,-96.565102,387,"KS",2050,"Quercus","muehlenbergii","chinquapin oak","Plantae",501,"Open flowers",15,"2023-01-01","2023-12-31",2023-04-21,111,2023-04-17,4,1,0
"onset",355438,57060,39.099045,-96.565102,387,"KS",2050,"Quercus","muehlenbergii","chinquapin oak","Plantae",501,"Open flowers",16,"2024-01-01","2024-12-31",2024-04-18,109,2024-04-15,3,1,0
"onset",355438,57060,39.099045,-96.565102,387,"KS",2050,"Quercus","muehlenbergii","chinquapin oak","Plantae",501,"Open flowers",17,"2025-01-01","2025-12-31",2025-04-14,104,2025-04-10,4,1,0
"onset",355446,57060,39.099045,-96.565102,387,"KS",2050,"Quercus","muehlenbergii","chinquapin oak","Plantae",371,"Breaking leaf buds",13,"2021-01-01","2021-12-31",2021-04-13,103,2021-04-08,5,1,0
"onset",355446,57060,39.099045,-96.565102,387,"KS",2050,"Quercus","muehlenbergii","chinquapin oak","Plantae",371,"Breaking leaf buds",14,"2022-01-01","2022-12-31",2022-04-25,115,2022-04-20,5,1,0
"onset",355446,57060,39.099045,-96.565102,387,"KS",2050,"Quercus","muehlenbergii","chinquapin oak","Plantae",371,"Breaking leaf buds",15,"2023-01-01","2023-12-31",2023-04-14,104,2023-04-10,4,1,0
"onset",355446,57060,39.099045,-96.565102,387,"KS",2050,"Quercus","muehlenbergii","chinquapin oak","Plantae",371,"Breaking leaf buds",16,"2024-01-01","2024-12-31",2024-04-04,95,2024-04-01,3,1,0
"onset",355446,57060,39.099045,-96.565102,387,"KS",2050,"Quercus","muehlenbergii","chinquapin oak","Plantae",371,"Breaking leaf buds",17,"2025-01-01","2025-12-31",2025-04-14,104,2025-04-10,4,1,0
"onset",355446,57060,39.099045,-96.565102,387,"KS",2050,"Quercus","muehlenbergii","chinquapin oak","Plantae",501,"Open flowers",15,"2023-01-01","2023-12-31",2023-04-21,111,2023-04-17,4,1,0
"onset",355446,57060,39.099045,-96.565102,387,"KS",2050,"Quercus","muehlenbergii","chinquapin oak","Plantae",501,"Open flowers",16,"2024-01-01","2024-12-31",2024-04-18,109,2024-04-15,3,1,0
"onset",355446,57060,39.099045,-96.565102,387,"KS",2050,"Quercus","muehlenbergii","chinquapin oak","Plantae",501,"Open flowers",17,"2025-01-01","2025-12-31",2025-04-14,104,2025-04-10,4,1,0
"onset",355449,57060,39.099045,-96.565102,387,"KS",2050,"Quercus","muehlenbergii","chinquapin oak","Plantae",371,"Breaking leaf buds",13,"2021-01-01","2021-12-31",2021-04-05,95,2021-04-01,4,1,0
"onset",355449,57060,39.099045,-96.565102,387,"KS",2050,"Quercus","muehlenbergii","chinquapin oak","Plantae",371,"Breaking leaf buds",14,"2022-01-01","2022-12-31",2022-04-25,115,2022-04-20,5,1,0
"onset",355449,57060,39.099045,-96.565102,387,"KS",2050,"Quercus","muehlenbergii","chinquapin oak","Plantae",371,"Breaking leaf buds",15,"2023-01-01","2023-12-31",2023-04-14,104,2023-04-10,4,1,0
"onset",355449,57060,39.099045,-96.565102,387,"KS",2050,"Quercus","muehlenbergii","chinquapin oak","Plantae",371,"Breaking leaf buds",16,"2024-01-01","2024-12-31",2024-04-01,92,2024-03-29,3,1,0
"onset",355449,57060,39.099045,-96.565102,387,"KS",2050,"Quercus","muehlenbergii","chinquapin oak","Plantae",371,"Breaking leaf buds",17,"2025-01-01","2025-12-31",2025-04-10,100,2025-04-07,3,1,0
"onset",355449,57060,39.099045,-96.565102,387,"KS",2050,"Quercus","muehlenbergii","chinquapin oak","Plantae",501,"Open flowers",13,"2021-01-01","2021-12-31",2021-04-30,120,2021-04-26,4,1,0
"onset",355449,57060,39.099045,-96.565102,387,"KS",2050,"Quercus","muehlenbergii","chinquapin oak","Plantae",501,"Open flowers",14,"2022-01-01","2022-12-31",2022-05-02,122,2022-04-28,4,1,0
"onset",355449,57060,39.099045,-96.565102,387,"KS",2050,"Quercus","muehlenbergii","chinquapin oak","Plantae",501,"Open flowers",15,"2023-01-01","2023-12-31",2023-04-24,114,2023-04-21,3,1,0
"onset",355449,57060,39.099045,-96.565102,387,"KS",2050,"Quercus","muehlenbergii","chinquapin oak","Plantae",501,"Open flowers",16,"2024-01-01","2024-12-31",2024-05-02,123,2024-04-29,3,1,0
"onset",355449,57060,39.099045,-96.565102,387,"KS",2050,"Quercus","muehlenbergii","chinquapin oak","Plantae",501,"Open flowers",17,"2025-01-01","2025-12-31",2025-04-17,107,2025-04-14,3,1,0
"onset",355594,57064,39.036751,-95.19268,273,"KS",2050,"Quercus","muehlenbergii","chinquapin oak","Plantae",371,"Breaking leaf buds",13,"2021-01-01","2021-12-31",2021-04-06,96,2021-03-30,7,1,0
"onset",355594,57064,39.036751,-95.19268,273,"KS",2050,"Quercus","muehlenbergii","chinquapin oak","Plantae",371,"Breaking leaf buds",14,"2022-01-01","2022-12-31",2022-04-11,101,2022-04-05,6,1,0
"onset",355594,57064,39.036751,-95.19268,273,"KS",2050,"Quercus","muehlenbergii","chinquapin oak","Plantae",371,"Breaking leaf buds",15,"2023-01-01","2023-12-31",2023-04-11,101,2023-04-04,7,1,0
"onset",355594,57064,39.036751,-95.19268,273,"KS",2050,"Quercus","muehlenbergii","chinquapin oak","Plantae",371,"Breaking leaf buds",16,"2024-01-01","2024-12-31",2024-03-28,88,2024-03-19,9,1,0
"onset",355594,57064,39.036751,-95.19268,273,"KS",2050,"Quercus","muehlenbergii","chinquapin oak","Plantae",501,"Open flowers",14,"2022-01-01","2022-12-31",2022-05-05,125,2022-04-25,10,1,0
"onset",355594,57064,39.036751,-95.19268,273,"KS",2050,"Quercus","muehlenbergii","chinquapin oak","Plantae",501,"Open flowers",15,"2023-01-01","2023-12-31",2023-04-18,108,2023-04-11,7,1,0
"onset",355594,57064,39.036751,-95.19268,273,"KS",2050,"Quercus","muehlenbergii","chinquapin oak","Plantae",501,"Open flowers",16,"2024-01-01","2024-12-31",2024-04-17,108,2024-04-09,8,1,0
"onset",355594,57064,39.036751,-95.19268,273,"KS",2050,"Quercus","muehlenbergii","chinquapin oak","Plantae",501,"Open flowers",17,"2025-01-01","2025-12-31",2025-04-08,98,2025-04-01,7,1,0
"onset",355604,57064,39.036751,-95.19268,273,"KS",2050,"Quercus","muehlenbergii","chinquapin oak","Plantae",371,"Breaking leaf buds",13,"2021-01-01","2021-12-31",2021-03-24,83,2021-03-16,8,1,0
"onset",355604,57064,39.036751,-95.19268,273,"KS",2050,"Quercus","muehlenbergii","chinquapin oak","Plantae",371,"Breaking leaf buds",14,"2022-01-01","2022-12-31",2022-04-20,110,2022-04-11,9,1,0
"onset",355604,57064,39.036751,-95.19268,273,"KS",2050,"Quercus","muehlenbergii","chinquapin oak","Plantae",371,"Breaking leaf buds",15,"2023-01-01","2023-12-31",2023-04-18,108,2023-04-11,7,1,0
"onset",355604,57064,39.036751,-95.19268,273,"KS",2050,"Quercus","muehlenbergii","chinquapin oak","Plantae",371,"Breaking leaf buds",16,"2024-01-01","2024-12-31",2024-04-02,93,2024-03-28,5,1,0
"onset",355604,57064,39.036751,-95.19268,273,"KS",2050,"Quercus","muehlenbergii","chinquapin oak","Plantae",501,"Open flowers",14,"2022-01-01","2022-12-31",2022-05-05,125,2022-04-25,10,1,0
"onset",355604,57064,39.036751,-95.19268,273,"KS",2050,"Quercus","muehlenbergii","chinquapin oak","Plantae",501,"Open flowers",15,"2023-01-01","2023-12-31",2023-04-25,115,2023-04-18,7,1,0
"onset",355604,57064,39.036751,-95.19268,273,"KS",2050,"Quercus","muehlenbergii","chinquapin oak","Plantae",501,"Open flowers",16,"2024-01-01","2024-12-31",2024-04-17,108,2024-04-09,8,1,0
"onset",355604,57064,39.036751,-95.19268,273,"KS",2050,"Quercus","muehlenbergii","chinquapin oak","Plantae",501,"Open flowers",17,"2025-01-01","2025-12-31",2025-04-08,98,2025-04-01,7,1,0
"onset",355615,57064,39.036751,-95.19268,273,"KS",2050,"Quercus","muehlenbergii","chinquapin oak","Plantae",371,"Breaking leaf buds",13,"2021-01-01","2021-12-31",2021-04-06,96,2021-03-30,7,1,0
"onset",355615,57064,39.036751,-95.19268,273,"KS",2050,"Quercus","muehlenbergii","chinquapin oak","Plantae",371,"Breaking leaf buds",14,"2022-01-01","2022-12-31",2022-04-25,115,2022-04-20,5,1,0
"onset",355615,57064,39.036751,-95.19268,273,"KS",2050,"Quercus","muehlenbergii","chinquapin oak","Plantae",371,"Breaking leaf buds",15,"2023-01-01","2023-12-31",2023-04-18,108,2023-04-11,7,1,0
"onset",355615,57064,39.036751,-95.19268,273,"KS",2050,"Quercus","muehlenbergii","chinquapin oak","Plantae",371,"Breaking leaf buds",16,"2024-01-01","2024-12-31",2024-04-02,93,2024-03-28,5,1,0
"onset",355615,57064,39.036751,-95.19268,273,"KS",2050,"Quercus","muehlenbergii","chinquapin oak","Plantae",501,"Open flowers",13,"2021-01-01","2021-12-31",2021-05-04,124,2021-04-27,7,1,0
"onset",355615,57064,39.036751,-95.19268,273,"KS",2050,"Quercus","muehlenbergii","chinquapin oak","Plantae",501,"Open flowers",14,"2022-01-01","2022-12-31",2022-05-05,125,2022-04-25,10,1,0
"onset",355615,57064,39.036751,-95.19268,273,"KS",2050,"Quercus","muehlenbergii","chinquapin oak","Plantae",501,"Open flowers",15,"2023-01-01","2023-12-31",2023-04-25,115,2023-04-18,7,1,0
"onset",355615,57064,39.036751,-95.19268,273,"KS",2050,"Quercus","muehlenbergii","chinquapin oak","Plantae",501,"Open flowers",16,"2024-01-01","2024-12-31",2024-04-17,108,2024-04-09,8,1,0
"onset",355615,57064,39.036751,-95.19268,273,"KS",2050,"Quercus","muehlenbergii","chinquapin oak","Plantae",501,"Open flowers",17,"2025-01-01","2025-12-31",2025-04-15,105,2025-04-08,7,1,0
"onset",355649,57064,39.036751,-95.19268,273,"KS",2050,"Quercus","muehlenbergii","chinquapin oak","Plantae",371,"Breaking leaf buds",14,"2022-01-01","2022-12-31",2022-04-25,115,2022-04-20,5,1,0
"onset",355649,57064,39.036751,-95.19268,273,"KS",2050,"Quercus","muehlenbergii","chinquapin oak","Plantae",371,"Breaking leaf buds",15,"2023-01-01","2023-12-31",2023-04-18,108,2023-04-11,7,1,0
"onset",355649,57064,39.036751,-95.19268,273,"KS",2050,"Quercus","muehlenbergii","chinquapin oak","Plantae",371,"Breaking leaf buds",16,"2024-01-01","2024-12-31",2024-04-09,100,2024-04-02,7,1,0
"onset",355649,57064,39.036751,-95.19268,273,"KS",2050,"Quercus","muehlenbergii","chinquapin oak","Plantae",371,"Breaking leaf buds",17,"2025-01-01","2025-12-31",2025-04-15,105,2025-04-08,7,1,0
"onset",355649,57064,39.036751,-95.19268,273,"KS",2050,"Quercus","muehlenbergii","chinquapin oak","Plantae",501,"Open flowers",13,"2021-01-01","2021-12-31",2021-05-17,137,2021-05-10,7,1,0
"onset",355649,57064,39.036751,-95.19268,273,"KS",2050,"Quercus","muehlenbergii","chinquapin oak","Plantae",501,"Open flowers",15,"2023-01-01","2023-12-31",2023-04-25,115,2023-04-18,7,1,0
"onset",355649,57064,39.036751,-95.19268,273,"KS",2050,"Quercus","muehlenbergii","chinquapin oak","Plantae",501,"Open flowers",16,"2024-01-01","2024-12-31",2024-04-17,108,2024-04-09,8,1,0
"onset",355651,57064,39.036751,-95.19268,273,"KS",2050,"Quercus","muehlenbergii","chinquapin oak","Plantae",371,"Breaking leaf buds",14,"2022-01-01","2022-12-31",2022-04-25,115,2022-04-20,5,1,0
"onset",355651,57064,39.036751,-95.19268,273,"KS",2050,"Quercus","muehlenbergii","chinquapin oak","Plantae",371,"Breaking leaf buds",15,"2023-01-01","2023-12-31",2023-04-11,101,2023-04-04,7,1,0
"onset",355651,57064,39.036751,-95.19268,273,"KS",2050,"Quercus","muehlenbergii","chinquapin oak","Plantae",371,"Breaking leaf buds",16,"2024-01-01","2024-12-31",2024-04-09,100,2024-04-02,7,1,0
"onset",355651,57064,39.036751,-95.19268,273,"KS",2050,"Quercus","muehlenbergii","chinquapin oak","Plantae",371,"Breaking leaf buds",17,"2025-01-01","2025-12-31",2025-04-15,105,2025-04-08,7,1,0
"onset",355849,57066,35.685448,-83.503128,675,"TN",1212,"Quercus","montana","chestnut oak","Plantae",371,"Breaking leaf buds",13,"2021-01-01","2021-12-31",2021-04-01,91,2021-03-29,3,1,0
"onset",355849,57066,35.685448,-83.503128,675,"TN",1212,"Quercus","montana","chestnut oak","Plantae",371,"Breaking leaf buds",14,"2022-01-01","2022-12-31",2022-04-04,94,2022-03-28,7,1,0
"onset",355849,57066,35.685448,-83.503128,675,"TN",1212,"Quercus","montana","chestnut oak","Plantae",371,"Breaking leaf buds",15,"2023-01-01","2023-12-31",2023-03-20,79,2023-03-13,7,2,0
"onset",355849,57066,35.685448,-83.503128,675,"TN",1212,"Quercus","montana","chestnut oak","Plantae",371,"Breaking leaf buds",16,"2024-01-01","2024-12-31",2024-04-15,106,2024-04-08,7,1,0
"onset",355849,57066,35.685448,-83.503128,675,"TN",1212,"Quercus","montana","chestnut oak","Plantae",501,"Open flowers",13,"2021-01-01","2021-12-31",2021-04-15,105,2021-04-12,3,1,0
"onset",355849,57066,35.685448,-83.503128,675,"TN",1212,"Quercus","montana","chestnut oak","Plantae",501,"Open flowers",14,"2022-01-01","2022-12-31",2022-04-21,111,2022-04-18,3,1,0
"onset",355849,57066,35.685448,-83.503128,675,"TN",1212,"Quercus","montana","chestnut oak","Plantae",501,"Open flowers",15,"2023-01-01","2023-12-31",2023-04-17,107,2023-04-10,7,1,0
"onset",355857,57066,35.685448,-83.503128,675,"TN",1212,"Quercus","montana","chestnut oak","Plantae",371,"Breaking leaf buds",13,"2021-01-01","2021-12-31",2021-04-08,98,2021-04-05,3,1,0
"onset",355857,57066,35.685448,-83.503128,675,"TN",1212,"Quercus","montana","chestnut oak","Plantae",371,"Breaking leaf buds",14,"2022-01-01","2022-12-31",2022-04-04,94,2022-03-28,7,1,0
"onset",355857,57066,35.685448,-83.503128,675,"TN",1212,"Quercus","montana","chestnut oak","Plantae",371,"Breaking leaf buds",15,"2023-01-01","2023-12-31",2023-04-10,100,2023-04-03,7,1,0
"onset",355857,57066,35.685448,-83.503128,675,"TN",1212,"Quercus","montana","chestnut oak","Plantae",371,"Breaking leaf buds",16,"2024-01-01","2024-12-31",2024-04-08,99,2024-04-01,7,1,0
"onset",355857,57066,35.685448,-83.503128,675,"TN",1212,"Quercus","montana","chestnut oak","Plantae",371,"Breaking leaf buds",17,"2025-01-01","2025-12-31",2025-04-07,97,2025-04-01,6,1,0
"onset",355872,57066,35.685448,-83.503128,675,"TN",1212,"Quercus","montana","chestnut oak","Plantae",371,"Breaking leaf buds",13,"2021-01-01","2021-12-31",2021-03-29,88,2021-03-25,4,1,0
"onset",355872,57066,35.685448,-83.503128,675,"TN",1212,"Quercus","montana","chestnut oak","Plantae",371,"Breaking leaf buds",14,"2022-01-01","2022-12-31",2022-04-14,104,2022-04-11,3,1,0
"onset",355872,57066,35.685448,-83.503128,675,"TN",1212,"Quercus","montana","chestnut oak","Plantae",371,"Breaking leaf buds",15,"2023-01-01","2023-12-31",2023-04-10,100,2023-04-03,7,1,0
"onset",355872,57066,35.685448,-83.503128,675,"TN",1212,"Quercus","montana","chestnut oak","Plantae",371,"Breaking leaf buds",16,"2024-01-01","2024-12-31",2024-04-08,99,2024-04-01,7,1,0
"onset",355872,57066,35.685448,-83.503128,675,"TN",1212,"Quercus","montana","chestnut oak","Plantae",371,"Breaking leaf buds",17,"2025-01-01","2025-12-31",2025-04-07,97,2025-04-01,6,1,0
"onset",355872,57066,35.685448,-83.503128,675,"TN",1212,"Quercus","montana","chestnut oak","Plantae",501,"Open flowers",13,"2021-01-01","2021-12-31",2021-04-15,105,2021-04-12,3,1,0
"onset",355872,57066,35.685448,-83.503128,675,"TN",1212,"Quercus","montana","chestnut oak","Plantae",501,"Open flowers",14,"2022-01-01","2022-12-31",2022-04-25,115,2022-04-21,4,1,0
"onset",355872,57066,35.685448,-83.503128,675,"TN",1212,"Quercus","montana","chestnut oak","Plantae",501,"Open flowers",15,"2023-01-01","2023-12-31",2023-04-17,107,2023-04-10,7,1,0
"onset",355877,57066,35.685448,-83.503128,675,"TN",1212,"Quercus","montana","chestnut oak","Plantae",371,"Breaking leaf buds",13,"2021-01-01","2021-12-31",2021-03-22,81,2021-03-19,3,1,0
"onset",355877,57066,35.685448,-83.503128,675,"TN",1212,"Quercus","montana","chestnut oak","Plantae",371,"Breaking leaf buds",14,"2022-01-01","2022-12-31",2022-04-04,94,2022-03-28,7,1,0
"onset",355877,57066,35.685448,-83.503128,675,"TN",1212,"Quercus","montana","chestnut oak","Plantae",371,"Breaking leaf buds",15,"2023-01-01","2023-12-31",2023-03-20,79,2023-03-13,7,1,0
"onset",355877,57066,35.685448,-83.503128,675,"TN",1212,"Quercus","montana","chestnut oak","Plantae",371,"Breaking leaf buds",16,"2024-01-01","2024-12-31",2024-04-01,92,2024-03-25,7,1,0
"onset",355877,57066,35.685448,-83.503128,675,"TN",1212,"Quercus","montana","chestnut oak","Plantae",501,"Open flowers",13,"2021-01-01","2021-12-31",2021-03-29,88,2021-03-25,4,1,0
"onset",355877,57066,35.685448,-83.503128,675,"TN",1212,"Quercus","montana","chestnut oak","Plantae",501,"Open flowers",14,"2022-01-01","2022-12-31",2022-04-14,104,2022-04-11,3,1,0
"onset",355877,57066,35.685448,-83.503128,675,"TN",1212,"Quercus","montana","chestnut oak","Plantae",501,"Open flowers",15,"2023-01-01","2023-12-31",2023-04-17,107,2023-04-10,7,1,0
"onset",355877,57066,35.685448,-83.503128,675,"TN",1212,"Quercus","montana","chestnut oak","Plantae",501,"Open flowers",16,"2024-01-01","2024-12-31",2024-04-15,106,2024-04-08,7,1,0
"onset",355882,57066,35.685448,-83.503128,675,"TN",1212,"Quercus","montana","chestnut oak","Plantae",371,"Breaking leaf buds",13,"2021-01-01","2021-12-31",2021-03-19,78,2021-03-15,4,1,0
"onset",355882,57066,35.685448,-83.503128,675,"TN",1212,"Quercus","montana","chestnut oak","Plantae",501,"Open flowers",13,"2021-01-01","2021-12-31",2021-03-29,88,2021-03-25,4,1,0
"onset",355901,57066,35.685448,-83.503128,675,"TN",1212,"Quercus","montana","chestnut oak","Plantae",371,"Breaking leaf buds",15,"2023-01-01","2023-12-31",2023-04-03,93,2023-03-27,7,1,0
"onset",355901,57066,35.685448,-83.503128,675,"TN",1212,"Quercus","montana","chestnut oak","Plantae",371,"Breaking leaf buds",16,"2024-01-01","2024-12-31",2024-04-08,99,2024-04-01,7,1,0
"onset",355901,57066,35.685448,-83.503128,675,"TN",1212,"Quercus","montana","chestnut oak","Plantae",371,"Breaking leaf buds",17,"2025-01-01","2025-12-31",2025-04-07,97,2025-04-01,6,1,0
"onset",355901,57066,35.685448,-83.503128,675,"TN",1212,"Quercus","montana","chestnut oak","Plantae",501,"Open flowers",15,"2023-01-01","2023-12-31",2023-04-17,107,2023-04-10,7,1,0
"onset",355906,57066,35.685448,-83.503128,675,"TN",1212,"Quercus","montana","chestnut oak","Plantae",371,"Breaking leaf buds",17,"2025-01-01","2025-12-31",2025-04-07,97,2025-04-01,6,1,0
"onset",355908,57068,37.377354,-80.526581,877,"VA",100,"Quercus","alba","white oak","Plantae",371,"Breaking leaf buds",10,"2018-01-01","2018-12-31",2018-05-10,130,2018-05-07,3,1,0
"onset",355908,57068,37.377354,-80.526581,877,"VA",100,"Quercus","alba","white oak","Plantae",371,"Breaking leaf buds",11,"2019-01-01","2019-12-31",2019-05-01,121,2019-04-29,2,1,0
"onset",355908,57068,37.377354,-80.526581,877,"VA",100,"Quercus","alba","white oak","Plantae",501,"Open flowers",10,"2018-01-01","2018-12-31",2018-05-21,141,2018-05-14,7,1,0
"onset",355909,57068,37.377354,-80.526581,877,"VA",100,"Quercus","alba","white oak","Plantae",371,"Breaking leaf buds",10,"2018-01-01","2018-12-31",2018-05-21,141,2018-05-14,7,1,0
"onset",355909,57068,37.377354,-80.526581,877,"VA",100,"Quercus","alba","white oak","Plantae",371,"Breaking leaf buds",11,"2019-01-01","2019-12-31",2019-05-03,123,2019-05-01,2,1,0
"onset",355910,57068,37.377354,-80.526581,877,"VA",100,"Quercus","alba","white oak","Plantae",371,"Breaking leaf buds",10,"2018-01-01","2018-12-31",2018-05-14,134,2018-05-10,4,1,0
"onset",355910,57068,37.377354,-80.526581,877,"VA",100,"Quercus","alba","white oak","Plantae",371,"Breaking leaf buds",11,"2019-01-01","2019-12-31",2019-05-03,123,2019-05-01,2,1,0
"onset",355915,57068,37.377354,-80.526581,877,"VA",100,"Quercus","alba","white oak","Plantae",371,"Breaking leaf buds",10,"2018-01-01","2018-12-31",2018-05-14,134,2018-05-10,4,1,0
"onset",355916,57068,37.377354,-80.526581,877,"VA",100,"Quercus","alba","white oak","Plantae",371,"Breaking leaf buds",10,"2018-01-01","2018-12-31",2018-05-14,134,2018-05-10,4,1,0
"onset",355916,57068,37.377354,-80.526581,877,"VA",100,"Quercus","alba","white oak","Plantae",371,"Breaking leaf buds",11,"2019-01-01","2019-12-31",2019-05-03,123,2019-05-01,2,1,0
"onset",355918,57068,37.377354,-80.526581,877,"VA",100,"Quercus","alba","white oak","Plantae",371,"Breaking leaf buds",10,"2018-01-01","2018-12-31",2018-05-14,134,2018-05-10,4,1,0
"onset",355918,57068,37.377354,-80.526581,877,"VA",100,"Quercus","alba","white oak","Plantae",371,"Breaking leaf buds",11,"2019-01-01","2019-12-31",2019-05-03,123,2019-05-01,2,1,0
"onset",355918,57068,37.377354,-80.526581,877,"VA",100,"Quercus","alba","white oak","Plantae",371,"Breaking leaf buds",13,"2021-01-01","2021-12-31",2021-05-01,121,2021-04-29,2,1,0
"onset",355923,57068,37.377354,-80.526581,877,"VA",100,"Quercus","alba","white oak","Plantae",371,"Breaking leaf buds",10,"2018-01-01","2018-12-31",2018-05-14,134,2018-05-10,4,1,0
"onset",355923,57068,37.377354,-80.526581,877,"VA",100,"Quercus","alba","white oak","Plantae",371,"Breaking leaf buds",11,"2019-01-01","2019-12-31",2019-05-06,126,2019-05-03,3,1,0
"onset",355923,57068,37.377354,-80.526581,877,"VA",100,"Quercus","alba","white oak","Plantae",371,"Breaking leaf buds",13,"2021-01-01","2021-12-31",2021-04-29,119,2021-04-26,3,2,0
"onset",355923,57068,37.377354,-80.526581,877,"VA",100,"Quercus","alba","white oak","Plantae",501,"Open flowers",13,"2021-01-01","2021-12-31",2021-05-01,121,2021-04-29,2,2,0
"onset",355928,57068,37.377354,-80.526581,877,"VA",100,"Quercus","alba","white oak","Plantae",371,"Breaking leaf buds",10,"2018-01-01","2018-12-31",2018-05-14,134,2018-05-10,4,1,0
"onset",355928,57068,37.377354,-80.526581,877,"VA",100,"Quercus","alba","white oak","Plantae",371,"Breaking leaf buds",11,"2019-01-01","2019-12-31",2019-05-06,126,2019-05-03,3,1,0
"onset",355928,57068,37.377354,-80.526581,877,"VA",100,"Quercus","alba","white oak","Plantae",371,"Breaking leaf buds",13,"2021-01-01","2021-12-31",2021-04-29,119,2021-04-26,3,1,0
"onset",355928,57068,37.377354,-80.526581,877,"VA",100,"Quercus","alba","white oak","Plantae",501,"Open flowers",13,"2021-01-01","2021-12-31",2021-05-01,121,2021-04-29,2,2,0
"onset",355929,57068,37.377354,-80.526581,877,"VA",100,"Quercus","alba","white oak","Plantae",371,"Breaking leaf buds",10,"2018-01-01","2018-12-31",2018-05-14,134,2018-05-10,4,1,0
"onset",355929,57068,37.377354,-80.526581,877,"VA",100,"Quercus","alba","white oak","Plantae",371,"Breaking leaf buds",11,"2019-01-01","2019-12-31",2019-05-03,123,2019-05-01,2,1,0
"onset",355929,57068,37.377354,-80.526581,877,"VA",100,"Quercus","alba","white oak","Plantae",371,"Breaking leaf buds",13,"2021-01-01","2021-12-31",2021-04-29,119,2021-04-26,3,2,0
"onset",355929,57068,37.377354,-80.526581,877,"VA",100,"Quercus","alba","white oak","Plantae",501,"Open flowers",13,"2021-01-01","2021-12-31",2021-05-01,121,2021-04-29,2,2,0
"onset",355938,57068,37.377354,-80.526581,877,"VA",100,"Quercus","alba","white oak","Plantae",371,"Breaking leaf buds",10,"2018-01-01","2018-12-31",2018-05-10,130,2018-05-07,3,1,0
"onset",355938,57068,37.377354,-80.526581,877,"VA",100,"Quercus","alba","white oak","Plantae",371,"Breaking leaf buds",11,"2019-01-01","2019-12-31",2019-05-01,121,2019-04-29,2,1,0
"onset",355938,57068,37.377354,-80.526581,877,"VA",100,"Quercus","alba","white oak","Plantae",371,"Breaking leaf buds",13,"2021-01-01","2021-12-31",2021-04-29,119,2021-04-26,3,1,0
"onset",355938,57068,37.377354,-80.526581,877,"VA",100,"Quercus","alba","white oak","Plantae",501,"Open flowers",13,"2021-01-01","2021-12-31",2021-05-01,121,2021-04-29,2,1,0
"onset",355940,57068,37.377354,-80.526581,877,"VA",100,"Quercus","alba","white oak","Plantae",371,"Breaking leaf buds",10,"2018-01-01","2018-12-31",2018-05-10,130,2018-05-07,3,1,0
"onset",355940,57068,37.377354,-80.526581,877,"VA",100,"Quercus","alba","white oak","Plantae",371,"Breaking leaf buds",11,"2019-01-01","2019-12-31",2019-05-01,121,2019-04-29,2,1,0
"onset",355940,57068,37.377354,-80.526581,877,"VA",100,"Quercus","alba","white oak","Plantae",371,"Breaking leaf buds",13,"2021-01-01","2021-12-31",2021-04-29,119,2021-04-26,3,1,0
"onset",355940,57068,37.377354,-80.526581,877,"VA",100,"Quercus","alba","white oak","Plantae",501,"Open flowers",13,"2021-01-01","2021-12-31",2021-05-01,121,2021-04-29,2,2,0
"onset",355941,57068,37.377354,-80.526581,877,"VA",100,"Quercus","alba","white oak","Plantae",371,"Breaking leaf buds",10,"2018-01-01","2018-12-31",2018-05-14,134,2018-05-10,4,1,0
"onset",355941,57068,37.377354,-80.526581,877,"VA",100,"Quercus","alba","white oak","Plantae",371,"Breaking leaf buds",11,"2019-01-01","2019-12-31",2019-05-01,121,2019-04-29,2,1,0
"onset",355941,57068,37.377354,-80.526581,877,"VA",100,"Quercus","alba","white oak","Plantae",371,"Breaking leaf buds",13,"2021-01-01","2021-12-31",2021-04-29,119,2021-04-26,3,2,0
"onset",355941,57068,37.377354,-80.526581,877,"VA",100,"Quercus","alba","white oak","Plantae",501,"Open flowers",13,"2021-01-01","2021-12-31",2021-05-01,121,2021-04-29,2,2,0
"onset",355948,57068,37.377354,-80.526581,877,"VA",100,"Quercus","alba","white oak","Plantae",371,"Breaking leaf buds",10,"2018-01-01","2018-12-31",2018-05-10,130,2018-05-07,3,1,0
"onset",355948,57068,37.377354,-80.526581,877,"VA",100,"Quercus","alba","white oak","Plantae",371,"Breaking leaf buds",11,"2019-01-01","2019-12-31",2019-05-01,121,2019-04-29,2,1,0
"onset",355948,57068,37.377354,-80.526581,877,"VA",100,"Quercus","alba","white oak","Plantae",371,"Breaking leaf buds",13,"2021-01-01","2021-12-31",2021-04-29,119,2021-04-26,3,1,0
"onset",355948,57068,37.377354,-80.526581,877,"VA",100,"Quercus","alba","white oak","Plantae",371,"Breaking leaf buds",14,"2022-01-01","2022-12-31",2022-04-28,118,2022-04-25,3,1,0
"onset",355948,57068,37.377354,-80.526581,877,"VA",100,"Quercus","alba","white oak","Plantae",371,"Breaking leaf buds",15,"2023-01-01","2023-12-31",2023-04-25,115,2023-04-17,8,1,0
"onset",355948,57068,37.377354,-80.526581,877,"VA",100,"Quercus","alba","white oak","Plantae",371,"Breaking leaf buds",16,"2024-01-01","2024-12-31",2024-05-01,122,2024-04-24,7,1,0
"onset",355948,57068,37.377354,-80.526581,877,"VA",100,"Quercus","alba","white oak","Plantae",501,"Open flowers",13,"2021-01-01","2021-12-31",2021-05-01,121,2021-04-29,2,2,0
"onset",355948,57068,37.377354,-80.526581,877,"VA",100,"Quercus","alba","white oak","Plantae",501,"Open flowers",14,"2022-01-01","2022-12-31",2022-05-05,125,2022-05-02,3,2,0
"onset",355948,57068,37.377354,-80.526581,877,"VA",100,"Quercus","alba","white oak","Plantae",501,"Open flowers",16,"2024-01-01","2024-12-31",2024-05-07,128,2024-05-01,6,1,0
"onset",355953,57068,37.377354,-80.526581,877,"VA",100,"Quercus","alba","white oak","Plantae",371,"Breaking leaf buds",10,"2018-01-01","2018-12-31",2018-05-14,134,2018-05-10,4,1,0
"onset",355953,57068,37.377354,-80.526581,877,"VA",100,"Quercus","alba","white oak","Plantae",371,"Breaking leaf buds",11,"2019-01-01","2019-12-31",2019-05-01,121,2019-04-29,2,1,0
"onset",355953,57068,37.377354,-80.526581,877,"VA",100,"Quercus","alba","white oak","Plantae",371,"Breaking leaf buds",13,"2021-01-01","2021-12-31",2021-04-29,119,2021-04-26,3,1,0
"onset",355953,57068,37.377354,-80.526581,877,"VA",100,"Quercus","alba","white oak","Plantae",501,"Open flowers",13,"2021-01-01","2021-12-31",2021-05-01,121,2021-04-29,2,2,0
"onset",355954,57068,37.377354,-80.526581,877,"VA",100,"Quercus","alba","white oak","Plantae",371,"Breaking leaf buds",10,"2018-01-01","2018-12-31",2018-05-14,134,2018-05-10,4,1,0
"onset",355954,57068,37.377354,-80.526581,877,"VA",100,"Quercus","alba","white oak","Plantae",371,"Breaking leaf buds",11,"2019-01-01","2019-12-31",2019-05-01,121,2019-04-29,2,1,0
"onset",355954,57068,37.377354,-80.526581,877,"VA",100,"Quercus","alba","white oak","Plantae",371,"Breaking leaf buds",13,"2021-01-01","2021-12-31",2021-04-29,119,2021-04-26,3,1,0
"onset",355954,57068,37.377354,-80.526581,877,"VA",100,"Quercus","alba","white oak","Plantae",371,"Breaking leaf buds",14,"2022-01-01","2022-12-31",2022-05-02,122,2022-04-28,4,1,0
"onset",355954,57068,37.377354,-80.526581,877,"VA",100,"Quercus","alba","white oak","Plantae",371,"Breaking leaf buds",15,"2023-01-01","2023-12-31",2023-04-25,115,2023-04-17,8,1,0
"onset",355954,57068,37.377354,-80.526581,877,"VA",100,"Quercus","alba","white oak","Plantae",371,"Breaking leaf buds",16,"2024-01-01","2024-12-31",2024-05-13,134,2024-05-01,12,1,0
"onset",355954,57068,37.377354,-80.526581,877,"VA",100,"Quercus","alba","white oak","Plantae",501,"Open flowers",11,"2019-01-01","2019-12-31",2019-05-20,140,2019-05-15,5,1,0
"onset",355954,57068,37.377354,-80.526581,877,"VA",100,"Quercus","alba","white oak","Plantae",501,"Open flowers",13,"2021-01-01","2021-12-31",2021-05-01,121,2021-04-29,2,2,0
"onset",355954,57068,37.377354,-80.526581,877,"VA",100,"Quercus","alba","white oak","Plantae",501,"Open flowers",14,"2022-01-01","2022-12-31",2022-05-26,146,2022-05-23,3,1,0
"onset",355954,57068,37.377354,-80.526581,877,"VA",100,"Quercus","alba","white oak","Plantae",501,"Open flowers",15,"2023-01-01","2023-12-31",2023-05-15,135,2023-05-08,7,1,0
"onset",355954,57068,37.377354,-80.526581,877,"VA",100,"Quercus","alba","white oak","Plantae",501,"Open flowers",16,"2024-01-01","2024-12-31",2024-05-07,128,2024-05-01,6,1,0
"onset",355958,57068,37.377354,-80.526581,877,"VA",100,"Quercus","alba","white oak","Plantae",371,"Breaking leaf buds",10,"2018-01-01","2018-12-31",2018-05-21,141,2018-05-14,7,1,0
"onset",355958,57068,37.377354,-80.526581,877,"VA",100,"Quercus","alba","white oak","Plantae",371,"Breaking leaf buds",11,"2019-01-01","2019-12-31",2019-05-06,126,2019-05-03,3,1,0
"onset",355958,57068,37.377354,-80.526581,877,"VA",100,"Quercus","alba","white oak","Plantae",371,"Breaking leaf buds",13,"2021-01-01","2021-12-31",2021-04-29,119,2021-04-26,3,2,0
"onset",355958,57068,37.377354,-80.526581,877,"VA",100,"Quercus","alba","white oak","Plantae",501,"Open flowers",13,"2021-01-01","2021-12-31",2021-05-01,121,2021-04-29,2,2,0
"onset",355959,57068,37.377354,-80.526581,877,"VA",100,"Quercus","alba","white oak","Plantae",371,"Breaking leaf buds",10,"2018-01-01","2018-12-31",2018-05-14,134,2018-05-10,4,2,0
"onset",355959,57068,37.377354,-80.526581,877,"VA",100,"Quercus","alba","white oak","Plantae",371,"Breaking leaf buds",11,"2019-01-01","2019-12-31",2019-05-01,121,2019-04-29,2,1,0
"onset",355961,57068,37.377354,-80.526581,877,"VA",100,"Quercus","alba","white oak","Plantae",371,"Breaking leaf buds",10,"2018-01-01","2018-12-31",2018-05-14,134,2018-05-10,4,1,0
"onset",355961,57068,37.377354,-80.526581,877,"VA",100,"Quercus","alba","white oak","Plantae",371,"Breaking leaf buds",11,"2019-01-01","2019-12-31",2019-05-03,123,2019-05-01,2,1,0
"onset",355961,57068,37.377354,-80.526581,877,"VA",100,"Quercus","alba","white oak","Plantae",371,"Breaking leaf buds",13,"2021-01-01","2021-12-31",2021-04-29,119,2021-04-26,3,2,0
"onset",355961,57068,37.377354,-80.526581,877,"VA",100,"Quercus","alba","white oak","Plantae",501,"Open flowers",13,"2021-01-01","2021-12-31",2021-05-01,121,2021-04-29,2,2,0
"onset",355967,57068,37.377354,-80.526581,877,"VA",100,"Quercus","alba","white oak","Plantae",371,"Breaking leaf buds",10,"2018-01-01","2018-12-31",2018-05-14,134,2018-05-10,4,1,0
"onset",355967,57068,37.377354,-80.526581,877,"VA",100,"Quercus","alba","white oak","Plantae",371,"Breaking leaf buds",11,"2019-01-01","2019-12-31",2019-05-06,126,2019-05-03,3,1,0
"onset",355967,57068,37.377354,-80.526581,877,"VA",100,"Quercus","alba","white oak","Plantae",371,"Breaking leaf buds",13,"2021-01-01","2021-12-31",2021-04-29,119,2021-04-26,3,1,0
"onset",355967,57068,37.377354,-80.526581,877,"VA",100,"Quercus","alba","white oak","Plantae",371,"Breaking leaf buds",14,"2022-01-01","2022-12-31",2022-05-02,122,2022-04-28,4,1,0
"onset",355967,57068,37.377354,-80.526581,877,"VA",100,"Quercus","alba","white oak","Plantae",371,"Breaking leaf buds",15,"2023-01-01","2023-12-31",2023-05-08,128,2023-05-01,7,1,0
"onset",355967,57068,37.377354,-80.526581,877,"VA",100,"Quercus","alba","white oak","Plantae",371,"Breaking leaf buds",16,"2024-01-01","2024-12-31",2024-05-07,128,2024-05-01,6,1,0
"onset",355967,57068,37.377354,-80.526581,877,"VA",100,"Quercus","alba","white oak","Plantae",501,"Open flowers",13,"2021-01-01","2021-12-31",2021-05-01,121,2021-04-29,2,2,0
"onset",355967,57068,37.377354,-80.526581,877,"VA",100,"Quercus","alba","white oak","Plantae",501,"Open flowers",14,"2022-01-01","2022-12-31",2022-05-16,136,2022-05-12,4,1,0
"onset",355967,57068,37.377354,-80.526581,877,"VA",100,"Quercus","alba","white oak","Plantae",501,"Open flowers",16,"2024-01-01","2024-12-31",2024-05-13,134,2024-05-07,6,1,0
"onset",355969,57068,37.377354,-80.526581,877,"VA",100,"Quercus","alba","white oak","Plantae",371,"Breaking leaf buds",10,"2018-01-01","2018-12-31",2018-05-14,134,2018-05-10,4,1,0
"onset",355969,57068,37.377354,-80.526581,877,"VA",100,"Quercus","alba","white oak","Plantae",371,"Breaking leaf buds",11,"2019-01-01","2019-12-31",2019-05-03,123,2019-05-01,2,1,0
"onset",355969,57068,37.377354,-80.526581,877,"VA",100,"Quercus","alba","white oak","Plantae",371,"Breaking leaf buds",13,"2021-01-01","2021-12-31",2021-05-01,121,2021-04-29,2,1,0
"onset",355969,57068,37.377354,-80.526581,877,"VA",100,"Quercus","alba","white oak","Plantae",501,"Open flowers",13,"2021-01-01","2021-12-31",2021-05-01,121,2021-04-29,2,2,0
"onset",355970,57068,37.377354,-80.526581,877,"VA",100,"Quercus","alba","white oak","Plantae",371,"Breaking leaf buds",10,"2018-01-01","2018-12-31",2018-05-14,134,2018-05-10,4,1,0
"onset",355970,57068,37.377354,-80.526581,877,"VA",100,"Quercus","alba","white oak","Plantae",371,"Breaking leaf buds",11,"2019-01-01","2019-12-31",2019-05-01,121,2019-04-29,2,1,0
"onset",355970,57068,37.377354,-80.526581,877,"VA",100,"Quercus","alba","white oak","Plantae",371,"Breaking leaf buds",13,"2021-01-01","2021-12-31",2021-04-29,119,2021-04-26,3,1,0
"onset",355970,57068,37.377354,-80.526581,877,"VA",100,"Quercus","alba","white oak","Plantae",371,"Breaking leaf buds",14,"2022-01-01","2022-12-31",2022-05-02,122,2022-04-28,4,1,0
"onset",355970,57068,37.377354,-80.526581,877,"VA",100,"Quercus","alba","white oak","Plantae",371,"Breaking leaf buds",15,"2023-01-01","2023-12-31",2023-04-25,115,2023-04-17,8,1,0
"onset",355970,57068,37.377354,-80.526581,877,"VA",100,"Quercus","alba","white oak","Plantae",371,"Breaking leaf buds",16,"2024-01-01","2024-12-31",2024-05-01,122,2024-04-24,7,1,0
"onset",355970,57068,37.377354,-80.526581,877,"VA",100,"Quercus","alba","white oak","Plantae",501,"Open flowers",13,"2021-01-01","2021-12-31",2021-05-01,121,2021-04-29,2,2,0
"onset",355970,57068,37.377354,-80.526581,877,"VA",100,"Quercus","alba","white oak","Plantae",501,"Open flowers",14,"2022-01-01","2022-12-31",2022-05-16,136,2022-05-12,4,1,0
"onset",355970,57068,37.377354,-80.526581,877,"VA",100,"Quercus","alba","white oak","Plantae",501,"Open flowers",16,"2024-01-01","2024-12-31",2024-05-07,128,2024-05-01,6,1,0
"onset",355974,57068,37.377354,-80.526581,877,"VA",100,"Quercus","alba","white oak","Plantae",371,"Breaking leaf buds",10,"2018-01-01","2018-12-31",2018-05-04,124,2018-04-30,4,2,0
"onset",355974,57068,37.377354,-80.526581,877,"VA",100,"Quercus","alba","white oak","Plantae",371,"Breaking leaf buds",11,"2019-01-01","2019-12-31",2019-05-03,123,2019-05-01,2,1,0
"onset",355974,57068,37.377354,-80.526581,877,"VA",100,"Quercus","alba","white oak","Plantae",371,"Breaking leaf buds",13,"2021-01-01","2021-12-31",2021-04-29,119,2021-04-26,3,2,0
"onset",355974,57068,37.377354,-80.526581,877,"VA",100,"Quercus","alba","white oak","Plantae",501,"Open flowers",13,"2021-01-01","2021-12-31",2021-05-01,121,2021-04-29,2,2,0
"onset",355976,57068,37.377354,-80.526581,877,"VA",100,"Quercus","alba","white oak","Plantae",371,"Breaking leaf buds",10,"2018-01-01","2018-12-31",2018-05-10,130,2018-05-07,3,1,0
"onset",355976,57068,37.377354,-80.526581,877,"VA",100,"Quercus","alba","white oak","Plantae",371,"Breaking leaf buds",11,"2019-01-01","2019-12-31",2019-05-03,123,2019-05-01,2,1,0
"onset",355976,57068,37.377354,-80.526581,877,"VA",100,"Quercus","alba","white oak","Plantae",371,"Breaking leaf buds",13,"2021-01-01","2021-12-31",2021-04-29,119,2021-04-26,3,2,0
"onset",355976,57068,37.377354,-80.526581,877,"VA",100,"Quercus","alba","white oak","Plantae",501,"Open flowers",13,"2021-01-01","2021-12-31",2021-05-01,121,2021-04-29,2,2,0
"onset",355980,57068,37.377354,-80.526581,877,"VA",100,"Quercus","alba","white oak","Plantae",371,"Breaking leaf buds",10,"2018-01-01","2018-12-31",2018-05-14,134,2018-05-10,4,1,0
"onset",355980,57068,37.377354,-80.526581,877,"VA",100,"Quercus","alba","white oak","Plantae",371,"Breaking leaf buds",11,"2019-01-01","2019-12-31",2019-05-03,123,2019-05-01,2,1,0
"onset",355980,57068,37.377354,-80.526581,877,"VA",100,"Quercus","alba","white oak","Plantae",371,"Breaking leaf buds",13,"2021-01-01","2021-12-31",2021-05-03,123,2021-05-01,2,1,0
"onset",355980,57068,37.377354,-80.526581,877,"VA",100,"Quercus","alba","white oak","Plantae",501,"Open flowers",13,"2021-01-01","2021-12-31",2021-05-01,121,2021-04-29,2,2,0
"onset",355981,57068,37.377354,-80.526581,877,"VA",100,"Quercus","alba","white oak","Plantae",371,"Breaking leaf buds",10,"2018-01-01","2018-12-31",2018-05-21,141,2018-05-14,7,1,0
"onset",355981,57068,37.377354,-80.526581,877,"VA",100,"Quercus","alba","white oak","Plantae",371,"Breaking leaf buds",11,"2019-01-01","2019-12-31",2019-05-03,123,2019-05-01,2,1,0
"onset",355981,57068,37.377354,-80.526581,877,"VA",100,"Quercus","alba","white oak","Plantae",371,"Breaking leaf buds",13,"2021-01-01","2021-12-31",2021-04-29,119,2021-04-26,3,1,0
"onset",355981,57068,37.377354,-80.526581,877,"VA",100,"Quercus","alba","white oak","Plantae",501,"Open flowers",11,"2019-01-01","2019-12-31",2019-05-20,140,2019-05-15,5,1,0
"onset",355981,57068,37.377354,-80.526581,877,"VA",100,"Quercus","alba","white oak","Plantae",501,"Open flowers",13,"2021-01-01","2021-12-31",2021-05-01,121,2021-04-29,2,2,0
"onset",355983,57068,37.377354,-80.526581,877,"VA",100,"Quercus","alba","white oak","Plantae",371,"Breaking leaf buds",10,"2018-01-01","2018-12-31",2018-05-14,134,2018-05-10,4,1,0
"onset",355983,57068,37.377354,-80.526581,877,"VA",100,"Quercus","alba","white oak","Plantae",371,"Breaking leaf buds",11,"2019-01-01","2019-12-31",2019-05-01,121,2019-04-29,2,1,0
"onset",355983,57068,37.377354,-80.526581,877,"VA",100,"Quercus","alba","white oak","Plantae",371,"Breaking leaf buds",13,"2021-01-01","2021-12-31",2021-04-29,119,2021-04-26,3,1,0
"onset",355983,57068,37.377354,-80.526581,877,"VA",100,"Quercus","alba","white oak","Plantae",501,"Open flowers",13,"2021-01-01","2021-12-31",2021-05-01,121,2021-04-29,2,2,0
"onset",355984,57068,37.377354,-80.526581,877,"VA",100,"Quercus","alba","white oak","Plantae",371,"Breaking leaf buds",10,"2018-01-01","2018-12-31",2018-05-10,130,2018-05-07,3,1,0
"onset",355984,57068,37.377354,-80.526581,877,"VA",100,"Quercus","alba","white oak","Plantae",371,"Breaking leaf buds",11,"2019-01-01","2019-12-31",2019-05-01,121,2019-04-29,2,1,0
"onset",355984,57068,37.377354,-80.526581,877,"VA",100,"Quercus","alba","white oak","Plantae",371,"Breaking leaf buds",13,"2021-01-01","2021-12-31",2021-04-29,119,2021-04-26,3,1,0
"onset",355984,57068,37.377354,-80.526581,877,"VA",100,"Quercus","alba","white oak","Plantae",371,"Breaking leaf buds",14,"2022-01-01","2022-12-31",2022-04-28,118,2022-04-25,3,1,0
"onset",355984,57068,37.377354,-80.526581,877,"VA",100,"Quercus","alba","white oak","Plantae",371,"Breaking leaf buds",15,"2023-01-01","2023-12-31",2023-04-25,115,2023-04-17,8,1,0
"onset",355984,57068,37.377354,-80.526581,877,"VA",100,"Quercus","alba","white oak","Plantae",371,"Breaking leaf buds",16,"2024-01-01","2024-12-31",2024-05-01,122,2024-04-24,7,1,0
"onset",355984,57068,37.377354,-80.526581,877,"VA",100,"Quercus","alba","white oak","Plantae",501,"Open flowers",13,"2021-01-01","2021-12-31",2021-05-01,121,2021-04-29,2,2,0
"onset",355984,57068,37.377354,-80.526581,877,"VA",100,"Quercus","alba","white oak","Plantae",501,"Open flowers",14,"2022-01-01","2022-12-31",2022-05-05,125,2022-05-02,3,1,0
"onset",355984,57068,37.377354,-80.526581,877,"VA",100,"Quercus","alba","white oak","Plantae",501,"Open flowers",15,"2023-01-01","2023-12-31",2023-05-15,135,2023-05-08,7,1,0
"onset",355984,57068,37.377354,-80.526581,877,"VA",100,"Quercus","alba","white oak","Plantae",501,"Open flowers",16,"2024-01-01","2024-12-31",2024-05-07,128,2024-05-01,6,1,0
"onset",355989,57068,37.377354,-80.526581,877,"VA",100,"Quercus","alba","white oak","Plantae",371,"Breaking leaf buds",10,"2018-01-01","2018-12-31",2018-05-10,130,2018-05-07,3,1,0
"onset",355989,57068,37.377354,-80.526581,877,"VA",100,"Quercus","alba","white oak","Plantae",371,"Breaking leaf buds",11,"2019-01-01","2019-12-31",2019-05-01,121,2019-04-29,2,2,0
"onset",355989,57068,37.377354,-80.526581,877,"VA",100,"Quercus","alba","white oak","Plantae",371,"Breaking leaf buds",13,"2021-01-01","2021-12-31",2021-04-29,119,2021-04-26,3,1,0
"onset",355989,57068,37.377354,-80.526581,877,"VA",100,"Quercus","alba","white oak","Plantae",501,"Open flowers",13,"2021-01-01","2021-12-31",2021-05-01,121,2021-04-29,2,2,0
"onset",355993,57068,37.377354,-80.526581,877,"VA",100,"Quercus","alba","white oak","Plantae",371,"Breaking leaf buds",10,"2018-01-01","2018-12-31",2018-05-14,134,2018-05-10,4,1,0
"onset",355993,57068,37.377354,-80.526581,877,"VA",100,"Quercus","alba","white oak","Plantae",371,"Breaking leaf buds",11,"2019-01-01","2019-12-31",2019-05-03,123,2019-05-01,2,1,0
"onset",355993,57068,37.377354,-80.526581,877,"VA",100,"Quercus","alba","white oak","Plantae",371,"Breaking leaf buds",13,"2021-01-01","2021-12-31",2021-04-29,119,2021-04-26,3,2,0
"onset",355993,57068,37.377354,-80.526581,877,"VA",100,"Quercus","alba","white oak","Plantae",501,"Open flowers",13,"2021-01-01","2021-12-31",2021-05-01,121,2021-04-29,2,2,0
"onset",355994,57068,37.377354,-80.526581,877,"VA",100,"Quercus","alba","white oak","Plantae",371,"Breaking leaf buds",10,"2018-01-01","2018-12-31",2018-05-14,134,2018-05-10,4,1,0
"onset",355994,57068,37.377354,-80.526581,877,"VA",100,"Quercus","alba","white oak","Plantae",371,"Breaking leaf buds",11,"2019-01-01","2019-12-31",2019-05-01,121,2019-04-29,2,1,0
"onset",355994,57068,37.377354,-80.526581,877,"VA",100,"Quercus","alba","white oak","Plantae",371,"Breaking leaf buds",13,"2021-01-01","2021-12-31",2021-04-29,119,2021-04-26,3,1,0
"onset",355994,57068,37.377354,-80.526581,877,"VA",100,"Quercus","alba","white oak","Plantae",501,"Open flowers",13,"2021-01-01","2021-12-31",2021-05-01,121,2021-04-29,2,2,0
"onset",355999,57068,37.377354,-80.526581,877,"VA",100,"Quercus","alba","white oak","Plantae",371,"Breaking leaf buds",13,"2021-01-01","2021-12-31",2021-04-29,119,2021-04-26,3,1,0
"onset",355999,57068,37.377354,-80.526581,877,"VA",100,"Quercus","alba","white oak","Plantae",501,"Open flowers",13,"2021-01-01","2021-12-31",2021-05-01,121,2021-04-29,2,2,0
"onset",356094,57069,35.96397,-84.286339,273,"TN",1212,"Quercus","montana","chestnut oak","Plantae",371,"Breaking leaf buds",7,"2015-01-01","2015-12-31",2015-03-25,84,2015-03-20,5,1,0
"onset",356094,57069,35.96397,-84.286339,273,"TN",1212,"Quercus","montana","chestnut oak","Plantae",371,"Breaking leaf buds",8,"2016-01-01","2016-12-31",2016-04-08,99,2016-04-06,2,1,0
"onset",356094,57069,35.96397,-84.286339,273,"TN",1212,"Quercus","montana","chestnut oak","Plantae",371,"Breaking leaf buds",9,"2017-01-01","2017-12-31",2017-04-07,97,2017-04-04,3,1,0
"onset",356094,57069,35.96397,-84.286339,273,"TN",1212,"Quercus","montana","chestnut oak","Plantae",371,"Breaking leaf buds",10,"2018-01-01","2018-12-31",2018-04-10,100,2018-04-06,4,1,0
"onset",356094,57069,35.96397,-84.286339,273,"TN",1212,"Quercus","montana","chestnut oak","Plantae",371,"Breaking leaf buds",11,"2019-01-01","2019-12-31",2019-04-05,95,2019-04-02,3,1,0
"onset",356094,57069,35.96397,-84.286339,273,"TN",1212,"Quercus","montana","chestnut oak","Plantae",501,"Open flowers",7,"2015-01-01","2015-12-31",2015-04-13,103,2015-04-10,3,1,0
"onset",356094,57069,35.96397,-84.286339,273,"TN",1212,"Quercus","montana","chestnut oak","Plantae",501,"Open flowers",8,"2016-01-01","2016-12-31",2016-04-13,104,2016-04-11,2,1,0
"onset",356094,57069,35.96397,-84.286339,273,"TN",1212,"Quercus","montana","chestnut oak","Plantae",501,"Open flowers",9,"2017-01-01","2017-12-31",2017-04-14,104,2017-04-11,3,1,0
"onset",356094,57069,35.96397,-84.286339,273,"TN",1212,"Quercus","montana","chestnut oak","Plantae",501,"Open flowers",10,"2018-01-01","2018-12-31",2018-04-27,117,2018-04-24,3,1,0
"onset",356094,57069,35.96397,-84.286339,273,"TN",1212,"Quercus","montana","chestnut oak","Plantae",501,"Open flowers",11,"2019-01-01","2019-12-31",2019-04-16,106,2019-04-12,4,1,0
"onset",356095,57069,35.96397,-84.286339,273,"TN",1212,"Quercus","montana","chestnut oak","Plantae",371,"Breaking leaf buds",7,"2015-01-01","2015-12-31",2015-03-25,84,2015-03-20,5,1,0
"onset",356095,57069,35.96397,-84.286339,273,"TN",1212,"Quercus","montana","chestnut oak","Plantae",371,"Breaking leaf buds",8,"2016-01-01","2016-12-31",2016-03-30,90,2016-03-28,2,1,0
"onset",356095,57069,35.96397,-84.286339,273,"TN",1212,"Quercus","montana","chestnut oak","Plantae",371,"Breaking leaf buds",9,"2017-01-01","2017-12-31",2017-04-04,94,2017-03-31,4,1,0
"onset",356095,57069,35.96397,-84.286339,273,"TN",1212,"Quercus","montana","chestnut oak","Plantae",371,"Breaking leaf buds",10,"2018-01-01","2018-12-31",2018-04-03,93,2018-03-30,4,1,0
"onset",356095,57069,35.96397,-84.286339,273,"TN",1212,"Quercus","montana","chestnut oak","Plantae",371,"Breaking leaf buds",11,"2019-01-01","2019-12-31",2019-04-09,99,2019-04-05,4,1,0
"onset",356095,57069,35.96397,-84.286339,273,"TN",1212,"Quercus","montana","chestnut oak","Plantae",501,"Open flowers",7,"2015-01-01","2015-12-31",2015-04-10,100,2015-04-08,2,1,0
"onset",356095,57069,35.96397,-84.286339,273,"TN",1212,"Quercus","montana","chestnut oak","Plantae",501,"Open flowers",8,"2016-01-01","2016-12-31",2016-03-30,90,2016-03-28,2,1,0
"onset",356095,57069,35.96397,-84.286339,273,"TN",1212,"Quercus","montana","chestnut oak","Plantae",501,"Open flowers",9,"2017-01-01","2017-12-31",2017-04-14,104,2017-04-11,3,1,0
"onset",356095,57069,35.96397,-84.286339,273,"TN",1212,"Quercus","montana","chestnut oak","Plantae",501,"Open flowers",10,"2018-01-01","2018-12-31",2018-04-27,117,2018-04-24,3,1,0
"onset",356095,57069,35.96397,-84.286339,273,"TN",1212,"Quercus","montana","chestnut oak","Plantae",501,"Open flowers",11,"2019-01-01","2019-12-31",2019-04-16,106,2019-04-12,4,1,0
"onset",356100,57069,35.96397,-84.286339,273,"TN",1212,"Quercus","montana","chestnut oak","Plantae",371,"Breaking leaf buds",7,"2015-01-01","2015-12-31",2015-03-25,84,2015-03-20,5,1,0
"onset",356100,57069,35.96397,-84.286339,273,"TN",1212,"Quercus","montana","chestnut oak","Plantae",371,"Breaking leaf buds",8,"2016-01-01","2016-12-31",2016-04-08,99,2016-04-06,2,1,0
"onset",356100,57069,35.96397,-84.286339,273,"TN",1212,"Quercus","montana","chestnut oak","Plantae",371,"Breaking leaf buds",9,"2017-01-01","2017-12-31",2017-04-14,104,2017-04-11,3,1,0
"onset",356100,57069,35.96397,-84.286339,273,"TN",1212,"Quercus","montana","chestnut oak","Plantae",371,"Breaking leaf buds",10,"2018-01-01","2018-12-31",2018-04-17,107,2018-04-13,4,1,0
"onset",356100,57069,35.96397,-84.286339,273,"TN",1212,"Quercus","montana","chestnut oak","Plantae",371,"Breaking leaf buds",11,"2019-01-01","2019-12-31",2019-04-05,95,2019-04-02,3,1,0
"onset",356102,57069,35.96397,-84.286339,273,"TN",1212,"Quercus","montana","chestnut oak","Plantae",371,"Breaking leaf buds",7,"2015-01-01","2015-12-31",2015-03-25,84,2015-03-20,5,1,0
"onset",356102,57069,35.96397,-84.286339,273,"TN",1212,"Quercus","montana","chestnut oak","Plantae",371,"Breaking leaf buds",8,"2016-01-01","2016-12-31",2016-04-08,99,2016-04-06,2,1,0
"onset",356102,57069,35.96397,-84.286339,273,"TN",1212,"Quercus","montana","chestnut oak","Plantae",371,"Breaking leaf buds",9,"2017-01-01","2017-12-31",2017-04-04,94,2017-03-31,4,1,0
"onset",356102,57069,35.96397,-84.286339,273,"TN",1212,"Quercus","montana","chestnut oak","Plantae",371,"Breaking leaf buds",10,"2018-01-01","2018-12-31",2018-04-10,100,2018-04-06,4,1,0
"onset",356102,57069,35.96397,-84.286339,273,"TN",1212,"Quercus","montana","chestnut oak","Plantae",371,"Breaking leaf buds",11,"2019-01-01","2019-12-31",2019-04-05,95,2019-04-02,3,1,0
"onset",356102,57069,35.96397,-84.286339,273,"TN",1212,"Quercus","montana","chestnut oak","Plantae",501,"Open flowers",7,"2015-01-01","2015-12-31",2015-04-13,103,2015-04-10,3,1,0
"onset",356102,57069,35.96397,-84.286339,273,"TN",1212,"Quercus","montana","chestnut oak","Plantae",501,"Open flowers",8,"2016-01-01","2016-12-31",2016-04-08,99,2016-04-06,2,1,0
"onset",356102,57069,35.96397,-84.286339,273,"TN",1212,"Quercus","montana","chestnut oak","Plantae",501,"Open flowers",9,"2017-01-01","2017-12-31",2017-04-14,104,2017-04-11,3,1,0
"onset",356102,57069,35.96397,-84.286339,273,"TN",1212,"Quercus","montana","chestnut oak","Plantae",501,"Open flowers",10,"2018-01-01","2018-12-31",2018-04-27,117,2018-04-24,3,1,0
"onset",356102,57069,35.96397,-84.286339,273,"TN",1212,"Quercus","montana","chestnut oak","Plantae",501,"Open flowers",11,"2019-01-01","2019-12-31",2019-04-16,106,2019-04-12,4,1,0
"onset",356103,57069,35.96397,-84.286339,273,"TN",1212,"Quercus","montana","chestnut oak","Plantae",371,"Breaking leaf buds",7,"2015-01-01","2015-12-31",2015-03-25,84,2015-03-20,5,1,0
"onset",356103,57069,35.96397,-84.286339,273,"TN",1212,"Quercus","montana","chestnut oak","Plantae",371,"Breaking leaf buds",8,"2016-01-01","2016-12-31",2016-03-21,81,2016-03-17,4,1,0
"onset",356103,57069,35.96397,-84.286339,273,"TN",1212,"Quercus","montana","chestnut oak","Plantae",371,"Breaking leaf buds",9,"2017-01-01","2017-12-31",2017-03-31,90,2017-03-28,3,1,0
"onset",356103,57069,35.96397,-84.286339,273,"TN",1212,"Quercus","montana","chestnut oak","Plantae",371,"Breaking leaf buds",10,"2018-01-01","2018-12-31",2018-03-30,89,2018-03-27,3,1,0
"onset",356103,57069,35.96397,-84.286339,273,"TN",1212,"Quercus","montana","chestnut oak","Plantae",371,"Breaking leaf buds",11,"2019-01-01","2019-12-31",2019-04-05,95,2019-04-02,3,1,0
"onset",356103,57069,35.96397,-84.286339,273,"TN",1212,"Quercus","montana","chestnut oak","Plantae",501,"Open flowers",7,"2015-01-01","2015-12-31",2015-04-10,100,2015-04-08,2,1,0
"onset",356103,57069,35.96397,-84.286339,273,"TN",1212,"Quercus","montana","chestnut oak","Plantae",501,"Open flowers",8,"2016-01-01","2016-12-31",2016-03-25,85,2016-03-23,2,1,0
"onset",356103,57069,35.96397,-84.286339,273,"TN",1212,"Quercus","montana","chestnut oak","Plantae",501,"Open flowers",9,"2017-01-01","2017-12-31",2017-04-14,104,2017-04-11,3,1,0
"onset",356103,57069,35.96397,-84.286339,273,"TN",1212,"Quercus","montana","chestnut oak","Plantae",501,"Open flowers",11,"2019-01-01","2019-12-31",2019-04-16,106,2019-04-12,4,1,0
"onset",356107,57069,35.96397,-84.286339,273,"TN",1212,"Quercus","montana","chestnut oak","Plantae",371,"Breaking leaf buds",7,"2015-01-01","2015-12-31",2015-03-25,84,2015-03-20,5,1,0
"onset",356107,57069,35.96397,-84.286339,273,"TN",1212,"Quercus","montana","chestnut oak","Plantae",371,"Breaking leaf buds",8,"2016-01-01","2016-12-31",2016-03-21,81,2016-03-17,4,1,0
"onset",356107,57069,35.96397,-84.286339,273,"TN",1212,"Quercus","montana","chestnut oak","Plantae",371,"Breaking leaf buds",9,"2017-01-01","2017-12-31",2017-03-31,90,2017-03-28,3,1,0
"onset",356107,57069,35.96397,-84.286339,273,"TN",1212,"Quercus","montana","chestnut oak","Plantae",371,"Breaking leaf buds",10,"2018-01-01","2018-12-31",2018-04-03,93,2018-03-30,4,1,0
"onset",356107,57069,35.96397,-84.286339,273,"TN",1212,"Quercus","montana","chestnut oak","Plantae",371,"Breaking leaf buds",11,"2019-01-01","2019-12-31",2019-04-05,95,2019-04-02,3,1,0
"onset",356107,57069,35.96397,-84.286339,273,"TN",1212,"Quercus","montana","chestnut oak","Plantae",371,"Breaking leaf buds",13,"2021-01-01","2021-12-31",2021-03-26,85,2021-03-23,3,1,0
"onset",356107,57069,35.96397,-84.286339,273,"TN",1212,"Quercus","montana","chestnut oak","Plantae",371,"Breaking leaf buds",14,"2022-01-01","2022-12-31",2022-03-29,88,2022-03-25,4,1,0
"onset",356107,57069,35.96397,-84.286339,273,"TN",1212,"Quercus","montana","chestnut oak","Plantae",371,"Breaking leaf buds",15,"2023-01-01","2023-12-31",2023-03-17,76,2023-03-14,3,1,0
"onset",356107,57069,35.96397,-84.286339,273,"TN",1212,"Quercus","montana","chestnut oak","Plantae",371,"Breaking leaf buds",16,"2024-01-01","2024-12-31",2024-03-29,89,2024-03-27,2,1,0
"onset",356107,57069,35.96397,-84.286339,273,"TN",1212,"Quercus","montana","chestnut oak","Plantae",501,"Open flowers",7,"2015-01-01","2015-12-31",2015-04-10,100,2015-04-08,2,1,0
"onset",356107,57069,35.96397,-84.286339,273,"TN",1212,"Quercus","montana","chestnut oak","Plantae",501,"Open flowers",8,"2016-01-01","2016-12-31",2016-03-28,88,2016-03-25,3,1,0
"onset",356107,57069,35.96397,-84.286339,273,"TN",1212,"Quercus","montana","chestnut oak","Plantae",501,"Open flowers",9,"2017-01-01","2017-12-31",2017-04-14,104,2017-04-11,3,1,0
"onset",356107,57069,35.96397,-84.286339,273,"TN",1212,"Quercus","montana","chestnut oak","Plantae",501,"Open flowers",10,"2018-01-01","2018-12-31",2018-04-20,110,2018-04-17,3,1,0
"onset",356107,57069,35.96397,-84.286339,273,"TN",1212,"Quercus","montana","chestnut oak","Plantae",501,"Open flowers",11,"2019-01-01","2019-12-31",2019-04-12,102,2019-04-09,3,1,0
"onset",356107,57069,35.96397,-84.286339,273,"TN",1212,"Quercus","montana","chestnut oak","Plantae",501,"Open flowers",13,"2021-01-01","2021-12-31",2021-04-12,102,2021-04-09,3,1,0
"onset",356107,57069,35.96397,-84.286339,273,"TN",1212,"Quercus","montana","chestnut oak","Plantae",501,"Open flowers",14,"2022-01-01","2022-12-31",2022-04-15,105,2022-04-12,3,1,0
"onset",356107,57069,35.96397,-84.286339,273,"TN",1212,"Quercus","montana","chestnut oak","Plantae",501,"Open flowers",15,"2023-01-01","2023-12-31",2023-04-11,101,2023-04-07,4,1,0
"onset",356107,57069,35.96397,-84.286339,273,"TN",1212,"Quercus","montana","chestnut oak","Plantae",501,"Open flowers",16,"2024-01-01","2024-12-31",2024-04-16,107,2024-04-12,4,1,0
"onset",356107,57069,35.96397,-84.286339,273,"TN",1212,"Quercus","montana","chestnut oak","Plantae",501,"Open flowers",17,"2025-01-01","2025-12-31",2025-04-04,94,2025-04-01,3,1,0
"onset",356108,57069,35.96397,-84.286339,273,"TN",1212,"Quercus","montana","chestnut oak","Plantae",371,"Breaking leaf buds",7,"2015-01-01","2015-12-31",2015-03-25,84,2015-03-20,5,1,0
"onset",356108,57069,35.96397,-84.286339,273,"TN",1212,"Quercus","montana","chestnut oak","Plantae",371,"Breaking leaf buds",8,"2016-01-01","2016-12-31",2016-03-28,88,2016-03-25,3,1,0
"onset",356108,57069,35.96397,-84.286339,273,"TN",1212,"Quercus","montana","chestnut oak","Plantae",371,"Breaking leaf buds",9,"2017-01-01","2017-12-31",2017-04-04,94,2017-03-31,4,1,0
"onset",356108,57069,35.96397,-84.286339,273,"TN",1212,"Quercus","montana","chestnut oak","Plantae",371,"Breaking leaf buds",10,"2018-01-01","2018-12-31",2018-04-06,96,2018-04-03,3,1,0
"onset",356108,57069,35.96397,-84.286339,273,"TN",1212,"Quercus","montana","chestnut oak","Plantae",371,"Breaking leaf buds",11,"2019-01-01","2019-12-31",2019-04-05,95,2019-04-02,3,1,0
"onset",356108,57069,35.96397,-84.286339,273,"TN",1212,"Quercus","montana","chestnut oak","Plantae",501,"Open flowers",7,"2015-01-01","2015-12-31",2015-04-10,100,2015-04-08,2,1,0
"onset",356108,57069,35.96397,-84.286339,273,"TN",1212,"Quercus","montana","chestnut oak","Plantae",501,"Open flowers",8,"2016-01-01","2016-12-31",2016-03-30,90,2016-03-28,2,1,0
"onset",356108,57069,35.96397,-84.286339,273,"TN",1212,"Quercus","montana","chestnut oak","Plantae",501,"Open flowers",9,"2017-01-01","2017-12-31",2017-04-14,104,2017-04-11,3,1,0
"onset",356108,57069,35.96397,-84.286339,273,"TN",1212,"Quercus","montana","chestnut oak","Plantae",501,"Open flowers",10,"2018-01-01","2018-12-31",2018-04-27,117,2018-04-24,3,1,0
"onset",356108,57069,35.96397,-84.286339,273,"TN",1212,"Quercus","montana","chestnut oak","Plantae",501,"Open flowers",11,"2019-01-01","2019-12-31",2019-04-16,106,2019-04-12,4,1,0
"onset",356109,57069,35.96397,-84.286339,273,"TN",1212,"Quercus","montana","chestnut oak","Plantae",371,"Breaking leaf buds",7,"2015-01-01","2015-12-31",2015-03-25,84,2015-03-20,5,1,0
"onset",356109,57069,35.96397,-84.286339,273,"TN",1212,"Quercus","montana","chestnut oak","Plantae",371,"Breaking leaf buds",8,"2016-01-01","2016-12-31",2016-03-30,90,2016-03-28,2,1,0
"onset",356109,57069,35.96397,-84.286339,273,"TN",1212,"Quercus","montana","chestnut oak","Plantae",371,"Breaking leaf buds",9,"2017-01-01","2017-12-31",2017-04-04,94,2017-03-31,4,1,0
"onset",356109,57069,35.96397,-84.286339,273,"TN",1212,"Quercus","montana","chestnut oak","Plantae",371,"Breaking leaf buds",10,"2018-01-01","2018-12-31",2018-04-03,93,2018-03-30,4,1,0
"onset",356109,57069,35.96397,-84.286339,273,"TN",1212,"Quercus","montana","chestnut oak","Plantae",371,"Breaking leaf buds",11,"2019-01-01","2019-12-31",2019-04-05,95,2019-04-02,3,1,0
"onset",356109,57069,35.96397,-84.286339,273,"TN",1212,"Quercus","montana","chestnut oak","Plantae",501,"Open flowers",7,"2015-01-01","2015-12-31",2015-04-13,103,2015-04-10,3,1,0
"onset",356109,57069,35.96397,-84.286339,273,"TN",1212,"Quercus","montana","chestnut oak","Plantae",501,"Open flowers",8,"2016-01-01","2016-12-31",2016-04-06,97,2016-04-04,2,1,0
"onset",356109,57069,35.96397,-84.286339,273,"TN",1212,"Quercus","montana","chestnut oak","Plantae",501,"Open flowers",9,"2017-01-01","2017-12-31",2017-04-14,104,2017-04-11,3,1,0
"onset",356109,57069,35.96397,-84.286339,273,"TN",1212,"Quercus","montana","chestnut oak","Plantae",501,"Open flowers",10,"2018-01-01","2018-12-31",2018-04-27,117,2018-04-24,3,1,0
"onset",356109,57069,35.96397,-84.286339,273,"TN",1212,"Quercus","montana","chestnut oak","Plantae",501,"Open flowers",11,"2019-01-01","2019-12-31",2019-04-16,106,2019-04-12,4,1,0
"onset",356110,57069,35.96397,-84.286339,273,"TN",1212,"Quercus","montana","chestnut oak","Plantae",371,"Breaking leaf buds",7,"2015-01-01","2015-12-31",2015-03-20,79,2015-03-02,18,1,0
"onset",356110,57069,35.96397,-84.286339,273,"TN",1212,"Quercus","montana","chestnut oak","Plantae",371,"Breaking leaf buds",8,"2016-01-01","2016-12-31",2016-03-30,90,2016-03-28,2,1,0
"onset",356110,57069,35.96397,-84.286339,273,"TN",1212,"Quercus","montana","chestnut oak","Plantae",371,"Breaking leaf buds",9,"2017-01-01","2017-12-31",2017-04-07,97,2017-04-04,3,1,0
"onset",356110,57069,35.96397,-84.286339,273,"TN",1212,"Quercus","montana","chestnut oak","Plantae",371,"Breaking leaf buds",10,"2018-01-01","2018-12-31",2018-04-17,107,2018-04-13,4,1,0
"onset",356110,57069,35.96397,-84.286339,273,"TN",1212,"Quercus","montana","chestnut oak","Plantae",371,"Breaking leaf buds",11,"2019-01-01","2019-12-31",2019-04-05,95,2019-04-02,3,1,0
"onset",356110,57069,35.96397,-84.286339,273,"TN",1212,"Quercus","montana","chestnut oak","Plantae",501,"Open flowers",7,"2015-01-01","2015-12-31",2015-04-13,103,2015-04-10,3,1,0
"onset",356110,57069,35.96397,-84.286339,273,"TN",1212,"Quercus","montana","chestnut oak","Plantae",501,"Open flowers",8,"2016-01-01","2016-12-31",2016-04-04,95,2016-04-01,3,1,0
"onset",356110,57069,35.96397,-84.286339,273,"TN",1212,"Quercus","montana","chestnut oak","Plantae",501,"Open flowers",9,"2017-01-01","2017-12-31",2017-04-14,104,2017-04-11,3,1,0
"onset",356110,57069,35.96397,-84.286339,273,"TN",1212,"Quercus","montana","chestnut oak","Plantae",501,"Open flowers",11,"2019-01-01","2019-12-31",2019-04-16,106,2019-04-12,4,1,0
"onset",356111,57069,35.96397,-84.286339,273,"TN",1212,"Quercus","montana","chestnut oak","Plantae",371,"Breaking leaf buds",7,"2015-01-01","2015-12-31",2015-03-20,79,2015-03-02,18,1,0
"onset",356111,57069,35.96397,-84.286339,273,"TN",1212,"Quercus","montana","chestnut oak","Plantae",371,"Breaking leaf buds",8,"2016-01-01","2016-12-31",2016-04-06,97,2016-04-04,2,1,0
"onset",356112,57069,35.96397,-84.286339,273,"TN",1212,"Quercus","montana","chestnut oak","Plantae",371,"Breaking leaf buds",9,"2017-01-01","2017-12-31",2017-03-31,90,2017-03-28,3,1,0
"onset",356112,57069,35.96397,-84.286339,273,"TN",1212,"Quercus","montana","chestnut oak","Plantae",371,"Breaking leaf buds",10,"2018-01-01","2018-12-31",2018-03-23,82,2018-03-20,3,1,0
"onset",356112,57069,35.96397,-84.286339,273,"TN",1212,"Quercus","montana","chestnut oak","Plantae",371,"Breaking leaf buds",11,"2019-01-01","2019-12-31",2019-03-29,88,2019-03-26,3,1,0
"onset",356117,57069,35.96397,-84.286339,273,"TN",1212,"Quercus","montana","chestnut oak","Plantae",371,"Breaking leaf buds",7,"2015-01-01","2015-12-31",2015-03-25,84,2015-03-20,5,1,0
"onset",356117,57069,35.96397,-84.286339,273,"TN",1212,"Quercus","montana","chestnut oak","Plantae",371,"Breaking leaf buds",8,"2016-01-01","2016-12-31",2016-03-23,83,2016-03-21,2,1,0
"onset",356117,57069,35.96397,-84.286339,273,"TN",1212,"Quercus","montana","chestnut oak","Plantae",371,"Breaking leaf buds",9,"2017-01-01","2017-12-31",2017-04-04,94,2017-03-31,4,1,0
"onset",356117,57069,35.96397,-84.286339,273,"TN",1212,"Quercus","montana","chestnut oak","Plantae",371,"Breaking leaf buds",10,"2018-01-01","2018-12-31",2018-04-03,93,2018-03-30,4,1,0
"onset",356117,57069,35.96397,-84.286339,273,"TN",1212,"Quercus","montana","chestnut oak","Plantae",371,"Breaking leaf buds",11,"2019-01-01","2019-12-31",2019-04-05,95,2019-04-02,3,1,0
"onset",356117,57069,35.96397,-84.286339,273,"TN",1212,"Quercus","montana","chestnut oak","Plantae",371,"Breaking leaf buds",12,"2020-01-01","2020-12-31",2020-03-20,80,2020-03-17,3,1,0
"onset",356117,57069,35.96397,-84.286339,273,"TN",1212,"Quercus","montana","chestnut oak","Plantae",501,"Open flowers",7,"2015-01-01","2015-12-31",2015-04-10,100,2015-04-08,2,1,0
"onset",356117,57069,35.96397,-84.286339,273,"TN",1212,"Quercus","montana","chestnut oak","Plantae",501,"Open flowers",8,"2016-01-01","2016-12-31",2016-03-28,88,2016-03-25,3,1,0
"onset",356117,57069,35.96397,-84.286339,273,"TN",1212,"Quercus","montana","chestnut oak","Plantae",501,"Open flowers",9,"2017-01-01","2017-12-31",2017-04-14,104,2017-04-11,3,1,0
"onset",356117,57069,35.96397,-84.286339,273,"TN",1212,"Quercus","montana","chestnut oak","Plantae",501,"Open flowers",10,"2018-01-01","2018-12-31",2018-04-24,114,2018-04-20,4,1,0
"onset",356117,57069,35.96397,-84.286339,273,"TN",1212,"Quercus","montana","chestnut oak","Plantae",501,"Open flowers",11,"2019-01-01","2019-12-31",2019-04-16,106,2019-04-12,4,1,0
"onset",356118,57069,35.96397,-84.286339,273,"TN",1212,"Quercus","montana","chestnut oak","Plantae",371,"Breaking leaf buds",7,"2015-01-01","2015-12-31",2015-03-25,84,2015-03-20,5,1,0
"onset",356118,57069,35.96397,-84.286339,273,"TN",1212,"Quercus","montana","chestnut oak","Plantae",371,"Breaking leaf buds",8,"2016-01-01","2016-12-31",2016-03-30,90,2016-03-28,2,1,0
"onset",356118,57069,35.96397,-84.286339,273,"TN",1212,"Quercus","montana","chestnut oak","Plantae",371,"Breaking leaf buds",9,"2017-01-01","2017-12-31",2017-04-04,94,2017-03-31,4,1,0
"onset",356118,57069,35.96397,-84.286339,273,"TN",1212,"Quercus","montana","chestnut oak","Plantae",371,"Breaking leaf buds",10,"2018-01-01","2018-12-31",2018-04-03,93,2018-03-30,4,1,0
"onset",356118,57069,35.96397,-84.286339,273,"TN",1212,"Quercus","montana","chestnut oak","Plantae",371,"Breaking leaf buds",11,"2019-01-01","2019-12-31",2019-04-05,95,2019-04-02,3,1,0
"onset",356118,57069,35.96397,-84.286339,273,"TN",1212,"Quercus","montana","chestnut oak","Plantae",501,"Open flowers",7,"2015-01-01","2015-12-31",2015-04-10,100,2015-04-08,2,1,0
"onset",356118,57069,35.96397,-84.286339,273,"TN",1212,"Quercus","montana","chestnut oak","Plantae",501,"Open flowers",8,"2016-01-01","2016-12-31",2016-04-01,92,2016-03-30,2,1,0
"onset",356118,57069,35.96397,-84.286339,273,"TN",1212,"Quercus","montana","chestnut oak","Plantae",501,"Open flowers",9,"2017-01-01","2017-12-31",2017-04-14,104,2017-04-11,3,1,0
"onset",356118,57069,35.96397,-84.286339,273,"TN",1212,"Quercus","montana","chestnut oak","Plantae",501,"Open flowers",10,"2018-01-01","2018-12-31",2018-04-27,117,2018-04-24,3,1,0
"onset",356118,57069,35.96397,-84.286339,273,"TN",1212,"Quercus","montana","chestnut oak","Plantae",501,"Open flowers",11,"2019-01-01","2019-12-31",2019-04-16,106,2019-04-12,4,1,0
"onset",356119,57069,35.96397,-84.286339,273,"TN",1212,"Quercus","montana","chestnut oak","Plantae",371,"Breaking leaf buds",7,"2015-01-01","2015-12-31",2015-03-25,84,2015-03-20,5,1,0
"onset",356119,57069,35.96397,-84.286339,273,"TN",1212,"Quercus","montana","chestnut oak","Plantae",371,"Breaking leaf buds",8,"2016-01-01","2016-12-31",2016-04-04,95,2016-04-01,3,1,0
"onset",356119,57069,35.96397,-84.286339,273,"TN",1212,"Quercus","montana","chestnut oak","Plantae",371,"Breaking leaf buds",9,"2017-01-01","2017-12-31",2017-04-04,94,2017-03-31,4,1,0
"onset",356119,57069,35.96397,-84.286339,273,"TN",1212,"Quercus","montana","chestnut oak","Plantae",371,"Breaking leaf buds",10,"2018-01-01","2018-12-31",2018-04-03,93,2018-03-30,4,1,0
"onset",356119,57069,35.96397,-84.286339,273,"TN",1212,"Quercus","montana","chestnut oak","Plantae",371,"Breaking leaf buds",11,"2019-01-01","2019-12-31",2019-04-05,95,2019-04-02,3,1,0
"onset",356131,57069,35.96397,-84.286339,273,"TN",1212,"Quercus","montana","chestnut oak","Plantae",371,"Breaking leaf buds",7,"2015-01-01","2015-12-31",2015-03-25,84,2015-03-20,5,1,0
"onset",356131,57069,35.96397,-84.286339,273,"TN",1212,"Quercus","montana","chestnut oak","Plantae",371,"Breaking leaf buds",8,"2016-01-01","2016-12-31",2016-04-04,95,2016-04-01,3,1,0
"onset",356131,57069,35.96397,-84.286339,273,"TN",1212,"Quercus","montana","chestnut oak","Plantae",371,"Breaking leaf buds",9,"2017-01-01","2017-12-31",2017-04-07,97,2017-04-04,3,1,0
"onset",356131,57069,35.96397,-84.286339,273,"TN",1212,"Quercus","montana","chestnut oak","Plantae",371,"Breaking leaf buds",10,"2018-01-01","2018-12-31",2018-04-10,100,2018-04-06,4,1,0
"onset",356131,57069,35.96397,-84.286339,273,"TN",1212,"Quercus","montana","chestnut oak","Plantae",501,"Open flowers",7,"2015-01-01","2015-12-31",2015-04-17,107,2015-04-13,4,1,0
"onset",356131,57069,35.96397,-84.286339,273,"TN",1212,"Quercus","montana","chestnut oak","Plantae",501,"Open flowers",8,"2016-01-01","2016-12-31",2016-04-18,109,2016-04-15,3,1,0
"onset",356131,57069,35.96397,-84.286339,273,"TN",1212,"Quercus","montana","chestnut oak","Plantae",501,"Open flowers",9,"2017-01-01","2017-12-31",2017-04-14,104,2017-04-11,3,1,0
"onset",356131,57069,35.96397,-84.286339,273,"TN",1212,"Quercus","montana","chestnut oak","Plantae",501,"Open flowers",10,"2018-01-01","2018-12-31",2018-04-24,114,2018-04-20,4,1,0
"onset",356133,57069,35.96397,-84.286339,273,"TN",1212,"Quercus","montana","chestnut oak","Plantae",371,"Breaking leaf buds",7,"2015-01-01","2015-12-31",2015-03-27,86,2015-03-25,2,1,0
"onset",356133,57069,35.96397,-84.286339,273,"TN",1212,"Quercus","montana","chestnut oak","Plantae",371,"Breaking leaf buds",8,"2016-01-01","2016-12-31",2016-04-04,95,2016-04-01,3,1,0
"onset",356133,57069,35.96397,-84.286339,273,"TN",1212,"Quercus","montana","chestnut oak","Plantae",371,"Breaking leaf buds",9,"2017-01-01","2017-12-31",2017-04-04,94,2017-03-31,4,1,0
"onset",356133,57069,35.96397,-84.286339,273,"TN",1212,"Quercus","montana","chestnut oak","Plantae",371,"Breaking leaf buds",10,"2018-01-01","2018-12-31",2018-04-13,103,2018-04-10,3,1,0
"onset",356133,57069,35.96397,-84.286339,273,"TN",1212,"Quercus","montana","chestnut oak","Plantae",371,"Breaking leaf buds",11,"2019-01-01","2019-12-31",2019-04-09,99,2019-04-05,4,1,0
"onset",356133,57069,35.96397,-84.286339,273,"TN",1212,"Quercus","montana","chestnut oak","Plantae",501,"Open flowers",7,"2015-01-01","2015-12-31",2015-04-17,107,2015-04-13,4,1,0
"onset",356133,57069,35.96397,-84.286339,273,"TN",1212,"Quercus","montana","chestnut oak","Plantae",501,"Open flowers",8,"2016-01-01","2016-12-31",2016-04-06,97,2016-04-04,2,1,0
"onset",356133,57069,35.96397,-84.286339,273,"TN",1212,"Quercus","montana","chestnut oak","Plantae",501,"Open flowers",9,"2017-01-01","2017-12-31",2017-04-14,104,2017-04-11,3,1,0
"onset",356133,57069,35.96397,-84.286339,273,"TN",1212,"Quercus","montana","chestnut oak","Plantae",501,"Open flowers",11,"2019-01-01","2019-12-31",2019-04-16,106,2019-04-12,4,1,0
"onset",356141,57069,35.96397,-84.286339,273,"TN",1212,"Quercus","montana","chestnut oak","Plantae",371,"Breaking leaf buds",7,"2015-01-01","2015-12-31",2015-03-25,84,2015-03-20,5,1,0
"onset",356141,57069,35.96397,-84.286339,273,"TN",1212,"Quercus","montana","chestnut oak","Plantae",371,"Breaking leaf buds",8,"2016-01-01","2016-12-31",2016-03-21,81,2016-03-17,4,1,0
"onset",356141,57069,35.96397,-84.286339,273,"TN",1212,"Quercus","montana","chestnut oak","Plantae",371,"Breaking leaf buds",9,"2017-01-01","2017-12-31",2017-04-04,94,2017-03-31,4,1,0
"onset",356141,57069,35.96397,-84.286339,273,"TN",1212,"Quercus","montana","chestnut oak","Plantae",371,"Breaking leaf buds",10,"2018-01-01","2018-12-31",2018-04-03,93,2018-03-30,4,1,0
"onset",356141,57069,35.96397,-84.286339,273,"TN",1212,"Quercus","montana","chestnut oak","Plantae",371,"Breaking leaf buds",11,"2019-01-01","2019-12-31",2019-04-05,95,2019-04-02,3,1,0
"onset",356141,57069,35.96397,-84.286339,273,"TN",1212,"Quercus","montana","chestnut oak","Plantae",501,"Open flowers",7,"2015-01-01","2015-12-31",2015-04-10,100,2015-04-08,2,1,0
"onset",356141,57069,35.96397,-84.286339,273,"TN",1212,"Quercus","montana","chestnut oak","Plantae",501,"Open flowers",8,"2016-01-01","2016-12-31",2016-03-28,88,2016-03-25,3,1,0
"onset",356141,57069,35.96397,-84.286339,273,"TN",1212,"Quercus","montana","chestnut oak","Plantae",501,"Open flowers",9,"2017-01-01","2017-12-31",2017-04-14,104,2017-04-11,3,1,0
"onset",356141,57069,35.96397,-84.286339,273,"TN",1212,"Quercus","montana","chestnut oak","Plantae",501,"Open flowers",10,"2018-01-01","2018-12-31",2018-04-27,117,2018-04-24,3,1,0
"onset",356141,57069,35.96397,-84.286339,273,"TN",1212,"Quercus","montana","chestnut oak","Plantae",501,"Open flowers",11,"2019-01-01","2019-12-31",2019-04-09,99,2019-04-05,4,1,0
"onset",356144,57069,35.96397,-84.286339,273,"TN",1212,"Quercus","montana","chestnut oak","Plantae",371,"Breaking leaf buds",7,"2015-01-01","2015-12-31",2015-03-25,84,2015-03-20,5,1,0
"onset",356144,57069,35.96397,-84.286339,273,"TN",1212,"Quercus","montana","chestnut oak","Plantae",371,"Breaking leaf buds",8,"2016-01-01","2016-12-31",2016-03-23,83,2016-03-21,2,1,0
"onset",356144,57069,35.96397,-84.286339,273,"TN",1212,"Quercus","montana","chestnut oak","Plantae",371,"Breaking leaf buds",9,"2017-01-01","2017-12-31",2017-04-04,94,2017-03-31,4,1,0
"onset",356144,57069,35.96397,-84.286339,273,"TN",1212,"Quercus","montana","chestnut oak","Plantae",371,"Breaking leaf buds",10,"2018-01-01","2018-12-31",2018-04-03,93,2018-03-30,4,1,0
"onset",356144,57069,35.96397,-84.286339,273,"TN",1212,"Quercus","montana","chestnut oak","Plantae",371,"Breaking leaf buds",11,"2019-01-01","2019-12-31",2019-04-05,95,2019-04-02,3,1,0
"onset",356144,57069,35.96397,-84.286339,273,"TN",1212,"Quercus","montana","chestnut oak","Plantae",501,"Open flowers",7,"2015-01-01","2015-12-31",2015-04-10,100,2015-04-08,2,1,0
"onset",356144,57069,35.96397,-84.286339,273,"TN",1212,"Quercus","montana","chestnut oak","Plantae",501,"Open flowers",8,"2016-01-01","2016-12-31",2016-03-25,85,2016-03-23,2,1,0
"onset",356144,57069,35.96397,-84.286339,273,"TN",1212,"Quercus","montana","chestnut oak","Plantae",501,"Open flowers",9,"2017-01-01","2017-12-31",2017-04-14,104,2017-04-11,3,1,0
"onset",356144,57069,35.96397,-84.286339,273,"TN",1212,"Quercus","montana","chestnut oak","Plantae",501,"Open flowers",11,"2019-01-01","2019-12-31",2019-04-16,106,2019-04-12,4,1,0
"onset",356146,57069,35.96397,-84.286339,273,"TN",1212,"Quercus","montana","chestnut oak","Plantae",371,"Breaking leaf buds",7,"2015-01-01","2015-12-31",2015-03-25,84,2015-03-20,5,1,0
"onset",356146,57069,35.96397,-84.286339,273,"TN",1212,"Quercus","montana","chestnut oak","Plantae",371,"Breaking leaf buds",8,"2016-01-01","2016-12-31",2016-04-04,95,2016-04-01,3,1,0
"onset",356146,57069,35.96397,-84.286339,273,"TN",1212,"Quercus","montana","chestnut oak","Plantae",371,"Breaking leaf buds",9,"2017-01-01","2017-12-31",2017-04-04,94,2017-03-31,4,1,0
"onset",356146,57069,35.96397,-84.286339,273,"TN",1212,"Quercus","montana","chestnut oak","Plantae",371,"Breaking leaf buds",10,"2018-01-01","2018-12-31",2018-04-06,96,2018-04-03,3,1,0
"onset",356146,57069,35.96397,-84.286339,273,"TN",1212,"Quercus","montana","chestnut oak","Plantae",371,"Breaking leaf buds",11,"2019-01-01","2019-12-31",2019-04-05,95,2019-04-02,3,1,0
"onset",356146,57069,35.96397,-84.286339,273,"TN",1212,"Quercus","montana","chestnut oak","Plantae",501,"Open flowers",7,"2015-01-01","2015-12-31",2015-04-13,103,2015-04-10,3,1,0
"onset",356146,57069,35.96397,-84.286339,273,"TN",1212,"Quercus","montana","chestnut oak","Plantae",501,"Open flowers",8,"2016-01-01","2016-12-31",2016-04-06,97,2016-04-04,2,1,0
"onset",356146,57069,35.96397,-84.286339,273,"TN",1212,"Quercus","montana","chestnut oak","Plantae",501,"Open flowers",9,"2017-01-01","2017-12-31",2017-04-14,104,2017-04-11,3,1,0
"onset",356146,57069,35.96397,-84.286339,273,"TN",1212,"Quercus","montana","chestnut oak","Plantae",501,"Open flowers",10,"2018-01-01","2018-12-31",2018-04-27,117,2018-04-24,3,1,0
"onset",356146,57069,35.96397,-84.286339,273,"TN",1212,"Quercus","montana","chestnut oak","Plantae",501,"Open flowers",11,"2019-01-01","2019-12-31",2019-04-16,106,2019-04-12,4,1,0
"onset",356157,57069,35.96397,-84.286339,273,"TN",1212,"Quercus","montana","chestnut oak","Plantae",371,"Breaking leaf buds",7,"2015-01-01","2015-12-31",2015-03-25,84,2015-03-20,5,1,0
"onset",356157,57069,35.96397,-84.286339,273,"TN",1212,"Quercus","montana","chestnut oak","Plantae",371,"Breaking leaf buds",8,"2016-01-01","2016-12-31",2016-04-08,99,2016-04-06,2,1,0
"onset",356157,57069,35.96397,-84.286339,273,"TN",1212,"Quercus","montana","chestnut oak","Plantae",371,"Breaking leaf buds",9,"2017-01-01","2017-12-31",2017-04-14,104,2017-04-11,3,1,0
"onset",356157,57069,35.96397,-84.286339,273,"TN",1212,"Quercus","montana","chestnut oak","Plantae",371,"Breaking leaf buds",10,"2018-01-01","2018-12-31",2018-04-06,96,2018-04-03,3,1,0
"onset",356157,57069,35.96397,-84.286339,273,"TN",1212,"Quercus","montana","chestnut oak","Plantae",371,"Breaking leaf buds",11,"2019-01-01","2019-12-31",2019-04-09,99,2019-04-05,4,1,0
"onset",356160,57069,35.96397,-84.286339,273,"TN",1212,"Quercus","montana","chestnut oak","Plantae",371,"Breaking leaf buds",7,"2015-01-01","2015-12-31",2015-03-25,84,2015-03-20,5,1,0
"onset",356160,57069,35.96397,-84.286339,273,"TN",1212,"Quercus","montana","chestnut oak","Plantae",371,"Breaking leaf buds",8,"2016-01-01","2016-12-31",2016-03-23,83,2016-03-21,2,1,0
"onset",356160,57069,35.96397,-84.286339,273,"TN",1212,"Quercus","montana","chestnut oak","Plantae",371,"Breaking leaf buds",9,"2017-01-01","2017-12-31",2017-03-31,90,2017-03-28,3,1,0
"onset",356160,57069,35.96397,-84.286339,273,"TN",1212,"Quercus","montana","chestnut oak","Plantae",371,"Breaking leaf buds",10,"2018-01-01","2018-12-31",2018-04-03,93,2018-03-30,4,1,0
"onset",356160,57069,35.96397,-84.286339,273,"TN",1212,"Quercus","montana","chestnut oak","Plantae",371,"Breaking leaf buds",11,"2019-01-01","2019-12-31",2019-04-05,95,2019-04-02,3,1,0
"onset",356160,57069,35.96397,-84.286339,273,"TN",1212,"Quercus","montana","chestnut oak","Plantae",501,"Open flowers",7,"2015-01-01","2015-12-31",2015-04-10,100,2015-04-08,2,1,0
"onset",356160,57069,35.96397,-84.286339,273,"TN",1212,"Quercus","montana","chestnut oak","Plantae",501,"Open flowers",8,"2016-01-01","2016-12-31",2016-03-25,85,2016-03-23,2,1,0
"onset",356160,57069,35.96397,-84.286339,273,"TN",1212,"Quercus","montana","chestnut oak","Plantae",501,"Open flowers",9,"2017-01-01","2017-12-31",2017-04-14,104,2017-04-11,3,1,0
"onset",356160,57069,35.96397,-84.286339,273,"TN",1212,"Quercus","montana","chestnut oak","Plantae",501,"Open flowers",11,"2019-01-01","2019-12-31",2019-04-09,99,2019-04-05,4,1,0
"onset",356162,57069,35.96397,-84.286339,273,"TN",1212,"Quercus","montana","chestnut oak","Plantae",371,"Breaking leaf buds",7,"2015-01-01","2015-12-31",2015-03-25,84,2015-03-20,5,1,0
"onset",356162,57069,35.96397,-84.286339,273,"TN",1212,"Quercus","montana","chestnut oak","Plantae",371,"Breaking leaf buds",8,"2016-01-01","2016-12-31",2016-03-28,88,2016-03-25,3,1,0
"onset",356162,57069,35.96397,-84.286339,273,"TN",1212,"Quercus","montana","chestnut oak","Plantae",371,"Breaking leaf buds",9,"2017-01-01","2017-12-31",2017-03-31,90,2017-03-28,3,1,0
"onset",356162,57069,35.96397,-84.286339,273,"TN",1212,"Quercus","montana","chestnut oak","Plantae",371,"Breaking leaf buds",10,"2018-01-01","2018-12-31",2018-04-06,96,2018-04-03,3,1,0
"onset",356162,57069,35.96397,-84.286339,273,"TN",1212,"Quercus","montana","chestnut oak","Plantae",371,"Breaking leaf buds",11,"2019-01-01","2019-12-31",2019-04-05,95,2019-04-02,3,1,0
"onset",356162,57069,35.96397,-84.286339,273,"TN",1212,"Quercus","montana","chestnut oak","Plantae",371,"Breaking leaf buds",13,"2021-01-01","2021-12-31",2021-04-02,92,2021-03-30,3,1,0
"onset",356162,57069,35.96397,-84.286339,273,"TN",1212,"Quercus","montana","chestnut oak","Plantae",371,"Breaking leaf buds",14,"2022-01-01","2022-12-31",2022-03-22,81,2022-03-18,4,2,0
"onset",356162,57069,35.96397,-84.286339,273,"TN",1212,"Quercus","montana","chestnut oak","Plantae",371,"Breaking leaf buds",15,"2023-01-01","2023-12-31",2023-03-31,90,2023-03-24,7,1,0
"onset",356162,57069,35.96397,-84.286339,273,"TN",1212,"Quercus","montana","chestnut oak","Plantae",371,"Breaking leaf buds",16,"2024-01-01","2024-12-31",2024-03-22,82,2024-03-19,3,1,0
"onset",356162,57069,35.96397,-84.286339,273,"TN",1212,"Quercus","montana","chestnut oak","Plantae",501,"Open flowers",7,"2015-01-01","2015-12-31",2015-04-10,100,2015-04-08,2,1,0
"onset",356162,57069,35.96397,-84.286339,273,"TN",1212,"Quercus","montana","chestnut oak","Plantae",501,"Open flowers",8,"2016-01-01","2016-12-31",2016-03-28,88,2016-03-25,3,1,0
"onset",356162,57069,35.96397,-84.286339,273,"TN",1212,"Quercus","montana","chestnut oak","Plantae",501,"Open flowers",9,"2017-01-01","2017-12-31",2017-04-14,104,2017-04-11,3,1,0
"onset",356162,57069,35.96397,-84.286339,273,"TN",1212,"Quercus","montana","chestnut oak","Plantae",501,"Open flowers",10,"2018-01-01","2018-12-31",2018-04-27,117,2018-04-24,3,1,0
"onset",356162,57069,35.96397,-84.286339,273,"TN",1212,"Quercus","montana","chestnut oak","Plantae",501,"Open flowers",11,"2019-01-01","2019-12-31",2019-04-16,106,2019-04-12,4,1,0
"onset",356162,57069,35.96397,-84.286339,273,"TN",1212,"Quercus","montana","chestnut oak","Plantae",501,"Open flowers",13,"2021-01-01","2021-12-31",2021-04-09,99,2021-04-06,3,1,0
"onset",356162,57069,35.96397,-84.286339,273,"TN",1212,"Quercus","montana","chestnut oak","Plantae",501,"Open flowers",14,"2022-01-01","2022-12-31",2022-04-15,105,2022-04-12,3,1,0
"onset",356162,57069,35.96397,-84.286339,273,"TN",1212,"Quercus","montana","chestnut oak","Plantae",501,"Open flowers",15,"2023-01-01","2023-12-31",2023-03-31,90,2023-03-24,7,1,0
"onset",356162,57069,35.96397,-84.286339,273,"TN",1212,"Quercus","montana","chestnut oak","Plantae",501,"Open flowers",17,"2025-01-01","2025-12-31",2025-04-04,94,2025-04-01,3,1,0
"onset",356163,57069,35.96397,-84.286339,273,"TN",1212,"Quercus","montana","chestnut oak","Plantae",371,"Breaking leaf buds",7,"2015-01-01","2015-12-31",2015-03-25,84,2015-03-20,5,1,0
"onset",356163,57069,35.96397,-84.286339,273,"TN",1212,"Quercus","montana","chestnut oak","Plantae",371,"Breaking leaf buds",8,"2016-01-01","2016-12-31",2016-03-28,88,2016-03-25,3,1,0
"onset",356163,57069,35.96397,-84.286339,273,"TN",1212,"Quercus","montana","chestnut oak","Plantae",371,"Breaking leaf buds",9,"2017-01-01","2017-12-31",2017-04-04,94,2017-03-31,4,1,0
"onset",356163,57069,35.96397,-84.286339,273,"TN",1212,"Quercus","montana","chestnut oak","Plantae",371,"Breaking leaf buds",10,"2018-01-01","2018-12-31",2018-04-03,93,2018-03-30,4,1,0
"onset",356163,57069,35.96397,-84.286339,273,"TN",1212,"Quercus","montana","chestnut oak","Plantae",371,"Breaking leaf buds",11,"2019-01-01","2019-12-31",2019-04-05,95,2019-04-02,3,1,0
"onset",356163,57069,35.96397,-84.286339,273,"TN",1212,"Quercus","montana","chestnut oak","Plantae",371,"Breaking leaf buds",13,"2021-01-01","2021-12-31",2021-03-30,89,2021-03-26,4,1,0
"onset",356163,57069,35.96397,-84.286339,273,"TN",1212,"Quercus","montana","chestnut oak","Plantae",371,"Breaking leaf buds",14,"2022-01-01","2022-12-31",2022-03-22,81,2022-03-18,4,1,0
"onset",356163,57069,35.96397,-84.286339,273,"TN",1212,"Quercus","montana","chestnut oak","Plantae",371,"Breaking leaf buds",15,"2023-01-01","2023-12-31",2023-03-31,90,2023-03-24,7,1,0
"onset",356163,57069,35.96397,-84.286339,273,"TN",1212,"Quercus","montana","chestnut oak","Plantae",371,"Breaking leaf buds",16,"2024-01-01","2024-12-31",2024-03-29,89,2024-03-27,2,1,0
"onset",356163,57069,35.96397,-84.286339,273,"TN",1212,"Quercus","montana","chestnut oak","Plantae",501,"Open flowers",7,"2015-01-01","2015-12-31",2015-04-10,100,2015-04-08,2,1,0
"onset",356163,57069,35.96397,-84.286339,273,"TN",1212,"Quercus","montana","chestnut oak","Plantae",501,"Open flowers",8,"2016-01-01","2016-12-31",2016-03-28,88,2016-03-25,3,1,0
"onset",356163,57069,35.96397,-84.286339,273,"TN",1212,"Quercus","montana","chestnut oak","Plantae",501,"Open flowers",9,"2017-01-01","2017-12-31",2017-04-14,104,2017-04-11,3,1,0
"onset",356163,57069,35.96397,-84.286339,273,"TN",1212,"Quercus","montana","chestnut oak","Plantae",501,"Open flowers",10,"2018-01-01","2018-12-31",2018-04-27,117,2018-04-24,3,1,0
"onset",356163,57069,35.96397,-84.286339,273,"TN",1212,"Quercus","montana","chestnut oak","Plantae",501,"Open flowers",11,"2019-01-01","2019-12-31",2019-04-09,99,2019-04-05,4,1,0
"onset",356163,57069,35.96397,-84.286339,273,"TN",1212,"Quercus","montana","chestnut oak","Plantae",501,"Open flowers",13,"2021-01-01","2021-12-31",2021-04-09,99,2021-04-06,3,1,0
"onset",356163,57069,35.96397,-84.286339,273,"TN",1212,"Quercus","montana","chestnut oak","Plantae",501,"Open flowers",14,"2022-01-01","2022-12-31",2022-04-05,95,2022-04-01,4,2,0
"onset",356163,57069,35.96397,-84.286339,273,"TN",1212,"Quercus","montana","chestnut oak","Plantae",501,"Open flowers",15,"2023-01-01","2023-12-31",2023-04-11,101,2023-04-07,4,1,0
"onset",356163,57069,35.96397,-84.286339,273,"TN",1212,"Quercus","montana","chestnut oak","Plantae",501,"Open flowers",16,"2024-01-01","2024-12-31",2024-04-19,110,2024-04-16,3,1,0
"onset",356168,57069,35.96397,-84.286339,273,"TN",1212,"Quercus","montana","chestnut oak","Plantae",371,"Breaking leaf buds",7,"2015-01-01","2015-12-31",2015-03-25,84,2015-03-20,5,1,0
"onset",356168,57069,35.96397,-84.286339,273,"TN",1212,"Quercus","montana","chestnut oak","Plantae",371,"Breaking leaf buds",8,"2016-01-01","2016-12-31",2016-03-23,83,2016-03-21,2,1,0
"onset",356168,57069,35.96397,-84.286339,273,"TN",1212,"Quercus","montana","chestnut oak","Plantae",371,"Breaking leaf buds",9,"2017-01-01","2017-12-31",2017-04-04,94,2017-03-31,4,1,0
"onset",356168,57069,35.96397,-84.286339,273,"TN",1212,"Quercus","montana","chestnut oak","Plantae",371,"Breaking leaf buds",10,"2018-01-01","2018-12-31",2018-04-03,93,2018-03-30,4,1,0
"onset",356168,57069,35.96397,-84.286339,273,"TN",1212,"Quercus","montana","chestnut oak","Plantae",371,"Breaking leaf buds",11,"2019-01-01","2019-12-31",2019-04-05,95,2019-04-02,3,1,0
"onset",356168,57069,35.96397,-84.286339,273,"TN",1212,"Quercus","montana","chestnut oak","Plantae",371,"Breaking leaf buds",13,"2021-01-01","2021-12-31",2021-03-23,82,2021-03-19,4,1,0
"onset",356168,57069,35.96397,-84.286339,273,"TN",1212,"Quercus","montana","chestnut oak","Plantae",371,"Breaking leaf buds",14,"2022-01-01","2022-12-31",2022-03-22,81,2022-03-18,4,1,0
"onset",356168,57069,35.96397,-84.286339,273,"TN",1212,"Quercus","montana","chestnut oak","Plantae",371,"Breaking leaf buds",15,"2023-01-01","2023-12-31",2023-03-31,90,2023-03-24,7,1,0
"onset",356168,57069,35.96397,-84.286339,273,"TN",1212,"Quercus","montana","chestnut oak","Plantae",371,"Breaking leaf buds",16,"2024-01-01","2024-12-31",2024-03-27,87,2024-03-22,5,1,0
"onset",356168,57069,35.96397,-84.286339,273,"TN",1212,"Quercus","montana","chestnut oak","Plantae",501,"Open flowers",7,"2015-01-01","2015-12-31",2015-04-10,100,2015-04-08,2,1,0
"onset",356168,57069,35.96397,-84.286339,273,"TN",1212,"Quercus","montana","chestnut oak","Plantae",501,"Open flowers",8,"2016-01-01","2016-12-31",2016-03-25,85,2016-03-23,2,1,0
"onset",356168,57069,35.96397,-84.286339,273,"TN",1212,"Quercus","montana","chestnut oak","Plantae",501,"Open flowers",9,"2017-01-01","2017-12-31",2017-04-14,104,2017-04-11,3,1,0
"onset",356168,57069,35.96397,-84.286339,273,"TN",1212,"Quercus","montana","chestnut oak","Plantae",501,"Open flowers",11,"2019-01-01","2019-12-31",2019-04-16,106,2019-04-12,4,1,0
"onset",356168,57069,35.96397,-84.286339,273,"TN",1212,"Quercus","montana","chestnut oak","Plantae",501,"Open flowers",14,"2022-01-01","2022-12-31",2022-04-01,91,2022-03-29,3,1,0
"onset",356168,57069,35.96397,-84.286339,273,"TN",1212,"Quercus","montana","chestnut oak","Plantae",501,"Open flowers",15,"2023-01-01","2023-12-31",2023-03-31,90,2023-03-24,7,1,0
"onset",356171,57069,35.96397,-84.286339,273,"TN",1212,"Quercus","montana","chestnut oak","Plantae",371,"Breaking leaf buds",7,"2015-01-01","2015-12-31",2015-03-25,84,2015-03-20,5,1,0
"onset",356171,57069,35.96397,-84.286339,273,"TN",1212,"Quercus","montana","chestnut oak","Plantae",371,"Breaking leaf buds",8,"2016-01-01","2016-12-31",2016-03-17,77,2016-03-14,3,1,0
"onset",356171,57069,35.96397,-84.286339,273,"TN",1212,"Quercus","montana","chestnut oak","Plantae",371,"Breaking leaf buds",9,"2017-01-01","2017-12-31",2017-03-31,90,2017-03-28,3,1,0
"onset",356171,57069,35.96397,-84.286339,273,"TN",1212,"Quercus","montana","chestnut oak","Plantae",371,"Breaking leaf buds",10,"2018-01-01","2018-12-31",2018-03-30,89,2018-03-27,3,1,0
"onset",356171,57069,35.96397,-84.286339,273,"TN",1212,"Quercus","montana","chestnut oak","Plantae",371,"Breaking leaf buds",11,"2019-01-01","2019-12-31",2019-04-05,95,2019-04-02,3,1,0
"onset",356171,57069,35.96397,-84.286339,273,"TN",1212,"Quercus","montana","chestnut oak","Plantae",371,"Breaking leaf buds",13,"2021-01-01","2021-12-31",2021-03-23,82,2021-03-19,4,1,0
"onset",356171,57069,35.96397,-84.286339,273,"TN",1212,"Quercus","montana","chestnut oak","Plantae",371,"Breaking leaf buds",14,"2022-01-01","2022-12-31",2022-03-22,81,2022-03-18,4,1,0
"onset",356171,57069,35.96397,-84.286339,273,"TN",1212,"Quercus","montana","chestnut oak","Plantae",371,"Breaking leaf buds",15,"2023-01-01","2023-12-31",2023-03-07,66,2023-03-02,5,1,0
"onset",356171,57069,35.96397,-84.286339,273,"TN",1212,"Quercus","montana","chestnut oak","Plantae",371,"Breaking leaf buds",16,"2024-01-01","2024-12-31",2024-03-19,79,2024-03-12,7,1,0
"onset",356171,57069,35.96397,-84.286339,273,"TN",1212,"Quercus","montana","chestnut oak","Plantae",501,"Open flowers",7,"2015-01-01","2015-12-31",2015-04-10,100,2015-04-08,2,1,0
"onset",356171,57069,35.96397,-84.286339,273,"TN",1212,"Quercus","montana","chestnut oak","Plantae",501,"Open flowers",8,"2016-01-01","2016-12-31",2016-03-23,83,2016-03-21,2,1,0
"onset",356171,57069,35.96397,-84.286339,273,"TN",1212,"Quercus","montana","chestnut oak","Plantae",501,"Open flowers",9,"2017-01-01","2017-12-31",2017-04-14,104,2017-04-11,3,1,0
"onset",356171,57069,35.96397,-84.286339,273,"TN",1212,"Quercus","montana","chestnut oak","Plantae",501,"Open flowers",10,"2018-01-01","2018-12-31",2018-04-27,117,2018-04-24,3,1,0
"onset",356171,57069,35.96397,-84.286339,273,"TN",1212,"Quercus","montana","chestnut oak","Plantae",501,"Open flowers",11,"2019-01-01","2019-12-31",2019-04-09,99,2019-04-05,4,1,0
"onset",356171,57069,35.96397,-84.286339,273,"TN",1212,"Quercus","montana","chestnut oak","Plantae",501,"Open flowers",13,"2021-01-01","2021-12-31",2021-04-02,92,2021-03-30,3,1,0
"onset",356171,57069,35.96397,-84.286339,273,"TN",1212,"Quercus","montana","chestnut oak","Plantae",501,"Open flowers",14,"2022-01-01","2022-12-31",2022-04-01,91,2022-03-29,3,1,0
"onset",356171,57069,35.96397,-84.286339,273,"TN",1212,"Quercus","montana","chestnut oak","Plantae",501,"Open flowers",15,"2023-01-01","2023-12-31",2023-03-14,73,2023-03-10,4,2,0
"onset",356171,57069,35.96397,-84.286339,273,"TN",1212,"Quercus","montana","chestnut oak","Plantae",501,"Open flowers",16,"2024-01-01","2024-12-31",2024-04-08,99,2024-04-05,3,1,0
"onset",356173,57069,35.96397,-84.286339,273,"TN",1212,"Quercus","montana","chestnut oak","Plantae",371,"Breaking leaf buds",7,"2015-01-01","2015-12-31",2015-03-27,86,2015-03-25,2,1,0
"onset",356173,57069,35.96397,-84.286339,273,"TN",1212,"Quercus","montana","chestnut oak","Plantae",371,"Breaking leaf buds",8,"2016-01-01","2016-12-31",2016-03-28,88,2016-03-25,3,1,0
"onset",356173,57069,35.96397,-84.286339,273,"TN",1212,"Quercus","montana","chestnut oak","Plantae",371,"Breaking leaf buds",9,"2017-01-01","2017-12-31",2017-04-04,94,2017-03-31,4,1,0
"onset",356173,57069,35.96397,-84.286339,273,"TN",1212,"Quercus","montana","chestnut oak","Plantae",371,"Breaking leaf buds",10,"2018-01-01","2018-12-31",2018-04-17,107,2018-04-13,4,1,0
"onset",356173,57069,35.96397,-84.286339,273,"TN",1212,"Quercus","montana","chestnut oak","Plantae",371,"Breaking leaf buds",11,"2019-01-01","2019-12-31",2019-04-09,99,2019-04-05,4,1,0
"onset",356173,57069,35.96397,-84.286339,273,"TN",1212,"Quercus","montana","chestnut oak","Plantae",501,"Open flowers",7,"2015-01-01","2015-12-31",2015-04-13,103,2015-04-10,3,1,0
"onset",356173,57069,35.96397,-84.286339,273,"TN",1212,"Quercus","montana","chestnut oak","Plantae",501,"Open flowers",8,"2016-01-01","2016-12-31",2016-04-06,97,2016-04-04,2,1,0
"onset",356173,57069,35.96397,-84.286339,273,"TN",1212,"Quercus","montana","chestnut oak","Plantae",501,"Open flowers",9,"2017-01-01","2017-12-31",2017-04-14,104,2017-04-11,3,1,0
"onset",356173,57069,35.96397,-84.286339,273,"TN",1212,"Quercus","montana","chestnut oak","Plantae",501,"Open flowers",11,"2019-01-01","2019-12-31",2019-04-16,106,2019-04-12,4,1,0
"onset",356174,57069,35.96397,-84.286339,273,"TN",1212,"Quercus","montana","chestnut oak","Plantae",371,"Breaking leaf buds",7,"2015-01-01","2015-12-31",2015-03-25,84,2015-03-20,5,1,0
"onset",356174,57069,35.96397,-84.286339,273,"TN",1212,"Quercus","montana","chestnut oak","Plantae",371,"Breaking leaf buds",8,"2016-01-01","2016-12-31",2016-03-23,83,2016-03-21,2,1,0
"onset",356174,57069,35.96397,-84.286339,273,"TN",1212,"Quercus","montana","chestnut oak","Plantae",371,"Breaking leaf buds",9,"2017-01-01","2017-12-31",2017-03-31,90,2017-03-28,3,1,0
"onset",356174,57069,35.96397,-84.286339,273,"TN",1212,"Quercus","montana","chestnut oak","Plantae",371,"Breaking leaf buds",10,"2018-01-01","2018-12-31",2018-04-03,93,2018-03-30,4,1,0
"onset",356174,57069,35.96397,-84.286339,273,"TN",1212,"Quercus","montana","chestnut oak","Plantae",371,"Breaking leaf buds",11,"2019-01-01","2019-12-31",2019-04-05,95,2019-04-02,3,1,0
"onset",356174,57069,35.96397,-84.286339,273,"TN",1212,"Quercus","montana","chestnut oak","Plantae",501,"Open flowers",7,"2015-01-01","2015-12-31",2015-04-10,100,2015-04-08,2,1,0
"onset",356174,57069,35.96397,-84.286339,273,"TN",1212,"Quercus","montana","chestnut oak","Plantae",501,"Open flowers",8,"2016-01-01","2016-12-31",2016-03-25,85,2016-03-23,2,1,0
"onset",356174,57069,35.96397,-84.286339,273,"TN",1212,"Quercus","montana","chestnut oak","Plantae",501,"Open flowers",9,"2017-01-01","2017-12-31",2017-04-14,104,2017-04-11,3,1,0
"onset",356174,57069,35.96397,-84.286339,273,"TN",1212,"Quercus","montana","chestnut oak","Plantae",501,"Open flowers",10,"2018-01-01","2018-12-31",2018-04-27,117,2018-04-24,3,1,0
"onset",356174,57069,35.96397,-84.286339,273,"TN",1212,"Quercus","montana","chestnut oak","Plantae",501,"Open flowers",11,"2019-01-01","2019-12-31",2019-04-16,106,2019-04-12,4,1,0
"onset",356175,57069,35.96397,-84.286339,273,"TN",1212,"Quercus","montana","chestnut oak","Plantae",371,"Breaking leaf buds",7,"2015-01-01","2015-12-31",2015-03-25,84,2015-03-20,5,1,0
"onset",356175,57069,35.96397,-84.286339,273,"TN",1212,"Quercus","montana","chestnut oak","Plantae",371,"Breaking leaf buds",8,"2016-01-01","2016-12-31",2016-03-25,85,2016-03-23,2,1,0
"onset",356175,57069,35.96397,-84.286339,273,"TN",1212,"Quercus","montana","chestnut oak","Plantae",371,"Breaking leaf buds",9,"2017-01-01","2017-12-31",2017-04-04,94,2017-03-31,4,1,0
"onset",356175,57069,35.96397,-84.286339,273,"TN",1212,"Quercus","montana","chestnut oak","Plantae",371,"Breaking leaf buds",10,"2018-01-01","2018-12-31",2018-04-03,93,2018-03-30,4,1,0
"onset",356175,57069,35.96397,-84.286339,273,"TN",1212,"Quercus","montana","chestnut oak","Plantae",371,"Breaking leaf buds",11,"2019-01-01","2019-12-31",2019-04-05,95,2019-04-02,3,1,0
"onset",356175,57069,35.96397,-84.286339,273,"TN",1212,"Quercus","montana","chestnut oak","Plantae",501,"Open flowers",7,"2015-01-01","2015-12-31",2015-04-10,100,2015-04-08,2,1,0
"onset",356175,57069,35.96397,-84.286339,273,"TN",1212,"Quercus","montana","chestnut oak","Plantae",501,"Open flowers",8,"2016-01-01","2016-12-31",2016-03-28,88,2016-03-25,3,1,0
"onset",356175,57069,35.96397,-84.286339,273,"TN",1212,"Quercus","montana","chestnut oak","Plantae",501,"Open flowers",9,"2017-01-01","2017-12-31",2017-04-14,104,2017-04-11,3,1,0
"onset",356175,57069,35.96397,-84.286339,273,"TN",1212,"Quercus","montana","chestnut oak","Plantae",501,"Open flowers",11,"2019-01-01","2019-12-31",2019-04-16,106,2019-04-12,4,1,0
"onset",356182,57069,35.96397,-84.286339,273,"TN",1212,"Quercus","montana","chestnut oak","Plantae",371,"Breaking leaf buds",7,"2015-01-01","2015-12-31",2015-03-25,84,2015-03-20,5,1,0
"onset",356182,57069,35.96397,-84.286339,273,"TN",1212,"Quercus","montana","chestnut oak","Plantae",371,"Breaking leaf buds",8,"2016-01-01","2016-12-31",2016-03-28,88,2016-03-25,3,1,0
"onset",356182,57069,35.96397,-84.286339,273,"TN",1212,"Quercus","montana","chestnut oak","Plantae",371,"Breaking leaf buds",9,"2017-01-01","2017-12-31",2017-04-04,94,2017-03-31,4,1,0
"onset",356182,57069,35.96397,-84.286339,273,"TN",1212,"Quercus","montana","chestnut oak","Plantae",371,"Breaking leaf buds",10,"2018-01-01","2018-12-31",2018-04-06,96,2018-04-03,3,1,0
"onset",356182,57069,35.96397,-84.286339,273,"TN",1212,"Quercus","montana","chestnut oak","Plantae",371,"Breaking leaf buds",11,"2019-01-01","2019-12-31",2019-04-05,95,2019-04-02,3,1,0
"onset",356182,57069,35.96397,-84.286339,273,"TN",1212,"Quercus","montana","chestnut oak","Plantae",501,"Open flowers",7,"2015-01-01","2015-12-31",2015-04-10,100,2015-04-08,2,2,0
"onset",356182,57069,35.96397,-84.286339,273,"TN",1212,"Quercus","montana","chestnut oak","Plantae",501,"Open flowers",8,"2016-01-01","2016-12-31",2016-03-30,90,2016-03-28,2,1,0
"onset",356182,57069,35.96397,-84.286339,273,"TN",1212,"Quercus","montana","chestnut oak","Plantae",501,"Open flowers",9,"2017-01-01","2017-12-31",2017-04-14,104,2017-04-11,3,1,0
"onset",356182,57069,35.96397,-84.286339,273,"TN",1212,"Quercus","montana","chestnut oak","Plantae",501,"Open flowers",11,"2019-01-01","2019-12-31",2019-04-16,106,2019-04-12,4,1,0
"onset",356184,57069,35.96397,-84.286339,273,"TN",1212,"Quercus","montana","chestnut oak","Plantae",371,"Breaking leaf buds",7,"2015-01-01","2015-12-31",2015-03-25,84,2015-03-20,5,1,0
"onset",356184,57069,35.96397,-84.286339,273,"TN",1212,"Quercus","montana","chestnut oak","Plantae",371,"Breaking leaf buds",8,"2016-01-01","2016-12-31",2016-04-04,95,2016-04-01,3,1,0
"onset",356184,57069,35.96397,-84.286339,273,"TN",1212,"Quercus","montana","chestnut oak","Plantae",371,"Breaking leaf buds",9,"2017-01-01","2017-12-31",2017-04-04,94,2017-03-31,4,1,0
"onset",356184,57069,35.96397,-84.286339,273,"TN",1212,"Quercus","montana","chestnut oak","Plantae",371,"Breaking leaf buds",10,"2018-01-01","2018-12-31",2018-04-06,96,2018-04-03,3,1,0
"onset",356184,57069,35.96397,-84.286339,273,"TN",1212,"Quercus","montana","chestnut oak","Plantae",371,"Breaking leaf buds",11,"2019-01-01","2019-12-31",2019-04-05,95,2019-04-02,3,1,0
"onset",356184,57069,35.96397,-84.286339,273,"TN",1212,"Quercus","montana","chestnut oak","Plantae",501,"Open flowers",7,"2015-01-01","2015-12-31",2015-04-13,103,2015-04-10,3,1,0
"onset",356184,57069,35.96397,-84.286339,273,"TN",1212,"Quercus","montana","chestnut oak","Plantae",501,"Open flowers",8,"2016-01-01","2016-12-31",2016-04-01,92,2016-03-30,2,1,0
"onset",356184,57069,35.96397,-84.286339,273,"TN",1212,"Quercus","montana","chestnut oak","Plantae",501,"Open flowers",9,"2017-01-01","2017-12-31",2017-04-14,104,2017-04-11,3,1,0
"onset",356184,57069,35.96397,-84.286339,273,"TN",1212,"Quercus","montana","chestnut oak","Plantae",501,"Open flowers",11,"2019-01-01","2019-12-31",2019-04-16,106,2019-04-12,4,1,0
"onset",356261,57069,35.96397,-84.286339,273,"TN",100,"Quercus","alba","white oak","Plantae",371,"Breaking leaf buds",13,"2021-01-01","2021-12-31",2021-04-02,92,2021-03-30,3,1,0
"onset",356261,57069,35.96397,-84.286339,273,"TN",100,"Quercus","alba","white oak","Plantae",371,"Breaking leaf buds",14,"2022-01-01","2022-12-31",2022-03-29,88,2022-03-25,4,1,0
"onset",356261,57069,35.96397,-84.286339,273,"TN",100,"Quercus","alba","white oak","Plantae",371,"Breaking leaf buds",15,"2023-01-01","2023-12-31",2023-03-31,90,2023-03-24,7,1,0
"onset",356261,57069,35.96397,-84.286339,273,"TN",100,"Quercus","alba","white oak","Plantae",371,"Breaking leaf buds",16,"2024-01-01","2024-12-31",2024-04-08,99,2024-04-05,3,1,0
"onset",356261,57069,35.96397,-84.286339,273,"TN",100,"Quercus","alba","white oak","Plantae",371,"Breaking leaf buds",17,"2025-01-01","2025-12-31",2025-04-04,94,2025-04-01,3,1,0
"onset",356261,57069,35.96397,-84.286339,273,"TN",100,"Quercus","alba","white oak","Plantae",501,"Open flowers",13,"2021-01-01","2021-12-31",2021-04-12,102,2021-04-09,3,1,0
"onset",356261,57069,35.96397,-84.286339,273,"TN",100,"Quercus","alba","white oak","Plantae",501,"Open flowers",17,"2025-01-01","2025-12-31",2025-04-04,94,2025-04-01,3,1,0
"onset",356266,57069,35.96397,-84.286339,273,"TN",100,"Quercus","alba","white oak","Plantae",371,"Breaking leaf buds",13,"2021-01-01","2021-12-31",2021-03-26,85,2021-03-23,3,1,0
"onset",356266,57069,35.96397,-84.286339,273,"TN",100,"Quercus","alba","white oak","Plantae",371,"Breaking leaf buds",14,"2022-01-01","2022-12-31",2022-03-22,81,2022-03-18,4,1,0
"onset",356266,57069,35.96397,-84.286339,273,"TN",100,"Quercus","alba","white oak","Plantae",371,"Breaking leaf buds",15,"2023-01-01","2023-12-31",2023-03-07,66,2023-03-02,5,1,0
"onset",356266,57069,35.96397,-84.286339,273,"TN",100,"Quercus","alba","white oak","Plantae",371,"Breaking leaf buds",16,"2024-01-01","2024-12-31",2024-03-22,82,2024-03-19,3,1,0
"onset",356266,57069,35.96397,-84.286339,273,"TN",100,"Quercus","alba","white oak","Plantae",501,"Open flowers",14,"2022-01-01","2022-12-31",2022-04-01,91,2022-03-29,3,1,0
"onset",356266,57069,35.96397,-84.286339,273,"TN",100,"Quercus","alba","white oak","Plantae",501,"Open flowers",15,"2023-01-01","2023-12-31",2023-03-17,76,2023-03-14,3,1,0
"onset",356266,57069,35.96397,-84.286339,273,"TN",100,"Quercus","alba","white oak","Plantae",501,"Open flowers",16,"2024-01-01","2024-12-31",2024-04-08,99,2024-04-05,3,1,0
"onset",356271,57069,35.96397,-84.286339,273,"TN",100,"Quercus","alba","white oak","Plantae",371,"Breaking leaf buds",13,"2021-01-01","2021-12-31",2021-04-06,96,2021-04-02,4,1,0
"onset",356271,57069,35.96397,-84.286339,273,"TN",100,"Quercus","alba","white oak","Plantae",371,"Breaking leaf buds",14,"2022-01-01","2022-12-31",2022-03-22,81,2022-03-18,4,1,0
"onset",356271,57069,35.96397,-84.286339,273,"TN",100,"Quercus","alba","white oak","Plantae",371,"Breaking leaf buds",15,"2023-01-01","2023-12-31",2023-04-07,97,2023-04-03,4,2,0
"onset",356271,57069,35.96397,-84.286339,273,"TN",100,"Quercus","alba","white oak","Plantae",371,"Breaking leaf buds",16,"2024-01-01","2024-12-31",2024-03-29,89,2024-03-27,2,1,0
"onset",356271,57069,35.96397,-84.286339,273,"TN",100,"Quercus","alba","white oak","Plantae",371,"Breaking leaf buds",17,"2025-01-01","2025-12-31",2025-04-04,94,2025-04-01,3,1,0
"onset",356271,57069,35.96397,-84.286339,273,"TN",100,"Quercus","alba","white oak","Plantae",501,"Open flowers",13,"2021-01-01","2021-12-31",2021-04-12,102,2021-04-09,3,1,0
"onset",356271,57069,35.96397,-84.286339,273,"TN",100,"Quercus","alba","white oak","Plantae",501,"Open flowers",14,"2022-01-01","2022-12-31",2022-04-19,109,2022-04-15,4,1,0
"onset",356271,57069,35.96397,-84.286339,273,"TN",100,"Quercus","alba","white oak","Plantae",501,"Open flowers",15,"2023-01-01","2023-12-31",2023-04-11,101,2023-04-07,4,1,0
"onset",356271,57069,35.96397,-84.286339,273,"TN",100,"Quercus","alba","white oak","Plantae",501,"Open flowers",16,"2024-01-01","2024-12-31",2024-04-08,99,2024-04-05,3,1,0
"onset",356271,57069,35.96397,-84.286339,273,"TN",100,"Quercus","alba","white oak","Plantae",501,"Open flowers",17,"2025-01-01","2025-12-31",2025-04-08,98,2025-04-04,4,1,0
"onset",356273,57069,35.96397,-84.286339,273,"TN",100,"Quercus","alba","white oak","Plantae",371,"Breaking leaf buds",13,"2021-01-01","2021-12-31",2021-04-09,99,2021-04-06,3,1,0
"onset",356273,57069,35.96397,-84.286339,273,"TN",100,"Quercus","alba","white oak","Plantae",371,"Breaking leaf buds",14,"2022-01-01","2022-12-31",2022-03-29,88,2022-03-25,4,1,0
"onset",356273,57069,35.96397,-84.286339,273,"TN",100,"Quercus","alba","white oak","Plantae",371,"Breaking leaf buds",15,"2023-01-01","2023-12-31",2023-04-07,97,2023-04-03,4,1,0
"onset",356273,57069,35.96397,-84.286339,273,"TN",100,"Quercus","alba","white oak","Plantae",371,"Breaking leaf buds",16,"2024-01-01","2024-12-31",2024-04-08,99,2024-04-05,3,1,0
"onset",356273,57069,35.96397,-84.286339,273,"TN",100,"Quercus","alba","white oak","Plantae",371,"Breaking leaf buds",17,"2025-01-01","2025-12-31",2025-04-08,98,2025-04-04,4,1,0
"onset",356274,57069,35.96397,-84.286339,273,"TN",100,"Quercus","alba","white oak","Plantae",371,"Breaking leaf buds",13,"2021-01-01","2021-12-31",2021-03-30,89,2021-03-26,4,1,0
"onset",356274,57069,35.96397,-84.286339,273,"TN",100,"Quercus","alba","white oak","Plantae",371,"Breaking leaf buds",14,"2022-01-01","2022-12-31",2022-03-29,88,2022-03-25,4,1,0
"onset",356274,57069,35.96397,-84.286339,273,"TN",100,"Quercus","alba","white oak","Plantae",371,"Breaking leaf buds",15,"2023-01-01","2023-12-31",2023-03-21,80,2023-03-17,4,1,0
"onset",356274,57069,35.96397,-84.286339,273,"TN",100,"Quercus","alba","white oak","Plantae",371,"Breaking leaf buds",16,"2024-01-01","2024-12-31",2024-03-29,89,2024-03-27,2,1,0
"onset",356274,57069,35.96397,-84.286339,273,"TN",100,"Quercus","alba","white oak","Plantae",501,"Open flowers",13,"2021-01-01","2021-12-31",2021-04-12,102,2021-04-09,3,1,0
"onset",356274,57069,35.96397,-84.286339,273,"TN",100,"Quercus","alba","white oak","Plantae",501,"Open flowers",14,"2022-01-01","2022-12-31",2022-04-15,105,2022-04-12,3,1,0
"onset",356274,57069,35.96397,-84.286339,273,"TN",100,"Quercus","alba","white oak","Plantae",501,"Open flowers",15,"2023-01-01","2023-12-31",2023-04-11,101,2023-04-07,4,1,0
"onset",356274,57069,35.96397,-84.286339,273,"TN",100,"Quercus","alba","white oak","Plantae",501,"Open flowers",16,"2024-01-01","2024-12-31",2024-04-19,110,2024-04-16,3,1,0
"onset",356398,57073,32.542931,-87.803902,26,"AL",100,"Quercus","alba","white oak","Plantae",371,"Breaking leaf buds",11,"2019-01-01","2019-12-31",2019-04-04,94,2019-03-26,9,1,0
"onset",356398,57073,32.542931,-87.803902,26,"AL",100,"Quercus","alba","white oak","Plantae",371,"Breaking leaf buds",12,"2020-01-01","2020-12-31",2020-03-11,71,2020-03-03,8,1,0
"onset",356398,57073,32.542931,-87.803902,26,"AL",100,"Quercus","alba","white oak","Plantae",371,"Breaking leaf buds",13,"2021-01-01","2021-12-31",2021-03-18,77,2021-03-11,7,1,0
"onset",356398,57073,32.542931,-87.803902,26,"AL",100,"Quercus","alba","white oak","Plantae",371,"Breaking leaf buds",14,"2022-01-01","2022-12-31",2022-03-30,89,2022-03-22,8,1,0
"onset",356398,57073,32.542931,-87.803902,26,"AL",100,"Quercus","alba","white oak","Plantae",371,"Breaking leaf buds",15,"2023-01-01","2023-12-31",2023-03-01,60,2023-02-01,28,1,0
"onset",356398,57073,32.542931,-87.803902,26,"AL",100,"Quercus","alba","white oak","Plantae",371,"Breaking leaf buds",16,"2024-01-01","2024-12-31",2024-03-12,72,2024-03-05,7,1,0
"onset",356398,57073,32.542931,-87.803902,26,"AL",100,"Quercus","alba","white oak","Plantae",501,"Open flowers",11,"2019-01-01","2019-12-31",2019-03-20,79,2019-03-13,7,2,0
"onset",356398,57073,32.542931,-87.803902,26,"AL",100,"Quercus","alba","white oak","Plantae",501,"Open flowers",12,"2020-01-01","2020-12-31",2020-03-18,78,2020-03-11,7,1,0
"onset",356398,57073,32.542931,-87.803902,26,"AL",100,"Quercus","alba","white oak","Plantae",501,"Open flowers",13,"2021-01-01","2021-12-31",2021-03-18,77,2021-03-11,7,1,0
"onset",356398,57073,32.542931,-87.803902,26,"AL",100,"Quercus","alba","white oak","Plantae",501,"Open flowers",15,"2023-01-01","2023-12-31",2023-03-07,66,2023-03-01,6,1,0
"onset",356398,57073,32.542931,-87.803902,26,"AL",100,"Quercus","alba","white oak","Plantae",501,"Open flowers",16,"2024-01-01","2024-12-31",2024-03-19,79,2024-03-12,7,1,0
"onset",356400,57073,32.542931,-87.803902,26,"AL",100,"Quercus","alba","white oak","Plantae",371,"Breaking leaf buds",12,"2020-01-01","2020-12-31",2020-03-11,71,2020-03-03,8,1,0
"onset",356400,57073,32.542931,-87.803902,26,"AL",100,"Quercus","alba","white oak","Plantae",371,"Breaking leaf buds",13,"2021-01-01","2021-12-31",2021-03-11,70,2021-03-03,8,1,0
"onset",356400,57073,32.542931,-87.803902,26,"AL",100,"Quercus","alba","white oak","Plantae",371,"Breaking leaf buds",14,"2022-01-01","2022-12-31",2022-03-22,81,2022-03-15,7,2,0
"onset",356400,57073,32.542931,-87.803902,26,"AL",100,"Quercus","alba","white oak","Plantae",371,"Breaking leaf buds",15,"2023-01-01","2023-12-31",2023-03-01,60,2023-02-01,28,1,0
"onset",356400,57073,32.542931,-87.803902,26,"AL",100,"Quercus","alba","white oak","Plantae",371,"Breaking leaf buds",16,"2024-01-01","2024-12-31",2024-03-05,65,2024-02-27,7,1,0
"onset",356400,57073,32.542931,-87.803902,26,"AL",100,"Quercus","alba","white oak","Plantae",501,"Open flowers",13,"2021-01-01","2021-12-31",2021-03-18,77,2021-03-11,7,1,0
"onset",356400,57073,32.542931,-87.803902,26,"AL",100,"Quercus","alba","white oak","Plantae",501,"Open flowers",15,"2023-01-01","2023-12-31",2023-03-01,60,2023-02-01,28,1,0
"onset",356400,57073,32.542931,-87.803902,26,"AL",100,"Quercus","alba","white oak","Plantae",501,"Open flowers",16,"2024-01-01","2024-12-31",2024-03-19,79,2024-03-12,7,1,0
"onset",356422,57072,32.542336,-87.806023,26,"AL",100,"Quercus","alba","white oak","Plantae",371,"Breaking leaf buds",13,"2021-01-01","2021-12-31",2021-03-18,77,2021-03-11,7,1,0
"onset",356422,57072,32.542336,-87.806023,26,"AL",100,"Quercus","alba","white oak","Plantae",371,"Breaking leaf buds",14,"2022-01-01","2022-12-31",2022-03-22,81,2022-03-15,7,1,0
"onset",356422,57072,32.542336,-87.806023,26,"AL",100,"Quercus","alba","white oak","Plantae",371,"Breaking leaf buds",15,"2023-01-01","2023-12-31",2023-03-01,60,2023-02-01,28,1,0
"onset",356422,57072,32.542336,-87.806023,26,"AL",100,"Quercus","alba","white oak","Plantae",371,"Breaking leaf buds",16,"2024-01-01","2024-12-31",2024-03-12,72,2024-03-05,7,1,0
"onset",356422,57072,32.542336,-87.806023,26,"AL",100,"Quercus","alba","white oak","Plantae",501,"Open flowers",13,"2021-01-01","2021-12-31",2021-03-18,77,2021-03-11,7,2,0
"onset",356422,57072,32.542336,-87.806023,26,"AL",100,"Quercus","alba","white oak","Plantae",501,"Open flowers",14,"2022-01-01","2022-12-31",2022-04-06,96,2022-03-30,7,1,0
"onset",356422,57072,32.542336,-87.806023,26,"AL",100,"Quercus","alba","white oak","Plantae",501,"Open flowers",15,"2023-01-01","2023-12-31",2023-03-14,73,2023-03-07,7,1,0
"onset",356426,57072,32.542336,-87.806023,26,"AL",100,"Quercus","alba","white oak","Plantae",371,"Breaking leaf buds",13,"2021-01-01","2021-12-31",2021-03-18,77,2021-03-11,7,1,0
"onset",356426,57072,32.542336,-87.806023,26,"AL",100,"Quercus","alba","white oak","Plantae",371,"Breaking leaf buds",14,"2022-01-01","2022-12-31",2022-03-03,62,2022-02-23,8,2,0
"onset",356426,57072,32.542336,-87.806023,26,"AL",100,"Quercus","alba","white oak","Plantae",371,"Breaking leaf buds",15,"2023-01-01","2023-12-31",2023-03-07,66,2023-03-01,6,1,0
"onset",356426,57072,32.542336,-87.806023,26,"AL",100,"Quercus","alba","white oak","Plantae",371,"Breaking leaf buds",16,"2024-01-01","2024-12-31",2024-03-12,72,2024-03-05,7,1,0
"onset",356426,57072,32.542336,-87.806023,26,"AL",100,"Quercus","alba","white oak","Plantae",501,"Open flowers",13,"2021-01-01","2021-12-31",2021-03-23,82,2021-03-18,5,2,0
"onset",356426,57072,32.542336,-87.806023,26,"AL",100,"Quercus","alba","white oak","Plantae",501,"Open flowers",15,"2023-01-01","2023-12-31",2023-03-07,66,2023-03-01,6,1,0
"onset",356426,57072,32.542336,-87.806023,26,"AL",100,"Quercus","alba","white oak","Plantae",501,"Open flowers",16,"2024-01-01","2024-12-31",2024-03-12,72,2024-03-05,7,2,0
"onset",356433,57072,32.542336,-87.806023,26,"AL",100,"Quercus","alba","white oak","Plantae",371,"Breaking leaf buds",13,"2021-01-01","2021-12-31",2021-03-18,77,2021-03-11,7,1,0
"onset",356433,57072,32.542336,-87.806023,26,"AL",100,"Quercus","alba","white oak","Plantae",371,"Breaking leaf buds",14,"2022-01-01","2022-12-31",2022-03-10,69,2022-03-03,7,2,0
"onset",356433,57072,32.542336,-87.806023,26,"AL",100,"Quercus","alba","white oak","Plantae",371,"Breaking leaf buds",15,"2023-01-01","2023-12-31",2023-03-01,60,2023-02-01,28,1,0
"onset",356433,57072,32.542336,-87.806023,26,"AL",100,"Quercus","alba","white oak","Plantae",371,"Breaking leaf buds",16,"2024-01-01","2024-12-31",2024-03-12,72,2024-03-05,7,1,0
"onset",356433,57072,32.542336,-87.806023,26,"AL",100,"Quercus","alba","white oak","Plantae",501,"Open flowers",13,"2021-01-01","2021-12-31",2021-03-18,77,2021-03-11,7,1,0
"onset",356433,57072,32.542336,-87.806023,26,"AL",100,"Quercus","alba","white oak","Plantae",501,"Open flowers",14,"2022-01-01","2022-12-31",2022-04-06,96,2022-03-30,7,1,0
"onset",356433,57072,32.542336,-87.806023,26,"AL",100,"Quercus","alba","white oak","Plantae",501,"Open flowers",15,"2023-01-01","2023-12-31",2023-03-07,66,2023-03-01,6,1,0
"onset",356433,57072,32.542336,-87.806023,26,"AL",100,"Quercus","alba","white oak","Plantae",501,"Open flowers",16,"2024-01-01","2024-12-31",2024-03-19,79,2024-03-12,7,1,0
"onset",356445,57072,32.542336,-87.806023,26,"AL",100,"Quercus","alba","white oak","Plantae",371,"Breaking leaf buds",13,"2021-01-01","2021-12-31",2021-03-18,77,2021-03-03,15,1,0
"onset",356445,57072,32.542336,-87.806023,26,"AL",100,"Quercus","alba","white oak","Plantae",371,"Breaking leaf buds",14,"2022-01-01","2022-12-31",2022-02-23,54,2022-02-16,7,2,0
"onset",356445,57072,32.542336,-87.806023,26,"AL",100,"Quercus","alba","white oak","Plantae",371,"Breaking leaf buds",15,"2023-01-01","2023-12-31",2023-03-14,73,2023-03-07,7,1,0
"onset",356445,57072,32.542336,-87.806023,26,"AL",100,"Quercus","alba","white oak","Plantae",371,"Breaking leaf buds",16,"2024-01-01","2024-12-31",2024-03-12,72,2024-03-05,7,1,0
"onset",356445,57072,32.542336,-87.806023,26,"AL",100,"Quercus","alba","white oak","Plantae",501,"Open flowers",13,"2021-01-01","2021-12-31",2021-03-18,77,2021-03-03,15,1,0
"onset",356445,57072,32.542336,-87.806023,26,"AL",100,"Quercus","alba","white oak","Plantae",501,"Open flowers",14,"2022-01-01","2022-12-31",2022-04-06,96,2022-03-30,7,1,0
"onset",356445,57072,32.542336,-87.806023,26,"AL",100,"Quercus","alba","white oak","Plantae",501,"Open flowers",15,"2023-01-01","2023-12-31",2023-03-14,73,2023-03-07,7,1,0
"onset",356445,57072,32.542336,-87.806023,26,"AL",100,"Quercus","alba","white oak","Plantae",501,"Open flowers",16,"2024-01-01","2024-12-31",2024-03-19,79,2024-03-12,7,1,0
"onset",356448,57072,32.542336,-87.806023,26,"AL",100,"Quercus","alba","white oak","Plantae",371,"Breaking leaf buds",13,"2021-01-01","2021-12-31",2021-03-18,77,2021-03-11,7,1,0
"onset",356448,57072,32.542336,-87.806023,26,"AL",100,"Quercus","alba","white oak","Plantae",371,"Breaking leaf buds",14,"2022-01-01","2022-12-31",2022-03-30,89,2022-03-22,8,1,0
"onset",356448,57072,32.542336,-87.806023,26,"AL",100,"Quercus","alba","white oak","Plantae",371,"Breaking leaf buds",15,"2023-01-01","2023-12-31",2023-03-01,60,2023-02-01,28,1,0
"onset",356448,57072,32.542336,-87.806023,26,"AL",100,"Quercus","alba","white oak","Plantae",371,"Breaking leaf buds",16,"2024-01-01","2024-12-31",2024-03-12,72,2024-02-27,14,1,0
"onset",356448,57072,32.542336,-87.806023,26,"AL",100,"Quercus","alba","white oak","Plantae",501,"Open flowers",13,"2021-01-01","2021-12-31",2021-03-18,77,2021-03-11,7,1,0
"onset",356448,57072,32.542336,-87.806023,26,"AL",100,"Quercus","alba","white oak","Plantae",501,"Open flowers",14,"2022-01-01","2022-12-31",2022-04-06,96,2022-03-30,7,1,0
"onset",356448,57072,32.542336,-87.806023,26,"AL",100,"Quercus","alba","white oak","Plantae",501,"Open flowers",15,"2023-01-01","2023-12-31",2023-03-14,73,2023-03-07,7,1,0
"onset",356448,57072,32.542336,-87.806023,26,"AL",100,"Quercus","alba","white oak","Plantae",501,"Open flowers",16,"2024-01-01","2024-12-31",2024-03-19,79,2024-03-12,7,1,0
"onset",356815,57077,32.950741,-87.391136,131,"AL",1212,"Quercus","montana","chestnut oak","Plantae",371,"Breaking leaf buds",12,"2020-01-01","2020-12-31",2020-03-17,77,2020-03-11,6,1,0
"onset",356815,57077,32.950741,-87.391136,131,"AL",1212,"Quercus","montana","chestnut oak","Plantae",371,"Breaking leaf buds",13,"2021-01-01","2021-12-31",2021-03-30,89,2021-03-23,7,1,0
"onset",356815,57077,32.950741,-87.391136,131,"AL",1212,"Quercus","montana","chestnut oak","Plantae",371,"Breaking leaf buds",14,"2022-01-01","2022-12-31",2022-04-04,94,2022-03-28,7,1,0
"onset",356815,57077,32.950741,-87.391136,131,"AL",1212,"Quercus","montana","chestnut oak","Plantae",371,"Breaking leaf buds",15,"2023-01-01","2023-12-31",2023-03-14,73,2023-03-08,6,2,0
"onset",356815,57077,32.950741,-87.391136,131,"AL",1212,"Quercus","montana","chestnut oak","Plantae",371,"Breaking leaf buds",16,"2024-01-01","2024-12-31",2024-03-20,80,2024-03-13,7,1,0
"onset",356815,57077,32.950741,-87.391136,131,"AL",1212,"Quercus","montana","chestnut oak","Plantae",371,"Breaking leaf buds",17,"2025-01-01","2025-12-31",2025-04-28,118,2025-04-21,7,1,0
"onset",356815,57077,32.950741,-87.391136,131,"AL",1212,"Quercus","montana","chestnut oak","Plantae",501,"Open flowers",14,"2022-01-01","2022-12-31",2022-04-13,103,2022-04-04,9,1,0
"onset",356815,57077,32.950741,-87.391136,131,"AL",1212,"Quercus","montana","chestnut oak","Plantae",501,"Open flowers",15,"2023-01-01","2023-12-31",2023-03-28,87,2023-03-22,6,1,0
"onset",356818,57077,32.950741,-87.391136,131,"AL",1212,"Quercus","montana","chestnut oak","Plantae",371,"Breaking leaf buds",12,"2020-01-01","2020-12-31",2020-03-17,77,2020-03-11,6,1,0
"onset",356818,57077,32.950741,-87.391136,131,"AL",1212,"Quercus","montana","chestnut oak","Plantae",371,"Breaking leaf buds",13,"2021-01-01","2021-12-31",2021-03-30,89,2021-03-16,14,1,0
"onset",356818,57077,32.950741,-87.391136,131,"AL",1212,"Quercus","montana","chestnut oak","Plantae",371,"Breaking leaf buds",14,"2022-01-01","2022-12-31",2022-04-04,94,2022-03-28,7,1,0
"onset",356818,57077,32.950741,-87.391136,131,"AL",1212,"Quercus","montana","chestnut oak","Plantae",371,"Breaking leaf buds",15,"2023-01-01","2023-12-31",2023-03-14,73,2023-03-08,6,1,0
"onset",356818,57077,32.950741,-87.391136,131,"AL",1212,"Quercus","montana","chestnut oak","Plantae",371,"Breaking leaf buds",16,"2024-01-01","2024-12-31",2024-03-20,80,2024-03-13,7,1,0
"onset",356818,57077,32.950741,-87.391136,131,"AL",1212,"Quercus","montana","chestnut oak","Plantae",501,"Open flowers",13,"2021-01-01","2021-12-31",2021-04-13,103,2021-04-06,7,1,0
"onset",356818,57077,32.950741,-87.391136,131,"AL",1212,"Quercus","montana","chestnut oak","Plantae",501,"Open flowers",14,"2022-01-01","2022-12-31",2022-04-19,109,2022-04-13,6,1,0
"onset",356818,57077,32.950741,-87.391136,131,"AL",1212,"Quercus","montana","chestnut oak","Plantae",501,"Open flowers",15,"2023-01-01","2023-12-31",2023-04-05,95,2023-03-28,8,1,0
"onset",356818,57077,32.950741,-87.391136,131,"AL",1212,"Quercus","montana","chestnut oak","Plantae",501,"Open flowers",16,"2024-01-01","2024-12-31",2024-04-10,101,2024-04-03,7,1,0
"onset",356818,57077,32.950741,-87.391136,131,"AL",1212,"Quercus","montana","chestnut oak","Plantae",501,"Open flowers",17,"2025-01-01","2025-12-31",2025-04-09,99,2025-04-02,7,1,0
"onset",356822,57076,32.950008,-87.396454,131,"AL",1212,"Quercus","montana","chestnut oak","Plantae",371,"Breaking leaf buds",13,"2021-01-01","2021-12-31",2021-03-30,89,2021-03-23,7,1,0
"onset",356822,57076,32.950008,-87.396454,131,"AL",1212,"Quercus","montana","chestnut oak","Plantae",371,"Breaking leaf buds",14,"2022-01-01","2022-12-31",2022-02-22,53,2022-02-15,7,2,0
"onset",356822,57076,32.950008,-87.396454,131,"AL",1212,"Quercus","montana","chestnut oak","Plantae",371,"Breaking leaf buds",15,"2023-01-01","2023-12-31",2023-03-28,87,2023-03-22,6,1,0
"onset",356822,57076,32.950008,-87.396454,131,"AL",1212,"Quercus","montana","chestnut oak","Plantae",371,"Breaking leaf buds",16,"2024-01-01","2024-12-31",2024-03-13,73,2024-03-05,8,2,0
"onset",356822,57076,32.950008,-87.396454,131,"AL",1212,"Quercus","montana","chestnut oak","Plantae",371,"Breaking leaf buds",17,"2025-01-01","2025-12-31",2025-04-09,99,2025-04-02,7,1,0
"onset",356822,57076,32.950008,-87.396454,131,"AL",1212,"Quercus","montana","chestnut oak","Plantae",501,"Open flowers",13,"2021-01-01","2021-12-31",2021-04-13,103,2021-04-06,7,1,0
"onset",356822,57076,32.950008,-87.396454,131,"AL",1212,"Quercus","montana","chestnut oak","Plantae",501,"Open flowers",14,"2022-01-01","2022-12-31",2022-04-19,109,2022-04-13,6,1,0
"onset",356822,57076,32.950008,-87.396454,131,"AL",1212,"Quercus","montana","chestnut oak","Plantae",501,"Open flowers",15,"2023-01-01","2023-12-31",2023-04-05,95,2023-03-28,8,1,0
"onset",356837,57076,32.950008,-87.396454,131,"AL",1212,"Quercus","montana","chestnut oak","Plantae",371,"Breaking leaf buds",13,"2021-01-01","2021-12-31",2021-03-30,89,2021-03-23,7,1,0
"onset",356837,57076,32.950008,-87.396454,131,"AL",1212,"Quercus","montana","chestnut oak","Plantae",371,"Breaking leaf buds",14,"2022-01-01","2022-12-31",2022-04-04,94,2022-03-28,7,1,0
"onset",356837,57076,32.950008,-87.396454,131,"AL",1212,"Quercus","montana","chestnut oak","Plantae",371,"Breaking leaf buds",15,"2023-01-01","2023-12-31",2023-03-28,87,2023-03-22,6,2,0
"onset",356837,57076,32.950008,-87.396454,131,"AL",1212,"Quercus","montana","chestnut oak","Plantae",371,"Breaking leaf buds",16,"2024-01-01","2024-12-31",2024-03-20,80,2024-03-13,7,2,0
"onset",356837,57076,32.950008,-87.396454,131,"AL",1212,"Quercus","montana","chestnut oak","Plantae",371,"Breaking leaf buds",17,"2025-01-01","2025-12-31",2025-01-16,16,2025-01-02,14,2,0
"onset",356837,57076,32.950008,-87.396454,131,"AL",1212,"Quercus","montana","chestnut oak","Plantae",501,"Open flowers",13,"2021-01-01","2021-12-31",2021-04-13,103,2021-04-06,7,1,0
"onset",356837,57076,32.950008,-87.396454,131,"AL",1212,"Quercus","montana","chestnut oak","Plantae",501,"Open flowers",14,"2022-01-01","2022-12-31",2022-04-13,103,2022-04-04,9,1,0
"onset",356837,57076,32.950008,-87.396454,131,"AL",1212,"Quercus","montana","chestnut oak","Plantae",501,"Open flowers",15,"2023-01-01","2023-12-31",2023-04-11,101,2023-04-05,6,1,0
"onset",356837,57076,32.950008,-87.396454,131,"AL",1212,"Quercus","montana","chestnut oak","Plantae",501,"Open flowers",17,"2025-01-01","2025-12-31",2025-04-15,105,2025-04-09,6,1,0
"onset",356863,57076,32.950008,-87.396454,131,"AL",1212,"Quercus","montana","chestnut oak","Plantae",371,"Breaking leaf buds",13,"2021-01-01","2021-12-31",2021-03-30,89,2021-03-23,7,1,0
"onset",356863,57076,32.950008,-87.396454,131,"AL",1212,"Quercus","montana","chestnut oak","Plantae",371,"Breaking leaf buds",14,"2022-01-01","2022-12-31",2022-04-04,94,2022-03-28,7,1,0
"onset",356863,57076,32.950008,-87.396454,131,"AL",1212,"Quercus","montana","chestnut oak","Plantae",371,"Breaking leaf buds",15,"2023-01-01","2023-12-31",2023-02-28,59,2023-02-22,6,2,0
"onset",356863,57076,32.950008,-87.396454,131,"AL",1212,"Quercus","montana","chestnut oak","Plantae",371,"Breaking leaf buds",16,"2024-01-01","2024-12-31",2024-03-27,87,2024-03-20,7,1,0
"onset",356863,57076,32.950008,-87.396454,131,"AL",1212,"Quercus","montana","chestnut oak","Plantae",371,"Breaking leaf buds",17,"2025-01-01","2025-12-31",2025-04-09,99,2025-04-02,7,1,0
"onset",356863,57076,32.950008,-87.396454,131,"AL",1212,"Quercus","montana","chestnut oak","Plantae",501,"Open flowers",13,"2021-01-01","2021-12-31",2021-04-13,103,2021-04-06,7,1,0
"onset",356863,57076,32.950008,-87.396454,131,"AL",1212,"Quercus","montana","chestnut oak","Plantae",501,"Open flowers",14,"2022-01-01","2022-12-31",2022-04-13,103,2022-04-04,9,1,0
"onset",356863,57076,32.950008,-87.396454,131,"AL",1212,"Quercus","montana","chestnut oak","Plantae",501,"Open flowers",17,"2025-01-01","2025-12-31",2025-04-09,99,2025-04-02,7,1,0
"onset",356895,57076,32.950008,-87.396454,131,"AL",1212,"Quercus","montana","chestnut oak","Plantae",371,"Breaking leaf buds",13,"2021-01-01","2021-12-31",2021-03-30,89,2021-03-23,7,2,0
"onset",356895,57076,32.950008,-87.396454,131,"AL",1212,"Quercus","montana","chestnut oak","Plantae",371,"Breaking leaf buds",14,"2022-01-01","2022-12-31",2022-04-04,94,2022-03-28,7,2,0
"onset",356895,57076,32.950008,-87.396454,131,"AL",1212,"Quercus","montana","chestnut oak","Plantae",371,"Breaking leaf buds",15,"2023-01-01","2023-12-31",2023-04-05,95,2023-03-28,8,1,0
"onset",356895,57076,32.950008,-87.396454,131,"AL",1212,"Quercus","montana","chestnut oak","Plantae",371,"Breaking leaf buds",16,"2024-01-01","2024-12-31",2024-03-20,80,2024-03-13,7,1,0
"onset",356895,57076,32.950008,-87.396454,131,"AL",1212,"Quercus","montana","chestnut oak","Plantae",371,"Breaking leaf buds",17,"2025-01-01","2025-12-31",2025-04-21,111,2025-04-15,6,1,0
"onset",356896,57076,32.950008,-87.396454,131,"AL",1212,"Quercus","montana","chestnut oak","Plantae",371,"Breaking leaf buds",13,"2021-01-01","2021-12-31",2021-03-30,89,2021-03-23,7,1,0
"onset",356896,57076,32.950008,-87.396454,131,"AL",1212,"Quercus","montana","chestnut oak","Plantae",371,"Breaking leaf buds",14,"2022-01-01","2022-12-31",2022-03-28,87,2022-03-22,6,1,0
"onset",356896,57076,32.950008,-87.396454,131,"AL",1212,"Quercus","montana","chestnut oak","Plantae",371,"Breaking leaf buds",15,"2023-01-01","2023-12-31",2023-03-08,67,2023-02-28,8,1,0
"onset",356896,57076,32.950008,-87.396454,131,"AL",1212,"Quercus","montana","chestnut oak","Plantae",371,"Breaking leaf buds",16,"2024-01-01","2024-12-31",2024-03-20,80,2024-03-13,7,1,0
"onset",356896,57076,32.950008,-87.396454,131,"AL",1212,"Quercus","montana","chestnut oak","Plantae",371,"Breaking leaf buds",17,"2025-01-01","2025-12-31",2025-04-28,118,2025-04-21,7,1,0
"onset",356896,57076,32.950008,-87.396454,131,"AL",1212,"Quercus","montana","chestnut oak","Plantae",501,"Open flowers",13,"2021-01-01","2021-12-31",2021-04-06,96,2021-03-30,7,1,0
"onset",356896,57076,32.950008,-87.396454,131,"AL",1212,"Quercus","montana","chestnut oak","Plantae",501,"Open flowers",14,"2022-01-01","2022-12-31",2022-04-13,103,2022-04-04,9,1,0
"onset",356896,57076,32.950008,-87.396454,131,"AL",1212,"Quercus","montana","chestnut oak","Plantae",501,"Open flowers",16,"2024-01-01","2024-12-31",2024-04-03,94,2024-03-27,7,1,0
"onset",356896,57076,32.950008,-87.396454,131,"AL",1212,"Quercus","montana","chestnut oak","Plantae",501,"Open flowers",17,"2025-01-01","2025-12-31",2025-04-09,99,2025-04-02,7,1,0
"onset",358092,57092,33.402458,-97.570007,270,"TX",1755,"Quercus","stellata","post oak","Plantae",371,"Breaking leaf buds",10,"2018-01-01","2018-12-31",2018-04-02,92,2018-03-19,14,1,0
"onset",358092,57092,33.402458,-97.570007,270,"TX",1755,"Quercus","stellata","post oak","Plantae",371,"Breaking leaf buds",11,"2019-01-01","2019-12-31",2019-03-26,85,2019-03-20,6,1,0
"onset",358092,57092,33.402458,-97.570007,270,"TX",1755,"Quercus","stellata","post oak","Plantae",371,"Breaking leaf buds",13,"2021-01-01","2021-12-31",2021-04-01,91,2021-03-26,6,1,0
"onset",358092,57092,33.402458,-97.570007,270,"TX",1755,"Quercus","stellata","post oak","Plantae",371,"Breaking leaf buds",14,"2022-01-01","2022-12-31",2022-03-09,68,2022-03-01,8,1,0
"onset",358092,57092,33.402458,-97.570007,270,"TX",1755,"Quercus","stellata","post oak","Plantae",371,"Breaking leaf buds",15,"2023-01-01","2023-12-31",2023-03-06,65,2023-02-28,6,1,0
"onset",358092,57092,33.402458,-97.570007,270,"TX",1755,"Quercus","stellata","post oak","Plantae",371,"Breaking leaf buds",16,"2024-01-01","2024-12-31",2024-03-18,78,2024-03-11,7,1,0
"onset",358092,57092,33.402458,-97.570007,270,"TX",1755,"Quercus","stellata","post oak","Plantae",371,"Breaking leaf buds",17,"2025-01-01","2025-12-31",2025-04-07,97,2025-03-17,21,1,0
"onset",358092,57092,33.402458,-97.570007,270,"TX",1755,"Quercus","stellata","post oak","Plantae",501,"Open flowers",10,"2018-01-01","2018-12-31",2018-04-10,100,2018-04-02,8,2,0
"onset",358092,57092,33.402458,-97.570007,270,"TX",1755,"Quercus","stellata","post oak","Plantae",501,"Open flowers",11,"2019-01-01","2019-12-31",2019-04-08,98,2019-04-01,7,2,0
"onset",358092,57092,33.402458,-97.570007,270,"TX",1755,"Quercus","stellata","post oak","Plantae",501,"Open flowers",13,"2021-01-01","2021-12-31",2021-04-01,91,2021-03-26,6,1,0
"onset",358092,57092,33.402458,-97.570007,270,"TX",1755,"Quercus","stellata","post oak","Plantae",501,"Open flowers",14,"2022-01-01","2022-12-31",2022-04-04,94,2022-03-29,6,1,0
"onset",358092,57092,33.402458,-97.570007,270,"TX",1755,"Quercus","stellata","post oak","Plantae",501,"Open flowers",15,"2023-01-01","2023-12-31",2023-04-03,93,2023-03-27,7,1,0
"onset",358092,57092,33.402458,-97.570007,270,"TX",1755,"Quercus","stellata","post oak","Plantae",501,"Open flowers",17,"2025-01-01","2025-12-31",2025-04-07,97,2025-03-17,21,1,0
"onset",358093,57092,33.402458,-97.570007,270,"TX",1755,"Quercus","stellata","post oak","Plantae",371,"Breaking leaf buds",10,"2018-01-01","2018-12-31",2018-03-26,85,2018-03-19,7,2,0
"onset",358093,57092,33.402458,-97.570007,270,"TX",1755,"Quercus","stellata","post oak","Plantae",371,"Breaking leaf buds",11,"2019-01-01","2019-12-31",2019-03-26,85,2019-03-20,6,1,0
"onset",358093,57092,33.402458,-97.570007,270,"TX",1755,"Quercus","stellata","post oak","Plantae",371,"Breaking leaf buds",13,"2021-01-01","2021-12-31",2021-04-08,98,2021-04-01,7,1,0
"onset",358093,57092,33.402458,-97.570007,270,"TX",1755,"Quercus","stellata","post oak","Plantae",371,"Breaking leaf buds",14,"2022-01-01","2022-12-31",2022-03-01,60,2022-02-16,13,1,0
"onset",358093,57092,33.402458,-97.570007,270,"TX",1755,"Quercus","stellata","post oak","Plantae",371,"Breaking leaf buds",15,"2023-01-01","2023-12-31",2023-03-06,65,2023-02-28,6,2,0
"onset",358093,57092,33.402458,-97.570007,270,"TX",1755,"Quercus","stellata","post oak","Plantae",371,"Breaking leaf buds",16,"2024-01-01","2024-12-31",2024-03-25,85,2024-03-18,7,2,0
"onset",358093,57092,33.402458,-97.570007,270,"TX",1755,"Quercus","stellata","post oak","Plantae",371,"Breaking leaf buds",17,"2025-01-01","2025-12-31",2025-04-07,97,2025-03-17,21,1,0
"onset",358093,57092,33.402458,-97.570007,270,"TX",1755,"Quercus","stellata","post oak","Plantae",501,"Open flowers",10,"2018-01-01","2018-12-31",2018-04-16,106,2018-04-10,6,5,0
"onset",358093,57092,33.402458,-97.570007,270,"TX",1755,"Quercus","stellata","post oak","Plantae",501,"Open flowers",11,"2019-01-01","2019-12-31",2019-04-08,98,2019-04-01,7,2,0
"onset",358093,57092,33.402458,-97.570007,270,"TX",1755,"Quercus","stellata","post oak","Plantae",501,"Open flowers",13,"2021-01-01","2021-12-31",2021-04-08,98,2021-04-01,7,1,0
"onset",358093,57092,33.402458,-97.570007,270,"TX",1755,"Quercus","stellata","post oak","Plantae",501,"Open flowers",14,"2022-01-01","2022-12-31",2022-04-18,108,2022-04-11,7,2,0
"onset",358093,57092,33.402458,-97.570007,270,"TX",1755,"Quercus","stellata","post oak","Plantae",501,"Open flowers",15,"2023-01-01","2023-12-31",2023-04-03,93,2023-03-27,7,1,0
"onset",358093,57092,33.402458,-97.570007,270,"TX",1755,"Quercus","stellata","post oak","Plantae",501,"Open flowers",17,"2025-01-01","2025-12-31",2025-04-07,97,2025-03-17,21,1,0
"onset",358094,57092,33.402458,-97.570007,270,"TX",1755,"Quercus","stellata","post oak","Plantae",371,"Breaking leaf buds",10,"2018-01-01","2018-12-31",2018-03-26,85,2018-03-19,7,1,0
"onset",358094,57092,33.402458,-97.570007,270,"TX",1755,"Quercus","stellata","post oak","Plantae",371,"Breaking leaf buds",11,"2019-01-01","2019-12-31",2019-03-26,85,2019-03-20,6,1,0
"onset",358094,57092,33.402458,-97.570007,270,"TX",1755,"Quercus","stellata","post oak","Plantae",371,"Breaking leaf buds",12,"2020-01-01","2020-12-31",2020-03-02,62,2020-02-24,7,1,0
"onset",358094,57092,33.402458,-97.570007,270,"TX",1755,"Quercus","stellata","post oak","Plantae",371,"Breaking leaf buds",13,"2021-01-01","2021-12-31",2021-04-01,91,2021-03-26,6,1,0
"onset",358094,57092,33.402458,-97.570007,270,"TX",1755,"Quercus","stellata","post oak","Plantae",371,"Breaking leaf buds",14,"2022-01-01","2022-12-31",2022-03-09,68,2022-03-01,8,1,0
"onset",358094,57092,33.402458,-97.570007,270,"TX",1755,"Quercus","stellata","post oak","Plantae",371,"Breaking leaf buds",15,"2023-01-01","2023-12-31",2023-03-06,65,2023-02-28,6,1,0
"onset",358094,57092,33.402458,-97.570007,270,"TX",1755,"Quercus","stellata","post oak","Plantae",371,"Breaking leaf buds",16,"2024-01-01","2024-12-31",2024-03-25,85,2024-03-18,7,1,0
"onset",358094,57092,33.402458,-97.570007,270,"TX",1755,"Quercus","stellata","post oak","Plantae",371,"Breaking leaf buds",17,"2025-01-01","2025-12-31",2025-04-07,97,2025-03-17,21,1,0
"onset",358094,57092,33.402458,-97.570007,270,"TX",1755,"Quercus","stellata","post oak","Plantae",501,"Open flowers",10,"2018-01-01","2018-12-31",2018-04-16,106,2018-04-10,6,3,0
"onset",358094,57092,33.402458,-97.570007,270,"TX",1755,"Quercus","stellata","post oak","Plantae",501,"Open flowers",11,"2019-01-01","2019-12-31",2019-04-08,98,2019-04-01,7,2,0
"onset",358094,57092,33.402458,-97.570007,270,"TX",1755,"Quercus","stellata","post oak","Plantae",501,"Open flowers",13,"2021-01-01","2021-12-31",2021-04-08,98,2021-04-01,7,1,0
"onset",358094,57092,33.402458,-97.570007,270,"TX",1755,"Quercus","stellata","post oak","Plantae",501,"Open flowers",15,"2023-01-01","2023-12-31",2023-04-03,93,2023-03-27,7,1,0
"onset",358094,57092,33.402458,-97.570007,270,"TX",1755,"Quercus","stellata","post oak","Plantae",501,"Open flowers",17,"2025-01-01","2025-12-31",2025-04-07,97,2025-03-17,21,1,0
"onset",358095,57091,33.398136,-97.569969,267,"TX",1755,"Quercus","stellata","post oak","Plantae",371,"Breaking leaf buds",11,"2019-01-01","2019-12-31",2019-04-01,91,2019-03-26,6,1,0
"onset",358095,57091,33.398136,-97.569969,267,"TX",1755,"Quercus","stellata","post oak","Plantae",371,"Breaking leaf buds",12,"2020-01-01","2020-12-31",2020-03-11,71,2020-03-02,9,1,0
"onset",358095,57091,33.398136,-97.569969,267,"TX",1755,"Quercus","stellata","post oak","Plantae",371,"Breaking leaf buds",13,"2021-01-01","2021-12-31",2021-04-01,91,2021-03-26,6,1,0
"onset",358095,57091,33.398136,-97.569969,267,"TX",1755,"Quercus","stellata","post oak","Plantae",371,"Breaking leaf buds",14,"2022-01-01","2022-12-31",2022-03-09,68,2022-03-01,8,1,0
"onset",358095,57091,33.398136,-97.569969,267,"TX",1755,"Quercus","stellata","post oak","Plantae",371,"Breaking leaf buds",15,"2023-01-01","2023-12-31",2023-02-28,59,2023-02-20,8,1,0
"onset",358095,57091,33.398136,-97.569969,267,"TX",1755,"Quercus","stellata","post oak","Plantae",371,"Breaking leaf buds",16,"2024-01-01","2024-12-31",2024-03-25,85,2024-03-18,7,1,0
"onset",358095,57091,33.398136,-97.569969,267,"TX",1755,"Quercus","stellata","post oak","Plantae",371,"Breaking leaf buds",17,"2025-01-01","2025-12-31",2025-04-07,97,2025-03-17,21,1,0
"onset",358095,57091,33.398136,-97.569969,267,"TX",1755,"Quercus","stellata","post oak","Plantae",501,"Open flowers",10,"2018-01-01","2018-12-31",2018-06-18,169,2018-06-12,6,3,0
"onset",358095,57091,33.398136,-97.569969,267,"TX",1755,"Quercus","stellata","post oak","Plantae",501,"Open flowers",11,"2019-01-01","2019-12-31",2019-04-08,98,2019-04-01,7,2,0
"onset",358095,57091,33.398136,-97.569969,267,"TX",1755,"Quercus","stellata","post oak","Plantae",501,"Open flowers",13,"2021-01-01","2021-12-31",2021-04-08,98,2021-04-01,7,1,0
"onset",358095,57091,33.398136,-97.569969,267,"TX",1755,"Quercus","stellata","post oak","Plantae",501,"Open flowers",14,"2022-01-01","2022-12-31",2022-04-04,94,2022-03-29,6,1,0
"onset",358095,57091,33.398136,-97.569969,267,"TX",1755,"Quercus","stellata","post oak","Plantae",501,"Open flowers",15,"2023-01-01","2023-12-31",2023-03-27,86,2023-03-20,7,1,0
"onset",358095,57091,33.398136,-97.569969,267,"TX",1755,"Quercus","stellata","post oak","Plantae",501,"Open flowers",17,"2025-01-01","2025-12-31",2025-04-07,97,2025-03-17,21,1,0
"onset",358096,57091,33.398136,-97.569969,267,"TX",1755,"Quercus","stellata","post oak","Plantae",371,"Breaking leaf buds",11,"2019-01-01","2019-12-31",2019-03-26,85,2019-03-20,6,1,0
"onset",358096,57091,33.398136,-97.569969,267,"TX",1755,"Quercus","stellata","post oak","Plantae",371,"Breaking leaf buds",12,"2020-01-01","2020-12-31",2020-03-11,71,2020-03-02,9,1,0
"onset",358096,57091,33.398136,-97.569969,267,"TX",1755,"Quercus","stellata","post oak","Plantae",371,"Breaking leaf buds",13,"2021-01-01","2021-12-31",2021-04-08,98,2021-04-01,7,1,0
"onset",358096,57091,33.398136,-97.569969,267,"TX",1755,"Quercus","stellata","post oak","Plantae",371,"Breaking leaf buds",14,"2022-01-01","2022-12-31",2022-03-09,68,2022-03-01,8,1,0
"onset",358096,57091,33.398136,-97.569969,267,"TX",1755,"Quercus","stellata","post oak","Plantae",501,"Open flowers",10,"2018-01-01","2018-12-31",2018-06-12,163,2018-06-06,6,2,0
"onset",358096,57091,33.398136,-97.569969,267,"TX",1755,"Quercus","stellata","post oak","Plantae",501,"Open flowers",11,"2019-01-01","2019-12-31",2019-04-08,98,2019-04-01,7,2,0
"onset",358096,57091,33.398136,-97.569969,267,"TX",1755,"Quercus","stellata","post oak","Plantae",501,"Open flowers",13,"2021-01-01","2021-12-31",2021-04-21,111,2021-04-08,13,1,0
"onset",358096,57091,33.398136,-97.569969,267,"TX",1755,"Quercus","stellata","post oak","Plantae",501,"Open flowers",14,"2022-01-01","2022-12-31",2022-04-11,101,2022-04-04,7,1,0
"onset",358104,57091,33.398136,-97.569969,267,"TX",1755,"Quercus","stellata","post oak","Plantae",371,"Breaking leaf buds",11,"2019-01-01","2019-12-31",2019-03-26,85,2019-03-20,6,1,0
"onset",358104,57091,33.398136,-97.569969,267,"TX",1755,"Quercus","stellata","post oak","Plantae",371,"Breaking leaf buds",12,"2020-01-01","2020-12-31",2020-03-11,71,2020-03-02,9,1,0
"onset",358104,57091,33.398136,-97.569969,267,"TX",1755,"Quercus","stellata","post oak","Plantae",371,"Breaking leaf buds",13,"2021-01-01","2021-12-31",2021-04-01,91,2021-03-26,6,2,0
"onset",358104,57091,33.398136,-97.569969,267,"TX",1755,"Quercus","stellata","post oak","Plantae",371,"Breaking leaf buds",14,"2022-01-01","2022-12-31",2022-03-09,68,2022-03-01,8,1,0
"onset",358104,57091,33.398136,-97.569969,267,"TX",1755,"Quercus","stellata","post oak","Plantae",501,"Open flowers",10,"2018-01-01","2018-12-31",2018-07-02,183,2018-06-26,6,2,0
"onset",358104,57091,33.398136,-97.569969,267,"TX",1755,"Quercus","stellata","post oak","Plantae",501,"Open flowers",11,"2019-01-01","2019-12-31",2019-04-08,98,2019-04-01,7,2,0
"onset",358104,57091,33.398136,-97.569969,267,"TX",1755,"Quercus","stellata","post oak","Plantae",501,"Open flowers",13,"2021-01-01","2021-12-31",2021-04-08,98,2021-04-01,7,1,0
"onset",358104,57091,33.398136,-97.569969,267,"TX",1755,"Quercus","stellata","post oak","Plantae",501,"Open flowers",14,"2022-01-01","2022-12-31",2022-04-04,94,2022-03-29,6,1,0
"onset",358107,57091,33.398136,-97.569969,267,"TX",1755,"Quercus","stellata","post oak","Plantae",371,"Breaking leaf buds",11,"2019-01-01","2019-12-31",2019-03-26,85,2019-03-20,6,1,0
"onset",358107,57091,33.398136,-97.569969,267,"TX",1755,"Quercus","stellata","post oak","Plantae",371,"Breaking leaf buds",12,"2020-01-01","2020-12-31",2020-03-11,71,2020-03-02,9,1,0
"onset",358107,57091,33.398136,-97.569969,267,"TX",1755,"Quercus","stellata","post oak","Plantae",371,"Breaking leaf buds",13,"2021-01-01","2021-12-31",2021-04-01,91,2021-03-26,6,1,0
"onset",358107,57091,33.398136,-97.569969,267,"TX",1755,"Quercus","stellata","post oak","Plantae",371,"Breaking leaf buds",14,"2022-01-01","2022-12-31",2022-03-09,68,2022-03-01,8,1,0
"onset",358107,57091,33.398136,-97.569969,267,"TX",1755,"Quercus","stellata","post oak","Plantae",501,"Open flowers",10,"2018-01-01","2018-12-31",2018-08-06,218,2018-07-31,6,1,0
"onset",358107,57091,33.398136,-97.569969,267,"TX",1755,"Quercus","stellata","post oak","Plantae",501,"Open flowers",11,"2019-01-01","2019-12-31",2019-04-08,98,2019-04-01,7,2,0
"onset",358107,57091,33.398136,-97.569969,267,"TX",1755,"Quercus","stellata","post oak","Plantae",501,"Open flowers",13,"2021-01-01","2021-12-31",2021-04-01,91,2021-03-26,6,1,0
"onset",358107,57091,33.398136,-97.569969,267,"TX",1755,"Quercus","stellata","post oak","Plantae",501,"Open flowers",14,"2022-01-01","2022-12-31",2022-04-04,94,2022-03-29,6,2,0
"onset",358108,57091,33.398136,-97.569969,267,"TX",1755,"Quercus","stellata","post oak","Plantae",371,"Breaking leaf buds",11,"2019-01-01","2019-12-31",2019-03-26,85,2019-03-20,6,1,0
"onset",358108,57091,33.398136,-97.569969,267,"TX",1755,"Quercus","stellata","post oak","Plantae",371,"Breaking leaf buds",12,"2020-01-01","2020-12-31",2020-03-11,71,2020-03-02,9,1,0
"onset",358108,57091,33.398136,-97.569969,267,"TX",1755,"Quercus","stellata","post oak","Plantae",371,"Breaking leaf buds",13,"2021-01-01","2021-12-31",2021-04-01,91,2021-03-26,6,1,0
"onset",358108,57091,33.398136,-97.569969,267,"TX",1755,"Quercus","stellata","post oak","Plantae",371,"Breaking leaf buds",14,"2022-01-01","2022-12-31",2022-03-01,60,2022-02-16,13,1,0
"onset",358108,57091,33.398136,-97.569969,267,"TX",1755,"Quercus","stellata","post oak","Plantae",501,"Open flowers",10,"2018-01-01","2018-12-31",2018-06-12,163,2018-06-06,6,1,0
"onset",358108,57091,33.398136,-97.569969,267,"TX",1755,"Quercus","stellata","post oak","Plantae",501,"Open flowers",11,"2019-01-01","2019-12-31",2019-04-08,98,2019-04-01,7,2,0
"onset",358108,57091,33.398136,-97.569969,267,"TX",1755,"Quercus","stellata","post oak","Plantae",501,"Open flowers",13,"2021-01-01","2021-12-31",2021-04-01,91,2021-03-26,6,1,0
"onset",358108,57091,33.398136,-97.569969,267,"TX",1755,"Quercus","stellata","post oak","Plantae",501,"Open flowers",14,"2022-01-01","2022-12-31",2022-03-29,88,2022-03-23,6,1,0
"onset",358109,57091,33.398136,-97.569969,267,"TX",1755,"Quercus","stellata","post oak","Plantae",371,"Breaking leaf buds",11,"2019-01-01","2019-12-31",2019-04-01,91,2019-03-26,6,1,0
"onset",358109,57091,33.398136,-97.569969,267,"TX",1755,"Quercus","stellata","post oak","Plantae",371,"Breaking leaf buds",12,"2020-01-01","2020-12-31",2020-03-11,71,2020-03-02,9,1,0
"onset",358109,57091,33.398136,-97.569969,267,"TX",1755,"Quercus","stellata","post oak","Plantae",371,"Breaking leaf buds",13,"2021-01-01","2021-12-31",2021-04-08,98,2021-04-01,7,1,0
"onset",358109,57091,33.398136,-97.569969,267,"TX",1755,"Quercus","stellata","post oak","Plantae",371,"Breaking leaf buds",14,"2022-01-01","2022-12-31",2022-03-15,74,2022-03-09,6,1,0
"onset",358109,57091,33.398136,-97.569969,267,"TX",1755,"Quercus","stellata","post oak","Plantae",501,"Open flowers",10,"2018-01-01","2018-12-31",2018-06-18,169,2018-06-12,6,4,0
"onset",358109,57091,33.398136,-97.569969,267,"TX",1755,"Quercus","stellata","post oak","Plantae",501,"Open flowers",11,"2019-01-01","2019-12-31",2019-04-08,98,2019-04-01,7,2,0
"onset",358109,57091,33.398136,-97.569969,267,"TX",1755,"Quercus","stellata","post oak","Plantae",501,"Open flowers",13,"2021-01-01","2021-12-31",2021-04-08,98,2021-04-01,7,1,0
"onset",358109,57091,33.398136,-97.569969,267,"TX",1755,"Quercus","stellata","post oak","Plantae",501,"Open flowers",14,"2022-01-01","2022-12-31",2022-04-18,108,2022-04-11,7,1,0
"onset",358110,57091,33.398136,-97.569969,267,"TX",1755,"Quercus","stellata","post oak","Plantae",371,"Breaking leaf buds",11,"2019-01-01","2019-12-31",2019-03-26,85,2019-03-20,6,1,0
"onset",358110,57091,33.398136,-97.569969,267,"TX",1755,"Quercus","stellata","post oak","Plantae",371,"Breaking leaf buds",12,"2020-01-01","2020-12-31",2020-03-11,71,2020-03-02,9,1,0
"onset",358110,57091,33.398136,-97.569969,267,"TX",1755,"Quercus","stellata","post oak","Plantae",371,"Breaking leaf buds",13,"2021-01-01","2021-12-31",2021-04-08,98,2021-04-01,7,2,0
"onset",358110,57091,33.398136,-97.569969,267,"TX",1755,"Quercus","stellata","post oak","Plantae",371,"Breaking leaf buds",14,"2022-01-01","2022-12-31",2022-03-15,74,2022-03-09,6,1,0
"onset",358110,57091,33.398136,-97.569969,267,"TX",1755,"Quercus","stellata","post oak","Plantae",501,"Open flowers",10,"2018-01-01","2018-12-31",2018-06-12,163,2018-06-06,6,1,0
"onset",358110,57091,33.398136,-97.569969,267,"TX",1755,"Quercus","stellata","post oak","Plantae",501,"Open flowers",11,"2019-01-01","2019-12-31",2019-04-08,98,2019-04-01,7,2,0
"onset",358110,57091,33.398136,-97.569969,267,"TX",1755,"Quercus","stellata","post oak","Plantae",501,"Open flowers",13,"2021-01-01","2021-12-31",2021-04-08,98,2021-04-01,7,1,0
"onset",358110,57091,33.398136,-97.569969,267,"TX",1755,"Quercus","stellata","post oak","Plantae",501,"Open flowers",14,"2022-01-01","2022-12-31",2022-04-04,94,2022-03-29,6,1,0
"onset",358111,57091,33.398136,-97.569969,267,"TX",1755,"Quercus","stellata","post oak","Plantae",371,"Breaking leaf buds",11,"2019-01-01","2019-12-31",2019-03-26,85,2019-03-20,6,1,0
"onset",358111,57091,33.398136,-97.569969,267,"TX",1755,"Quercus","stellata","post oak","Plantae",371,"Breaking leaf buds",12,"2020-01-01","2020-12-31",2020-03-11,71,2020-03-02,9,1,0
"onset",358111,57091,33.398136,-97.569969,267,"TX",1755,"Quercus","stellata","post oak","Plantae",371,"Breaking leaf buds",13,"2021-01-01","2021-12-31",2021-04-01,91,2021-03-26,6,1,0
"onset",358111,57091,33.398136,-97.569969,267,"TX",1755,"Quercus","stellata","post oak","Plantae",371,"Breaking leaf buds",14,"2022-01-01","2022-12-31",2022-03-09,68,2022-03-01,8,1,0
"onset",358111,57091,33.398136,-97.569969,267,"TX",1755,"Quercus","stellata","post oak","Plantae",501,"Open flowers",11,"2019-01-01","2019-12-31",2019-04-08,98,2019-04-01,7,2,0
"onset",358111,57091,33.398136,-97.569969,267,"TX",1755,"Quercus","stellata","post oak","Plantae",501,"Open flowers",13,"2021-01-01","2021-12-31",2021-04-08,98,2021-04-01,7,1,0
"onset",358111,57091,33.398136,-97.569969,267,"TX",1755,"Quercus","stellata","post oak","Plantae",501,"Open flowers",14,"2022-01-01","2022-12-31",2022-04-11,101,2022-04-04,7,1,0
"onset",358112,57091,33.398136,-97.569969,267,"TX",1755,"Quercus","stellata","post oak","Plantae",371,"Breaking leaf buds",11,"2019-01-01","2019-12-31",2019-03-26,85,2019-03-20,6,1,0
"onset",358112,57091,33.398136,-97.569969,267,"TX",1755,"Quercus","stellata","post oak","Plantae",371,"Breaking leaf buds",12,"2020-01-01","2020-12-31",2020-03-11,71,2020-03-02,9,1,0
"onset",358112,57091,33.398136,-97.569969,267,"TX",1755,"Quercus","stellata","post oak","Plantae",371,"Breaking leaf buds",13,"2021-01-01","2021-12-31",2021-04-01,91,2021-03-26,6,1,0
"onset",358112,57091,33.398136,-97.569969,267,"TX",1755,"Quercus","stellata","post oak","Plantae",371,"Breaking leaf buds",14,"2022-01-01","2022-12-31",2022-03-09,68,2022-03-01,8,1,0
"onset",358112,57091,33.398136,-97.569969,267,"TX",1755,"Quercus","stellata","post oak","Plantae",371,"Breaking leaf buds",15,"2023-01-01","2023-12-31",2023-02-28,59,2023-02-20,8,1,0
"onset",358112,57091,33.398136,-97.569969,267,"TX",1755,"Quercus","stellata","post oak","Plantae",371,"Breaking leaf buds",16,"2024-01-01","2024-12-31",2024-03-18,78,2024-03-11,7,1,0
"onset",358112,57091,33.398136,-97.569969,267,"TX",1755,"Quercus","stellata","post oak","Plantae",371,"Breaking leaf buds",17,"2025-01-01","2025-12-31",2025-04-07,97,2025-03-17,21,1,0
"onset",358112,57091,33.398136,-97.569969,267,"TX",1755,"Quercus","stellata","post oak","Plantae",501,"Open flowers",10,"2018-01-01","2018-12-31",2018-08-06,218,2018-07-31,6,1,0
"onset",358112,57091,33.398136,-97.569969,267,"TX",1755,"Quercus","stellata","post oak","Plantae",501,"Open flowers",11,"2019-01-01","2019-12-31",2019-04-08,98,2019-04-01,7,2,0
"onset",358112,57091,33.398136,-97.569969,267,"TX",1755,"Quercus","stellata","post oak","Plantae",501,"Open flowers",13,"2021-01-01","2021-12-31",2021-04-01,91,2021-03-26,6,1,0
"onset",358112,57091,33.398136,-97.569969,267,"TX",1755,"Quercus","stellata","post oak","Plantae",501,"Open flowers",14,"2022-01-01","2022-12-31",2022-04-04,94,2022-03-29,6,1,0
"onset",358112,57091,33.398136,-97.569969,267,"TX",1755,"Quercus","stellata","post oak","Plantae",501,"Open flowers",15,"2023-01-01","2023-12-31",2023-03-27,86,2023-03-20,7,1,0
"onset",358112,57091,33.398136,-97.569969,267,"TX",1755,"Quercus","stellata","post oak","Plantae",501,"Open flowers",16,"2024-01-01","2024-12-31",2024-04-01,92,2024-03-25,7,1,0
"onset",358112,57091,33.398136,-97.569969,267,"TX",1755,"Quercus","stellata","post oak","Plantae",501,"Open flowers",17,"2025-01-01","2025-12-31",2025-04-07,97,2025-03-17,21,1,0
"onset",358123,57091,33.398136,-97.569969,267,"TX",1755,"Quercus","stellata","post oak","Plantae",371,"Breaking leaf buds",11,"2019-01-01","2019-12-31",2019-03-26,85,2019-03-20,6,1,0
"onset",358123,57091,33.398136,-97.569969,267,"TX",1755,"Quercus","stellata","post oak","Plantae",371,"Breaking leaf buds",13,"2021-01-01","2021-12-31",2021-04-08,98,2021-04-01,7,1,0
"onset",358123,57091,33.398136,-97.569969,267,"TX",1755,"Quercus","stellata","post oak","Plantae",371,"Breaking leaf buds",14,"2022-01-01","2022-12-31",2022-03-09,68,2022-03-01,8,1,0
"onset",358123,57091,33.398136,-97.569969,267,"TX",1755,"Quercus","stellata","post oak","Plantae",501,"Open flowers",10,"2018-01-01","2018-12-31",2018-06-12,163,2018-06-06,6,2,0
"onset",358123,57091,33.398136,-97.569969,267,"TX",1755,"Quercus","stellata","post oak","Plantae",501,"Open flowers",11,"2019-01-01","2019-12-31",2019-04-08,98,2019-04-01,7,2,0
"onset",358123,57091,33.398136,-97.569969,267,"TX",1755,"Quercus","stellata","post oak","Plantae",501,"Open flowers",13,"2021-01-01","2021-12-31",2021-04-01,91,2021-03-26,6,1,0
"onset",358123,57091,33.398136,-97.569969,267,"TX",1755,"Quercus","stellata","post oak","Plantae",501,"Open flowers",14,"2022-01-01","2022-12-31",2022-04-11,101,2022-04-04,7,1,0
"onset",358129,57091,33.398136,-97.569969,267,"TX",1755,"Quercus","stellata","post oak","Plantae",371,"Breaking leaf buds",11,"2019-01-01","2019-12-31",2019-04-01,91,2019-03-26,6,1,0
"onset",358129,57091,33.398136,-97.569969,267,"TX",1755,"Quercus","stellata","post oak","Plantae",371,"Breaking leaf buds",12,"2020-01-01","2020-12-31",2020-03-11,71,2020-03-02,9,1,0
"onset",358129,57091,33.398136,-97.569969,267,"TX",1755,"Quercus","stellata","post oak","Plantae",371,"Breaking leaf buds",13,"2021-01-01","2021-12-31",2021-04-08,98,2021-04-01,7,1,0
"onset",358129,57091,33.398136,-97.569969,267,"TX",1755,"Quercus","stellata","post oak","Plantae",371,"Breaking leaf buds",14,"2022-01-01","2022-12-31",2022-03-09,68,2022-03-01,8,1,0
"onset",358129,57091,33.398136,-97.569969,267,"TX",1755,"Quercus","stellata","post oak","Plantae",501,"Open flowers",10,"2018-01-01","2018-12-31",2018-06-18,169,2018-06-12,6,2,0
"onset",358129,57091,33.398136,-97.569969,267,"TX",1755,"Quercus","stellata","post oak","Plantae",501,"Open flowers",11,"2019-01-01","2019-12-31",2019-04-08,98,2019-04-01,7,2,0
"onset",358129,57091,33.398136,-97.569969,267,"TX",1755,"Quercus","stellata","post oak","Plantae",501,"Open flowers",13,"2021-01-01","2021-12-31",2021-04-08,98,2021-04-01,7,1,0
"onset",358129,57091,33.398136,-97.569969,267,"TX",1755,"Quercus","stellata","post oak","Plantae",501,"Open flowers",14,"2022-01-01","2022-12-31",2022-04-18,108,2022-04-11,7,1,0
"onset",358130,57091,33.398136,-97.569969,267,"TX",1755,"Quercus","stellata","post oak","Plantae",371,"Breaking leaf buds",11,"2019-01-01","2019-12-31",2019-04-01,91,2019-03-26,6,1,0
"onset",358130,57091,33.398136,-97.569969,267,"TX",1755,"Quercus","stellata","post oak","Plantae",371,"Breaking leaf buds",12,"2020-01-01","2020-12-31",2020-03-11,71,2020-03-02,9,1,0
"onset",358130,57091,33.398136,-97.569969,267,"TX",1755,"Quercus","stellata","post oak","Plantae",371,"Breaking leaf buds",13,"2021-01-01","2021-12-31",2021-04-21,111,2021-04-08,13,1,0
"onset",358130,57091,33.398136,-97.569969,267,"TX",1755,"Quercus","stellata","post oak","Plantae",371,"Breaking leaf buds",14,"2022-01-01","2022-12-31",2022-03-01,60,2022-02-16,13,1,0
"onset",358130,57091,33.398136,-97.569969,267,"TX",1755,"Quercus","stellata","post oak","Plantae",501,"Open flowers",11,"2019-01-01","2019-12-31",2019-05-07,127,2019-05-01,6,1,0
"onset",358130,57091,33.398136,-97.569969,267,"TX",1755,"Quercus","stellata","post oak","Plantae",501,"Open flowers",14,"2022-01-01","2022-12-31",2022-05-02,122,2022-04-25,7,1,0
"onset",358132,57091,33.398136,-97.569969,267,"TX",1755,"Quercus","stellata","post oak","Plantae",371,"Breaking leaf buds",11,"2019-01-01","2019-12-31",2019-03-26,85,2019-03-20,6,1,0
"onset",358132,57091,33.398136,-97.569969,267,"TX",1755,"Quercus","stellata","post oak","Plantae",371,"Breaking leaf buds",12,"2020-01-01","2020-12-31",2020-03-11,71,2020-03-02,9,1,0
"onset",358132,57091,33.398136,-97.569969,267,"TX",1755,"Quercus","stellata","post oak","Plantae",371,"Breaking leaf buds",13,"2021-01-01","2021-12-31",2021-04-01,91,2021-03-26,6,2,0
"onset",358132,57091,33.398136,-97.569969,267,"TX",1755,"Quercus","stellata","post oak","Plantae",371,"Breaking leaf buds",14,"2022-01-01","2022-12-31",2022-03-09,68,2022-03-01,8,1,0
"onset",358132,57091,33.398136,-97.569969,267,"TX",1755,"Quercus","stellata","post oak","Plantae",371,"Breaking leaf buds",15,"2023-01-01","2023-12-31",2023-02-28,59,2023-02-20,8,1,0
"onset",358132,57091,33.398136,-97.569969,267,"TX",1755,"Quercus","stellata","post oak","Plantae",371,"Breaking leaf buds",16,"2024-01-01","2024-12-31",2024-03-25,85,2024-03-18,7,1,0
"onset",358132,57091,33.398136,-97.569969,267,"TX",1755,"Quercus","stellata","post oak","Plantae",371,"Breaking leaf buds",17,"2025-01-01","2025-12-31",2025-04-07,97,2025-03-17,21,1,0
"onset",358132,57091,33.398136,-97.569969,267,"TX",1755,"Quercus","stellata","post oak","Plantae",501,"Open flowers",10,"2018-01-01","2018-12-31",2018-07-09,190,2018-07-02,7,2,0
"onset",358132,57091,33.398136,-97.569969,267,"TX",1755,"Quercus","stellata","post oak","Plantae",501,"Open flowers",11,"2019-01-01","2019-12-31",2019-04-08,98,2019-04-01,7,2,0
"onset",358132,57091,33.398136,-97.569969,267,"TX",1755,"Quercus","stellata","post oak","Plantae",501,"Open flowers",14,"2022-01-01","2022-12-31",2022-04-04,94,2022-03-29,6,2,0
"onset",358132,57091,33.398136,-97.569969,267,"TX",1755,"Quercus","stellata","post oak","Plantae",501,"Open flowers",15,"2023-01-01","2023-12-31",2023-04-03,93,2023-03-27,7,1,0
"onset",358132,57091,33.398136,-97.569969,267,"TX",1755,"Quercus","stellata","post oak","Plantae",501,"Open flowers",17,"2025-01-01","2025-12-31",2025-04-07,97,2025-03-17,21,1,0
"onset",358133,57091,33.398136,-97.569969,267,"TX",1755,"Quercus","stellata","post oak","Plantae",371,"Breaking leaf buds",11,"2019-01-01","2019-12-31",2019-03-26,85,2019-03-20,6,1,0
"onset",358133,57091,33.398136,-97.569969,267,"TX",1755,"Quercus","stellata","post oak","Plantae",371,"Breaking leaf buds",12,"2020-01-01","2020-12-31",2020-03-11,71,2020-03-02,9,1,0
"onset",358133,57091,33.398136,-97.569969,267,"TX",1755,"Quercus","stellata","post oak","Plantae",371,"Breaking leaf buds",13,"2021-01-01","2021-12-31",2021-04-01,91,2021-03-26,6,1,0
"onset",358133,57091,33.398136,-97.569969,267,"TX",1755,"Quercus","stellata","post oak","Plantae",371,"Breaking leaf buds",14,"2022-01-01","2022-12-31",2022-03-09,68,2022-03-01,8,1,0
"onset",358133,57091,33.398136,-97.569969,267,"TX",1755,"Quercus","stellata","post oak","Plantae",501,"Open flowers",10,"2018-01-01","2018-12-31",2018-08-06,218,2018-07-31,6,2,0
"onset",358133,57091,33.398136,-97.569969,267,"TX",1755,"Quercus","stellata","post oak","Plantae",501,"Open flowers",11,"2019-01-01","2019-12-31",2019-04-08,98,2019-04-01,7,2,0
"onset",358133,57091,33.398136,-97.569969,267,"TX",1755,"Quercus","stellata","post oak","Plantae",501,"Open flowers",13,"2021-01-01","2021-12-31",2021-04-08,98,2021-04-01,7,1,0
"onset",358133,57091,33.398136,-97.569969,267,"TX",1755,"Quercus","stellata","post oak","Plantae",501,"Open flowers",14,"2022-01-01","2022-12-31",2022-04-11,101,2022-04-04,7,2,0
"onset",358135,57091,33.398136,-97.569969,267,"TX",1755,"Quercus","stellata","post oak","Plantae",371,"Breaking leaf buds",11,"2019-01-01","2019-12-31",2019-03-26,85,2019-03-20,6,1,0
"onset",358135,57091,33.398136,-97.569969,267,"TX",1755,"Quercus","stellata","post oak","Plantae",371,"Breaking leaf buds",13,"2021-01-01","2021-12-31",2021-04-01,91,2021-03-26,6,1,0
"onset",358135,57091,33.398136,-97.569969,267,"TX",1755,"Quercus","stellata","post oak","Plantae",371,"Breaking leaf buds",14,"2022-01-01","2022-12-31",2022-03-09,68,2022-03-01,8,1,0
"onset",358135,57091,33.398136,-97.569969,267,"TX",1755,"Quercus","stellata","post oak","Plantae",501,"Open flowers",10,"2018-01-01","2018-12-31",2018-08-06,218,2018-07-31,6,1,0
"onset",358135,57091,33.398136,-97.569969,267,"TX",1755,"Quercus","stellata","post oak","Plantae",501,"Open flowers",11,"2019-01-01","2019-12-31",2019-04-08,98,2019-04-01,7,2,0
"onset",358135,57091,33.398136,-97.569969,267,"TX",1755,"Quercus","stellata","post oak","Plantae",501,"Open flowers",13,"2021-01-01","2021-12-31",2021-04-01,91,2021-03-26,6,1,0
"onset",358135,57091,33.398136,-97.569969,267,"TX",1755,"Quercus","stellata","post oak","Plantae",501,"Open flowers",14,"2022-01-01","2022-12-31",2022-04-04,94,2022-03-29,6,1,0
"onset",358137,57091,33.398136,-97.569969,267,"TX",1755,"Quercus","stellata","post oak","Plantae",371,"Breaking leaf buds",10,"2018-01-01","2018-12-31",2018-05-30,150,2018-05-22,8,1,0
"onset",358137,57091,33.398136,-97.569969,267,"TX",1755,"Quercus","stellata","post oak","Plantae",371,"Breaking leaf buds",11,"2019-01-01","2019-12-31",2019-03-26,85,2019-03-20,6,1,0
"onset",358137,57091,33.398136,-97.569969,267,"TX",1755,"Quercus","stellata","post oak","Plantae",371,"Breaking leaf buds",12,"2020-01-01","2020-12-31",2020-03-11,71,2020-03-02,9,1,0
"onset",358137,57091,33.398136,-97.569969,267,"TX",1755,"Quercus","stellata","post oak","Plantae",371,"Breaking leaf buds",13,"2021-01-01","2021-12-31",2021-04-08,98,2021-04-01,7,1,0
"onset",358137,57091,33.398136,-97.569969,267,"TX",1755,"Quercus","stellata","post oak","Plantae",371,"Breaking leaf buds",14,"2022-01-01","2022-12-31",2022-03-09,68,2022-03-01,8,1,0
"onset",358137,57091,33.398136,-97.569969,267,"TX",1755,"Quercus","stellata","post oak","Plantae",501,"Open flowers",10,"2018-01-01","2018-12-31",2018-07-23,204,2018-07-16,7,2,0
"onset",358137,57091,33.398136,-97.569969,267,"TX",1755,"Quercus","stellata","post oak","Plantae",501,"Open flowers",11,"2019-01-01","2019-12-31",2019-04-08,98,2019-04-01,7,2,0
"onset",358137,57091,33.398136,-97.569969,267,"TX",1755,"Quercus","stellata","post oak","Plantae",501,"Open flowers",13,"2021-01-01","2021-12-31",2021-04-08,98,2021-04-01,7,1,0
"onset",358137,57091,33.398136,-97.569969,267,"TX",1755,"Quercus","stellata","post oak","Plantae",501,"Open flowers",14,"2022-01-01","2022-12-31",2022-04-04,94,2022-03-29,6,1,0
"onset",358139,57091,33.398136,-97.569969,267,"TX",1755,"Quercus","stellata","post oak","Plantae",371,"Breaking leaf buds",11,"2019-01-01","2019-12-31",2019-04-01,91,2019-03-26,6,1,0
"onset",358139,57091,33.398136,-97.569969,267,"TX",1755,"Quercus","stellata","post oak","Plantae",371,"Breaking leaf buds",12,"2020-01-01","2020-12-31",2020-03-11,71,2020-03-02,9,1,0
"onset",358139,57091,33.398136,-97.569969,267,"TX",1755,"Quercus","stellata","post oak","Plantae",371,"Breaking leaf buds",13,"2021-01-01","2021-12-31",2021-04-01,91,2021-03-26,6,1,0
"onset",358139,57091,33.398136,-97.569969,267,"TX",1755,"Quercus","stellata","post oak","Plantae",371,"Breaking leaf buds",14,"2022-01-01","2022-12-31",2022-03-09,68,2022-03-01,8,1,0
"onset",358139,57091,33.398136,-97.569969,267,"TX",1755,"Quercus","stellata","post oak","Plantae",501,"Open flowers",10,"2018-01-01","2018-12-31",2018-07-02,183,2018-06-26,6,2,0
"onset",358139,57091,33.398136,-97.569969,267,"TX",1755,"Quercus","stellata","post oak","Plantae",501,"Open flowers",11,"2019-01-01","2019-12-31",2019-04-08,98,2019-04-01,7,2,0
"onset",358139,57091,33.398136,-97.569969,267,"TX",1755,"Quercus","stellata","post oak","Plantae",501,"Open flowers",13,"2021-01-01","2021-12-31",2021-04-08,98,2021-04-01,7,1,0
"onset",358139,57091,33.398136,-97.569969,267,"TX",1755,"Quercus","stellata","post oak","Plantae",501,"Open flowers",14,"2022-01-01","2022-12-31",2022-04-04,94,2022-03-29,6,1,0
"onset",358140,57091,33.398136,-97.569969,267,"TX",1755,"Quercus","stellata","post oak","Plantae",371,"Breaking leaf buds",11,"2019-01-01","2019-12-31",2019-04-01,91,2019-03-26,6,1,0
"onset",358140,57091,33.398136,-97.569969,267,"TX",1755,"Quercus","stellata","post oak","Plantae",371,"Breaking leaf buds",12,"2020-01-01","2020-12-31",2020-03-11,71,2020-03-02,9,1,0
"onset",358140,57091,33.398136,-97.569969,267,"TX",1755,"Quercus","stellata","post oak","Plantae",371,"Breaking leaf buds",13,"2021-01-01","2021-12-31",2021-04-08,98,2021-04-01,7,1,0
"onset",358140,57091,33.398136,-97.569969,267,"TX",1755,"Quercus","stellata","post oak","Plantae",371,"Breaking leaf buds",14,"2022-01-01","2022-12-31",2022-03-15,74,2022-03-09,6,1,0
"onset",358140,57091,33.398136,-97.569969,267,"TX",1755,"Quercus","stellata","post oak","Plantae",501,"Open flowers",10,"2018-01-01","2018-12-31",2018-08-06,218,2018-07-31,6,1,0
"onset",358140,57091,33.398136,-97.569969,267,"TX",1755,"Quercus","stellata","post oak","Plantae",501,"Open flowers",11,"2019-01-01","2019-12-31",2019-04-08,98,2019-04-01,7,2,0
"onset",358140,57091,33.398136,-97.569969,267,"TX",1755,"Quercus","stellata","post oak","Plantae",501,"Open flowers",13,"2021-01-01","2021-12-31",2021-04-01,91,2021-03-26,6,1,0
"onset",358140,57091,33.398136,-97.569969,267,"TX",1755,"Quercus","stellata","post oak","Plantae",501,"Open flowers",14,"2022-01-01","2022-12-31",2022-04-04,94,2022-03-29,6,2,0
"onset",358141,57091,33.398136,-97.569969,267,"TX",1755,"Quercus","stellata","post oak","Plantae",371,"Breaking leaf buds",11,"2019-01-01","2019-12-31",2019-03-26,85,2019-03-20,6,1,0
"onset",358141,57091,33.398136,-97.569969,267,"TX",1755,"Quercus","stellata","post oak","Plantae",371,"Breaking leaf buds",12,"2020-01-01","2020-12-31",2020-03-11,71,2020-03-02,9,1,0
"onset",358141,57091,33.398136,-97.569969,267,"TX",1755,"Quercus","stellata","post oak","Plantae",371,"Breaking leaf buds",13,"2021-01-01","2021-12-31",2021-04-01,91,2021-03-26,6,2,0
"onset",358141,57091,33.398136,-97.569969,267,"TX",1755,"Quercus","stellata","post oak","Plantae",371,"Breaking leaf buds",14,"2022-01-01","2022-12-31",2022-03-01,60,2022-02-16,13,1,0
"onset",358141,57091,33.398136,-97.569969,267,"TX",1755,"Quercus","stellata","post oak","Plantae",501,"Open flowers",10,"2018-01-01","2018-12-31",2018-06-18,169,2018-06-12,6,2,0
"onset",358141,57091,33.398136,-97.569969,267,"TX",1755,"Quercus","stellata","post oak","Plantae",501,"Open flowers",11,"2019-01-01","2019-12-31",2019-04-08,98,2019-04-01,7,2,0
"onset",358141,57091,33.398136,-97.569969,267,"TX",1755,"Quercus","stellata","post oak","Plantae",501,"Open flowers",13,"2021-01-01","2021-12-31",2021-04-01,91,2021-03-26,6,1,0
"onset",358141,57091,33.398136,-97.569969,267,"TX",1755,"Quercus","stellata","post oak","Plantae",501,"Open flowers",14,"2022-01-01","2022-12-31",2022-03-29,88,2022-03-23,6,1,0
"onset",358143,57091,33.398136,-97.569969,267,"TX",1755,"Quercus","stellata","post oak","Plantae",371,"Breaking leaf buds",11,"2019-01-01","2019-12-31",2019-03-26,85,2019-03-20,6,1,0
"onset",358143,57091,33.398136,-97.569969,267,"TX",1755,"Quercus","stellata","post oak","Plantae",371,"Breaking leaf buds",12,"2020-01-01","2020-12-31",2020-03-11,71,2020-03-02,9,1,0
"onset",358143,57091,33.398136,-97.569969,267,"TX",1755,"Quercus","stellata","post oak","Plantae",371,"Breaking leaf buds",13,"2021-01-01","2021-12-31",2021-04-01,91,2021-03-26,6,2,0
"onset",358143,57091,33.398136,-97.569969,267,"TX",1755,"Quercus","stellata","post oak","Plantae",371,"Breaking leaf buds",14,"2022-01-01","2022-12-31",2022-03-09,68,2022-03-01,8,1,0
"onset",358143,57091,33.398136,-97.569969,267,"TX",1755,"Quercus","stellata","post oak","Plantae",501,"Open flowers",10,"2018-01-01","2018-12-31",2018-08-06,218,2018-07-31,6,2,0
"onset",358143,57091,33.398136,-97.569969,267,"TX",1755,"Quercus","stellata","post oak","Plantae",501,"Open flowers",11,"2019-01-01","2019-12-31",2019-04-08,98,2019-04-01,7,2,0
"onset",358143,57091,33.398136,-97.569969,267,"TX",1755,"Quercus","stellata","post oak","Plantae",501,"Open flowers",13,"2021-01-01","2021-12-31",2021-04-01,91,2021-03-26,6,1,0
"onset",358143,57091,33.398136,-97.569969,267,"TX",1755,"Quercus","stellata","post oak","Plantae",501,"Open flowers",14,"2022-01-01","2022-12-31",2022-04-11,101,2022-04-04,7,2,0
"onset",358144,57091,33.398136,-97.569969,267,"TX",1755,"Quercus","stellata","post oak","Plantae",371,"Breaking leaf buds",11,"2019-01-01","2019-12-31",2019-03-26,85,2019-03-20,6,1,0
"onset",358144,57091,33.398136,-97.569969,267,"TX",1755,"Quercus","stellata","post oak","Plantae",371,"Breaking leaf buds",12,"2020-01-01","2020-12-31",2020-03-11,71,2020-03-02,9,1,0
"onset",358144,57091,33.398136,-97.569969,267,"TX",1755,"Quercus","stellata","post oak","Plantae",371,"Breaking leaf buds",13,"2021-01-01","2021-12-31",2021-04-01,91,2021-03-26,6,1,0
"onset",358144,57091,33.398136,-97.569969,267,"TX",1755,"Quercus","stellata","post oak","Plantae",371,"Breaking leaf buds",14,"2022-01-01","2022-12-31",2022-03-01,60,2022-02-16,13,1,0
"onset",358144,57091,33.398136,-97.569969,267,"TX",1755,"Quercus","stellata","post oak","Plantae",501,"Open flowers",10,"2018-01-01","2018-12-31",2018-06-18,169,2018-06-12,6,2,0
"onset",358144,57091,33.398136,-97.569969,267,"TX",1755,"Quercus","stellata","post oak","Plantae",501,"Open flowers",11,"2019-01-01","2019-12-31",2019-04-08,98,2019-04-01,7,2,0
"onset",358144,57091,33.398136,-97.569969,267,"TX",1755,"Quercus","stellata","post oak","Plantae",501,"Open flowers",13,"2021-01-01","2021-12-31",2021-04-08,98,2021-04-01,7,1,0
"onset",358144,57091,33.398136,-97.569969,267,"TX",1755,"Quercus","stellata","post oak","Plantae",501,"Open flowers",14,"2022-01-01","2022-12-31",2022-04-04,94,2022-03-29,6,1,0
"onset",358145,57091,33.398136,-97.569969,267,"TX",1755,"Quercus","stellata","post oak","Plantae",371,"Breaking leaf buds",11,"2019-01-01","2019-12-31",2019-03-26,85,2019-03-20,6,1,0
"onset",358145,57091,33.398136,-97.569969,267,"TX",1755,"Quercus","stellata","post oak","Plantae",371,"Breaking leaf buds",12,"2020-01-01","2020-12-31",2020-03-11,71,2020-03-02,9,1,0
"onset",358145,57091,33.398136,-97.569969,267,"TX",1755,"Quercus","stellata","post oak","Plantae",371,"Breaking leaf buds",13,"2021-01-01","2021-12-31",2021-04-08,98,2021-04-01,7,1,0
"onset",358145,57091,33.398136,-97.569969,267,"TX",1755,"Quercus","stellata","post oak","Plantae",371,"Breaking leaf buds",14,"2022-01-01","2022-12-31",2022-03-01,60,2022-02-16,13,1,0
"onset",358145,57091,33.398136,-97.569969,267,"TX",1755,"Quercus","stellata","post oak","Plantae",501,"Open flowers",10,"2018-01-01","2018-12-31",2018-06-12,163,2018-06-06,6,2,0
"onset",358145,57091,33.398136,-97.569969,267,"TX",1755,"Quercus","stellata","post oak","Plantae",501,"Open flowers",11,"2019-01-01","2019-12-31",2019-04-08,98,2019-04-01,7,2,0
"onset",358145,57091,33.398136,-97.569969,267,"TX",1755,"Quercus","stellata","post oak","Plantae",501,"Open flowers",13,"2021-01-01","2021-12-31",2021-04-01,91,2021-03-26,6,1,0
"onset",358145,57091,33.398136,-97.569969,267,"TX",1755,"Quercus","stellata","post oak","Plantae",501,"Open flowers",14,"2022-01-01","2022-12-31",2022-04-04,94,2022-03-29,6,2,0
"onset",358148,57091,33.398136,-97.569969,267,"TX",1755,"Quercus","stellata","post oak","Plantae",371,"Breaking leaf buds",11,"2019-01-01","2019-12-31",2019-04-01,91,2019-03-26,6,1,0
"onset",358148,57091,33.398136,-97.569969,267,"TX",1755,"Quercus","stellata","post oak","Plantae",371,"Breaking leaf buds",12,"2020-01-01","2020-12-31",2020-03-11,71,2020-03-02,9,1,0
"onset",358148,57091,33.398136,-97.569969,267,"TX",1755,"Quercus","stellata","post oak","Plantae",371,"Breaking leaf buds",13,"2021-01-01","2021-12-31",2021-04-08,98,2021-04-01,7,1,0
"onset",358148,57091,33.398136,-97.569969,267,"TX",1755,"Quercus","stellata","post oak","Plantae",371,"Breaking leaf buds",14,"2022-01-01","2022-12-31",2022-03-01,60,2022-02-16,13,1,0
"onset",358148,57091,33.398136,-97.569969,267,"TX",1755,"Quercus","stellata","post oak","Plantae",501,"Open flowers",10,"2018-01-01","2018-12-31",2018-06-18,169,2018-06-12,6,2,0
"onset",358148,57091,33.398136,-97.569969,267,"TX",1755,"Quercus","stellata","post oak","Plantae",501,"Open flowers",11,"2019-01-01","2019-12-31",2019-04-16,106,2019-04-08,8,2,0
"onset",358148,57091,33.398136,-97.569969,267,"TX",1755,"Quercus","stellata","post oak","Plantae",501,"Open flowers",14,"2022-01-01","2022-12-31",2022-04-18,108,2022-04-11,7,1,0
"onset",358149,57091,33.398136,-97.569969,267,"TX",1755,"Quercus","stellata","post oak","Plantae",371,"Breaking leaf buds",11,"2019-01-01","2019-12-31",2019-04-01,91,2019-03-26,6,2,0
"onset",358149,57091,33.398136,-97.569969,267,"TX",1755,"Quercus","stellata","post oak","Plantae",371,"Breaking leaf buds",12,"2020-01-01","2020-12-31",2020-03-11,71,2020-03-02,9,1,0
"onset",358149,57091,33.398136,-97.569969,267,"TX",1755,"Quercus","stellata","post oak","Plantae",371,"Breaking leaf buds",13,"2021-01-01","2021-12-31",2021-04-08,98,2021-04-01,7,1,0
"onset",358149,57091,33.398136,-97.569969,267,"TX",1755,"Quercus","stellata","post oak","Plantae",371,"Breaking leaf buds",14,"2022-01-01","2022-12-31",2022-03-01,60,2022-02-16,13,1,0
"onset",358149,57091,33.398136,-97.569969,267,"TX",1755,"Quercus","stellata","post oak","Plantae",501,"Open flowers",11,"2019-01-01","2019-12-31",2019-05-28,148,2019-05-21,7,1,0
"onset",358152,57091,33.398136,-97.569969,267,"TX",1755,"Quercus","stellata","post oak","Plantae",371,"Breaking leaf buds",11,"2019-01-01","2019-12-31",2019-03-26,85,2019-03-20,6,1,0
"onset",358152,57091,33.398136,-97.569969,267,"TX",1755,"Quercus","stellata","post oak","Plantae",371,"Breaking leaf buds",13,"2021-01-01","2021-12-31",2021-04-08,98,2021-04-01,7,1,0
"onset",358152,57091,33.398136,-97.569969,267,"TX",1755,"Quercus","stellata","post oak","Plantae",371,"Breaking leaf buds",14,"2022-01-01","2022-12-31",2022-03-09,68,2022-03-01,8,1,0
"onset",358152,57091,33.398136,-97.569969,267,"TX",1755,"Quercus","stellata","post oak","Plantae",501,"Open flowers",10,"2018-01-01","2018-12-31",2018-06-12,163,2018-06-06,6,1,0
"onset",358152,57091,33.398136,-97.569969,267,"TX",1755,"Quercus","stellata","post oak","Plantae",501,"Open flowers",11,"2019-01-01","2019-12-31",2019-04-08,98,2019-04-01,7,2,0
"onset",358152,57091,33.398136,-97.569969,267,"TX",1755,"Quercus","stellata","post oak","Plantae",501,"Open flowers",13,"2021-01-01","2021-12-31",2021-04-01,91,2021-03-26,6,1,0
"onset",358152,57091,33.398136,-97.569969,267,"TX",1755,"Quercus","stellata","post oak","Plantae",501,"Open flowers",14,"2022-01-01","2022-12-31",2022-04-11,101,2022-04-04,7,1,0
"onset",358158,57091,33.398136,-97.569969,267,"TX",1755,"Quercus","stellata","post oak","Plantae",371,"Breaking leaf buds",11,"2019-01-01","2019-12-31",2019-03-26,85,2019-03-20,6,1,0
"onset",358158,57091,33.398136,-97.569969,267,"TX",1755,"Quercus","stellata","post oak","Plantae",371,"Breaking leaf buds",12,"2020-01-01","2020-12-31",2020-03-11,71,2020-03-02,9,1,0
"onset",358158,57091,33.398136,-97.569969,267,"TX",1755,"Quercus","stellata","post oak","Plantae",371,"Breaking leaf buds",13,"2021-01-01","2021-12-31",2021-04-01,91,2021-03-26,6,1,0
"onset",358158,57091,33.398136,-97.569969,267,"TX",1755,"Quercus","stellata","post oak","Plantae",371,"Breaking leaf buds",14,"2022-01-01","2022-12-31",2022-03-09,68,2022-03-01,8,1,0
"onset",358158,57091,33.398136,-97.569969,267,"TX",1755,"Quercus","stellata","post oak","Plantae",371,"Breaking leaf buds",15,"2023-01-01","2023-12-31",2023-03-14,73,2023-03-06,8,1,0
"onset",358158,57091,33.398136,-97.569969,267,"TX",1755,"Quercus","stellata","post oak","Plantae",501,"Open flowers",13,"2021-01-01","2021-12-31",2021-04-01,91,2021-03-26,6,1,0
"onset",358161,57091,33.398136,-97.569969,267,"TX",1755,"Quercus","stellata","post oak","Plantae",371,"Breaking leaf buds",11,"2019-01-01","2019-12-31",2019-03-26,85,2019-03-20,6,1,0
"onset",358161,57091,33.398136,-97.569969,267,"TX",1755,"Quercus","stellata","post oak","Plantae",371,"Breaking leaf buds",12,"2020-01-01","2020-12-31",2020-03-11,71,2020-03-02,9,1,0
"onset",358161,57091,33.398136,-97.569969,267,"TX",1755,"Quercus","stellata","post oak","Plantae",371,"Breaking leaf buds",13,"2021-01-01","2021-12-31",2021-04-01,91,2021-03-26,6,1,0
"onset",358161,57091,33.398136,-97.569969,267,"TX",1755,"Quercus","stellata","post oak","Plantae",371,"Breaking leaf buds",14,"2022-01-01","2022-12-31",2022-03-09,68,2022-03-01,8,1,0
"onset",358161,57091,33.398136,-97.569969,267,"TX",1755,"Quercus","stellata","post oak","Plantae",371,"Breaking leaf buds",15,"2023-01-01","2023-12-31",2023-02-06,37,2023-01-16,21,1,0
"onset",358161,57091,33.398136,-97.569969,267,"TX",1755,"Quercus","stellata","post oak","Plantae",371,"Breaking leaf buds",16,"2024-01-01","2024-12-31",2024-03-18,78,2024-03-11,7,1,0
"onset",358161,57091,33.398136,-97.569969,267,"TX",1755,"Quercus","stellata","post oak","Plantae",371,"Breaking leaf buds",17,"2025-01-01","2025-12-31",2025-04-07,97,2025-03-17,21,1,0
"onset",358161,57091,33.398136,-97.569969,267,"TX",1755,"Quercus","stellata","post oak","Plantae",501,"Open flowers",10,"2018-01-01","2018-12-31",2018-06-12,163,2018-06-06,6,1,0
"onset",358161,57091,33.398136,-97.569969,267,"TX",1755,"Quercus","stellata","post oak","Plantae",501,"Open flowers",11,"2019-01-01","2019-12-31",2019-05-07,127,2019-05-01,6,1,0
"onset",358161,57091,33.398136,-97.569969,267,"TX",1755,"Quercus","stellata","post oak","Plantae",501,"Open flowers",13,"2021-01-01","2021-12-31",2021-04-08,98,2021-04-01,7,1,0
"onset",358161,57091,33.398136,-97.569969,267,"TX",1755,"Quercus","stellata","post oak","Plantae",501,"Open flowers",14,"2022-01-01","2022-12-31",2022-04-18,108,2022-04-11,7,1,0
"onset",358161,57091,33.398136,-97.569969,267,"TX",1755,"Quercus","stellata","post oak","Plantae",501,"Open flowers",15,"2023-01-01","2023-12-31",2023-04-03,93,2023-03-27,7,1,0
"onset",358161,57091,33.398136,-97.569969,267,"TX",1755,"Quercus","stellata","post oak","Plantae",501,"Open flowers",17,"2025-01-01","2025-12-31",2025-04-07,97,2025-03-17,21,1,0
"onset",358162,57091,33.398136,-97.569969,267,"TX",1755,"Quercus","stellata","post oak","Plantae",371,"Breaking leaf buds",11,"2019-01-01","2019-12-31",2019-04-01,91,2019-03-26,6,1,0
"onset",358162,57091,33.398136,-97.569969,267,"TX",1755,"Quercus","stellata","post oak","Plantae",371,"Breaking leaf buds",12,"2020-01-01","2020-12-31",2020-03-11,71,2020-03-02,9,1,0
"onset",358162,57091,33.398136,-97.569969,267,"TX",1755,"Quercus","stellata","post oak","Plantae",371,"Breaking leaf buds",13,"2021-01-01","2021-12-31",2021-04-21,111,2021-04-08,13,1,0
"onset",358162,57091,33.398136,-97.569969,267,"TX",1755,"Quercus","stellata","post oak","Plantae",371,"Breaking leaf buds",14,"2022-01-01","2022-12-31",2022-03-01,60,2022-02-16,13,1,0
"onset",358162,57091,33.398136,-97.569969,267,"TX",1755,"Quercus","stellata","post oak","Plantae",501,"Open flowers",10,"2018-01-01","2018-12-31",2018-07-02,183,2018-06-26,6,1,0
"onset",358162,57091,33.398136,-97.569969,267,"TX",1755,"Quercus","stellata","post oak","Plantae",501,"Open flowers",14,"2022-01-01","2022-12-31",2022-04-25,115,2022-04-18,7,1,0
"onset",358168,57091,33.398136,-97.569969,267,"TX",1755,"Quercus","stellata","post oak","Plantae",371,"Breaking leaf buds",11,"2019-01-01","2019-12-31",2019-03-26,85,2019-03-20,6,1,0
"onset",358168,57091,33.398136,-97.569969,267,"TX",1755,"Quercus","stellata","post oak","Plantae",371,"Breaking leaf buds",12,"2020-01-01","2020-12-31",2020-03-11,71,2020-03-02,9,1,0
"onset",358168,57091,33.398136,-97.569969,267,"TX",1755,"Quercus","stellata","post oak","Plantae",371,"Breaking leaf buds",13,"2021-01-01","2021-12-31",2021-04-08,98,2021-04-01,7,2,0
"onset",358168,57091,33.398136,-97.569969,267,"TX",1755,"Quercus","stellata","post oak","Plantae",371,"Breaking leaf buds",14,"2022-01-01","2022-12-31",2022-03-09,68,2022-03-01,8,1,0
"onset",358168,57091,33.398136,-97.569969,267,"TX",1755,"Quercus","stellata","post oak","Plantae",501,"Open flowers",10,"2018-01-01","2018-12-31",2018-08-15,227,2018-08-06,9,1,0
"onset",358168,57091,33.398136,-97.569969,267,"TX",1755,"Quercus","stellata","post oak","Plantae",501,"Open flowers",11,"2019-01-01","2019-12-31",2019-04-08,98,2019-04-01,7,2,0
"onset",358168,57091,33.398136,-97.569969,267,"TX",1755,"Quercus","stellata","post oak","Plantae",501,"Open flowers",13,"2021-01-01","2021-12-31",2021-04-08,98,2021-04-01,7,1,0
"onset",358168,57091,33.398136,-97.569969,267,"TX",1755,"Quercus","stellata","post oak","Plantae",501,"Open flowers",14,"2022-01-01","2022-12-31",2022-04-04,94,2022-03-29,6,2,0
"onset",358189,57091,33.398136,-97.569969,267,"TX",1755,"Quercus","stellata","post oak","Plantae",371,"Breaking leaf buds",11,"2019-01-01","2019-12-31",2019-03-26,85,2019-03-20,6,1,0
"onset",358189,57091,33.398136,-97.569969,267,"TX",1755,"Quercus","stellata","post oak","Plantae",371,"Breaking leaf buds",12,"2020-01-01","2020-12-31",2020-03-11,71,2020-03-02,9,1,0
"onset",358189,57091,33.398136,-97.569969,267,"TX",1755,"Quercus","stellata","post oak","Plantae",371,"Breaking leaf buds",13,"2021-01-01","2021-12-31",2021-04-01,91,2021-03-26,6,1,0
"onset",358189,57091,33.398136,-97.569969,267,"TX",1755,"Quercus","stellata","post oak","Plantae",371,"Breaking leaf buds",14,"2022-01-01","2022-12-31",2022-03-09,68,2022-03-01,8,1,0
"onset",358189,57091,33.398136,-97.569969,267,"TX",1755,"Quercus","stellata","post oak","Plantae",501,"Open flowers",11,"2019-01-01","2019-12-31",2019-04-08,98,2019-04-01,7,2,0
"onset",358189,57091,33.398136,-97.569969,267,"TX",1755,"Quercus","stellata","post oak","Plantae",501,"Open flowers",13,"2021-01-01","2021-12-31",2021-04-01,91,2021-03-26,6,1,0
"onset",358189,57091,33.398136,-97.569969,267,"TX",1755,"Quercus","stellata","post oak","Plantae",501,"Open flowers",14,"2022-01-01","2022-12-31",2022-04-04,94,2022-03-29,6,1,0
"onset",358314,57091,33.398136,-97.569969,267,"TX",1755,"Quercus","stellata","post oak","Plantae",371,"Breaking leaf buds",16,"2024-01-01","2024-12-31",2024-03-18,78,2024-03-11,7,1,0
"onset",358314,57091,33.398136,-97.569969,267,"TX",1755,"Quercus","stellata","post oak","Plantae",371,"Breaking leaf buds",17,"2025-01-01","2025-12-31",2025-04-07,97,2025-03-17,21,1,0
"onset",362082,57129,39.037086,-84.459587,257,NA,100,"Quercus","alba","white oak","Plantae",371,"Breaking leaf buds",17,"2025-01-01","2025-12-31",2025-04-15,105,2025-04-12,3,1,0
"onset",362082,57129,39.037086,-84.459587,257,NA,100,"Quercus","alba","white oak","Plantae",371,"Breaking leaf buds",18,"2026-01-01","2026-12-31",2026-04-15,105,2026-04-07,8,1,0
"onset",362131,57130,37.747749,-89.052528,131,"IL",2047,"Quercus","lyrata","overcup oak","Plantae",371,"Breaking leaf buds",17,"2025-01-01","2025-12-31",2025-04-18,108,2025-04-08,10,1,0
"onset",362131,57130,37.747749,-89.052528,131,"IL",2047,"Quercus","lyrata","overcup oak","Plantae",501,"Open flowers",17,"2025-01-01","2025-12-31",2025-04-08,98,2025-04-01,7,1,0
"onset",362132,57130,37.747749,-89.052528,131,"IL",2043,"Quercus","bicolor","swamp white oak","Plantae",371,"Breaking leaf buds",17,"2025-01-01","2025-12-31",2025-04-18,108,2025-04-08,10,1,0
"onset",362132,57130,37.747749,-89.052528,131,"IL",2043,"Quercus","bicolor","swamp white oak","Plantae",501,"Open flowers",17,"2025-01-01","2025-12-31",2025-04-08,98,2025-04-01,7,1,0
"onset",362302,33269,41.124557,-73.730301,154,"NY",1212,"Quercus","montana","chestnut oak","Plantae",371,"Breaking leaf buds",17,"2025-01-01","2025-12-31",2025-04-28,118,2025-04-23,5,1,0
"onset",362302,33269,41.124557,-73.730301,154,"NY",1212,"Quercus","montana","chestnut oak","Plantae",501,"Open flowers",17,"2025-01-01","2025-12-31",2025-04-23,113,2025-04-14,9,1,0
"onset",362303,33269,41.124557,-73.730301,154,"NY",100,"Quercus","alba","white oak","Plantae",371,"Breaking leaf buds",17,"2025-01-01","2025-12-31",2025-04-28,118,2025-04-23,5,1,0
"onset",362303,33269,41.124557,-73.730301,154,"NY",100,"Quercus","alba","white oak","Plantae",501,"Open flowers",17,"2025-01-01","2025-12-31",2025-04-23,113,2025-04-14,9,1,0
"onset",362336,57185,44.971527,-93.283791,264,"MN",101,"Quercus","macrocarpa","bur oak","Plantae",371,"Breaking leaf buds",17,"2025-01-01","2025-12-31",2025-05-01,121,2025-04-10,21,1,0
"onset",362349,57021,44.987099,-93.184799,285,NA,101,"Quercus","macrocarpa","bur oak","Plantae",371,"Breaking leaf buds",17,"2025-01-01","2025-12-31",2025-04-10,100,2025-04-01,9,1,0
"onset",362349,57021,44.987099,-93.184799,285,NA,101,"Quercus","macrocarpa","bur oak","Plantae",501,"Open flowers",18,"2026-01-01","2026-12-31",2026-04-16,106,2026-04-09,7,1,0
"onset",362889,57139,46.556442,-87.401115,230,NA,100,"Quercus","alba","white oak","Plantae",371,"Breaking leaf buds",17,"2025-01-01","2025-12-31",2025-05-14,134,2025-05-09,5,1,0
"onset",362891,57139,46.556442,-87.401115,230,NA,100,"Quercus","alba","white oak","Plantae",371,"Breaking leaf buds",17,"2025-01-01","2025-12-31",2025-05-05,125,2025-05-02,3,2,0
"onset",362909,50056,30.353901,-89.136078,3,"MS",305,"Quercus","virginiana","live oak","Plantae",371,"Breaking leaf buds",17,"2025-01-01","2025-12-31",2025-03-20,79,2025-03-06,14,1,0
"onset",362909,50056,30.353901,-89.136078,3,"MS",305,"Quercus","virginiana","live oak","Plantae",371,"Breaking leaf buds",18,"2026-01-01","2026-12-31",2026-03-10,69,2026-03-02,8,1,0
"onset",362909,50056,30.353901,-89.136078,3,"MS",305,"Quercus","virginiana","live oak","Plantae",501,"Open flowers",18,"2026-01-01","2026-12-31",2026-03-26,85,2026-03-16,10,1,0
"onset",363254,57295,44.971024,-93.284065,264,"MN",101,"Quercus","macrocarpa","bur oak","Plantae",371,"Breaking leaf buds",17,"2025-01-01","2025-12-31",2025-04-17,107,2025-04-10,7,1,0
"onset",363255,57299,44.971668,-93.283569,264,"MN",101,"Quercus","macrocarpa","bur oak","Plantae",371,"Breaking leaf buds",17,"2025-01-01","2025-12-31",2025-04-24,114,2025-04-10,14,1,0
"onset",364131,56456,41.257023,-73.455482,170,"CT",100,"Quercus","alba","white oak","Plantae",371,"Breaking leaf buds",17,"2025-01-01","2025-12-31",2025-04-24,114,2025-04-17,7,1,0
"onset",364131,56456,41.257023,-73.455482,170,"CT",100,"Quercus","alba","white oak","Plantae",371,"Breaking leaf buds",18,"2026-01-01","2026-12-31",2026-03-26,85,2026-03-23,3,2,0
"onset",364318,57424,42.885025,-89.882797,312,"WI",100,"Quercus","alba","white oak","Plantae",371,"Breaking leaf buds",17,"2025-01-01","2025-12-31",2025-04-23,113,2025-04-22,1,1,0
"onset",364318,57424,42.885025,-89.882797,312,"WI",100,"Quercus","alba","white oak","Plantae",371,"Breaking leaf buds",18,"2026-01-01","2026-12-31",2026-04-15,105,2026-04-05,10,1,0
"onset",364318,57424,42.885025,-89.882797,312,"WI",100,"Quercus","alba","white oak","Plantae",501,"Open flowers",17,"2025-01-01","2025-12-31",2025-05-16,136,2025-05-14,2,1,0
"onset",364318,57424,42.885025,-89.882797,312,"WI",100,"Quercus","alba","white oak","Plantae",501,"Open flowers",18,"2026-01-01","2026-12-31",2026-05-20,140,2026-05-07,13,1,0
"onset",364319,57424,42.885025,-89.882797,312,"WI",100,"Quercus","alba","white oak","Plantae",371,"Breaking leaf buds",17,"2025-01-01","2025-12-31",2025-04-29,119,2025-04-28,1,1,0
"onset",364320,57424,42.885025,-89.882797,312,"WI",100,"Quercus","alba","white oak","Plantae",371,"Breaking leaf buds",17,"2025-01-01","2025-12-31",2025-04-29,119,2025-04-28,1,1,0
"onset",364321,57425,42.884689,-89.883125,312,"WI",100,"Quercus","alba","white oak","Plantae",371,"Breaking leaf buds",17,"2025-01-01","2025-12-31",2025-04-29,119,2025-04-28,1,1,0
"onset",364321,57425,42.884689,-89.883125,312,"WI",100,"Quercus","alba","white oak","Plantae",371,"Breaking leaf buds",18,"2026-01-01","2026-12-31",2026-04-15,105,2026-04-05,10,1,0
"onset",364322,57425,42.884689,-89.883125,312,"WI",100,"Quercus","alba","white oak","Plantae",371,"Breaking leaf buds",17,"2025-01-01","2025-12-31",2025-04-24,114,2025-04-23,1,1,0
"onset",364322,57425,42.884689,-89.883125,312,"WI",100,"Quercus","alba","white oak","Plantae",371,"Breaking leaf buds",18,"2026-01-01","2026-12-31",2026-04-15,105,2026-04-05,10,1,0
"onset",364322,57425,42.884689,-89.883125,312,"WI",100,"Quercus","alba","white oak","Plantae",501,"Open flowers",17,"2025-01-01","2025-12-31",2025-05-16,136,2025-05-14,2,1,0
"onset",364322,57425,42.884689,-89.883125,312,"WI",100,"Quercus","alba","white oak","Plantae",501,"Open flowers",18,"2026-01-01","2026-12-31",2026-05-20,140,2026-05-07,13,1,0
"onset",365151,56423,42.624886,-87.820358,179,NA,2043,"Quercus","bicolor","swamp white oak","Plantae",371,"Breaking leaf buds",17,"2025-01-01","2025-12-31",2025-04-25,115,2025-04-18,7,1,0
"onset",365218,263,40.58725,-104.963005,1527,"CO",101,"Quercus","macrocarpa","bur oak","Plantae",501,"Open flowers",18,"2026-01-01","2026-12-31",2026-03-31,90,2026-03-29,2,1,0
"onset",365847,57066,35.685448,-83.503128,675,"TN",1212,"Quercus","montana","chestnut oak","Plantae",371,"Breaking leaf buds",17,"2025-01-01","2025-12-31",2025-04-07,97,2025-04-01,6,1,0
"onset",366490,48555,33.813538,-84.28347,307,"GA",100,"Quercus","alba","white oak","Plantae",371,"Breaking leaf buds",18,"2026-01-01","2026-12-31",2026-04-03,93,2026-03-24,10,1,0
"onset",367694,58019,40.480484,-74.43766,32,"NJ",100,"Quercus","alba","white oak","Plantae",371,"Breaking leaf buds",17,"2025-01-01","2025-12-31",2025-09-26,269,2025-09-25,1,5,0
"onset",367694,58019,40.480484,-74.43766,32,"NJ",100,"Quercus","alba","white oak","Plantae",501,"Open flowers",18,"2026-01-01","2026-12-31",2026-04-16,106,2026-04-09,7,1,0
"onset",367704,58024,35.954514,-83.868134,280,"TN",100,"Quercus","alba","white oak","Plantae",371,"Breaking leaf buds",18,"2026-01-01","2026-12-31",2026-03-26,85,2026-03-23,3,1,0
"onset",367798,58019,40.480484,-74.43766,32,"NJ",100,"Quercus","alba","white oak","Plantae",371,"Breaking leaf buds",18,"2026-01-01","2026-12-31",2026-04-09,99,2026-04-02,7,1,0
"onset",367798,58019,40.480484,-74.43766,32,"NJ",100,"Quercus","alba","white oak","Plantae",501,"Open flowers",18,"2026-01-01","2026-12-31",2026-04-16,106,2026-04-09,7,1,0
"onset",367799,58019,40.480484,-74.43766,32,"NJ",100,"Quercus","alba","white oak","Plantae",501,"Open flowers",18,"2026-01-01","2026-12-31",2026-04-16,106,2026-04-09,7,1,0
"onset",367801,58019,40.480484,-74.43766,32,"NJ",100,"Quercus","alba","white oak","Plantae",371,"Breaking leaf buds",17,"2025-01-01","2025-12-31",2025-09-26,269,2025-08-28,29,1,0
"onset",367801,58019,40.480484,-74.43766,32,"NJ",100,"Quercus","alba","white oak","Plantae",501,"Open flowers",18,"2026-01-01","2026-12-31",2026-04-16,106,2026-04-02,14,1,0
"onset",367802,58019,40.480484,-74.43766,32,"NJ",100,"Quercus","alba","white oak","Plantae",371,"Breaking leaf buds",18,"2026-01-01","2026-12-31",2026-04-09,99,2026-04-02,7,1,0
"onset",367802,58019,40.480484,-74.43766,32,"NJ",100,"Quercus","alba","white oak","Plantae",501,"Open flowers",18,"2026-01-01","2026-12-31",2026-04-16,106,2026-04-09,7,1,0
"onset",367803,58019,40.480484,-74.43766,32,"NJ",100,"Quercus","alba","white oak","Plantae",371,"Breaking leaf buds",17,"2025-01-01","2025-12-31",2025-09-17,260,2025-08-28,20,2,0
"onset",367803,58019,40.480484,-74.43766,32,"NJ",100,"Quercus","alba","white oak","Plantae",501,"Open flowers",18,"2026-01-01","2026-12-31",2026-04-16,106,2026-04-09,7,1,0
"onset",368780,58282,37.226589,-80.422318,639,"VA",101,"Quercus","macrocarpa","bur oak","Plantae",371,"Breaking leaf buds",17,"2025-01-01","2025-12-31",2025-10-24,297,2025-10-21,3,1,0
"onset",368791,58319,35.577744,-77.54277,17,"NC",1212,"Quercus","montana","chestnut oak","Plantae",371,"Breaking leaf buds",17,"2025-01-01","2025-12-31",2025-11-07,311,2025-10-31,7,1,0
"onset",368920,58355,37.56974,-77.535728,58,"VA",100,"Quercus","alba","white oak","Plantae",371,"Breaking leaf buds",17,"2025-01-01","2025-12-31",2025-10-15,288,2025-10-10,5,2,0
"onset",369006,58136,41.691967,-72.766533,42,"CT",100,"Quercus","alba","white oak","Plantae",371,"Breaking leaf buds",18,"2026-01-01","2026-12-31",2026-04-09,99,2026-04-02,7,1,0
"onset",369259,58487,38.015598,-84.504097,316,NA,100,"Quercus","alba","white oak","Plantae",371,"Breaking leaf buds",17,"2025-01-01","2025-12-31",2025-10-06,279,2025-09-29,7,1,0
"onset",369355,58518,35.794659,-78.690636,137,NA,1212,"Quercus","montana","chestnut oak","Plantae",371,"Breaking leaf buds",17,"2025-01-01","2025-12-31",2025-10-06,279,2025-09-29,7,1,0
"onset",369361,58518,35.794659,-78.690636,137,NA,1212,"Quercus","montana","chestnut oak","Plantae",371,"Breaking leaf buds",17,"2025-01-01","2025-12-31",2025-10-13,286,2025-09-29,14,1,0
"onset",370528,58095,30.491096,-89.990852,9,"LA",305,"Quercus","virginiana","live oak","Plantae",371,"Breaking leaf buds",18,"2026-01-01","2026-12-31",2026-03-13,72,2026-03-01,12,1,0
"onset",370713,58741,40.015217,-105.280434,1631,NA,101,"Quercus","macrocarpa","bur oak","Plantae",501,"Open flowers",18,"2026-01-01","2026-12-31",2026-04-11,101,2026-03-31,11,2,0
"onset",370714,58741,40.015217,-105.280434,1631,NA,2043,"Quercus","bicolor","swamp white oak","Plantae",371,"Breaking leaf buds",18,"2026-01-01","2026-12-31",2026-04-11,101,2026-03-31,11,1,0
"onset",370714,58741,40.015217,-105.280434,1631,NA,2043,"Quercus","bicolor","swamp white oak","Plantae",501,"Open flowers",18,"2026-01-01","2026-12-31",2026-04-26,116,2026-04-18,8,1,0
"onset",370879,58741,40.015217,-105.280434,1631,NA,101,"Quercus","macrocarpa","bur oak","Plantae",371,"Breaking leaf buds",18,"2026-01-01","2026-12-31",2026-04-11,101,2026-03-31,11,1,0
"onset",370879,58741,40.015217,-105.280434,1631,NA,101,"Quercus","macrocarpa","bur oak","Plantae",501,"Open flowers",18,"2026-01-01","2026-12-31",2026-04-11,101,2026-03-31,11,1,0
"onset",370901,58741,40.015217,-105.280434,1631,NA,2043,"Quercus","bicolor","swamp white oak","Plantae",371,"Breaking leaf buds",18,"2026-01-01","2026-12-31",2026-04-11,101,2026-03-31,11,1,0
"onset",370901,58741,40.015217,-105.280434,1631,NA,2043,"Quercus","bicolor","swamp white oak","Plantae",501,"Open flowers",18,"2026-01-01","2026-12-31",2026-04-26,116,2026-04-18,8,1,0
"onset",371044,54115,38.015823,-84.504768,315,"KY",100,"Quercus","alba","white oak","Plantae",371,"Breaking leaf buds",18,"2026-01-01","2026-12-31",2026-04-15,105,2026-04-06,9,1,0
"onset",371044,54115,38.015823,-84.504768,315,"KY",100,"Quercus","alba","white oak","Plantae",501,"Open flowers",18,"2026-01-01","2026-12-31",2026-04-22,112,2026-04-20,2,1,0
"onset",371173,58892,38.015095,-84.500648,313,"KY",2047,"Quercus","lyrata","overcup oak","Plantae",371,"Breaking leaf buds",18,"2026-01-01","2026-12-31",2026-03-25,84,2026-03-24,1,6,0
"onset",371173,58892,38.015095,-84.500648,313,"KY",2047,"Quercus","lyrata","overcup oak","Plantae",501,"Open flowers",18,"2026-01-01","2026-12-31",2026-04-05,95,2026-04-01,4,2,0
"onset",371174,58892,38.015095,-84.500648,313,"KY",2047,"Quercus","lyrata","overcup oak","Plantae",371,"Breaking leaf buds",18,"2026-01-01","2026-12-31",2026-03-11,70,2026-03-10,1,6,0
"onset",371174,58892,38.015095,-84.500648,313,"KY",2047,"Quercus","lyrata","overcup oak","Plantae",501,"Open flowers",18,"2026-01-01","2026-12-31",2026-04-02,92,2026-04-01,1,3,0
"onset",371177,58892,38.015095,-84.500648,313,"KY",1212,"Quercus","montana","chestnut oak","Plantae",371,"Breaking leaf buds",18,"2026-01-01","2026-12-31",2026-04-10,100,2026-04-05,5,2,0
"onset",371177,58892,38.015095,-84.500648,313,"KY",1212,"Quercus","montana","chestnut oak","Plantae",501,"Open flowers",18,"2026-01-01","2026-12-31",2026-04-10,100,2026-04-05,5,3,0
"onset",371178,58892,38.015095,-84.500648,313,"KY",1212,"Quercus","montana","chestnut oak","Plantae",371,"Breaking leaf buds",18,"2026-01-01","2026-12-31",2026-04-02,92,2026-04-01,1,2,0
"onset",371178,58892,38.015095,-84.500648,313,"KY",1212,"Quercus","montana","chestnut oak","Plantae",501,"Open flowers",18,"2026-01-01","2026-12-31",2026-04-10,100,2026-04-05,5,3,0
"onset",371185,58892,38.015095,-84.500648,313,"KY",101,"Quercus","macrocarpa","bur oak","Plantae",371,"Breaking leaf buds",18,"2026-01-01","2026-12-31",2026-03-24,83,2026-03-22,2,3,0
"onset",371185,58892,38.015095,-84.500648,313,"KY",101,"Quercus","macrocarpa","bur oak","Plantae",501,"Open flowers",18,"2026-01-01","2026-12-31",2026-04-05,95,2026-04-02,3,4,0
"onset",371189,58892,38.015095,-84.500648,313,"KY",101,"Quercus","macrocarpa","bur oak","Plantae",371,"Breaking leaf buds",18,"2026-01-01","2026-12-31",2026-04-12,102,2026-04-10,2,2,0
"onset",371189,58892,38.015095,-84.500648,313,"KY",101,"Quercus","macrocarpa","bur oak","Plantae",501,"Open flowers",18,"2026-01-01","2026-12-31",2026-04-17,107,2026-04-16,1,3,0
"onset",371543,58860,35.745899,-77.537201,14,NA,100,"Quercus","alba","white oak","Plantae",371,"Breaking leaf buds",18,"2026-01-01","2026-12-31",2026-03-13,72,2026-03-06,7,1,0
"onset",371543,58860,35.745899,-77.537201,14,NA,100,"Quercus","alba","white oak","Plantae",501,"Open flowers",18,"2026-01-01","2026-12-31",2026-03-13,72,2026-03-06,7,2,0
"onset",371547,59004,35.59433,-82.497726,NA,"NC",100,"Quercus","alba","white oak","Plantae",371,"Breaking leaf buds",18,"2026-01-01","2026-12-31",2026-04-17,107,2026-04-06,11,1,0
"onset",371547,59004,35.59433,-82.497726,NA,"NC",100,"Quercus","alba","white oak","Plantae",501,"Open flowers",18,"2026-01-01","2026-12-31",2026-04-10,100,2026-04-06,4,1,0
"onset",371563,59018,40.407188,-87.067108,NA,"IN",2050,"Quercus","muehlenbergii","chinquapin oak","Plantae",371,"Breaking leaf buds",18,"2026-01-01","2026-12-31",2026-05-01,121,2026-04-29,2,1,0
"onset",371564,59018,40.407188,-87.067108,NA,"IN",2050,"Quercus","muehlenbergii","chinquapin oak","Plantae",371,"Breaking leaf buds",18,"2026-01-01","2026-12-31",2026-05-01,121,2026-04-29,2,1,0
"onset",371565,59018,40.407188,-87.067108,NA,"IN",2050,"Quercus","muehlenbergii","chinquapin oak","Plantae",371,"Breaking leaf buds",18,"2026-01-01","2026-12-31",2026-05-01,121,2026-04-29,2,1,0
"onset",371566,59018,40.407188,-87.067108,NA,"IN",2050,"Quercus","muehlenbergii","chinquapin oak","Plantae",371,"Breaking leaf buds",18,"2026-01-01","2026-12-31",2026-05-01,121,2026-04-29,2,1,0
"onset",371567,59018,40.407188,-87.067108,NA,"IN",2050,"Quercus","muehlenbergii","chinquapin oak","Plantae",371,"Breaking leaf buds",18,"2026-01-01","2026-12-31",2026-05-01,121,2026-04-29,2,1,0
"onset",371568,59018,40.407188,-87.067108,NA,"IN",2050,"Quercus","muehlenbergii","chinquapin oak","Plantae",371,"Breaking leaf buds",18,"2026-01-01","2026-12-31",2026-05-01,121,2026-04-29,2,1,0
"onset",371569,59018,40.407188,-87.067108,NA,"IN",2050,"Quercus","muehlenbergii","chinquapin oak","Plantae",371,"Breaking leaf buds",18,"2026-01-01","2026-12-31",2026-05-01,121,2026-04-29,2,1,0
"onset",371570,59018,40.407188,-87.067108,NA,"IN",2050,"Quercus","muehlenbergii","chinquapin oak","Plantae",371,"Breaking leaf buds",18,"2026-01-01","2026-12-31",2026-05-01,121,2026-04-29,2,1,0
"onset",371571,59018,40.407188,-87.067108,NA,"IN",2050,"Quercus","muehlenbergii","chinquapin oak","Plantae",371,"Breaking leaf buds",18,"2026-01-01","2026-12-31",2026-05-01,121,2026-04-29,2,1,0
"onset",371572,59018,40.407188,-87.067108,NA,"IN",2050,"Quercus","muehlenbergii","chinquapin oak","Plantae",371,"Breaking leaf buds",18,"2026-01-01","2026-12-31",2026-05-01,121,2026-04-29,2,1,0
"onset",371573,59018,40.407188,-87.067108,NA,"IN",2050,"Quercus","muehlenbergii","chinquapin oak","Plantae",371,"Breaking leaf buds",18,"2026-01-01","2026-12-31",2026-04-29,119,2026-04-21,8,1,0
"onset",371574,59018,40.407188,-87.067108,NA,"IN",2050,"Quercus","muehlenbergii","chinquapin oak","Plantae",371,"Breaking leaf buds",18,"2026-01-01","2026-12-31",2026-04-29,119,2026-04-21,8,1,0
"onset",371575,59018,40.407188,-87.067108,NA,"IN",2050,"Quercus","muehlenbergii","chinquapin oak","Plantae",371,"Breaking leaf buds",18,"2026-01-01","2026-12-31",2026-04-29,119,2026-04-21,8,1,0
"onset",371576,59018,40.407188,-87.067108,NA,"IN",2050,"Quercus","muehlenbergii","chinquapin oak","Plantae",371,"Breaking leaf buds",18,"2026-01-01","2026-12-31",2026-04-29,119,2026-04-21,8,1,0
"onset",371577,59018,40.407188,-87.067108,NA,"IN",2050,"Quercus","muehlenbergii","chinquapin oak","Plantae",371,"Breaking leaf buds",18,"2026-01-01","2026-12-31",2026-04-29,119,2026-04-21,8,1,0
"onset",371578,59018,40.407188,-87.067108,NA,"IN",2050,"Quercus","muehlenbergii","chinquapin oak","Plantae",371,"Breaking leaf buds",18,"2026-01-01","2026-12-31",2026-04-29,119,2026-04-21,8,1,0
"onset",371579,59018,40.407188,-87.067108,NA,"IN",2050,"Quercus","muehlenbergii","chinquapin oak","Plantae",371,"Breaking leaf buds",18,"2026-01-01","2026-12-31",2026-04-29,119,2026-04-21,8,1,0
"onset",371580,59018,40.407188,-87.067108,NA,"IN",2050,"Quercus","muehlenbergii","chinquapin oak","Plantae",371,"Breaking leaf buds",18,"2026-01-01","2026-12-31",2026-04-29,119,2026-04-21,8,1,0
"onset",371581,59018,40.407188,-87.067108,NA,"IN",2050,"Quercus","muehlenbergii","chinquapin oak","Plantae",371,"Breaking leaf buds",18,"2026-01-01","2026-12-31",2026-05-01,121,2026-04-29,2,1,0
"onset",371582,59018,40.407188,-87.067108,NA,"IN",2050,"Quercus","muehlenbergii","chinquapin oak","Plantae",371,"Breaking leaf buds",18,"2026-01-01","2026-12-31",2026-04-29,119,2026-04-21,8,1,0
"onset",371666,59004,35.59433,-82.497726,NA,"NC",100,"Quercus","alba","white oak","Plantae",371,"Breaking leaf buds",18,"2026-01-01","2026-12-31",2026-04-17,107,2026-04-10,7,1,0
"onset",371666,59004,35.59433,-82.497726,NA,"NC",100,"Quercus","alba","white oak","Plantae",501,"Open flowers",18,"2026-01-01","2026-12-31",2026-04-10,100,2026-04-06,4,1,0
"onset",371711,58184,38.799782,-90.199806,157,"MO",100,"Quercus","alba","white oak","Plantae",371,"Breaking leaf buds",18,"2026-01-01","2026-12-31",2026-04-13,103,2026-04-05,8,1,0
"onset",371711,58184,38.799782,-90.199806,157,"MO",100,"Quercus","alba","white oak","Plantae",501,"Open flowers",18,"2026-01-01","2026-12-31",2026-04-18,108,2026-04-13,5,1,0
"onset",371719,59031,29.919109,-90.087677,0,"LA",305,"Quercus","virginiana","live oak","Plantae",371,"Breaking leaf buds",18,"2026-01-01","2026-12-31",2026-03-07,66,2026-03-01,6,2,0
"onset",371719,59031,29.919109,-90.087677,0,"LA",305,"Quercus","virginiana","live oak","Plantae",501,"Open flowers",18,"2026-01-01","2026-12-31",2026-03-07,66,2026-03-01,6,1,0
"onset",371727,55653,40.489239,-86.810364,184,"IN",2053,"Quercus","prinoides","dwarf chinquapin oak","Plantae",371,"Breaking leaf buds",18,"2026-01-01","2026-12-31",2026-04-04,94,2026-03-19,16,2,0
"onset",371796,59035,35.645657,-77.474365,23,"NC",305,"Quercus","virginiana","live oak","Plantae",371,"Breaking leaf buds",18,"2026-01-01","2026-12-31",2026-03-15,74,2026-03-06,9,1,0
"onset",371796,59035,35.645657,-77.474365,23,"NC",305,"Quercus","virginiana","live oak","Plantae",501,"Open flowers",18,"2026-01-01","2026-12-31",2026-03-14,73,2026-03-06,8,1,0
"onset",372037,59076,29.957638,-97.153717,119,NA,1755,"Quercus","stellata","post oak","Plantae",371,"Breaking leaf buds",18,"2026-01-01","2026-12-31",2026-03-07,66,2026-03-06,1,2,0
"onset",372037,59076,29.957638,-97.153717,119,NA,1755,"Quercus","stellata","post oak","Plantae",501,"Open flowers",18,"2026-01-01","2026-12-31",2026-03-30,89,2026-03-14,16,1,0
"onset",372040,59076,29.957638,-97.153717,119,NA,1755,"Quercus","stellata","post oak","Plantae",371,"Breaking leaf buds",18,"2026-01-01","2026-12-31",2026-03-07,66,2026-03-06,1,2,0
"onset",372040,59076,29.957638,-97.153717,119,NA,1755,"Quercus","stellata","post oak","Plantae",501,"Open flowers",18,"2026-01-01","2026-12-31",2026-03-24,83,2026-03-14,10,1,0
"onset",372183,59050,46.849468,-96.828613,277,NA,101,"Quercus","macrocarpa","bur oak","Plantae",371,"Breaking leaf buds",18,"2026-01-01","2026-12-31",2026-04-26,116,2026-04-16,10,1,0
"onset",372183,59050,46.849468,-96.828613,277,NA,101,"Quercus","macrocarpa","bur oak","Plantae",501,"Open flowers",18,"2026-01-01","2026-12-31",2026-05-06,126,2026-04-26,10,1,0
"onset",372348,59253,38.830898,-77.310699,124,NA,2043,"Quercus","bicolor","swamp white oak","Plantae",371,"Breaking leaf buds",18,"2026-01-01","2026-12-31",2026-04-09,99,2026-04-02,7,1,0
"onset",372763,59309,41.692047,-72.765182,NA,"CT",100,"Quercus","alba","white oak","Plantae",371,"Breaking leaf buds",18,"2026-01-01","2026-12-31",2026-03-10,69,2026-02-17,21,1,0
"onset",372825,44360,42.461346,-71.158623,34,"MA",2053,"Quercus","prinoides","dwarf chinquapin oak","Plantae",371,"Breaking leaf buds",18,"2026-01-01","2026-12-31",2026-05-06,126,2026-04-29,7,1,0
"onset",372825,44360,42.461346,-71.158623,34,"MA",2053,"Quercus","prinoides","dwarf chinquapin oak","Plantae",501,"Open flowers",18,"2026-01-01","2026-12-31",2026-05-06,126,2026-04-29,7,1,0
"onset",372835,59334,33.32568,-111.879463,364,NA,305,"Quercus","virginiana","live oak","Plantae",371,"Breaking leaf buds",18,"2026-01-01","2026-12-31",2026-03-10,69,2026-02-19,19,1,0
"onset",372835,59334,33.32568,-111.879463,364,NA,305,"Quercus","virginiana","live oak","Plantae",501,"Open flowers",18,"2026-01-01","2026-12-31",2026-03-10,69,2026-02-19,19,1,0
"onset",372929,59035,35.645657,-77.474365,23,"NC",100,"Quercus","alba","white oak","Plantae",371,"Breaking leaf buds",18,"2026-01-01","2026-12-31",2026-03-15,74,2026-03-06,9,1,0
"onset",372929,59035,35.645657,-77.474365,23,"NC",100,"Quercus","alba","white oak","Plantae",501,"Open flowers",18,"2026-01-01","2026-12-31",2026-03-15,74,2026-03-06,9,1,0
"onset",373171,59374,53.93327,-116.576508,1254,NA,100,"Quercus","alba","white oak","Plantae",371,"Breaking leaf buds",18,"2026-01-01","2026-12-31",2026-06-02,153,2026-05-09,24,1,0
"onset",373171,59374,53.93327,-116.576508,1254,NA,100,"Quercus","alba","white oak","Plantae",501,"Open flowers",18,"2026-01-01","2026-12-31",2026-04-14,104,2026-04-07,7,1,0
"onset",373172,59374,53.93327,-116.576508,1254,NA,2043,"Quercus","bicolor","swamp white oak","Plantae",371,"Breaking leaf buds",18,"2026-01-01","2026-12-31",2026-04-07,97,2026-04-04,3,1,0
"onset",373172,59374,53.93327,-116.576508,1254,NA,2043,"Quercus","bicolor","swamp white oak","Plantae",501,"Open flowers",18,"2026-01-01","2026-12-31",2026-04-14,104,2026-04-07,7,1,0
"onset",373173,59374,53.93327,-116.576508,1254,NA,100,"Quercus","alba","white oak","Plantae",371,"Breaking leaf buds",18,"2026-01-01","2026-12-31",2026-04-07,97,2026-04-04,3,1,0
"onset",373173,59374,53.93327,-116.576508,1254,NA,100,"Quercus","alba","white oak","Plantae",501,"Open flowers",18,"2026-01-01","2026-12-31",2026-04-10,100,2026-04-07,3,1,0
"onset",373175,59374,53.93327,-116.576508,1254,NA,2043,"Quercus","bicolor","swamp white oak","Plantae",371,"Breaking leaf buds",18,"2026-01-01","2026-12-31",2026-04-10,100,2026-04-07,3,1,0
"onset",373175,59374,53.93327,-116.576508,1254,NA,2043,"Quercus","bicolor","swamp white oak","Plantae",501,"Open flowers",18,"2026-01-01","2026-12-31",2026-04-17,107,2026-04-07,10,1,0
"onset",373196,59374,53.93327,-116.576508,1254,NA,100,"Quercus","alba","white oak","Plantae",371,"Breaking leaf buds",18,"2026-01-01","2026-12-31",2026-04-10,100,2026-04-04,6,1,0
"onset",373196,59374,53.93327,-116.576508,1254,NA,100,"Quercus","alba","white oak","Plantae",501,"Open flowers",18,"2026-01-01","2026-12-31",2026-04-17,107,2026-04-07,10,1,0
"onset",373268,59492,44.254402,-88.392937,NA,"WI",101,"Quercus","macrocarpa","bur oak","Plantae",371,"Breaking leaf buds",18,"2026-01-01","2026-12-31",2026-04-27,117,2026-04-21,6,1,0
"onset",373269,59492,44.254402,-88.392937,NA,"WI",100,"Quercus","alba","white oak","Plantae",371,"Breaking leaf buds",18,"2026-01-01","2026-12-31",2026-04-27,117,2026-04-21,6,1,0
"onset",373269,59492,44.254402,-88.392937,NA,"WI",100,"Quercus","alba","white oak","Plantae",501,"Open flowers",18,"2026-01-01","2026-12-31",2026-04-27,117,2026-04-21,6,1,0
"onset",373463,59435,38.9151,-94.731598,301,NA,101,"Quercus","macrocarpa","bur oak","Plantae",371,"Breaking leaf buds",18,"2026-01-01","2026-12-31",2026-03-14,73,2026-03-05,9,1,0
"onset",373521,59375,38.996689,-77.112503,NA,"MD",2043,"Quercus","bicolor","swamp white oak","Plantae",371,"Breaking leaf buds",18,"2026-01-01","2026-12-31",2026-03-31,90,2026-03-29,2,1,0
"onset",373651,59557,38.976524,-94.683777,319,"KS",2043,"Quercus","bicolor","swamp white oak","Plantae",371,"Breaking leaf buds",18,"2026-01-01","2026-12-31",2026-03-28,87,2026-03-20,8,1,0
"onset",373755,43327,42.386902,-71.146004,6,"MA",100,"Quercus","alba","white oak","Plantae",371,"Breaking leaf buds",18,"2026-01-01","2026-12-31",2026-04-20,110,2026-04-13,7,1,0
"onset",373755,43327,42.386902,-71.146004,6,"MA",100,"Quercus","alba","white oak","Plantae",501,"Open flowers",18,"2026-01-01","2026-12-31",2026-05-11,131,2026-04-20,21,1,0
"onset",374061,59676,42.883854,-89.883324,NA,"WI",100,"Quercus","alba","white oak","Plantae",371,"Breaking leaf buds",18,"2026-01-01","2026-12-31",2026-04-15,105,2026-04-05,10,1,0
"onset",374061,59676,42.883854,-89.883324,NA,"WI",100,"Quercus","alba","white oak","Plantae",501,"Open flowers",18,"2026-01-01","2026-12-31",2026-05-07,127,2026-05-03,4,1,0
"onset",374062,59676,42.883854,-89.883324,NA,"WI",100,"Quercus","alba","white oak","Plantae",371,"Breaking leaf buds",18,"2026-01-01","2026-12-31",2026-04-15,105,2026-04-05,10,1,0
"onset",374062,59676,42.883854,-89.883324,NA,"WI",100,"Quercus","alba","white oak","Plantae",501,"Open flowers",18,"2026-01-01","2026-12-31",2026-05-20,140,2026-05-07,13,1,0
"onset",374063,59676,42.883854,-89.883324,NA,"WI",100,"Quercus","alba","white oak","Plantae",371,"Breaking leaf buds",18,"2026-01-01","2026-12-31",2026-04-15,105,2026-04-05,10,1,0
"onset",374063,59676,42.883854,-89.883324,NA,"WI",100,"Quercus","alba","white oak","Plantae",501,"Open flowers",18,"2026-01-01","2026-12-31",2026-05-07,127,2026-05-03,4,1,0
"onset",374064,59676,42.883854,-89.883324,NA,"WI",100,"Quercus","alba","white oak","Plantae",371,"Breaking leaf buds",18,"2026-01-01","2026-12-31",2026-04-15,105,2026-04-05,10,1,0
"onset",374064,59676,42.883854,-89.883324,NA,"WI",100,"Quercus","alba","white oak","Plantae",501,"Open flowers",18,"2026-01-01","2026-12-31",2026-05-20,140,2026-05-07,13,1,0
"onset",374111,53900,35.910019,-86.393036,170,"TN",101,"Quercus","macrocarpa","bur oak","Plantae",371,"Breaking leaf buds",18,"2026-01-01","2026-12-31",2026-04-01,91,2026-03-30,2,2,0
"onset",374124,58973,40.828594,-73.438011,NA,"NY",100,"Quercus","alba","white oak","Plantae",371,"Breaking leaf buds",18,"2026-01-01","2026-12-31",2026-04-23,113,2026-04-09,14,1,0
"onset",374125,58973,40.828594,-73.438011,NA,"NY",100,"Quercus","alba","white oak","Plantae",371,"Breaking leaf buds",18,"2026-01-01","2026-12-31",2026-04-23,113,2026-04-09,14,1,0
"onset",374445,59800,38.058327,-78.459404,NA,"VA",100,"Quercus","alba","white oak","Plantae",371,"Breaking leaf buds",18,"2026-01-01","2026-12-31",2026-04-06,96,2026-04-03,3,1,0
"onset",374668,60021,42.393852,-71.167053,0,"MA",2043,"Quercus","bicolor","swamp white oak","Plantae",371,"Breaking leaf buds",18,"2026-01-01","2026-12-31",2026-04-15,105,2026-04-12,3,3,0
"onset",374671,60022,42.393902,-71.167,0,NA,2043,"Quercus","bicolor","swamp white oak","Plantae",371,"Breaking leaf buds",18,"2026-01-01","2026-12-31",2026-04-17,107,2026-04-11,6,3,0
"onset",374674,60023,42.393902,-71.167,1,NA,2043,"Quercus","bicolor","swamp white oak","Plantae",371,"Breaking leaf buds",18,"2026-01-01","2026-12-31",2026-04-20,110,2026-04-11,9,2,0
"onset",374721,59374,53.93327,-116.576508,1254,NA,2043,"Quercus","bicolor","swamp white oak","Plantae",371,"Breaking leaf buds",18,"2026-01-01","2026-12-31",2026-04-17,107,2026-04-14,3,1,0
"onset",374721,59374,53.93327,-116.576508,1254,NA,2043,"Quercus","bicolor","swamp white oak","Plantae",501,"Open flowers",18,"2026-01-01","2026-12-31",2026-04-22,112,2026-04-17,5,1,0
"onset",374794,54344,44.073566,-91.676826,198,"MN",2043,"Quercus","bicolor","swamp white oak","Plantae",371,"Breaking leaf buds",18,"2026-01-01","2026-12-31",2026-04-15,105,2026-04-06,9,1,0
"onset",374794,54344,44.073566,-91.676826,198,"MN",2043,"Quercus","bicolor","swamp white oak","Plantae",501,"Open flowers",18,"2026-01-01","2026-12-31",2026-05-05,125,2026-04-15,20,1,0
"onset",374795,54344,44.073566,-91.676826,198,"MN",101,"Quercus","macrocarpa","bur oak","Plantae",371,"Breaking leaf buds",18,"2026-01-01","2026-12-31",2026-04-15,105,2026-04-06,9,1,0
"onset",374795,54344,44.073566,-91.676826,198,"MN",101,"Quercus","macrocarpa","bur oak","Plantae",501,"Open flowers",18,"2026-01-01","2026-12-31",2026-05-05,125,2026-04-15,20,1,0
"onset",374837,59878,44.988308,-93.116768,284,"MN",101,"Quercus","macrocarpa","bur oak","Plantae",371,"Breaking leaf buds",18,"2026-01-01","2026-12-31",2026-05-13,133,2026-05-11,2,1,0
"onset",374837,59878,44.988308,-93.116768,284,"MN",101,"Quercus","macrocarpa","bur oak","Plantae",501,"Open flowers",18,"2026-01-01","2026-12-31",2026-05-13,133,2026-05-11,2,1,0
"onset",374999,59916,40.899601,-73.128014,NA,NA,100,"Quercus","alba","white oak","Plantae",501,"Open flowers",18,"2026-01-01","2026-12-31",2026-05-07,127,2026-04-29,8,1,0
"onset",375006,59917,40.900574,-73.124382,NA,"NY",100,"Quercus","alba","white oak","Plantae",501,"Open flowers",18,"2026-01-01","2026-12-31",2026-05-07,127,2026-04-29,8,1,0
"onset",375010,59918,40.903744,-73.125008,NA,"NY",100,"Quercus","alba","white oak","Plantae",371,"Breaking leaf buds",18,"2026-01-01","2026-12-31",2026-04-29,119,2026-04-12,17,1,0
"onset",375470,60012,30.05015,-99.148643,NA,"TX",305,"Quercus","virginiana","live oak","Plantae",371,"Breaking leaf buds",18,"2026-01-01","2026-12-31",2026-06-11,162,2026-06-10,1,1,0
"onset",375658,60082,41.691452,-72.765015,NA,"CT",100,"Quercus","alba","white oak","Plantae",371,"Breaking leaf buds",18,"2026-01-01","2026-12-31",2026-04-20,110,2026-04-14,6,1,0
"onset",376645,60006,32.790691,-79.925728,0,"SC",305,"Quercus","virginiana","live oak","Plantae",371,"Breaking leaf buds",18,"2026-01-01","2026-12-31",2026-07-02,183,2026-06-30,2,1,0
