"individual_id","phenophase_id","period","period_start","period_end","first_yes_date","first_yes_doy","prior_no_date","days_prior_no","n_series","site_id","latitude","longitude","elevation_m","state","species_id","genus","species","common_name","kingdom","phenophase_description","last_yes_date","last_yes_doy","next_no_date","days_next_no","duration"
1054,371,1,"2009-01-01","2009-12-31",2009-04-26,116,2009-04-22,4,1,973,42.285683,-84.128387,309,"MI",101,"Quercus","macrocarpa","bur oak","Plantae","Breaking leaf buds",2009-05-08,128,2009-05-20,12,12
1054,371,4,"2012-01-01","2012-12-31",2012-03-24,84,2012-03-14,10,1,973,42.285683,-84.128387,309,"MI",101,"Quercus","macrocarpa","bur oak","Plantae","Breaking leaf buds",2012-05-05,126,2012-05-10,5,42
1057,371,1,"2009-01-01","2009-12-31",2009-04-26,116,2009-04-22,4,1,973,42.285683,-84.128387,309,"MI",100,"Quercus","alba","white oak","Plantae","Breaking leaf buds",2009-05-25,145,2009-05-28,3,29
1057,371,4,"2012-01-01","2012-12-31",2012-03-24,84,2012-03-14,10,2,973,42.285683,-84.128387,309,"MI",100,"Quercus","alba","white oak","Plantae","Breaking leaf buds",2012-05-05,126,NA,NA,42
1577,371,1,"2009-01-01","2009-12-31",2009-04-26,116,2009-04-24,2,1,1167,40.096401,-75.970802,249,"PA",100,"Quercus","alba","white oak","Plantae","Breaking leaf buds",2009-04-27,117,2009-07-19,83,1
1577,371,2,"2010-01-01","2010-12-31",2010-04-11,101,2010-03-13,29,2,1167,40.096401,-75.970802,249,"PA",100,"Quercus","alba","white oak","Plantae","Breaking leaf buds",2010-05-23,143,2010-06-16,24,42
1938,371,1,"2009-01-01","2009-12-31",2009-05-24,144,2009-05-10,14,1,637,44.34095,-72.46122,266,"VT",100,"Quercus","alba","white oak","Plantae","Breaking leaf buds",2009-05-24,144,2010-03-21,301,0
1938,371,2,"2010-01-01","2010-12-31",2010-05-16,136,2010-05-08,8,1,637,44.34095,-72.46122,266,"VT",100,"Quercus","alba","white oak","Plantae","Breaking leaf buds",2010-05-23,143,2010-05-30,7,7
2199,371,1,"2009-01-01","2009-12-31",2009-04-04,94,2009-03-29,6,1,1386,36.003922,-79.878731,250,"NC",100,"Quercus","alba","white oak","Plantae","Breaking leaf buds",2009-04-20,110,NA,NA,16
2317,371,1,"2009-01-01","2009-12-31",2009-04-27,117,2009-04-23,4,1,1419,42.011166,-88.503304,280,"IL",101,"Quercus","macrocarpa","bur oak","Plantae","Breaking leaf buds",2009-05-07,127,2009-05-10,3,10
2317,371,2,"2010-01-01","2010-12-31",2010-04-05,95,2010-04-03,2,1,1419,42.011166,-88.503304,280,"IL",101,"Quercus","macrocarpa","bur oak","Plantae","Breaking leaf buds",2010-04-21,111,2010-04-23,2,16
2317,371,3,"2011-01-01","2011-12-31",2011-05-04,124,2011-04-23,11,1,1419,42.011166,-88.503304,280,"IL",101,"Quercus","macrocarpa","bur oak","Plantae","Breaking leaf buds",2011-05-11,131,2011-05-15,4,7
2317,371,4,"2012-01-01","2012-12-31",2012-04-16,107,2012-04-11,5,1,1419,42.011166,-88.503304,280,"IL",101,"Quercus","macrocarpa","bur oak","Plantae","Breaking leaf buds",2012-04-19,110,2012-04-26,7,3
2317,371,5,"2013-01-01","2013-12-31",2013-05-05,125,2013-04-27,8,1,1419,42.011166,-88.503304,280,"IL",101,"Quercus","macrocarpa","bur oak","Plantae","Breaking leaf buds",2013-05-18,138,2013-05-26,8,13
2317,371,6,"2014-01-01","2014-12-31",2014-05-04,124,2014-05-03,1,1,1419,42.011166,-88.503304,280,"IL",101,"Quercus","macrocarpa","bur oak","Plantae","Breaking leaf buds",2014-05-18,138,2014-05-26,8,14
2317,371,7,"2015-01-01","2015-12-31",2015-05-02,122,2015-04-26,6,1,1419,42.011166,-88.503304,280,"IL",101,"Quercus","macrocarpa","bur oak","Plantae","Breaking leaf buds",2015-05-02,122,2015-05-10,8,0
2317,371,8,"2016-01-01","2016-12-31",2016-05-01,122,2016-04-23,8,1,1419,42.011166,-88.503304,280,"IL",101,"Quercus","macrocarpa","bur oak","Plantae","Breaking leaf buds",2016-05-01,122,2016-05-07,6,0
2317,371,9,"2017-01-01","2017-12-31",2017-05-07,127,2017-04-09,28,1,1419,42.011166,-88.503304,280,"IL",101,"Quercus","macrocarpa","bur oak","Plantae","Breaking leaf buds",2017-05-07,127,2017-05-28,21,0
2317,371,15,"2023-01-01","2023-12-31",2023-05-05,125,2023-04-24,11,1,1419,42.011166,-88.503304,280,"IL",101,"Quercus","macrocarpa","bur oak","Plantae","Breaking leaf buds",2023-05-05,125,2023-05-15,10,0
2317,371,16,"2024-01-01","2024-12-31",2024-04-29,120,2024-04-22,7,1,1419,42.011166,-88.503304,280,"IL",101,"Quercus","macrocarpa","bur oak","Plantae","Breaking leaf buds",2024-04-29,120,2024-05-05,6,0
2317,371,18,"2026-01-01","2026-12-31",2026-04-22,112,2026-04-16,6,1,1419,42.011166,-88.503304,280,"IL",101,"Quercus","macrocarpa","bur oak","Plantae","Breaking leaf buds",2026-04-22,112,2026-05-15,23,0
2317,501,6,"2014-01-01","2014-12-31",2014-05-18,138,2014-05-11,7,1,1419,42.011166,-88.503304,280,"IL",101,"Quercus","macrocarpa","bur oak","Plantae","Open flowers",2014-05-26,146,2014-06-10,15,8
2317,501,12,"2020-01-01","2020-12-31",2020-05-29,150,2020-05-25,4,1,1419,42.011166,-88.503304,280,"IL",101,"Quercus","macrocarpa","bur oak","Plantae","Open flowers",2020-05-29,150,2020-06-01,3,0
2317,501,15,"2023-01-01","2023-12-31",2023-05-05,125,2023-04-24,11,1,1419,42.011166,-88.503304,280,"IL",101,"Quercus","macrocarpa","bur oak","Plantae","Open flowers",2023-05-05,125,2023-05-15,10,0
2318,371,1,"2009-01-01","2009-12-31",2009-04-27,117,2009-04-23,4,1,1419,42.011166,-88.503304,280,"IL",101,"Quercus","macrocarpa","bur oak","Plantae","Breaking leaf buds",2009-05-22,142,2009-05-23,1,25
2318,371,2,"2010-01-01","2010-12-31",2010-04-16,106,2010-04-09,7,1,1419,42.011166,-88.503304,280,"IL",101,"Quercus","macrocarpa","bur oak","Plantae","Breaking leaf buds",2010-04-30,120,2010-05-04,4,14
2318,371,3,"2011-01-01","2011-12-31",2011-05-04,124,2011-04-23,11,1,1419,42.011166,-88.503304,280,"IL",101,"Quercus","macrocarpa","bur oak","Plantae","Breaking leaf buds",2011-05-04,124,2011-05-09,5,0
2318,371,4,"2012-01-01","2012-12-31",2012-04-11,102,2012-04-07,4,1,1419,42.011166,-88.503304,280,"IL",101,"Quercus","macrocarpa","bur oak","Plantae","Breaking leaf buds",2012-04-29,120,2012-05-04,5,18
2318,371,5,"2013-01-01","2013-12-31",2013-05-05,125,2013-04-27,8,1,1419,42.011166,-88.503304,280,"IL",101,"Quercus","macrocarpa","bur oak","Plantae","Breaking leaf buds",2013-05-18,138,2013-05-26,8,13
2804,371,1,"2009-01-01","2009-12-31",2009-04-06,96,2009-03-30,7,1,1559,39.289673,-123.373718,542,"CA",100,"Quercus","alba","white oak","Plantae","Breaking leaf buds",2009-10-13,286,NA,NA,190
2804,501,6,"2014-01-01","2014-12-31",2014-04-03,93,2014-03-09,25,1,1559,39.289673,-123.373718,542,"CA",100,"Quercus","alba","white oak","Plantae","Open flowers",2014-05-09,129,2015-02-18,285,36
3992,371,1,"2009-01-01","2009-12-31",2009-04-27,117,2009-04-23,4,1,1915,41.78344,-73.732552,150,"NY",100,"Quercus","alba","white oak","Plantae","Breaking leaf buds",2009-11-02,306,2010-03-22,140,189
3992,371,2,"2010-01-01","2010-12-31",2010-04-12,102,2010-04-08,4,1,1915,41.78344,-73.732552,150,"NY",100,"Quercus","alba","white oak","Plantae","Breaking leaf buds",2010-11-08,312,2011-04-11,154,210
3992,371,3,"2011-01-01","2011-12-31",2011-05-09,129,2011-05-02,7,1,1915,41.78344,-73.732552,150,"NY",100,"Quercus","alba","white oak","Plantae","Breaking leaf buds",2011-05-16,136,2011-05-23,7,7
3992,371,4,"2012-01-01","2012-12-31",2012-04-17,108,2012-04-12,5,1,1915,41.78344,-73.732552,150,"NY",100,"Quercus","alba","white oak","Plantae","Breaking leaf buds",2012-04-25,116,2012-05-07,12,8
3992,371,5,"2013-01-01","2013-12-31",2013-04-24,114,2013-04-11,13,1,1915,41.78344,-73.732552,150,"NY",100,"Quercus","alba","white oak","Plantae","Breaking leaf buds",2013-05-06,126,2013-05-10,4,12
3992,371,6,"2014-01-01","2014-12-31",2014-05-13,133,2014-05-05,8,1,1915,41.78344,-73.732552,150,"NY",100,"Quercus","alba","white oak","Plantae","Breaking leaf buds",2014-05-13,133,2014-05-19,6,0
3992,371,7,"2015-01-01","2015-12-31",2015-05-07,127,2015-04-27,10,1,1915,41.78344,-73.732552,150,"NY",100,"Quercus","alba","white oak","Plantae","Breaking leaf buds",2015-05-07,127,2015-05-11,4,0
3992,371,8,"2016-01-01","2016-12-31",2016-04-27,118,2016-04-13,14,1,1915,41.78344,-73.732552,150,"NY",100,"Quercus","alba","white oak","Plantae","Breaking leaf buds",2016-05-09,130,2016-05-18,9,12
3992,371,9,"2017-01-01","2017-12-31",2017-05-01,121,2017-04-24,7,1,1915,41.78344,-73.732552,150,"NY",100,"Quercus","alba","white oak","Plantae","Breaking leaf buds",2017-05-12,132,2017-06-01,20,11
3992,371,10,"2018-01-01","2018-12-31",2018-05-04,124,2018-04-27,7,1,1915,41.78344,-73.732552,150,"NY",100,"Quercus","alba","white oak","Plantae","Breaking leaf buds",2018-05-04,124,2018-05-11,7,0
3992,371,11,"2019-01-01","2019-12-31",2019-04-24,114,2019-04-19,5,1,1915,41.78344,-73.732552,150,"NY",100,"Quercus","alba","white oak","Plantae","Breaking leaf buds",2019-05-08,128,2019-05-20,12,14
3992,371,12,"2020-01-01","2020-12-31",2020-05-12,133,2020-05-05,7,1,1915,41.78344,-73.732552,150,"NY",100,"Quercus","alba","white oak","Plantae","Breaking leaf buds",2020-05-12,133,2020-05-19,7,0
3992,371,13,"2021-01-01","2021-12-31",2021-04-28,118,2021-04-12,16,1,1915,41.78344,-73.732552,150,"NY",100,"Quercus","alba","white oak","Plantae","Breaking leaf buds",2021-04-28,118,2021-05-11,13,0
3992,501,4,"2012-01-01","2012-12-31",2012-04-04,95,2012-03-29,6,1,1915,41.78344,-73.732552,150,"NY",100,"Quercus","alba","white oak","Plantae","Open flowers",2012-05-14,135,2012-05-21,7,40
3992,501,5,"2013-01-01","2013-12-31",2013-05-06,126,2013-05-02,4,1,1915,41.78344,-73.732552,150,"NY",100,"Quercus","alba","white oak","Plantae","Open flowers",2013-05-10,130,2013-05-16,6,4
3992,501,6,"2014-01-01","2014-12-31",2014-05-19,139,2014-05-13,6,1,1915,41.78344,-73.732552,150,"NY",100,"Quercus","alba","white oak","Plantae","Open flowers",2014-05-19,139,2014-05-28,9,0
3992,501,7,"2015-01-01","2015-12-31",2015-05-07,127,2015-04-27,10,1,1915,41.78344,-73.732552,150,"NY",100,"Quercus","alba","white oak","Plantae","Open flowers",2015-05-11,131,2015-05-21,10,4
3992,501,9,"2017-01-01","2017-12-31",2017-06-01,152,2017-05-12,20,1,1915,41.78344,-73.732552,150,"NY",100,"Quercus","alba","white oak","Plantae","Open flowers",2017-06-01,152,2017-06-09,8,0
3992,501,11,"2019-01-01","2019-12-31",2019-05-08,128,2019-04-24,14,1,1915,41.78344,-73.732552,150,"NY",100,"Quercus","alba","white oak","Plantae","Open flowers",2019-05-20,140,2019-06-11,22,12
3992,501,13,"2021-01-01","2021-12-31",2021-05-11,131,2021-04-28,13,1,1915,41.78344,-73.732552,150,"NY",100,"Quercus","alba","white oak","Plantae","Open flowers",2021-05-20,140,2021-05-26,6,9
4663,371,2,"2010-01-01","2010-12-31",2010-04-15,105,2010-04-05,10,1,2267,44.923634,-93.228745,254,"MN",100,"Quercus","alba","white oak","Plantae","Breaking leaf buds",2010-04-15,105,NA,NA,0
4742,371,2,"2010-01-01","2010-12-31",2010-03-11,70,2010-02-21,18,1,2298,30.525684,-97.603165,212,"TX",101,"Quercus","macrocarpa","bur oak","Plantae","Breaking leaf buds",2010-03-27,86,2010-03-30,3,16
5098,371,2,"2010-01-01","2010-12-31",2010-04-05,95,2010-04-02,3,1,2439,40.108791,-88.219818,226,"IL",101,"Quercus","macrocarpa","bur oak","Plantae","Breaking leaf buds",2010-05-03,123,2010-05-10,7,28
5103,371,2,"2010-01-01","2010-12-31",2010-04-26,116,2010-04-23,3,1,5951,45.407852,-93.199257,278,"MN",100,"Quercus","alba","white oak","Plantae","Breaking leaf buds",2010-06-01,152,2010-06-08,7,36
5103,371,3,"2011-01-01","2011-12-31",2011-05-10,130,2011-05-06,4,1,5951,45.407852,-93.199257,278,"MN",100,"Quercus","alba","white oak","Plantae","Breaking leaf buds",2011-05-26,146,2011-05-31,5,16
5103,371,4,"2012-01-01","2012-12-31",2012-04-11,102,2012-03-27,15,1,5951,45.407852,-93.199257,278,"MN",100,"Quercus","alba","white oak","Plantae","Breaking leaf buds",2012-05-16,137,2012-05-25,9,35
5103,371,5,"2013-01-01","2013-12-31",2013-05-17,137,2013-05-05,12,1,5951,45.407852,-93.199257,278,"MN",100,"Quercus","alba","white oak","Plantae","Breaking leaf buds",2013-06-11,162,2013-06-20,9,25
5103,371,6,"2014-01-01","2014-12-31",2014-05-22,142,2014-05-13,9,1,5951,45.407852,-93.199257,278,"MN",100,"Quercus","alba","white oak","Plantae","Breaking leaf buds",2014-05-30,150,2014-06-10,11,8
5103,371,7,"2015-01-01","2015-12-31",2015-05-06,126,2015-04-29,7,1,5951,45.407852,-93.199257,278,"MN",100,"Quercus","alba","white oak","Plantae","Breaking leaf buds",2015-05-19,139,2015-06-02,14,13
5103,371,8,"2016-01-01","2016-12-31",2016-04-27,118,2016-04-20,7,1,5951,45.407852,-93.199257,278,"MN",100,"Quercus","alba","white oak","Plantae","Breaking leaf buds",2016-05-16,137,2016-06-01,16,19
5103,371,9,"2017-01-01","2017-12-31",2017-05-03,123,2017-04-27,6,1,5951,45.407852,-93.199257,278,"MN",100,"Quercus","alba","white oak","Plantae","Breaking leaf buds",2017-05-16,136,2017-05-25,9,13
5103,371,10,"2018-01-01","2018-12-31",2018-05-07,127,2018-04-30,7,1,5951,45.407852,-93.199257,278,"MN",100,"Quercus","alba","white oak","Plantae","Breaking leaf buds",2018-05-07,127,2018-05-16,9,0
5103,371,11,"2019-01-01","2019-12-31",2019-05-24,144,2019-05-14,10,1,5951,45.407852,-93.199257,278,"MN",100,"Quercus","alba","white oak","Plantae","Breaking leaf buds",2019-05-24,144,2019-05-31,7,0
5103,371,12,"2020-01-01","2020-12-31",2020-05-11,132,2020-05-04,7,1,5951,45.407852,-93.199257,278,"MN",100,"Quercus","alba","white oak","Plantae","Breaking leaf buds",2020-05-11,132,2020-05-18,7,0
5103,371,13,"2021-01-01","2021-12-31",2021-04-30,120,2021-04-17,13,1,5951,45.407852,-93.199257,278,"MN",100,"Quercus","alba","white oak","Plantae","Breaking leaf buds",2021-05-10,130,2021-05-17,7,10
5103,371,15,"2023-01-01","2023-12-31",2023-05-05,125,2023-04-13,22,1,5951,45.407852,-93.199257,278,"MN",100,"Quercus","alba","white oak","Plantae","Breaking leaf buds",2023-05-05,125,2023-05-28,23,0
5103,371,17,"2025-01-01","2025-12-31",2025-04-30,120,2025-04-23,7,4,5951,45.407852,-93.199257,278,"MN",100,"Quercus","alba","white oak","Plantae","Breaking leaf buds",2025-09-07,250,2025-09-23,16,130
5103,371,18,"2026-01-01","2026-12-31",2026-05-31,151,2026-05-21,10,1,5951,45.407852,-93.199257,278,"MN",100,"Quercus","alba","white oak","Plantae","Breaking leaf buds",2026-06-12,163,NA,NA,12
5103,501,7,"2015-01-01","2015-12-31",2015-05-15,135,2015-05-06,9,1,5951,45.407852,-93.199257,278,"MN",100,"Quercus","alba","white oak","Plantae","Open flowers",2015-05-19,139,2015-06-02,14,4
5103,501,8,"2016-01-01","2016-12-31",2016-05-09,130,2016-04-27,12,1,5951,45.407852,-93.199257,278,"MN",100,"Quercus","alba","white oak","Plantae","Open flowers",2016-05-09,130,2016-05-16,7,0
5103,501,9,"2017-01-01","2017-12-31",2017-05-16,136,2017-05-09,7,1,5951,45.407852,-93.199257,278,"MN",100,"Quercus","alba","white oak","Plantae","Open flowers",2017-05-16,136,2017-05-25,9,0
5103,501,10,"2018-01-01","2018-12-31",2018-05-16,136,2018-05-07,9,1,5951,45.407852,-93.199257,278,"MN",100,"Quercus","alba","white oak","Plantae","Open flowers",2018-05-16,136,2018-05-23,7,0
5103,501,11,"2019-01-01","2019-12-31",2019-05-31,151,2019-05-24,7,1,5951,45.407852,-93.199257,278,"MN",100,"Quercus","alba","white oak","Plantae","Open flowers",2019-05-31,151,2019-06-07,7,0
5103,501,12,"2020-01-01","2020-12-31",2020-05-22,143,2020-05-11,11,1,5951,45.407852,-93.199257,278,"MN",100,"Quercus","alba","white oak","Plantae","Open flowers",2020-06-04,156,2020-06-08,4,13
5103,501,16,"2024-01-01","2024-12-31",2024-05-10,131,2024-04-10,30,1,5951,45.407852,-93.199257,278,"MN",100,"Quercus","alba","white oak","Plantae","Open flowers",2024-05-10,131,2024-05-16,6,0
5105,371,2,"2010-01-01","2010-12-31",2010-04-23,113,2010-04-16,7,1,5951,45.407852,-93.199257,278,"MN",100,"Quercus","alba","white oak","Plantae","Breaking leaf buds",2010-05-19,139,2010-05-26,7,26
5105,371,3,"2011-01-01","2011-12-31",2011-05-10,130,2011-05-06,4,1,5951,45.407852,-93.199257,278,"MN",100,"Quercus","alba","white oak","Plantae","Breaking leaf buds",2011-05-26,146,2011-05-31,5,16
5105,371,4,"2012-01-01","2012-12-31",2012-04-11,102,2012-04-05,6,1,5951,45.407852,-93.199257,278,"MN",100,"Quercus","alba","white oak","Plantae","Breaking leaf buds",2012-05-16,137,2012-05-25,9,35
5105,371,5,"2013-01-01","2013-12-31",2013-05-17,137,2013-05-05,12,1,5951,45.407852,-93.199257,278,"MN",100,"Quercus","alba","white oak","Plantae","Breaking leaf buds",2013-06-11,162,2013-06-20,9,25
5105,371,6,"2014-01-01","2014-12-31",2014-05-22,142,2014-05-13,9,1,5951,45.407852,-93.199257,278,"MN",100,"Quercus","alba","white oak","Plantae","Breaking leaf buds",2014-05-30,150,2014-06-10,11,8
5105,371,7,"2015-01-01","2015-12-31",2015-05-06,126,2015-04-29,7,1,5951,45.407852,-93.199257,278,"MN",100,"Quercus","alba","white oak","Plantae","Breaking leaf buds",2015-05-19,139,2015-06-02,14,13
5105,371,8,"2016-01-01","2016-12-31",2016-04-27,118,2016-04-20,7,1,5951,45.407852,-93.199257,278,"MN",100,"Quercus","alba","white oak","Plantae","Breaking leaf buds",2016-05-16,137,2016-06-01,16,19
5105,371,9,"2017-01-01","2017-12-31",2017-05-03,123,2017-04-27,6,1,5951,45.407852,-93.199257,278,"MN",100,"Quercus","alba","white oak","Plantae","Breaking leaf buds",2017-05-16,136,2017-05-25,9,13
5105,371,10,"2018-01-01","2018-12-31",2018-05-07,127,2018-04-30,7,1,5951,45.407852,-93.199257,278,"MN",100,"Quercus","alba","white oak","Plantae","Breaking leaf buds",2018-05-07,127,2018-05-16,9,0
5105,371,11,"2019-01-01","2019-12-31",2019-05-24,144,2019-05-14,10,1,5951,45.407852,-93.199257,278,"MN",100,"Quercus","alba","white oak","Plantae","Breaking leaf buds",2019-05-24,144,2019-05-31,7,0
5105,371,12,"2020-01-01","2020-12-31",2020-05-11,132,2020-05-04,7,1,5951,45.407852,-93.199257,278,"MN",100,"Quercus","alba","white oak","Plantae","Breaking leaf buds",2020-05-11,132,2020-05-18,7,0
5105,371,13,"2021-01-01","2021-12-31",2021-04-30,120,2021-04-17,13,2,5951,45.407852,-93.199257,278,"MN",100,"Quercus","alba","white oak","Plantae","Breaking leaf buds",2021-05-17,137,2021-05-23,6,17
5105,371,14,"2022-01-01","2022-12-31",2022-05-07,127,2022-05-02,5,1,5951,45.407852,-93.199257,278,"MN",100,"Quercus","alba","white oak","Plantae","Breaking leaf buds",2022-05-13,133,2022-05-18,5,6
5105,371,15,"2023-01-01","2023-12-31",2023-05-05,125,2023-04-13,22,1,5951,45.407852,-93.199257,278,"MN",100,"Quercus","alba","white oak","Plantae","Breaking leaf buds",2023-05-05,125,2023-05-28,23,0
5105,371,17,"2025-01-01","2025-12-31",2025-04-30,120,2025-04-23,7,4,5951,45.407852,-93.199257,278,"MN",100,"Quercus","alba","white oak","Plantae","Breaking leaf buds",2025-09-07,250,2025-09-23,16,130
5105,371,18,"2026-01-01","2026-12-31",2026-04-21,111,2026-04-12,9,2,5951,45.407852,-93.199257,278,"MN",100,"Quercus","alba","white oak","Plantae","Breaking leaf buds",2026-06-12,163,NA,NA,52
5105,501,3,"2011-01-01","2011-12-31",2011-05-20,140,2011-05-16,4,1,5951,45.407852,-93.199257,278,"MN",100,"Quercus","alba","white oak","Plantae","Open flowers",2011-05-26,146,2011-05-31,5,6
5105,501,4,"2012-01-01","2012-12-31",2012-04-24,115,2012-04-20,4,1,5951,45.407852,-93.199257,278,"MN",100,"Quercus","alba","white oak","Plantae","Open flowers",2012-05-08,129,2012-05-16,8,14
5105,501,5,"2013-01-01","2013-12-31",2013-05-17,137,2013-05-05,12,1,5951,45.407852,-93.199257,278,"MN",100,"Quercus","alba","white oak","Plantae","Open flowers",2013-05-17,137,2013-05-24,7,0
5105,501,6,"2014-01-01","2014-12-31",2014-05-22,142,2014-05-13,9,1,5951,45.407852,-93.199257,278,"MN",100,"Quercus","alba","white oak","Plantae","Open flowers",2014-05-22,142,2014-05-30,8,0
5105,501,7,"2015-01-01","2015-12-31",2015-05-15,135,2015-05-06,9,1,5951,45.407852,-93.199257,278,"MN",100,"Quercus","alba","white oak","Plantae","Open flowers",2015-05-15,135,2015-05-19,4,0
5105,501,8,"2016-01-01","2016-12-31",2016-05-09,130,2016-04-27,12,1,5951,45.407852,-93.199257,278,"MN",100,"Quercus","alba","white oak","Plantae","Open flowers",2016-05-16,137,2016-06-01,16,7
5105,501,9,"2017-01-01","2017-12-31",2017-05-16,136,2017-05-09,7,1,5951,45.407852,-93.199257,278,"MN",100,"Quercus","alba","white oak","Plantae","Open flowers",2017-05-16,136,2017-05-25,9,0
5105,501,10,"2018-01-01","2018-12-31",2018-05-16,136,2018-05-07,9,1,5951,45.407852,-93.199257,278,"MN",100,"Quercus","alba","white oak","Plantae","Open flowers",2018-05-16,136,2018-05-23,7,0
5105,501,11,"2019-01-01","2019-12-31",2019-05-24,144,2019-05-14,10,1,5951,45.407852,-93.199257,278,"MN",100,"Quercus","alba","white oak","Plantae","Open flowers",2019-05-24,144,2019-05-31,7,0
5105,501,12,"2020-01-01","2020-12-31",2020-05-22,143,2020-05-11,11,1,5951,45.407852,-93.199257,278,"MN",100,"Quercus","alba","white oak","Plantae","Open flowers",2020-06-04,156,2020-06-08,4,13
5105,501,16,"2024-01-01","2024-12-31",2024-05-10,131,2024-04-10,30,1,5951,45.407852,-93.199257,278,"MN",100,"Quercus","alba","white oak","Plantae","Open flowers",2024-05-10,131,2024-05-16,6,0
5105,501,17,"2025-01-01","2025-12-31",2025-05-13,133,2025-05-12,1,1,5951,45.407852,-93.199257,278,"MN",100,"Quercus","alba","white oak","Plantae","Open flowers",2025-05-13,133,2025-05-25,12,0
5110,371,2,"2010-01-01","2010-12-31",2010-04-19,109,2010-04-16,3,1,2394,45.425339,-93.186249,278,"MN",100,"Quercus","alba","white oak","Plantae","Breaking leaf buds",2010-05-19,139,2010-05-26,7,30
5110,371,3,"2011-01-01","2011-12-31",2011-05-06,126,2011-05-03,3,1,2394,45.425339,-93.186249,278,"MN",100,"Quercus","alba","white oak","Plantae","Breaking leaf buds",2011-05-26,146,2011-05-31,5,20
5110,371,4,"2012-01-01","2012-12-31",2012-05-01,122,2012-04-24,7,1,2394,45.425339,-93.186249,278,"MN",100,"Quercus","alba","white oak","Plantae","Breaking leaf buds",2012-05-26,147,2012-05-29,3,25
5110,371,5,"2013-01-01","2013-12-31",2013-05-16,136,2013-05-05,11,1,2394,45.425339,-93.186249,278,"MN",100,"Quercus","alba","white oak","Plantae","Breaking leaf buds",2013-06-11,162,2013-06-20,9,26
5110,371,6,"2014-01-01","2014-12-31",2014-05-13,133,2014-05-07,6,1,2394,45.425339,-93.186249,278,"MN",100,"Quercus","alba","white oak","Plantae","Breaking leaf buds",2014-05-30,150,2014-06-10,11,17
5110,371,7,"2015-01-01","2015-12-31",2015-04-22,112,2015-04-14,8,1,2394,45.425339,-93.186249,278,"MN",100,"Quercus","alba","white oak","Plantae","Breaking leaf buds",2015-05-19,139,2015-06-02,14,27
5110,371,8,"2016-01-01","2016-12-31",2016-04-20,111,2016-04-13,7,1,2394,45.425339,-93.186249,278,"MN",100,"Quercus","alba","white oak","Plantae","Breaking leaf buds",2016-05-09,130,2016-05-16,7,19
5110,371,9,"2017-01-01","2017-12-31",2017-05-03,123,2017-04-27,6,1,2394,45.425339,-93.186249,278,"MN",100,"Quercus","alba","white oak","Plantae","Breaking leaf buds",2017-05-16,136,2017-05-25,9,13
5110,371,10,"2018-01-01","2018-12-31",2018-05-07,127,2018-04-30,7,1,2394,45.425339,-93.186249,278,"MN",100,"Quercus","alba","white oak","Plantae","Breaking leaf buds",2018-05-07,127,2018-05-16,9,0
5110,371,12,"2020-01-01","2020-12-31",2020-05-04,125,2020-04-27,7,1,2394,45.425339,-93.186249,278,"MN",100,"Quercus","alba","white oak","Plantae","Breaking leaf buds",2020-05-04,125,2020-05-11,7,0
5110,371,13,"2021-01-01","2021-12-31",2021-05-10,130,2021-05-08,2,1,2394,45.425339,-93.186249,278,"MN",100,"Quercus","alba","white oak","Plantae","Breaking leaf buds",2021-05-10,130,2021-05-17,7,0
5110,371,14,"2022-01-01","2022-12-31",2022-05-07,127,2022-05-04,3,1,2394,45.425339,-93.186249,278,"MN",100,"Quercus","alba","white oak","Plantae","Breaking leaf buds",2022-05-13,133,2022-05-18,5,6
5110,371,16,"2024-01-01","2024-12-31",2024-05-10,131,2024-04-10,30,1,2394,45.425339,-93.186249,278,"MN",100,"Quercus","alba","white oak","Plantae","Breaking leaf buds",2024-05-10,131,2024-05-16,6,0
5110,371,17,"2025-01-01","2025-12-31",2025-04-23,113,2025-04-19,4,3,2394,45.425339,-93.186249,278,"MN",100,"Quercus","alba","white oak","Plantae","Breaking leaf buds",2025-08-27,239,2025-09-23,27,126
5110,371,18,"2026-01-01","2026-12-31",2026-04-21,111,2026-04-12,9,2,2394,45.425339,-93.186249,278,"MN",100,"Quercus","alba","white oak","Plantae","Breaking leaf buds",2026-06-12,163,NA,NA,52
5110,501,3,"2011-01-01","2011-12-31",2011-05-16,136,2011-05-10,6,1,2394,45.425339,-93.186249,278,"MN",100,"Quercus","alba","white oak","Plantae","Open flowers",2011-05-26,146,2011-05-31,5,10
5110,501,4,"2012-01-01","2012-12-31",2012-04-05,96,2012-03-27,9,1,2394,45.425339,-93.186249,278,"MN",100,"Quercus","alba","white oak","Plantae","Open flowers",2012-05-01,122,2012-05-16,15,26
5110,501,5,"2013-01-01","2013-12-31",2013-05-16,136,2013-05-05,11,1,2394,45.425339,-93.186249,278,"MN",100,"Quercus","alba","white oak","Plantae","Open flowers",2013-05-24,144,2013-05-29,5,8
5110,501,6,"2014-01-01","2014-12-31",2014-05-22,142,2014-05-13,9,1,2394,45.425339,-93.186249,278,"MN",100,"Quercus","alba","white oak","Plantae","Open flowers",2014-05-30,150,2014-06-10,11,8
5110,501,7,"2015-01-01","2015-12-31",2015-05-15,135,2015-04-29,16,1,2394,45.425339,-93.186249,278,"MN",100,"Quercus","alba","white oak","Plantae","Open flowers",2015-05-15,135,2015-06-02,18,0
5110,501,8,"2016-01-01","2016-12-31",2016-04-20,111,2016-04-13,7,1,2394,45.425339,-93.186249,278,"MN",100,"Quercus","alba","white oak","Plantae","Open flowers",2016-05-09,130,2016-05-16,7,19
5110,501,9,"2017-01-01","2017-12-31",2017-05-16,136,2017-05-09,7,1,2394,45.425339,-93.186249,278,"MN",100,"Quercus","alba","white oak","Plantae","Open flowers",2017-05-16,136,2017-05-25,9,0
5110,501,10,"2018-01-01","2018-12-31",2018-05-16,136,2018-05-07,9,1,2394,45.425339,-93.186249,278,"MN",100,"Quercus","alba","white oak","Plantae","Open flowers",2018-05-16,136,2018-05-23,7,0
5110,501,11,"2019-01-01","2019-12-31",2019-06-07,158,2019-05-31,7,1,2394,45.425339,-93.186249,278,"MN",100,"Quercus","alba","white oak","Plantae","Open flowers",2019-06-07,158,2019-06-13,6,0
5110,501,12,"2020-01-01","2020-12-31",2020-05-11,132,2020-05-04,7,1,2394,45.425339,-93.186249,278,"MN",100,"Quercus","alba","white oak","Plantae","Open flowers",2020-06-04,156,2020-06-08,4,24
5110,501,13,"2021-01-01","2021-12-31",2021-05-17,137,2021-05-10,7,1,2394,45.425339,-93.186249,278,"MN",100,"Quercus","alba","white oak","Plantae","Open flowers",2021-05-17,137,2021-05-23,6,0
5110,501,16,"2024-01-01","2024-12-31",2024-05-16,137,2024-05-10,6,1,2394,45.425339,-93.186249,278,"MN",100,"Quercus","alba","white oak","Plantae","Open flowers",2024-05-16,137,2024-05-23,7,0
5110,501,17,"2025-01-01","2025-12-31",2025-05-13,133,2025-04-30,13,1,2394,45.425339,-93.186249,278,"MN",100,"Quercus","alba","white oak","Plantae","Open flowers",2025-05-13,133,2025-05-25,12,0
5112,371,2,"2010-01-01","2010-12-31",2010-04-19,109,2010-04-16,3,1,2395,45.402004,-93.204147,276,"MN",100,"Quercus","alba","white oak","Plantae","Breaking leaf buds",2010-05-19,139,2010-05-26,7,30
5112,371,3,"2011-01-01","2011-12-31",2011-05-10,130,2011-05-06,4,1,2395,45.402004,-93.204147,276,"MN",100,"Quercus","alba","white oak","Plantae","Breaking leaf buds",2011-05-26,146,2011-05-31,5,16
5112,371,4,"2012-01-01","2012-12-31",2012-03-27,87,2012-03-22,5,2,2395,45.402004,-93.204147,276,"MN",100,"Quercus","alba","white oak","Plantae","Breaking leaf buds",2012-05-25,146,2012-05-29,4,59
5112,371,5,"2013-01-01","2013-12-31",2013-05-16,136,2013-05-05,11,1,2395,45.402004,-93.204147,276,"MN",100,"Quercus","alba","white oak","Plantae","Breaking leaf buds",2013-06-07,158,2013-06-11,4,22
5112,371,7,"2015-01-01","2015-12-31",2015-04-29,119,2015-04-14,15,1,2395,45.402004,-93.204147,276,"MN",100,"Quercus","alba","white oak","Plantae","Breaking leaf buds",2015-05-19,139,2015-06-02,14,20
5112,371,8,"2016-01-01","2016-12-31",2016-04-27,118,2016-04-20,7,1,2395,45.402004,-93.204147,276,"MN",100,"Quercus","alba","white oak","Plantae","Breaking leaf buds",2016-05-09,130,2016-05-16,7,12
5112,371,9,"2017-01-01","2017-12-31",2017-05-03,123,2017-04-27,6,1,2395,45.402004,-93.204147,276,"MN",100,"Quercus","alba","white oak","Plantae","Breaking leaf buds",2017-05-16,136,2017-06-01,16,13
5112,371,10,"2018-01-01","2018-12-31",2018-05-07,127,2018-04-30,7,1,2395,45.402004,-93.204147,276,"MN",100,"Quercus","alba","white oak","Plantae","Breaking leaf buds",2018-05-07,127,2018-05-16,9,0
5112,501,3,"2011-01-01","2011-12-31",2011-05-16,136,2011-05-10,6,1,2395,45.402004,-93.204147,276,"MN",100,"Quercus","alba","white oak","Plantae","Open flowers",2011-05-24,144,2011-05-26,2,8
5112,501,5,"2013-01-01","2013-12-31",2013-05-16,136,2013-05-05,11,1,2395,45.402004,-93.204147,276,"MN",100,"Quercus","alba","white oak","Plantae","Open flowers",2013-05-29,149,2013-06-07,9,13
5112,501,7,"2015-01-01","2015-12-31",2015-05-15,135,2015-05-06,9,1,2395,45.402004,-93.204147,276,"MN",100,"Quercus","alba","white oak","Plantae","Open flowers",2015-05-15,135,2015-05-19,4,0
5112,501,8,"2016-01-01","2016-12-31",2016-05-09,130,2016-04-27,12,1,2395,45.402004,-93.204147,276,"MN",100,"Quercus","alba","white oak","Plantae","Open flowers",2016-05-16,137,2016-06-01,16,7
5112,501,9,"2017-01-01","2017-12-31",2017-05-16,136,2017-05-09,7,1,2395,45.402004,-93.204147,276,"MN",100,"Quercus","alba","white oak","Plantae","Open flowers",2017-05-16,136,2017-06-01,16,0
5112,501,10,"2018-01-01","2018-12-31",2018-05-16,136,2018-05-07,9,1,2395,45.402004,-93.204147,276,"MN",100,"Quercus","alba","white oak","Plantae","Open flowers",2018-05-16,136,2018-05-23,7,0
8592,371,3,"2011-01-01","2011-12-31",2011-07-09,190,2011-07-01,8,1,4881,28.045185,-82.706299,3,"FL",305,"Quercus","virginiana","live oak","Plantae","Breaking leaf buds",2011-07-24,205,2011-07-29,5,15
8593,371,3,"2011-01-01","2011-12-31",2011-07-09,190,2011-07-01,8,1,4881,28.045185,-82.706299,3,"FL",305,"Quercus","virginiana","live oak","Plantae","Breaking leaf buds",2011-07-24,205,2011-07-29,5,15
10159,371,3,"2011-01-01","2011-12-31",2011-03-11,70,2011-03-09,2,1,5185,33.150963,-97.043053,168,"TX",305,"Quercus","virginiana","live oak","Plantae","Breaking leaf buds",2011-03-22,81,2011-03-25,3,11
10162,371,3,"2011-01-01","2011-12-31",2011-03-12,71,2011-03-08,4,1,5188,33.086292,-96.857719,183,"TX",305,"Quercus","virginiana","live oak","Plantae","Breaking leaf buds",2011-03-28,87,2011-04-01,4,16
10273,371,3,"2011-01-01","2011-12-31",2011-04-01,91,2011-03-18,14,1,5229,34.01189,-84.355904,292,"GA",100,"Quercus","alba","white oak","Plantae","Breaking leaf buds",2011-04-01,91,2011-04-08,7,0
10273,371,4,"2012-01-01","2012-12-31",2012-03-24,84,2012-03-15,9,1,5229,34.01189,-84.355904,292,"GA",100,"Quercus","alba","white oak","Plantae","Breaking leaf buds",2012-03-24,84,2012-03-30,6,0
10280,371,3,"2011-01-01","2011-12-31",2011-04-01,91,2011-03-18,14,1,5229,34.01189,-84.355904,292,"GA",100,"Quercus","alba","white oak","Plantae","Breaking leaf buds",2011-04-01,91,2011-04-08,7,0
10280,371,4,"2012-01-01","2012-12-31",2012-03-24,84,2012-03-15,9,1,5229,34.01189,-84.355904,292,"GA",100,"Quercus","alba","white oak","Plantae","Breaking leaf buds",2012-03-24,84,2012-03-30,6,0
10280,371,5,"2013-01-01","2013-12-31",2013-04-12,102,2013-03-26,17,1,5229,34.01189,-84.355904,292,"GA",100,"Quercus","alba","white oak","Plantae","Breaking leaf buds",2013-04-12,102,2013-05-10,28,0
10446,371,3,"2011-01-01","2011-12-31",2011-05-04,124,2011-04-28,6,1,5281,40.710247,-77.956192,403,"PA",100,"Quercus","alba","white oak","Plantae","Breaking leaf buds",2011-05-04,124,2011-05-11,7,0
10446,371,4,"2012-01-01","2012-12-31",2012-04-19,110,2012-04-13,6,2,5281,40.710247,-77.956192,403,"PA",100,"Quercus","alba","white oak","Plantae","Breaking leaf buds",2012-05-03,124,2012-05-10,7,14
10446,501,3,"2011-01-01","2011-12-31",2011-05-19,139,2011-05-11,8,1,5281,40.710247,-77.956192,403,"PA",100,"Quercus","alba","white oak","Plantae","Open flowers",2011-05-19,139,2011-06-02,14,0
10594,371,3,"2011-01-01","2011-12-31",2011-04-30,120,2011-04-26,4,1,5301,40.797592,-76.040657,352,"PA",100,"Quercus","alba","white oak","Plantae","Breaking leaf buds",2011-05-12,132,2011-05-15,3,12
10594,371,4,"2012-01-01","2012-12-31",2012-04-15,106,2012-04-09,6,1,5301,40.797592,-76.040657,352,"PA",100,"Quercus","alba","white oak","Plantae","Breaking leaf buds",2012-04-15,106,NA,NA,0
10594,501,3,"2011-01-01","2011-12-31",2011-05-08,128,2011-05-05,3,1,5301,40.797592,-76.040657,352,"PA",100,"Quercus","alba","white oak","Plantae","Open flowers",2011-06-04,155,2011-06-09,5,27
10694,371,3,"2011-01-01","2011-12-31",2011-03-20,79,2011-03-09,11,1,5309,33.229744,-97.12867,198,"TX",101,"Quercus","macrocarpa","bur oak","Plantae","Breaking leaf buds",2011-04-26,116,NA,NA,37
11417,371,14,"2022-01-01","2022-12-31",2022-04-19,109,2022-03-31,19,1,5431,35.517879,-82.469681,823,"NC",100,"Quercus","alba","white oak","Plantae","Breaking leaf buds",2022-04-19,109,2022-04-27,8,0
11417,371,15,"2023-01-01","2023-12-31",2023-04-09,99,2023-04-04,5,1,5431,35.517879,-82.469681,823,"NC",100,"Quercus","alba","white oak","Plantae","Breaking leaf buds",2023-04-09,99,2023-04-26,17,0
11770,371,3,"2011-01-01","2011-12-31",2011-03-18,77,2011-03-15,3,1,5257,34.015724,-81.119118,88,"SC",100,"Quercus","alba","white oak","Plantae","Breaking leaf buds",2011-03-21,80,2011-03-23,2,3
13058,371,4,"2012-01-01","2012-12-31",2012-03-02,62,2012-02-24,7,2,5758,28.057789,-82.424065,13,"FL",305,"Quercus","virginiana","live oak","Plantae","Breaking leaf buds",2012-12-06,341,2013-01-16,41,279
13058,371,5,"2013-01-01","2013-12-31",2013-07-03,184,2013-06-26,7,1,5758,28.057789,-82.424065,13,"FL",305,"Quercus","virginiana","live oak","Plantae","Breaking leaf buds",2013-07-17,198,NA,NA,14
13058,371,11,"2019-01-01","2019-12-31",2019-02-23,54,2019-02-15,8,1,5758,28.057789,-82.424065,13,"FL",305,"Quercus","virginiana","live oak","Plantae","Breaking leaf buds",2019-03-22,81,2019-03-29,7,27
13058,501,7,"2015-01-01","2015-12-31",2015-04-14,104,2015-04-01,13,1,5758,28.057789,-82.424065,13,"FL",305,"Quercus","virginiana","live oak","Plantae","Open flowers",2015-04-14,104,2016-01-28,289,0
13058,501,10,"2018-01-01","2018-12-31",2018-10-26,299,2018-10-17,9,1,5758,28.057789,-82.424065,13,"FL",305,"Quercus","virginiana","live oak","Plantae","Open flowers",2018-10-26,299,2018-11-02,7,0
13058,501,11,"2019-01-01","2019-12-31",2019-02-08,39,2019-02-01,7,2,5758,28.057789,-82.424065,13,"FL",305,"Quercus","virginiana","live oak","Plantae","Open flowers",2019-04-27,117,2019-09-10,136,78
13059,371,4,"2012-01-01","2012-12-31",2012-10-27,301,2012-10-23,4,1,5758,28.057789,-82.424065,13,"FL",297,"Quercus","geminata","sand live oak","Plantae","Breaking leaf buds",2012-12-06,341,2013-01-16,41,40
13059,501,7,"2015-01-01","2015-12-31",2015-04-14,104,2015-04-10,4,1,5758,28.057789,-82.424065,13,"FL",297,"Quercus","geminata","sand live oak","Plantae","Open flowers",2015-04-14,104,2016-01-28,289,0
13065,371,4,"2012-01-01","2012-12-31",2012-03-30,90,2012-03-23,7,1,5758,28.057789,-82.424065,13,"FL",297,"Quercus","geminata","sand live oak","Plantae","Breaking leaf buds",2012-03-30,90,2012-05-14,45,0
13222,371,8,"2016-01-01","2016-12-31",2016-07-06,188,2016-06-30,6,1,5754,45.622391,-95.884605,341,"MN",101,"Quercus","macrocarpa","bur oak","Plantae","Breaking leaf buds",2016-07-06,188,2016-07-14,8,0
14126,371,4,"2012-01-01","2012-12-31",2012-02-19,50,2012-02-12,7,1,5934,28.039858,-82.718468,16,"FL",305,"Quercus","virginiana","live oak","Plantae","Breaking leaf buds",2012-02-26,57,2012-03-04,7,7
14255,371,4,"2012-01-01","2012-12-31",2012-03-30,90,2012-03-23,7,2,5758,28.057789,-82.424065,13,"FL",297,"Quercus","geminata","sand live oak","Plantae","Breaking leaf buds",2012-12-06,341,2013-01-16,41,251
14255,371,9,"2017-01-01","2017-12-31",2017-11-14,318,2017-11-07,7,1,5758,28.057789,-82.424065,13,"FL",297,"Quercus","geminata","sand live oak","Plantae","Breaking leaf buds",2017-11-28,332,2018-01-19,52,14
14255,371,11,"2019-01-01","2019-12-31",2019-02-15,46,2019-02-08,7,1,5758,28.057789,-82.424065,13,"FL",297,"Quercus","geminata","sand live oak","Plantae","Breaking leaf buds",2019-03-22,81,2019-03-29,7,35
14273,371,4,"2012-01-01","2012-12-31",2012-03-02,62,2012-02-24,7,1,5758,28.057789,-82.424065,13,"FL",305,"Quercus","virginiana","live oak","Plantae","Breaking leaf buds",2012-03-30,90,2012-05-14,45,28
14301,371,4,"2012-01-01","2012-12-31",2012-10-27,301,2012-10-23,4,1,5758,28.057789,-82.424065,13,"FL",305,"Quercus","virginiana","live oak","Plantae","Breaking leaf buds",2012-12-06,341,2013-01-16,41,40
14301,371,9,"2017-01-01","2017-12-31",2017-06-15,166,2017-06-08,7,2,5758,28.057789,-82.424065,13,"FL",305,"Quercus","virginiana","live oak","Plantae","Breaking leaf buds",2017-10-18,291,2017-10-24,6,125
14301,371,11,"2019-01-01","2019-12-31",2019-02-15,46,2019-02-08,7,1,5758,28.057789,-82.424065,13,"FL",305,"Quercus","virginiana","live oak","Plantae","Breaking leaf buds",2019-03-29,88,2019-04-19,21,42
14301,501,11,"2019-01-01","2019-12-31",2019-04-19,109,2019-03-29,21,1,5758,28.057789,-82.424065,13,"FL",305,"Quercus","virginiana","live oak","Plantae","Open flowers",2019-04-27,117,2019-09-10,136,8
14308,371,4,"2012-01-01","2012-12-31",2012-10-27,301,2012-10-23,4,1,5758,28.057789,-82.424065,13,"FL",297,"Quercus","geminata","sand live oak","Plantae","Breaking leaf buds",2012-12-06,341,2013-01-16,41,40
14308,371,8,"2016-01-01","2016-12-31",2016-07-06,188,2016-06-28,8,1,5758,28.057789,-82.424065,13,"FL",297,"Quercus","geminata","sand live oak","Plantae","Breaking leaf buds",2016-08-02,215,NA,NA,27
14308,371,11,"2019-01-01","2019-12-31",2019-02-08,39,2019-02-01,7,2,5758,28.057789,-82.424065,13,"FL",297,"Quercus","geminata","sand live oak","Plantae","Breaking leaf buds",2019-04-27,117,2019-09-10,136,78
14308,501,7,"2015-01-01","2015-12-31",2015-04-14,104,2015-04-10,4,1,5758,28.057789,-82.424065,13,"FL",297,"Quercus","geminata","sand live oak","Plantae","Open flowers",2015-04-14,104,2016-01-28,289,0
16176,371,5,"2013-01-01","2013-12-31",2013-02-14,45,2013-01-30,15,1,6144,27.800741,-82.757439,3,"FL",305,"Quercus","virginiana","live oak","Plantae","Breaking leaf buds",2013-02-14,45,NA,NA,0
16176,501,5,"2013-01-01","2013-12-31",2013-01-30,30,2013-01-24,6,1,6144,27.800741,-82.757439,3,"FL",305,"Quercus","virginiana","live oak","Plantae","Open flowers",2013-02-14,45,NA,NA,15
16311,371,4,"2012-01-01","2012-12-31",2012-04-11,102,2012-04-04,7,1,6173,44.933666,-93.134766,273,"MN",101,"Quercus","macrocarpa","bur oak","Plantae","Breaking leaf buds",2012-05-16,137,2012-05-23,7,35
16311,501,4,"2012-01-01","2012-12-31",2012-03-26,86,2012-03-20,6,1,6173,44.933666,-93.134766,273,"MN",101,"Quercus","macrocarpa","bur oak","Plantae","Open flowers",2012-04-24,115,2012-09-05,134,29
16312,371,4,"2012-01-01","2012-12-31",2012-04-11,102,2012-04-04,7,1,6173,44.933666,-93.134766,273,"MN",101,"Quercus","macrocarpa","bur oak","Plantae","Breaking leaf buds",2012-05-16,137,2012-05-23,7,35
16312,501,4,"2012-01-01","2012-12-31",2012-03-26,86,2012-03-20,6,1,6173,44.933666,-93.134766,273,"MN",101,"Quercus","macrocarpa","bur oak","Plantae","Open flowers",2012-04-24,115,2012-05-23,29,29
16513,371,7,"2015-01-01","2015-12-31",2015-04-19,109,2015-04-13,6,1,5151,41.341278,-88.297935,161,"IL",101,"Quercus","macrocarpa","bur oak","Plantae","Breaking leaf buds",2015-04-19,109,2016-03-22,338,0
17133,371,4,"2012-01-01","2012-12-31",2012-03-14,74,2012-03-11,3,1,5174,37.538078,-77.554939,75,"VA",100,"Quercus","alba","white oak","Plantae","Breaking leaf buds",2012-03-21,81,2012-03-25,4,7
17133,371,6,"2014-01-01","2014-12-31",2014-04-05,95,2014-04-01,4,1,5174,37.538078,-77.554939,75,"VA",100,"Quercus","alba","white oak","Plantae","Breaking leaf buds",2014-04-05,95,NA,NA,0
17133,501,4,"2012-01-01","2012-12-31",2012-03-21,81,2012-03-14,7,1,5174,37.538078,-77.554939,75,"VA",100,"Quercus","alba","white oak","Plantae","Open flowers",2012-03-21,81,2012-03-25,4,0
17713,371,4,"2012-01-01","2012-12-31",2012-04-08,99,2012-04-04,4,1,6339,34.054062,-83.123123,200,"GA",100,"Quercus","alba","white oak","Plantae","Breaking leaf buds",2012-04-11,102,2012-04-18,7,3
17713,371,5,"2013-01-01","2013-12-31",2013-04-04,94,2013-03-31,4,1,6339,34.054062,-83.123123,200,"GA",100,"Quercus","alba","white oak","Plantae","Breaking leaf buds",2013-04-16,106,2013-04-21,5,12
17713,371,6,"2014-01-01","2014-12-31",2014-04-05,95,2014-03-30,6,1,6339,34.054062,-83.123123,200,"GA",100,"Quercus","alba","white oak","Plantae","Breaking leaf buds",2014-04-27,117,2014-05-03,6,22
19492,371,4,"2012-01-01","2012-12-31",2012-03-16,76,2012-02-28,17,1,6285,40.700958,-89.619469,159,"IL",101,"Quercus","macrocarpa","bur oak","Plantae","Breaking leaf buds",2012-03-16,76,2012-04-13,28,0
19559,371,4,"2012-01-01","2012-12-31",2012-03-18,78,2012-03-15,3,1,6557,35.178806,-97.447266,346,"OK",101,"Quercus","macrocarpa","bur oak","Plantae","Breaking leaf buds",2012-04-05,96,2012-04-10,5,18
20259,371,4,"2012-01-01","2012-12-31",2012-04-23,114,2012-04-19,4,2,5821,41.837933,-69.971687,12,"MA",100,"Quercus","alba","white oak","Plantae","Breaking leaf buds",2012-05-17,138,2012-05-21,4,24
20260,371,4,"2012-01-01","2012-12-31",2012-04-23,114,2012-04-19,4,3,5821,41.837933,-69.971687,12,"MA",100,"Quercus","alba","white oak","Plantae","Breaking leaf buds",2012-05-24,145,2012-05-28,4,31
20261,371,4,"2012-01-01","2012-12-31",2012-04-23,114,2012-04-19,4,2,5821,41.837933,-69.971687,12,"MA",100,"Quercus","alba","white oak","Plantae","Breaking leaf buds",2012-05-24,145,2012-05-28,4,31
20263,371,4,"2012-01-01","2012-12-31",2012-04-23,114,2012-04-20,3,2,6472,41.909195,-69.980156,10,"MA",100,"Quercus","alba","white oak","Plantae","Breaking leaf buds",2012-05-04,125,2012-05-07,3,11
20263,501,4,"2012-01-01","2012-12-31",2012-04-27,118,2012-04-23,4,1,6472,41.909195,-69.980156,10,"MA",100,"Quercus","alba","white oak","Plantae","Open flowers",2012-04-27,118,2012-04-30,3,0
20264,371,4,"2012-01-01","2012-12-31",2012-05-04,125,2012-04-30,4,2,6472,41.909195,-69.980156,10,"MA",100,"Quercus","alba","white oak","Plantae","Breaking leaf buds",2012-05-14,135,2012-05-21,7,10
20265,371,4,"2012-01-01","2012-12-31",2012-04-23,114,2012-04-20,3,2,6472,41.909195,-69.980156,10,"MA",100,"Quercus","alba","white oak","Plantae","Breaking leaf buds",2012-05-07,128,2012-05-14,7,14
20265,501,4,"2012-01-01","2012-12-31",2012-04-27,118,2012-04-23,4,2,6472,41.909195,-69.980156,10,"MA",100,"Quercus","alba","white oak","Plantae","Open flowers",2012-05-21,142,2012-05-26,5,24
20651,371,4,"2012-01-01","2012-12-31",2012-03-27,87,2012-03-18,9,1,6557,35.178806,-97.447266,346,"OK",101,"Quercus","macrocarpa","bur oak","Plantae","Breaking leaf buds",2012-04-10,101,NA,NA,14
20652,371,4,"2012-01-01","2012-12-31",2012-03-15,75,2012-03-13,2,1,6557,35.178806,-97.447266,346,"OK",101,"Quercus","macrocarpa","bur oak","Plantae","Breaking leaf buds",2012-04-05,96,2012-04-10,5,21
22677,371,4,"2012-01-01","2012-12-31",2012-03-13,73,2012-03-10,3,1,6538,35.179302,-97.446976,346,"OK",101,"Quercus","macrocarpa","bur oak","Plantae","Breaking leaf buds",2012-03-17,77,2012-04-10,24,4
22993,371,4,"2012-01-01","2012-12-31",2012-04-06,97,2012-03-29,8,1,6629,35.203251,-85.916466,543,"TN",100,"Quercus","alba","white oak","Plantae","Breaking leaf buds",2012-04-06,97,NA,NA,0
22993,501,4,"2012-01-01","2012-12-31",2012-04-06,97,2012-03-29,8,1,6629,35.203251,-85.916466,543,"TN",100,"Quercus","alba","white oak","Plantae","Open flowers",2012-04-06,97,NA,NA,0
22994,371,4,"2012-01-01","2012-12-31",2012-04-06,97,2012-03-29,8,1,6629,35.203251,-85.916466,543,"TN",100,"Quercus","alba","white oak","Plantae","Breaking leaf buds",2012-04-06,97,NA,NA,0
22994,501,4,"2012-01-01","2012-12-31",2012-04-06,97,2012-03-29,8,1,6629,35.203251,-85.916466,543,"TN",100,"Quercus","alba","white oak","Plantae","Open flowers",2012-04-06,97,NA,NA,0
22998,371,4,"2012-01-01","2012-12-31",2012-03-29,89,2012-03-26,3,1,6630,35.200981,-85.921654,539,"TN",100,"Quercus","alba","white oak","Plantae","Breaking leaf buds",2012-04-06,97,NA,NA,8
22998,501,4,"2012-01-01","2012-12-31",2012-04-06,97,2012-03-29,8,1,6630,35.200981,-85.921654,539,"TN",100,"Quercus","alba","white oak","Plantae","Open flowers",2012-04-06,97,NA,NA,0
22999,371,4,"2012-01-01","2012-12-31",2012-03-29,89,2012-03-26,3,1,6630,35.200981,-85.921654,539,"TN",100,"Quercus","alba","white oak","Plantae","Breaking leaf buds",2012-04-06,97,NA,NA,8
22999,501,4,"2012-01-01","2012-12-31",2012-04-06,97,2012-03-29,8,1,6630,35.200981,-85.921654,539,"TN",100,"Quercus","alba","white oak","Plantae","Open flowers",2012-04-06,97,NA,NA,0
23669,371,7,"2015-01-01","2015-12-31",2015-04-06,96,2015-04-05,1,1,8253,40.672852,-111.969254,1333,"UT",101,"Quercus","macrocarpa","bur oak","Plantae","Breaking leaf buds",2015-04-18,108,2015-04-30,12,12
23669,371,8,"2016-01-01","2016-12-31",2016-04-11,102,2016-03-13,29,1,8253,40.672852,-111.969254,1333,"UT",101,"Quercus","macrocarpa","bur oak","Plantae","Breaking leaf buds",2016-04-22,113,2016-05-08,16,11
23669,371,9,"2017-01-01","2017-12-31",2017-04-08,98,2017-03-25,14,1,8253,40.672852,-111.969254,1333,"UT",101,"Quercus","macrocarpa","bur oak","Plantae","Breaking leaf buds",2017-04-17,107,2017-04-30,13,9
23669,371,10,"2018-01-01","2018-12-31",2018-04-22,112,2018-04-07,15,1,8253,40.672852,-111.969254,1333,"UT",101,"Quercus","macrocarpa","bur oak","Plantae","Breaking leaf buds",2018-04-22,112,2018-04-25,3,0
23669,371,12,"2020-01-01","2020-12-31",2020-04-21,112,2020-04-05,16,1,8253,40.672852,-111.969254,1333,"UT",101,"Quercus","macrocarpa","bur oak","Plantae","Breaking leaf buds",2020-04-28,119,2020-05-09,11,7
23669,371,13,"2021-01-01","2021-12-31",2021-04-22,112,2021-04-04,18,1,8253,40.672852,-111.969254,1333,"UT",101,"Quercus","macrocarpa","bur oak","Plantae","Breaking leaf buds",2021-04-22,112,2021-05-04,12,0
23669,371,14,"2022-01-01","2022-12-31",2022-04-22,112,2022-04-18,4,1,8253,40.672852,-111.969254,1333,"UT",101,"Quercus","macrocarpa","bur oak","Plantae","Breaking leaf buds",2022-04-28,118,2022-06-17,50,6
23669,371,15,"2023-01-01","2023-12-31",2023-04-30,120,2023-04-18,12,1,8253,40.672852,-111.969254,1333,"UT",101,"Quercus","macrocarpa","bur oak","Plantae","Breaking leaf buds",2023-04-30,120,2023-05-03,3,0
23669,371,16,"2024-01-01","2024-12-31",2024-04-16,107,2024-04-08,8,1,8253,40.672852,-111.969254,1333,"UT",101,"Quercus","macrocarpa","bur oak","Plantae","Breaking leaf buds",2024-04-18,109,2024-04-24,6,2
23669,371,17,"2025-01-01","2025-12-31",2025-04-17,107,2025-04-10,7,1,8253,40.672852,-111.969254,1333,"UT",101,"Quercus","macrocarpa","bur oak","Plantae","Breaking leaf buds",2025-04-17,107,2025-04-27,10,0
23669,501,10,"2018-01-01","2018-12-31",2018-04-29,119,2018-04-25,4,1,8253,40.672852,-111.969254,1333,"UT",101,"Quercus","macrocarpa","bur oak","Plantae","Open flowers",2018-04-29,119,2018-05-14,15,0
23669,501,13,"2021-01-01","2021-12-31",2021-05-04,124,2021-04-22,12,1,8253,40.672852,-111.969254,1333,"UT",101,"Quercus","macrocarpa","bur oak","Plantae","Open flowers",2021-05-11,131,2021-06-09,29,7
23669,501,15,"2023-01-01","2023-12-31",2023-05-03,123,2023-04-30,3,1,8253,40.672852,-111.969254,1333,"UT",101,"Quercus","macrocarpa","bur oak","Plantae","Open flowers",2023-05-10,130,2023-06-22,43,7
23669,501,16,"2024-01-01","2024-12-31",2024-04-24,115,2024-04-18,6,1,8253,40.672852,-111.969254,1333,"UT",101,"Quercus","macrocarpa","bur oak","Plantae","Open flowers",2024-04-24,115,2025-03-11,321,0
23669,501,17,"2025-01-01","2025-12-31",2025-04-27,117,2025-04-17,10,1,8253,40.672852,-111.969254,1333,"UT",101,"Quercus","macrocarpa","bur oak","Plantae","Open flowers",2025-05-01,121,NA,NA,4
24782,371,4,"2012-01-01","2012-12-31",2012-03-08,68,2012-02-28,9,1,8386,35.179722,-97.445724,346,"OK",101,"Quercus","macrocarpa","bur oak","Plantae","Breaking leaf buds",2012-03-27,87,NA,NA,19
24796,371,4,"2012-01-01","2012-12-31",2012-03-27,87,2012-03-14,13,1,6640,35.179417,-97.447594,346,"OK",305,"Quercus","virginiana","live oak","Plantae","Breaking leaf buds",2012-04-10,101,NA,NA,14
24852,371,4,"2012-01-01","2012-12-31",2012-03-27,87,2012-03-13,14,1,6640,35.179417,-97.447594,346,"OK",101,"Quercus","macrocarpa","bur oak","Plantae","Breaking leaf buds",2012-04-10,101,NA,NA,14
24970,371,4,"2012-01-01","2012-12-31",2012-03-16,76,2012-03-13,3,1,6592,35.222569,-97.439476,354,"OK",100,"Quercus","alba","white oak","Plantae","Breaking leaf buds",2012-03-24,84,NA,NA,8
24987,371,4,"2012-01-01","2012-12-31",2012-03-24,84,2012-03-18,6,1,6592,35.222569,-97.439476,354,"OK",101,"Quercus","macrocarpa","bur oak","Plantae","Breaking leaf buds",2012-03-24,84,NA,NA,0
24990,371,4,"2012-01-01","2012-12-31",2012-03-16,76,2012-03-13,3,1,6592,35.222569,-97.439476,354,"OK",101,"Quercus","macrocarpa","bur oak","Plantae","Breaking leaf buds",2012-03-24,84,NA,NA,8
25010,371,4,"2012-01-01","2012-12-31",2012-03-24,84,2012-03-18,6,1,6592,35.222569,-97.439476,354,"OK",100,"Quercus","alba","white oak","Plantae","Breaking leaf buds",2012-03-24,84,NA,NA,0
25050,371,4,"2012-01-01","2012-12-31",2012-03-28,88,2012-03-15,13,1,8396,35.180058,-97.446617,346,"OK",101,"Quercus","macrocarpa","bur oak","Plantae","Breaking leaf buds",2012-03-28,88,NA,NA,0
25052,371,4,"2012-01-01","2012-12-31",2012-03-28,88,2012-03-15,13,1,8396,35.180058,-97.446617,346,"OK",101,"Quercus","macrocarpa","bur oak","Plantae","Breaking leaf buds",2012-03-28,88,NA,NA,0
25369,371,4,"2012-01-01","2012-12-31",2012-04-21,112,2012-04-14,7,1,1447,42.176537,-85.892448,234,"MI",100,"Quercus","alba","white oak","Plantae","Breaking leaf buds",2012-04-21,112,2012-05-05,14,0
25369,371,5,"2013-01-01","2013-12-31",2013-05-04,124,2013-04-27,7,1,1447,42.176537,-85.892448,234,"MI",100,"Quercus","alba","white oak","Plantae","Breaking leaf buds",2013-05-12,132,2013-05-19,7,8
25369,371,6,"2014-01-01","2014-12-31",2014-05-10,130,2014-04-24,16,1,1447,42.176537,-85.892448,234,"MI",100,"Quercus","alba","white oak","Plantae","Breaking leaf buds",2014-05-10,130,2016-02-07,638,0
25369,371,8,"2016-01-01","2016-12-31",2016-05-15,136,2016-05-01,14,1,1447,42.176537,-85.892448,234,"MI",100,"Quercus","alba","white oak","Plantae","Breaking leaf buds",2016-05-15,136,2016-05-22,7,0
25369,371,9,"2017-01-01","2017-12-31",2017-05-09,129,2017-04-23,16,1,1447,42.176537,-85.892448,234,"MI",100,"Quercus","alba","white oak","Plantae","Breaking leaf buds",2017-05-09,129,2018-01-07,243,0
25513,371,5,"2013-01-01","2013-12-31",2013-04-30,120,2013-04-22,8,1,8440,42.283279,-83.771729,284,"MI",100,"Quercus","alba","white oak","Plantae","Breaking leaf buds",2013-05-04,124,2013-05-11,7,4
25513,371,6,"2014-01-01","2014-12-31",2014-05-08,128,2014-05-03,5,1,8440,42.283279,-83.771729,284,"MI",100,"Quercus","alba","white oak","Plantae","Breaking leaf buds",2014-05-13,133,2014-05-22,9,5
25513,371,7,"2015-01-01","2015-12-31",2015-05-03,123,2015-04-28,5,1,8440,42.283279,-83.771729,284,"MI",100,"Quercus","alba","white oak","Plantae","Breaking leaf buds",2015-05-15,135,2015-05-20,5,12
25513,371,8,"2016-01-01","2016-12-31",2016-04-22,113,2016-04-19,3,1,8440,42.283279,-83.771729,284,"MI",100,"Quercus","alba","white oak","Plantae","Breaking leaf buds",2016-05-15,136,2016-05-21,6,23
25513,371,9,"2017-01-01","2017-12-31",2017-04-15,105,2017-04-10,5,1,8440,42.283279,-83.771729,284,"MI",100,"Quercus","alba","white oak","Plantae","Breaking leaf buds",2017-05-19,139,2017-05-28,9,34
25513,371,10,"2018-01-01","2018-12-31",2018-05-01,121,2018-04-27,4,1,8440,42.283279,-83.771729,284,"MI",100,"Quercus","alba","white oak","Plantae","Breaking leaf buds",2018-05-17,137,2018-05-22,5,16
25513,371,11,"2019-01-01","2019-12-31",2019-05-02,122,2019-04-27,5,1,8440,42.283279,-83.771729,284,"MI",100,"Quercus","alba","white oak","Plantae","Breaking leaf buds",2019-05-17,137,2019-05-22,5,15
25513,371,12,"2020-01-01","2020-12-31",2020-05-06,127,2020-05-01,5,1,8440,42.283279,-83.771729,284,"MI",100,"Quercus","alba","white oak","Plantae","Breaking leaf buds",2020-05-21,142,2020-06-02,12,15
25513,371,13,"2021-01-01","2021-12-31",2021-04-11,101,2021-04-06,5,1,8440,42.283279,-83.771729,284,"MI",100,"Quercus","alba","white oak","Plantae","Breaking leaf buds",2021-05-08,128,2021-05-13,5,27
25513,371,14,"2022-01-01","2022-12-31",2022-05-07,127,2022-04-30,7,1,8440,42.283279,-83.771729,284,"MI",100,"Quercus","alba","white oak","Plantae","Breaking leaf buds",2022-05-11,131,2022-05-19,8,4
25513,371,15,"2023-01-01","2023-12-31",2023-04-13,103,2023-04-09,4,1,8440,42.283279,-83.771729,284,"MI",100,"Quercus","alba","white oak","Plantae","Breaking leaf buds",2023-05-07,127,2023-05-14,7,24
25663,371,5,"2013-01-01","2013-12-31",2013-05-02,122,2013-04-29,3,1,8460,43.09248,-73.591904,66,"NY",100,"Quercus","alba","white oak","Plantae","Breaking leaf buds",2013-05-09,129,2013-05-13,4,7
25663,371,6,"2014-01-01","2014-12-31",2014-04-30,120,2014-04-24,6,1,8460,43.09248,-73.591904,66,"NY",100,"Quercus","alba","white oak","Plantae","Breaking leaf buds",2014-05-15,135,2014-05-19,4,15
25663,371,7,"2015-01-01","2015-12-31",2015-04-27,117,2015-04-21,6,1,8460,43.09248,-73.591904,66,"NY",100,"Quercus","alba","white oak","Plantae","Breaking leaf buds",2015-05-14,134,2015-05-19,5,17
25663,371,8,"2016-01-01","2016-12-31",2016-04-20,111,2016-04-14,6,1,8460,43.09248,-73.591904,66,"NY",100,"Quercus","alba","white oak","Plantae","Breaking leaf buds",2016-05-03,124,2016-05-16,13,13
25663,371,9,"2017-01-01","2017-12-31",2017-05-02,122,2017-04-25,7,1,8460,43.09248,-73.591904,66,"NY",100,"Quercus","alba","white oak","Plantae","Breaking leaf buds",2017-05-02,122,2017-05-08,6,0
25663,371,10,"2018-01-01","2018-12-31",2018-05-21,141,2018-05-08,13,1,8460,43.09248,-73.591904,66,"NY",100,"Quercus","alba","white oak","Plantae","Breaking leaf buds",2018-05-21,141,2018-06-07,17,0
25663,371,11,"2019-01-01","2019-12-31",2019-05-07,127,2019-04-15,22,1,8460,43.09248,-73.591904,66,"NY",100,"Quercus","alba","white oak","Plantae","Breaking leaf buds",2019-05-09,129,2019-05-13,4,2
25663,371,13,"2021-01-01","2021-12-31",2021-04-14,104,2021-04-07,7,1,8460,43.09248,-73.591904,66,"NY",100,"Quercus","alba","white oak","Plantae","Breaking leaf buds",2021-05-12,132,2021-05-20,8,28
25663,371,14,"2022-01-01","2022-12-31",2022-05-05,125,2022-04-27,8,1,8460,43.09248,-73.591904,66,"NY",100,"Quercus","alba","white oak","Plantae","Breaking leaf buds",2022-05-05,125,2022-05-11,6,0
25663,371,15,"2023-01-01","2023-12-31",2023-04-26,116,2023-04-17,9,1,8460,43.09248,-73.591904,66,"NY",100,"Quercus","alba","white oak","Plantae","Breaking leaf buds",2023-05-02,122,2023-05-08,6,6
25663,371,16,"2024-01-01","2024-12-31",2024-04-29,120,2024-04-22,7,1,8460,43.09248,-73.591904,66,"NY",100,"Quercus","alba","white oak","Plantae","Breaking leaf buds",2024-04-29,120,2024-05-08,9,0
25663,371,18,"2026-01-01","2026-12-31",2026-05-04,124,2026-04-29,5,1,8460,43.09248,-73.591904,66,"NY",100,"Quercus","alba","white oak","Plantae","Breaking leaf buds",2026-05-04,124,2026-05-21,17,0
25663,501,4,"2012-01-01","2012-12-31",2012-05-09,130,2012-05-03,6,1,8460,43.09248,-73.591904,66,"NY",100,"Quercus","alba","white oak","Plantae","Open flowers",2012-05-16,137,2012-06-06,21,7
25663,501,5,"2013-01-01","2013-12-31",2013-05-13,133,2013-05-09,4,1,8460,43.09248,-73.591904,66,"NY",100,"Quercus","alba","white oak","Plantae","Open flowers",2013-05-23,143,2013-05-28,5,10
25663,501,6,"2014-01-01","2014-12-31",2014-05-21,141,2014-05-19,2,1,8460,43.09248,-73.591904,66,"NY",100,"Quercus","alba","white oak","Plantae","Open flowers",2014-05-21,141,2014-06-03,13,0
25663,501,7,"2015-01-01","2015-12-31",2015-05-26,146,2015-05-19,7,1,8460,43.09248,-73.591904,66,"NY",100,"Quercus","alba","white oak","Plantae","Open flowers",2015-05-26,146,2015-06-02,7,0
25663,501,8,"2016-01-01","2016-12-31",2016-05-16,137,2016-05-03,13,1,8460,43.09248,-73.591904,66,"NY",100,"Quercus","alba","white oak","Plantae","Open flowers",2016-05-16,137,2016-06-06,21,0
25663,501,9,"2017-01-01","2017-12-31",2017-05-11,131,2017-05-08,3,1,8460,43.09248,-73.591904,66,"NY",100,"Quercus","alba","white oak","Plantae","Open flowers",2017-05-30,150,2017-06-05,6,19
25663,501,13,"2021-01-01","2021-12-31",2021-05-05,125,2021-04-26,9,2,8460,43.09248,-73.591904,66,"NY",100,"Quercus","alba","white oak","Plantae","Open flowers",2021-05-26,146,2021-06-03,8,21
25663,501,14,"2022-01-01","2022-12-31",2022-05-26,146,2022-05-17,9,1,8460,43.09248,-73.591904,66,"NY",100,"Quercus","alba","white oak","Plantae","Open flowers",2022-05-26,146,2022-06-08,13,0
25663,501,15,"2023-01-01","2023-12-31",2023-05-08,128,2023-05-02,6,1,8460,43.09248,-73.591904,66,"NY",100,"Quercus","alba","white oak","Plantae","Open flowers",2023-05-17,137,2023-06-01,15,9
25663,501,17,"2025-01-01","2025-12-31",2025-05-12,132,2025-04-29,13,1,8460,43.09248,-73.591904,66,"NY",100,"Quercus","alba","white oak","Plantae","Open flowers",2025-05-12,132,2025-05-28,16,0
25663,501,18,"2026-01-01","2026-12-31",2026-05-21,141,2026-05-04,17,1,8460,43.09248,-73.591904,66,"NY",100,"Quercus","alba","white oak","Plantae","Open flowers",2026-05-21,141,NA,NA,0
25664,371,5,"2013-01-01","2013-12-31",2013-05-02,122,2013-04-29,3,1,8460,43.09248,-73.591904,66,"NY",100,"Quercus","alba","white oak","Plantae","Breaking leaf buds",2013-05-06,126,2013-05-09,3,4
25664,371,6,"2014-01-01","2014-12-31",2014-04-30,120,2014-04-24,6,1,8460,43.09248,-73.591904,66,"NY",100,"Quercus","alba","white oak","Plantae","Breaking leaf buds",2014-05-12,132,2014-05-15,3,12
25664,371,7,"2015-01-01","2015-12-31",2015-04-27,117,2015-04-21,6,1,8460,43.09248,-73.591904,66,"NY",100,"Quercus","alba","white oak","Plantae","Breaking leaf buds",2015-05-04,124,2015-05-14,10,7
25664,371,8,"2016-01-01","2016-12-31",2016-04-20,111,2016-04-14,6,1,8460,43.09248,-73.591904,66,"NY",100,"Quercus","alba","white oak","Plantae","Breaking leaf buds",2016-05-03,124,2016-05-16,13,13
25664,371,9,"2017-01-01","2017-12-31",2017-05-02,122,2017-04-25,7,1,8460,43.09248,-73.591904,66,"NY",100,"Quercus","alba","white oak","Plantae","Breaking leaf buds",2017-05-02,122,2017-05-08,6,0
25664,371,10,"2018-01-01","2018-12-31",2018-05-21,141,2018-05-08,13,1,8460,43.09248,-73.591904,66,"NY",100,"Quercus","alba","white oak","Plantae","Breaking leaf buds",2018-05-21,141,2018-06-07,17,0
25664,371,11,"2019-01-01","2019-12-31",2019-04-29,119,2019-04-15,14,1,8460,43.09248,-73.591904,66,"NY",100,"Quercus","alba","white oak","Plantae","Breaking leaf buds",2019-05-09,129,2019-05-13,4,10
25664,371,13,"2021-01-01","2021-12-31",2021-04-14,104,2021-04-07,7,1,8460,43.09248,-73.591904,66,"NY",100,"Quercus","alba","white oak","Plantae","Breaking leaf buds",2021-05-05,125,2021-05-12,7,21
25664,371,14,"2022-01-01","2022-12-31",2022-05-05,125,2022-04-27,8,1,8460,43.09248,-73.591904,66,"NY",100,"Quercus","alba","white oak","Plantae","Breaking leaf buds",2022-05-05,125,2022-05-11,6,0
25664,371,15,"2023-01-01","2023-12-31",2023-04-26,116,2023-04-17,9,1,8460,43.09248,-73.591904,66,"NY",100,"Quercus","alba","white oak","Plantae","Breaking leaf buds",2023-04-26,116,2023-05-02,6,0
25664,371,16,"2024-01-01","2024-12-31",2024-04-29,120,2024-04-22,7,1,8460,43.09248,-73.591904,66,"NY",100,"Quercus","alba","white oak","Plantae","Breaking leaf buds",2024-04-29,120,2024-05-08,9,0
25664,371,18,"2026-01-01","2026-12-31",2026-04-29,119,2026-04-22,7,1,8460,43.09248,-73.591904,66,"NY",100,"Quercus","alba","white oak","Plantae","Breaking leaf buds",2026-05-04,124,2026-05-21,17,5
25664,501,4,"2012-01-01","2012-12-31",2012-05-09,130,2012-05-07,2,1,8460,43.09248,-73.591904,66,"NY",100,"Quercus","alba","white oak","Plantae","Open flowers",2012-05-16,137,2012-06-06,21,7
25664,501,5,"2013-01-01","2013-12-31",2013-05-13,133,2013-05-09,4,1,8460,43.09248,-73.591904,66,"NY",100,"Quercus","alba","white oak","Plantae","Open flowers",2013-05-23,143,2013-05-28,5,10
25664,501,6,"2014-01-01","2014-12-31",2014-05-19,139,2014-05-12,7,1,8460,43.09248,-73.591904,66,"NY",100,"Quercus","alba","white oak","Plantae","Open flowers",2014-05-21,141,2014-06-03,13,2
25664,501,7,"2015-01-01","2015-12-31",2015-05-14,134,2015-05-04,10,1,8460,43.09248,-73.591904,66,"NY",100,"Quercus","alba","white oak","Plantae","Open flowers",2015-05-26,146,2015-06-02,7,12
25664,501,8,"2016-01-01","2016-12-31",2016-05-16,137,2016-05-03,13,1,8460,43.09248,-73.591904,66,"NY",100,"Quercus","alba","white oak","Plantae","Open flowers",2016-05-16,137,2016-06-06,21,0
25664,501,9,"2017-01-01","2017-12-31",2017-05-11,131,2017-05-08,3,1,8460,43.09248,-73.591904,66,"NY",100,"Quercus","alba","white oak","Plantae","Open flowers",2017-05-30,150,2017-06-05,6,19
25664,501,13,"2021-01-01","2021-12-31",2021-05-05,125,2021-04-26,9,1,8460,43.09248,-73.591904,66,"NY",100,"Quercus","alba","white oak","Plantae","Open flowers",2021-05-20,140,2021-05-26,6,15
25664,501,15,"2023-01-01","2023-12-31",2023-05-17,137,2023-05-08,9,1,8460,43.09248,-73.591904,66,"NY",100,"Quercus","alba","white oak","Plantae","Open flowers",2023-05-17,137,2023-06-01,15,0
25664,501,17,"2025-01-01","2025-12-31",2025-05-12,132,2025-04-29,13,1,8460,43.09248,-73.591904,66,"NY",100,"Quercus","alba","white oak","Plantae","Open flowers",2025-05-12,132,2025-05-28,16,0
25664,501,18,"2026-01-01","2026-12-31",2026-05-21,141,2026-05-04,17,1,8460,43.09248,-73.591904,66,"NY",100,"Quercus","alba","white oak","Plantae","Open flowers",2026-05-21,141,NA,NA,0
25949,371,4,"2012-01-01","2012-12-31",2012-04-01,92,2012-03-23,9,1,8495,42.020241,-73.908508,49,"NY",100,"Quercus","alba","white oak","Plantae","Breaking leaf buds",2012-04-16,107,2012-04-23,7,15
25949,501,4,"2012-01-01","2012-12-31",2012-04-16,107,2012-04-10,6,1,8495,42.020241,-73.908508,49,"NY",100,"Quercus","alba","white oak","Plantae","Open flowers",2012-04-23,114,2012-05-06,13,7
25993,371,5,"2013-01-01","2013-12-31",2013-05-04,124,2013-05-01,3,2,8496,46.328629,-96.061256,393,"MN",101,"Quercus","macrocarpa","bur oak","Plantae","Breaking leaf buds",2013-05-20,140,2013-05-23,3,16
25993,371,7,"2015-01-01","2015-12-31",2015-05-01,121,2015-04-29,2,1,8496,46.328629,-96.061256,393,"MN",101,"Quercus","macrocarpa","bur oak","Plantae","Breaking leaf buds",2015-05-01,121,2015-05-07,6,0
25993,371,10,"2018-01-01","2018-12-31",2018-05-06,126,2018-05-02,4,1,8496,46.328629,-96.061256,393,"MN",101,"Quercus","macrocarpa","bur oak","Plantae","Breaking leaf buds",2018-05-10,130,2018-05-14,4,4
25993,371,11,"2019-01-01","2019-12-31",2019-05-10,130,2019-05-01,9,1,8496,46.328629,-96.061256,393,"MN",101,"Quercus","macrocarpa","bur oak","Plantae","Breaking leaf buds",2019-05-18,138,2019-05-26,8,8
25993,371,12,"2020-01-01","2020-12-31",2020-05-04,125,2020-04-30,4,1,8496,46.328629,-96.061256,393,"MN",101,"Quercus","macrocarpa","bur oak","Plantae","Breaking leaf buds",2020-05-16,137,2020-05-22,6,12
25993,371,13,"2021-01-01","2021-12-31",2021-05-02,122,2021-04-25,7,1,8496,46.328629,-96.061256,393,"MN",101,"Quercus","macrocarpa","bur oak","Plantae","Breaking leaf buds",2021-05-11,131,2021-05-17,6,9
25993,371,14,"2022-01-01","2022-12-31",2022-05-12,132,2022-05-08,4,1,8496,46.328629,-96.061256,393,"MN",101,"Quercus","macrocarpa","bur oak","Plantae","Breaking leaf buds",2022-05-12,132,2022-05-25,13,0
25993,501,4,"2012-01-01","2012-12-31",2012-05-02,123,2012-04-30,2,2,8496,46.328629,-96.061256,393,"MN",101,"Quercus","macrocarpa","bur oak","Plantae","Open flowers",2012-05-11,132,2012-05-28,17,9
25993,501,5,"2013-01-01","2013-12-31",2013-05-20,140,2013-05-17,3,2,8496,46.328629,-96.061256,393,"MN",101,"Quercus","macrocarpa","bur oak","Plantae","Open flowers",2013-06-07,158,2013-06-11,4,18
25993,501,6,"2014-01-01","2014-12-31",2014-06-02,153,2014-05-11,22,1,8496,46.328629,-96.061256,393,"MN",101,"Quercus","macrocarpa","bur oak","Plantae","Open flowers",2014-06-02,153,2014-06-08,6,0
25993,501,7,"2015-01-01","2015-12-31",2015-05-07,127,2015-05-01,6,1,8496,46.328629,-96.061256,393,"MN",101,"Quercus","macrocarpa","bur oak","Plantae","Open flowers",2015-05-16,136,2015-06-04,19,9
25993,501,8,"2016-01-01","2016-12-31",2016-05-20,141,2016-05-07,13,1,8496,46.328629,-96.061256,393,"MN",101,"Quercus","macrocarpa","bur oak","Plantae","Open flowers",2016-05-20,141,2016-05-27,7,0
25993,501,10,"2018-01-01","2018-12-31",2018-05-23,143,2018-05-20,3,1,8496,46.328629,-96.061256,393,"MN",101,"Quercus","macrocarpa","bur oak","Plantae","Open flowers",2018-05-31,151,2018-06-08,8,8
25993,501,11,"2019-01-01","2019-12-31",2019-05-31,151,2019-05-18,13,1,8496,46.328629,-96.061256,393,"MN",101,"Quercus","macrocarpa","bur oak","Plantae","Open flowers",2019-05-31,151,2019-06-19,19,0
25993,501,12,"2020-01-01","2020-12-31",2020-05-16,137,2020-05-08,8,1,8496,46.328629,-96.061256,393,"MN",101,"Quercus","macrocarpa","bur oak","Plantae","Open flowers",2020-05-27,148,2020-05-30,3,11
25993,501,13,"2021-01-01","2021-12-31",2021-05-17,137,2021-05-11,6,1,8496,46.328629,-96.061256,393,"MN",101,"Quercus","macrocarpa","bur oak","Plantae","Open flowers",2021-05-22,142,2021-06-04,13,5
25993,501,14,"2022-01-01","2022-12-31",2022-06-02,153,2022-05-25,8,1,8496,46.328629,-96.061256,393,"MN",101,"Quercus","macrocarpa","bur oak","Plantae","Open flowers",2022-06-02,153,2023-04-09,311,0
25993,501,15,"2023-01-01","2023-12-31",2023-05-18,138,2023-04-24,24,2,8496,46.328629,-96.061256,393,"MN",101,"Quercus","macrocarpa","bur oak","Plantae","Open flowers",2023-05-29,149,2023-06-30,32,11
26102,371,4,"2012-01-01","2012-12-31",2012-03-15,75,2012-03-13,2,1,6557,35.178806,-97.447266,346,"OK",101,"Quercus","macrocarpa","bur oak","Plantae","Breaking leaf buds",2012-04-10,101,NA,NA,26
29890,371,7,"2015-01-01","2015-12-31",2015-04-18,108,2015-04-17,1,3,8898,35.688751,-83.501083,633,"TN",100,"Quercus","alba","white oak","Plantae","Breaking leaf buds",2015-08-14,226,2015-08-22,8,118
29890,371,8,"2016-01-01","2016-12-31",2016-04-24,115,2016-04-16,8,1,8898,35.688751,-83.501083,633,"TN",100,"Quercus","alba","white oak","Plantae","Breaking leaf buds",2016-05-13,134,2016-07-13,61,19
29942,371,6,"2014-01-01","2014-12-31",2014-04-05,95,2014-04-03,2,4,8903,35.463467,-83.433441,664,"NC",100,"Quercus","alba","white oak","Plantae","Breaking leaf buds",2014-06-18,169,2014-06-24,6,74
29942,371,7,"2015-01-01","2015-12-31",2015-05-02,122,2015-04-19,13,1,8903,35.463467,-83.433441,664,"NC",100,"Quercus","alba","white oak","Plantae","Breaking leaf buds",2015-05-02,122,2015-05-16,14,0
29942,371,8,"2016-01-01","2016-12-31",2016-04-04,95,2016-03-29,6,2,8903,35.463467,-83.433441,664,"NC",100,"Quercus","alba","white oak","Plantae","Breaking leaf buds",2016-05-01,122,2016-05-03,2,27
29942,371,10,"2018-01-01","2018-12-31",2018-04-08,98,2018-04-05,3,5,8903,35.463467,-83.433441,664,"NC",100,"Quercus","alba","white oak","Plantae","Breaking leaf buds",2018-05-26,146,2018-06-22,27,48
29942,371,13,"2021-01-01","2021-12-31",2021-04-29,119,2021-04-23,6,1,8903,35.463467,-83.433441,664,"NC",100,"Quercus","alba","white oak","Plantae","Breaking leaf buds",2021-04-29,119,2021-05-05,6,0
29942,371,14,"2022-01-01","2022-12-31",2022-04-23,113,2022-04-21,2,1,8903,35.463467,-83.433441,664,"NC",100,"Quercus","alba","white oak","Plantae","Breaking leaf buds",2022-04-23,113,2022-05-21,28,0
29942,501,6,"2014-01-01","2014-12-31",2014-04-10,100,2014-04-06,4,1,8903,35.463467,-83.433441,664,"NC",100,"Quercus","alba","white oak","Plantae","Open flowers",2014-04-10,100,2014-04-13,3,0
33112,371,5,"2013-01-01","2013-12-31",2013-05-28,148,2013-05-20,8,1,8806,35.640625,-83.689034,500,"TN",100,"Quercus","alba","white oak","Plantae","Breaking leaf buds",2013-05-28,148,2013-09-20,115,0
33112,371,6,"2014-01-01","2014-12-31",2014-04-25,115,2014-04-11,14,1,8806,35.640625,-83.689034,500,"TN",100,"Quercus","alba","white oak","Plantae","Breaking leaf buds",2014-04-25,115,2014-04-29,4,0
33112,371,8,"2016-01-01","2016-12-31",2016-04-14,105,2016-04-08,6,1,8806,35.640625,-83.689034,500,"TN",100,"Quercus","alba","white oak","Plantae","Breaking leaf buds",2016-04-20,111,2016-04-28,8,6
33112,371,9,"2017-01-01","2017-12-31",2017-04-13,103,2017-04-07,6,1,8806,35.640625,-83.689034,500,"TN",100,"Quercus","alba","white oak","Plantae","Breaking leaf buds",2017-04-13,103,2017-04-21,8,0
33112,371,13,"2021-01-01","2021-12-31",2021-04-07,97,2021-03-29,9,1,8806,35.640625,-83.689034,500,"TN",100,"Quercus","alba","white oak","Plantae","Breaking leaf buds",2021-04-16,106,2021-04-22,6,9
33112,371,14,"2022-01-01","2022-12-31",2022-04-12,102,2022-04-05,7,1,8806,35.640625,-83.689034,500,"TN",100,"Quercus","alba","white oak","Plantae","Breaking leaf buds",2022-04-12,102,2022-04-21,9,0
33112,371,15,"2023-01-01","2023-12-31",2023-04-04,94,2023-03-31,4,1,8806,35.640625,-83.689034,500,"TN",100,"Quercus","alba","white oak","Plantae","Breaking leaf buds",2023-04-04,94,2023-04-15,11,0
33112,371,16,"2024-01-01","2024-12-31",2024-04-02,93,2024-03-19,14,1,8806,35.640625,-83.689034,500,"TN",100,"Quercus","alba","white oak","Plantae","Breaking leaf buds",2024-04-02,93,2024-04-12,10,0
33112,501,3,"2011-01-01","2011-12-31",2011-04-21,111,2011-04-13,8,1,8806,35.640625,-83.689034,500,"TN",100,"Quercus","alba","white oak","Plantae","Open flowers",2011-04-21,111,2011-05-05,14,0
33160,371,3,"2011-01-01","2011-12-31",2011-04-01,91,2011-03-24,8,1,9342,35.644516,-83.68988,500,"TN",100,"Quercus","alba","white oak","Plantae","Breaking leaf buds",2011-04-01,91,2011-11-12,225,0
33160,371,6,"2014-01-01","2014-12-31",2014-04-12,102,2014-04-05,7,1,9342,35.644516,-83.68988,500,"TN",100,"Quercus","alba","white oak","Plantae","Breaking leaf buds",2014-04-12,102,2014-04-19,7,0
33160,371,7,"2015-01-01","2015-12-31",2015-04-11,101,2015-04-04,7,1,9342,35.644516,-83.68988,500,"TN",100,"Quercus","alba","white oak","Plantae","Breaking leaf buds",2015-04-11,101,2015-04-17,6,0
33160,371,8,"2016-01-01","2016-12-31",2016-04-01,92,2016-03-26,6,1,9342,35.644516,-83.68988,500,"TN",100,"Quercus","alba","white oak","Plantae","Breaking leaf buds",2016-04-08,99,2016-04-15,7,7
33160,371,10,"2018-01-01","2018-12-31",2018-04-06,96,2018-03-31,6,1,9342,35.644516,-83.68988,500,"TN",100,"Quercus","alba","white oak","Plantae","Breaking leaf buds",2018-04-13,103,2018-04-20,7,7
33160,371,11,"2019-01-01","2019-12-31",2019-03-09,68,2019-03-02,7,2,9342,35.644516,-83.68988,500,"TN",100,"Quercus","alba","white oak","Plantae","Breaking leaf buds",2019-04-14,104,2019-08-16,124,36
33160,371,14,"2022-01-01","2022-12-31",2022-04-16,106,2022-04-09,7,1,9342,35.644516,-83.68988,500,"TN",100,"Quercus","alba","white oak","Plantae","Breaking leaf buds",2022-04-16,106,2022-04-23,7,0
33160,371,15,"2023-01-01","2023-12-31",2023-03-29,88,2023-03-26,3,1,9342,35.644516,-83.68988,500,"TN",100,"Quercus","alba","white oak","Plantae","Breaking leaf buds",2023-04-04,94,2023-04-13,9,6
33160,371,16,"2024-01-01","2024-12-31",2024-04-13,104,2024-04-05,8,1,9342,35.644516,-83.68988,500,"TN",100,"Quercus","alba","white oak","Plantae","Breaking leaf buds",2024-04-13,104,2024-04-18,5,0
33160,371,17,"2025-01-01","2025-12-31",2025-04-08,98,2025-03-13,26,1,9342,35.644516,-83.68988,500,"TN",100,"Quercus","alba","white oak","Plantae","Breaking leaf buds",2025-04-08,98,2025-04-20,12,0
33160,371,18,"2026-01-01","2026-12-31",2026-04-04,94,2026-03-29,6,1,9342,35.644516,-83.68988,500,"TN",100,"Quercus","alba","white oak","Plantae","Breaking leaf buds",2026-04-11,101,2026-04-19,8,7
35992,371,5,"2013-01-01","2013-12-31",2013-03-26,85,2013-03-22,4,1,9621,27.972702,-97.134949,4,"TX",305,"Quercus","virginiana","live oak","Plantae","Breaking leaf buds",2013-04-20,110,2013-04-28,8,25
35992,501,5,"2013-01-01","2013-12-31",2013-04-11,101,2013-04-07,4,1,9621,27.972702,-97.134949,4,"TX",305,"Quercus","virginiana","live oak","Plantae","Open flowers",2013-04-20,110,2013-04-28,8,9
35993,371,5,"2013-01-01","2013-12-31",2013-03-26,85,2013-03-22,4,1,9621,27.972702,-97.134949,4,"TX",305,"Quercus","virginiana","live oak","Plantae","Breaking leaf buds",2013-04-20,110,2013-04-28,8,25
35993,501,5,"2013-01-01","2013-12-31",2013-04-11,101,2013-04-07,4,1,9621,27.972702,-97.134949,4,"TX",305,"Quercus","virginiana","live oak","Plantae","Open flowers",2013-04-20,110,2013-04-28,8,9
35994,371,5,"2013-01-01","2013-12-31",2013-03-26,85,2013-03-22,4,1,9621,27.972702,-97.134949,4,"TX",305,"Quercus","virginiana","live oak","Plantae","Breaking leaf buds",2013-04-07,97,2013-04-11,4,12
35994,501,5,"2013-01-01","2013-12-31",2013-03-29,88,2013-03-26,3,1,9621,27.972702,-97.134949,4,"TX",305,"Quercus","virginiana","live oak","Plantae","Open flowers",2013-04-20,110,2013-04-28,8,22
37332,371,5,"2013-01-01","2013-12-31",2013-04-04,94,2013-03-16,19,1,9860,35.179035,-97.446968,338,"OK",101,"Quercus","macrocarpa","bur oak","Plantae","Breaking leaf buds",2013-04-09,99,NA,NA,5
37345,371,5,"2013-01-01","2013-12-31",2013-03-24,83,2013-03-14,10,1,9860,35.179035,-97.446968,338,"OK",101,"Quercus","macrocarpa","bur oak","Plantae","Breaking leaf buds",2013-04-07,97,NA,NA,14
37345,501,5,"2013-01-01","2013-12-31",2013-03-30,89,2013-03-29,1,2,9860,35.179035,-97.446968,338,"OK",101,"Quercus","macrocarpa","bur oak","Plantae","Open flowers",2013-04-06,96,2013-04-07,1,7
37574,371,5,"2013-01-01","2013-12-31",2013-04-07,97,2013-04-05,2,1,9860,35.179035,-97.446968,338,"OK",101,"Quercus","macrocarpa","bur oak","Plantae","Breaking leaf buds",2013-04-07,97,2013-04-08,1,0
37574,371,6,"2014-01-01","2014-12-31",2014-03-30,89,2014-03-27,3,2,9860,35.179035,-97.446968,338,"OK",101,"Quercus","macrocarpa","bur oak","Plantae","Breaking leaf buds",2014-04-10,100,NA,NA,11
37575,371,5,"2013-01-01","2013-12-31",2013-03-28,87,2013-03-27,1,1,9860,35.179035,-97.446968,338,"OK",101,"Quercus","macrocarpa","bur oak","Plantae","Breaking leaf buds",2013-04-07,97,2014-03-07,334,10
37575,371,6,"2014-01-01","2014-12-31",2014-04-04,94,2014-04-01,3,1,9860,35.179035,-97.446968,338,"OK",101,"Quercus","macrocarpa","bur oak","Plantae","Breaking leaf buds",2014-04-10,100,NA,NA,6
37577,371,5,"2013-01-01","2013-12-31",2013-03-26,85,2013-03-22,4,3,9860,35.179035,-97.446968,338,"OK",101,"Quercus","macrocarpa","bur oak","Plantae","Breaking leaf buds",2013-04-08,98,2014-02-27,325,13
37577,371,6,"2014-01-01","2014-12-31",2014-03-30,89,2014-03-27,3,2,9860,35.179035,-97.446968,338,"OK",101,"Quercus","macrocarpa","bur oak","Plantae","Breaking leaf buds",2014-04-10,100,NA,NA,11
37686,371,5,"2013-01-01","2013-12-31",2013-04-24,114,2013-04-18,6,1,9609,41.324959,-73.401146,182,"CT",100,"Quercus","alba","white oak","Plantae","Breaking leaf buds",2013-05-01,121,2013-05-10,9,7
37687,371,5,"2013-01-01","2013-12-31",2013-04-24,114,2013-04-18,6,1,9609,41.324959,-73.401146,182,"CT",100,"Quercus","alba","white oak","Plantae","Breaking leaf buds",2013-05-01,121,2013-05-10,9,7
37688,371,5,"2013-01-01","2013-12-31",2013-05-01,121,2013-04-18,13,1,9609,41.324959,-73.401146,182,"CT",100,"Quercus","alba","white oak","Plantae","Breaking leaf buds",2013-05-01,121,2013-05-10,9,0
37902,371,5,"2013-01-01","2013-12-31",2013-04-11,101,2013-04-04,7,1,9930,31.580486,-97.324806,171,"TX",101,"Quercus","macrocarpa","bur oak","Plantae","Breaking leaf buds",2013-05-17,137,2013-06-15,29,36
38533,371,5,"2013-01-01","2013-12-31",2013-05-06,126,2013-04-29,7,1,10060,42.73381,-90.48497,301,"WI",101,"Quercus","macrocarpa","bur oak","Plantae","Breaking leaf buds",2013-05-13,133,NA,NA,7
38551,371,5,"2013-01-01","2013-12-31",2013-05-10,130,2013-04-30,10,1,9052,42.73381,-90.48497,301,"WI",100,"Quercus","alba","white oak","Plantae","Breaking leaf buds",2013-05-10,130,NA,NA,0
38564,371,5,"2013-01-01","2013-12-31",2013-04-11,101,2013-04-04,7,2,9930,31.580486,-97.324806,171,"TX",101,"Quercus","macrocarpa","bur oak","Plantae","Breaking leaf buds",2013-07-12,193,2013-08-04,23,92
38565,371,5,"2013-01-01","2013-12-31",2013-04-04,94,2013-03-27,8,1,9930,31.580486,-97.324806,171,"TX",101,"Quercus","macrocarpa","bur oak","Plantae","Breaking leaf buds",2013-05-17,137,2013-05-30,13,43
38577,371,5,"2013-01-01","2013-12-31",2013-04-27,117,2013-04-24,3,1,2120,40.863445,-73.876656,25,"NY",100,"Quercus","alba","white oak","Plantae","Breaking leaf buds",2013-04-27,117,2014-04-03,341,0
38577,371,6,"2014-01-01","2014-12-31",2014-04-18,108,2014-04-14,4,1,2120,40.863445,-73.876656,25,"NY",100,"Quercus","alba","white oak","Plantae","Breaking leaf buds",2014-05-02,122,2014-05-07,5,14
38577,371,7,"2015-01-01","2015-12-31",2015-04-11,101,2015-04-10,1,2,2120,40.863445,-73.876656,25,"NY",100,"Quercus","alba","white oak","Plantae","Breaking leaf buds",2015-04-30,120,2015-05-06,6,19
38577,371,8,"2016-01-01","2016-12-31",2016-03-24,84,2016-03-19,5,5,2120,40.863445,-73.876656,25,"NY",100,"Quercus","alba","white oak","Plantae","Breaking leaf buds",2016-05-11,132,2016-05-19,8,48
38577,371,9,"2017-01-01","2017-12-31",2017-04-11,101,2017-04-05,6,2,2120,40.863445,-73.876656,25,"NY",100,"Quercus","alba","white oak","Plantae","Breaking leaf buds",2017-04-28,118,2017-05-04,6,17
38577,371,10,"2018-01-01","2018-12-31",2018-03-29,88,2018-03-28,1,4,2120,40.863445,-73.876656,25,"NY",100,"Quercus","alba","white oak","Plantae","Breaking leaf buds",2018-05-02,122,2018-05-05,3,34
38577,371,11,"2019-01-01","2019-12-31",2019-04-09,99,2019-04-04,5,3,2120,40.863445,-73.876656,25,"NY",100,"Quercus","alba","white oak","Plantae","Breaking leaf buds",2019-05-02,122,2019-05-06,4,23
38577,371,14,"2022-01-01","2022-12-31",2022-05-11,131,2022-04-29,12,1,2120,40.863445,-73.876656,25,"NY",100,"Quercus","alba","white oak","Plantae","Breaking leaf buds",2022-05-13,133,2022-05-20,7,2
38577,371,15,"2023-01-01","2023-12-31",2023-04-07,97,2023-03-31,7,3,2120,40.863445,-73.876656,25,"NY",100,"Quercus","alba","white oak","Plantae","Breaking leaf buds",2023-05-26,146,2023-06-02,7,49
38577,371,16,"2024-01-01","2024-12-31",2024-04-10,101,2024-04-05,5,2,2120,40.863445,-73.876656,25,"NY",100,"Quercus","alba","white oak","Plantae","Breaking leaf buds",2024-04-27,118,2024-04-30,3,17
38577,371,17,"2025-01-01","2025-12-31",2025-04-25,115,2025-04-23,2,3,2120,40.863445,-73.876656,25,"NY",100,"Quercus","alba","white oak","Plantae","Breaking leaf buds",2025-06-06,157,2025-06-11,5,42
38577,371,18,"2026-01-01","2026-12-31",2026-04-09,99,2026-04-03,6,1,2120,40.863445,-73.876656,25,"NY",100,"Quercus","alba","white oak","Plantae","Breaking leaf buds",2026-04-24,114,2026-04-28,4,15
38577,501,5,"2013-01-01","2013-12-31",2013-04-24,114,2013-04-18,6,1,2120,40.863445,-73.876656,25,"NY",100,"Quercus","alba","white oak","Plantae","Open flowers",2013-04-24,114,2014-04-03,344,0
38577,501,6,"2014-01-01","2014-12-31",2014-05-15,135,2014-05-14,1,1,2120,40.863445,-73.876656,25,"NY",100,"Quercus","alba","white oak","Plantae","Open flowers",2014-05-15,135,2014-05-22,7,0
38577,501,7,"2015-01-01","2015-12-31",2015-05-07,127,2015-04-30,7,3,2120,40.863445,-73.876656,25,"NY",100,"Quercus","alba","white oak","Plantae","Open flowers",2015-05-20,140,2015-05-27,7,13
38577,501,10,"2018-01-01","2018-12-31",2018-05-09,129,2018-05-08,1,1,2120,40.863445,-73.876656,25,"NY",100,"Quercus","alba","white oak","Plantae","Open flowers",2018-05-17,137,2018-05-23,6,8
38577,501,11,"2019-01-01","2019-12-31",2019-05-02,122,2019-05-01,1,1,2120,40.863445,-73.876656,25,"NY",100,"Quercus","alba","white oak","Plantae","Open flowers",2019-05-02,122,2019-05-06,4,0
38577,501,15,"2023-01-01","2023-12-31",2023-04-21,111,2023-04-14,7,2,2120,40.863445,-73.876656,25,"NY",100,"Quercus","alba","white oak","Plantae","Open flowers",2023-05-26,146,2023-06-02,7,35
38577,501,17,"2025-01-01","2025-12-31",2025-04-25,115,2025-04-18,7,1,2120,40.863445,-73.876656,25,"NY",100,"Quercus","alba","white oak","Plantae","Open flowers",2025-05-02,122,2025-05-08,6,7
38577,501,18,"2026-01-01","2026-12-31",2026-04-24,114,2026-04-17,7,1,2120,40.863445,-73.876656,25,"NY",100,"Quercus","alba","white oak","Plantae","Open flowers",2026-04-24,114,2026-04-28,4,0
38637,371,5,"2013-01-01","2013-12-31",2013-05-07,127,2013-05-02,5,1,10091,42.734161,-90.478462,301,"WI",101,"Quercus","macrocarpa","bur oak","Plantae","Breaking leaf buds",2013-05-07,127,NA,NA,0
38660,371,5,"2013-01-01","2013-12-31",2013-05-06,126,2013-04-30,6,1,10099,42.734161,-90.478462,301,"WI",100,"Quercus","alba","white oak","Plantae","Breaking leaf buds",2013-05-06,126,NA,NA,0
38729,371,5,"2013-01-01","2013-12-31",2013-04-08,98,2013-04-01,7,1,9871,37.224602,-80.419739,640,"VA",100,"Quercus","alba","white oak","Plantae","Breaking leaf buds",2013-05-05,125,NA,NA,27
38987,371,5,"2013-01-01","2013-12-31",2013-03-21,80,2013-03-18,3,1,8418,32.363758,-94.873947,115,"TX",100,"Quercus","alba","white oak","Plantae","Breaking leaf buds",2013-03-31,90,2013-04-03,3,10
38987,371,6,"2014-01-01","2014-12-31",2014-04-02,92,2014-03-30,3,1,8418,32.363758,-94.873947,115,"TX",100,"Quercus","alba","white oak","Plantae","Breaking leaf buds",2014-04-06,96,2014-04-09,3,4
38987,371,7,"2015-01-01","2015-12-31",2015-04-01,91,2015-03-29,3,1,8418,32.363758,-94.873947,115,"TX",100,"Quercus","alba","white oak","Plantae","Breaking leaf buds",2015-04-15,105,2015-04-19,4,14
38987,371,8,"2016-01-01","2016-12-31",2016-03-13,73,2016-03-02,11,3,8418,32.363758,-94.873947,115,"TX",100,"Quercus","alba","white oak","Plantae","Breaking leaf buds",2016-05-29,150,2016-06-01,3,77
38987,371,9,"2017-01-01","2017-12-31",2017-03-19,78,2017-03-11,8,1,8418,32.363758,-94.873947,115,"TX",100,"Quercus","alba","white oak","Plantae","Breaking leaf buds",2017-03-22,81,2017-03-26,4,3
38987,371,10,"2018-01-01","2018-12-31",2018-03-25,84,2018-03-21,4,1,8418,32.363758,-94.873947,115,"TX",100,"Quercus","alba","white oak","Plantae","Breaking leaf buds",2018-04-01,91,2018-04-04,3,7
38987,371,11,"2019-01-01","2019-12-31",2019-04-03,93,2019-03-31,3,1,8418,32.363758,-94.873947,115,"TX",100,"Quercus","alba","white oak","Plantae","Breaking leaf buds",2019-04-17,107,2019-04-21,4,14
38987,371,15,"2023-01-01","2023-12-31",2023-03-06,65,2023-03-02,4,1,8418,32.363758,-94.873947,115,"TX",100,"Quercus","alba","white oak","Plantae","Breaking leaf buds",2023-03-17,76,2023-03-20,3,11
38987,371,16,"2024-01-01","2024-12-31",2024-03-07,67,2024-03-03,4,1,8418,32.363758,-94.873947,115,"TX",100,"Quercus","alba","white oak","Plantae","Breaking leaf buds",2024-03-24,84,2024-03-28,4,17
38987,371,17,"2025-01-01","2025-12-31",2025-03-23,82,2025-03-19,4,2,8418,32.363758,-94.873947,115,"TX",100,"Quercus","alba","white oak","Plantae","Breaking leaf buds",2025-04-09,99,2025-04-13,4,17
38987,371,18,"2026-01-01","2026-12-31",2026-03-04,63,2026-02-25,7,2,8418,32.363758,-94.873947,115,"TX",100,"Quercus","alba","white oak","Plantae","Breaking leaf buds",2026-03-18,77,2026-03-22,4,14
38987,501,6,"2014-01-01","2014-12-31",2014-03-30,89,2014-03-26,4,1,8418,32.363758,-94.873947,115,"TX",100,"Quercus","alba","white oak","Plantae","Open flowers",2014-04-16,106,2014-04-20,4,17
38987,501,7,"2015-01-01","2015-12-31",2015-03-22,81,2015-03-18,4,1,8418,32.363758,-94.873947,115,"TX",100,"Quercus","alba","white oak","Plantae","Open flowers",2015-04-12,102,2015-04-15,3,21
38987,501,8,"2016-01-01","2016-12-31",2016-03-13,73,2016-03-02,11,1,8418,32.363758,-94.873947,115,"TX",100,"Quercus","alba","white oak","Plantae","Open flowers",2016-04-03,94,2016-04-06,3,21
38987,501,9,"2017-01-01","2017-12-31",2017-03-05,64,2017-03-01,4,1,8418,32.363758,-94.873947,115,"TX",100,"Quercus","alba","white oak","Plantae","Open flowers",2017-03-26,85,2017-03-29,3,21
38987,501,10,"2018-01-01","2018-12-31",2018-03-18,77,2018-03-07,11,1,8418,32.363758,-94.873947,115,"TX",100,"Quercus","alba","white oak","Plantae","Open flowers",2018-04-01,91,2018-04-04,3,14
38987,501,11,"2019-01-01","2019-12-31",2019-03-23,82,2019-03-20,3,1,8418,32.363758,-94.873947,115,"TX",100,"Quercus","alba","white oak","Plantae","Open flowers",2019-04-10,100,2019-04-17,7,18
38987,501,15,"2023-01-01","2023-12-31",2023-03-06,65,2023-03-02,4,1,8418,32.363758,-94.873947,115,"TX",100,"Quercus","alba","white oak","Plantae","Open flowers",2023-03-20,79,2023-03-23,3,14
38987,501,16,"2024-01-01","2024-12-31",2024-03-03,63,2024-02-29,3,1,8418,32.363758,-94.873947,115,"TX",100,"Quercus","alba","white oak","Plantae","Open flowers",2024-03-31,91,2024-04-04,4,28
38987,501,17,"2025-01-01","2025-12-31",2025-03-19,78,2025-03-16,3,1,8418,32.363758,-94.873947,115,"TX",100,"Quercus","alba","white oak","Plantae","Open flowers",2025-04-06,96,2025-04-09,3,18
38987,501,18,"2026-01-01","2026-12-31",2026-03-08,67,2026-03-04,4,1,8418,32.363758,-94.873947,115,"TX",100,"Quercus","alba","white oak","Plantae","Open flowers",2026-04-12,102,2026-04-19,7,35
39504,371,5,"2013-01-01","2013-12-31",2013-05-10,130,2013-05-08,2,1,10219,44.989334,-93.197121,282,"MN",100,"Quercus","alba","white oak","Plantae","Breaking leaf buds",2013-05-12,132,NA,NA,2
39582,371,5,"2013-01-01","2013-12-31",2013-04-28,118,2013-04-25,3,1,5523,43.692337,-70.270424,21,"ME",100,"Quercus","alba","white oak","Plantae","Breaking leaf buds",2013-05-21,141,2013-05-24,3,23
39582,371,6,"2014-01-01","2014-12-31",2014-05-15,135,2014-05-04,11,1,5523,43.692337,-70.270424,21,"ME",100,"Quercus","alba","white oak","Plantae","Breaking leaf buds",2014-08-12,224,2014-08-15,3,89
39582,371,7,"2015-01-01","2015-12-31",2015-05-06,126,2015-05-04,2,1,5523,43.692337,-70.270424,21,"ME",100,"Quercus","alba","white oak","Plantae","Breaking leaf buds",2015-09-21,264,2015-09-23,2,138
39582,371,8,"2016-01-01","2016-12-31",2016-05-12,133,2016-05-11,1,1,5523,43.692337,-70.270424,21,"ME",100,"Quercus","alba","white oak","Plantae","Breaking leaf buds",2016-06-23,175,2016-06-30,7,42
39582,371,10,"2018-01-01","2018-12-31",2018-05-22,142,2018-05-18,4,1,5523,43.692337,-70.270424,21,"ME",100,"Quercus","alba","white oak","Plantae","Breaking leaf buds",2018-06-12,163,2018-06-16,4,21
39582,371,11,"2019-01-01","2019-12-31",2019-05-24,144,2019-05-21,3,1,5523,43.692337,-70.270424,21,"ME",100,"Quercus","alba","white oak","Plantae","Breaking leaf buds",2019-06-06,157,2019-06-10,4,13
39582,371,13,"2021-01-01","2021-12-31",2021-05-13,133,2021-05-11,2,1,5523,43.692337,-70.270424,21,"ME",100,"Quercus","alba","white oak","Plantae","Breaking leaf buds",2021-06-05,156,2021-06-08,3,23
39582,371,14,"2022-01-01","2022-12-31",2022-05-21,141,2022-05-17,4,1,5523,43.692337,-70.270424,21,"ME",100,"Quercus","alba","white oak","Plantae","Breaking leaf buds",2022-05-31,151,2022-06-04,4,10
39582,371,15,"2023-01-01","2023-12-31",2023-05-03,123,2023-04-30,3,1,5523,43.692337,-70.270424,21,"ME",100,"Quercus","alba","white oak","Plantae","Breaking leaf buds",2023-06-01,152,2023-06-22,21,29
39582,371,16,"2024-01-01","2024-12-31",2024-05-03,124,2024-04-30,3,1,5523,43.692337,-70.270424,21,"ME",100,"Quercus","alba","white oak","Plantae","Breaking leaf buds",2024-05-10,131,2024-06-13,34,7
39582,371,17,"2025-01-01","2025-12-31",2025-04-29,119,2025-04-25,4,1,5523,43.692337,-70.270424,21,"ME",100,"Quercus","alba","white oak","Plantae","Breaking leaf buds",2025-05-15,135,2025-08-15,92,16
39582,371,18,"2026-01-01","2026-12-31",2026-05-09,129,2026-05-07,2,1,5523,43.692337,-70.270424,21,"ME",100,"Quercus","alba","white oak","Plantae","Breaking leaf buds",2026-06-04,155,NA,NA,26
39582,501,5,"2013-01-01","2013-12-31",2013-05-06,126,2013-05-01,5,1,5523,43.692337,-70.270424,21,"ME",100,"Quercus","alba","white oak","Plantae","Open flowers",2013-06-17,168,2013-06-24,7,42
39582,501,6,"2014-01-01","2014-12-31",2014-05-15,135,2014-05-04,11,2,5523,43.692337,-70.270424,21,"ME",100,"Quercus","alba","white oak","Plantae","Open flowers",2014-06-09,160,2014-06-13,4,25
39582,501,7,"2015-01-01","2015-12-31",2015-05-11,131,2015-05-09,2,1,5523,43.692337,-70.270424,21,"ME",100,"Quercus","alba","white oak","Plantae","Open flowers",2015-05-26,146,2015-06-11,16,15
39582,501,8,"2016-01-01","2016-12-31",2016-05-11,132,2016-05-10,1,2,5523,43.692337,-70.270424,21,"ME",100,"Quercus","alba","white oak","Plantae","Open flowers",2016-06-09,161,2016-06-16,7,29
39582,501,10,"2018-01-01","2018-12-31",2018-05-10,130,2018-05-07,3,1,5523,43.692337,-70.270424,21,"ME",100,"Quercus","alba","white oak","Plantae","Open flowers",2018-06-12,163,2018-06-16,4,33
39582,501,11,"2019-01-01","2019-12-31",2019-05-14,134,2019-05-11,3,1,5523,43.692337,-70.270424,21,"ME",100,"Quercus","alba","white oak","Plantae","Open flowers",2019-06-06,157,2019-06-10,4,23
39582,501,13,"2021-01-01","2021-12-31",2021-05-04,124,2021-05-01,3,1,5523,43.692337,-70.270424,21,"ME",100,"Quercus","alba","white oak","Plantae","Open flowers",2021-06-11,162,2021-08-31,81,38
39582,501,14,"2022-01-01","2022-12-31",2022-05-14,134,2022-05-12,2,1,5523,43.692337,-70.270424,21,"ME",100,"Quercus","alba","white oak","Plantae","Open flowers",2022-06-04,155,2022-07-14,40,21
39582,501,16,"2024-01-01","2024-12-31",2024-05-10,131,2024-05-07,3,1,5523,43.692337,-70.270424,21,"ME",100,"Quercus","alba","white oak","Plantae","Open flowers",2024-06-27,179,2024-07-01,4,48
39582,501,17,"2025-01-01","2025-12-31",2025-05-06,126,2025-05-03,3,1,5523,43.692337,-70.270424,21,"ME",100,"Quercus","alba","white oak","Plantae","Open flowers",2025-05-15,135,2025-08-15,92,9
39582,501,18,"2026-01-01","2026-12-31",2026-05-15,135,2026-05-12,3,1,5523,43.692337,-70.270424,21,"ME",100,"Quercus","alba","white oak","Plantae","Open flowers",2026-06-04,155,NA,NA,20
39620,371,5,"2013-01-01","2013-12-31",2013-05-10,130,2013-05-08,2,1,10219,44.989334,-93.197121,282,"MN",100,"Quercus","alba","white oak","Plantae","Breaking leaf buds",2013-05-12,132,NA,NA,2
39621,371,5,"2013-01-01","2013-12-31",2013-05-10,130,2013-05-08,2,1,10219,44.989334,-93.197121,282,"MN",100,"Quercus","alba","white oak","Plantae","Breaking leaf buds",2013-05-12,132,NA,NA,2
39622,371,5,"2013-01-01","2013-12-31",2013-05-10,130,2013-05-08,2,1,10219,44.989334,-93.197121,282,"MN",100,"Quercus","alba","white oak","Plantae","Breaking leaf buds",2013-05-12,132,NA,NA,2
39623,371,5,"2013-01-01","2013-12-31",2013-05-10,130,2013-05-08,2,1,10219,44.989334,-93.197121,282,"MN",100,"Quercus","alba","white oak","Plantae","Breaking leaf buds",2013-05-12,132,NA,NA,2
39624,371,5,"2013-01-01","2013-12-31",2013-05-10,130,2013-05-08,2,1,10219,44.989334,-93.197121,282,"MN",100,"Quercus","alba","white oak","Plantae","Breaking leaf buds",2013-05-12,132,NA,NA,2
40084,371,5,"2013-01-01","2013-12-31",2013-04-15,105,2013-04-09,6,1,10316,37.228489,-80.422836,639,"VA",101,"Quercus","macrocarpa","bur oak","Plantae","Breaking leaf buds",2013-04-15,105,2013-04-22,7,0
41033,371,5,"2013-01-01","2013-12-31",2013-04-11,101,2013-04-04,7,1,10457,43.0774,-70.910919,19,"NH",100,"Quercus","alba","white oak","Plantae","Breaking leaf buds",2013-05-09,129,2013-05-16,7,28
43726,371,5,"2013-01-01","2013-12-31",2013-03-12,71,2013-03-05,7,1,9797,35.17942,-97.447586,338,"OK",101,"Quercus","macrocarpa","bur oak","Plantae","Breaking leaf buds",2013-04-15,105,NA,NA,34
43727,371,5,"2013-01-01","2013-12-31",2013-03-12,71,2013-03-05,7,1,9797,35.17942,-97.447586,338,"OK",101,"Quercus","macrocarpa","bur oak","Plantae","Breaking leaf buds",2013-04-15,105,NA,NA,34
43730,371,5,"2013-01-01","2013-12-31",2013-04-15,105,2013-04-14,1,1,9797,35.17942,-97.447586,338,"OK",101,"Quercus","macrocarpa","bur oak","Plantae","Breaking leaf buds",2013-04-15,105,NA,NA,0
45088,371,5,"2013-01-01","2013-12-31",2013-04-11,101,2013-04-04,7,1,11107,43.096924,-70.950233,17,"NH",100,"Quercus","alba","white oak","Plantae","Breaking leaf buds",2013-05-02,122,2013-05-09,7,21
45094,371,5,"2013-01-01","2013-12-31",2013-04-11,101,2013-04-04,7,1,11108,43.115292,-70.885231,18,"NH",100,"Quercus","alba","white oak","Plantae","Breaking leaf buds",2013-05-02,122,2013-05-09,7,21
45140,371,5,"2013-01-01","2013-12-31",2013-05-30,150,2013-05-23,7,1,9083,40.178272,-77.116959,157,"PA",100,"Quercus","alba","white oak","Plantae","Breaking leaf buds",2013-05-30,150,2013-05-31,1,0
45140,371,6,"2014-01-01","2014-12-31",2014-04-16,106,2014-04-09,7,1,9083,40.178272,-77.116959,157,"PA",100,"Quercus","alba","white oak","Plantae","Breaking leaf buds",2014-05-21,141,2014-06-09,19,35
45140,371,7,"2015-01-01","2015-12-31",2015-04-03,93,2015-04-01,2,1,9083,40.178272,-77.116959,157,"PA",100,"Quercus","alba","white oak","Plantae","Breaking leaf buds",2015-05-14,134,2015-05-20,6,41
45140,371,8,"2016-01-01","2016-12-31",2016-03-23,83,2016-03-10,13,2,9083,40.178272,-77.116959,157,"PA",100,"Quercus","alba","white oak","Plantae","Breaking leaf buds",2016-05-18,139,2016-08-25,99,56
45140,371,9,"2017-01-01","2017-12-31",2017-03-23,82,2017-03-16,7,1,9083,40.178272,-77.116959,157,"PA",100,"Quercus","alba","white oak","Plantae","Breaking leaf buds",2017-05-03,123,2017-08-24,113,41
45140,371,10,"2018-01-01","2018-12-31",2018-03-28,87,2018-03-22,6,1,9083,40.178272,-77.116959,157,"PA",100,"Quercus","alba","white oak","Plantae","Breaking leaf buds",2018-04-25,115,2018-09-06,134,28
45140,371,15,"2023-01-01","2023-12-31",2023-04-17,107,2023-04-03,14,1,9083,40.178272,-77.116959,157,"PA",100,"Quercus","alba","white oak","Plantae","Breaking leaf buds",2023-04-17,107,2023-10-04,170,0
45140,501,7,"2015-01-01","2015-12-31",2015-05-14,134,2015-04-27,17,1,9083,40.178272,-77.116959,157,"PA",100,"Quercus","alba","white oak","Plantae","Open flowers",2015-05-20,140,2015-08-27,99,6
45140,501,8,"2016-01-01","2016-12-31",2016-04-27,118,2016-04-20,7,1,9083,40.178272,-77.116959,157,"PA",100,"Quercus","alba","white oak","Plantae","Open flowers",2016-05-18,139,2016-08-25,99,21
45467,371,7,"2015-01-01","2015-12-31",2015-04-08,98,2015-04-01,7,1,11154,38.799816,-94.690666,311,"KS",101,"Quercus","macrocarpa","bur oak","Plantae","Breaking leaf buds",2015-04-22,112,2015-04-29,7,14
45467,501,7,"2015-01-01","2015-12-31",2015-05-13,133,2015-04-29,14,2,11154,38.799816,-94.690666,311,"KS",101,"Quercus","macrocarpa","bur oak","Plantae","Open flowers",2015-10-09,282,2015-10-21,12,149
45471,371,7,"2015-01-01","2015-12-31",2015-04-08,98,2015-03-25,14,1,11154,38.799816,-94.690666,311,"KS",101,"Quercus","macrocarpa","bur oak","Plantae","Breaking leaf buds",2015-04-22,112,2015-04-29,7,14
50003,371,8,"2016-01-01","2016-12-31",2016-04-24,115,2016-04-23,1,1,11896,35.460716,-83.811615,564,"NC",100,"Quercus","alba","white oak","Plantae","Breaking leaf buds",2016-04-24,115,2016-04-26,2,0
50003,371,10,"2018-01-01","2018-12-31",2018-04-12,102,2018-03-29,14,1,11896,35.460716,-83.811615,564,"NC",100,"Quercus","alba","white oak","Plantae","Breaking leaf buds",2018-04-27,117,2018-05-07,10,15
50003,371,13,"2021-01-01","2021-12-31",2021-03-22,81,2021-03-20,2,2,11896,35.460716,-83.811615,564,"NC",100,"Quercus","alba","white oak","Plantae","Breaking leaf buds",2021-04-19,109,2021-05-01,12,28
50003,371,14,"2022-01-01","2022-12-31",2022-03-27,86,2022-03-17,10,2,11896,35.460716,-83.811615,564,"NC",100,"Quercus","alba","white oak","Plantae","Breaking leaf buds",2022-04-20,110,2022-05-02,12,24
50003,371,15,"2023-01-01","2023-12-31",2023-04-17,107,2023-03-30,18,1,11896,35.460716,-83.811615,564,"NC",100,"Quercus","alba","white oak","Plantae","Breaking leaf buds",2023-04-17,107,2023-05-02,15,0
50003,501,8,"2016-01-01","2016-12-31",2016-04-23,114,2016-04-09,14,2,11896,35.460716,-83.811615,564,"NC",100,"Quercus","alba","white oak","Plantae","Open flowers",2016-04-26,117,2016-05-01,5,3
50003,501,13,"2021-01-01","2021-12-31",2021-04-19,109,2021-04-06,13,1,11896,35.460716,-83.811615,564,"NC",100,"Quercus","alba","white oak","Plantae","Open flowers",2021-04-19,109,2021-05-01,12,0
50004,371,8,"2016-01-01","2016-12-31",2016-04-04,95,2016-03-31,4,2,11896,35.460716,-83.811615,564,"NC",100,"Quercus","alba","white oak","Plantae","Breaking leaf buds",2016-04-24,115,2016-04-26,2,20
50004,371,10,"2018-01-01","2018-12-31",2018-04-12,102,2018-03-29,14,1,11896,35.460716,-83.811615,564,"NC",100,"Quercus","alba","white oak","Plantae","Breaking leaf buds",2018-04-27,117,2018-05-07,10,15
50004,371,14,"2022-01-01","2022-12-31",2022-03-27,86,2022-03-17,10,2,11896,35.460716,-83.811615,564,"NC",100,"Quercus","alba","white oak","Plantae","Breaking leaf buds",2022-04-06,96,2022-04-20,14,10
50004,371,16,"2024-01-01","2024-12-31",2024-04-14,105,2024-03-25,20,1,11896,35.460716,-83.811615,564,"NC",100,"Quercus","alba","white oak","Plantae","Breaking leaf buds",2024-04-15,106,NA,NA,1
50004,501,10,"2018-01-01","2018-12-31",2018-04-27,117,2018-04-18,9,1,11896,35.460716,-83.811615,564,"NC",100,"Quercus","alba","white oak","Plantae","Open flowers",2018-04-27,117,2018-05-07,10,0
50006,371,8,"2016-01-01","2016-12-31",2016-04-23,114,2016-04-09,14,1,11896,35.460716,-83.811615,564,"NC",100,"Quercus","alba","white oak","Plantae","Breaking leaf buds",2016-04-26,117,2016-05-01,5,3
50006,371,10,"2018-01-01","2018-12-31",2018-04-12,102,2018-03-29,14,1,11896,35.460716,-83.811615,564,"NC",100,"Quercus","alba","white oak","Plantae","Breaking leaf buds",2018-04-27,117,2018-05-07,10,15
50006,371,13,"2021-01-01","2021-12-31",2021-04-19,109,2021-04-09,10,1,11896,35.460716,-83.811615,564,"NC",100,"Quercus","alba","white oak","Plantae","Breaking leaf buds",2021-04-19,109,2021-05-01,12,0
50006,371,14,"2022-01-01","2022-12-31",2022-03-27,86,2022-03-17,10,1,11896,35.460716,-83.811615,564,"NC",100,"Quercus","alba","white oak","Plantae","Breaking leaf buds",2022-03-27,86,2022-04-04,8,0
50006,501,13,"2021-01-01","2021-12-31",2021-03-20,79,2021-03-11,9,1,11896,35.460716,-83.811615,564,"NC",100,"Quercus","alba","white oak","Plantae","Open flowers",2021-03-20,79,2021-03-22,2,0
50008,371,8,"2016-01-01","2016-12-31",2016-04-23,114,2016-04-09,14,1,11896,35.460716,-83.811615,564,"NC",100,"Quercus","alba","white oak","Plantae","Breaking leaf buds",2016-04-24,115,2016-04-26,2,1
50008,371,10,"2018-01-01","2018-12-31",2018-04-12,102,2018-03-29,14,1,11896,35.460716,-83.811615,564,"NC",100,"Quercus","alba","white oak","Plantae","Breaking leaf buds",2018-04-27,117,2018-05-07,10,15
50008,371,14,"2022-01-01","2022-12-31",2022-03-27,86,2022-03-17,10,2,11896,35.460716,-83.811615,564,"NC",100,"Quercus","alba","white oak","Plantae","Breaking leaf buds",2022-04-20,110,2022-05-02,12,24
50008,501,8,"2016-01-01","2016-12-31",2016-04-23,114,2016-04-09,14,2,11896,35.460716,-83.811615,564,"NC",100,"Quercus","alba","white oak","Plantae","Open flowers",2016-04-26,117,2016-05-01,5,3
50016,371,8,"2016-01-01","2016-12-31",2016-04-23,114,2016-04-09,14,1,11896,35.460716,-83.811615,564,"NC",100,"Quercus","alba","white oak","Plantae","Breaking leaf buds",2016-04-26,117,2016-05-01,5,3
50016,371,10,"2018-01-01","2018-12-31",2018-04-12,102,2018-03-29,14,1,11896,35.460716,-83.811615,564,"NC",100,"Quercus","alba","white oak","Plantae","Breaking leaf buds",2018-04-27,117,2018-05-07,10,15
50016,371,14,"2022-01-01","2022-12-31",2022-03-27,86,2022-03-17,10,2,11896,35.460716,-83.811615,564,"NC",100,"Quercus","alba","white oak","Plantae","Breaking leaf buds",2022-04-06,96,2022-04-20,14,10
50017,371,8,"2016-01-01","2016-12-31",2016-04-24,115,2016-04-23,1,1,11896,35.460716,-83.811615,564,"NC",100,"Quercus","alba","white oak","Plantae","Breaking leaf buds",2016-04-24,115,2016-04-26,2,0
50017,371,9,"2017-01-01","2017-12-31",2017-03-08,67,2017-02-24,12,1,11896,35.460716,-83.811615,564,"NC",100,"Quercus","alba","white oak","Plantae","Breaking leaf buds",2017-03-08,67,2017-03-18,10,0
50017,371,10,"2018-01-01","2018-12-31",2018-04-12,102,2018-03-29,14,1,11896,35.460716,-83.811615,564,"NC",100,"Quercus","alba","white oak","Plantae","Breaking leaf buds",2018-04-27,117,2018-05-07,10,15
50017,501,8,"2016-01-01","2016-12-31",2016-04-23,114,2016-04-09,14,2,11896,35.460716,-83.811615,564,"NC",100,"Quercus","alba","white oak","Plantae","Open flowers",2016-04-26,117,2016-05-01,5,3
50309,371,11,"2019-01-01","2019-12-31",2019-05-16,136,2019-04-28,18,1,11526,45.031456,-93.175041,276,"MN",101,"Quercus","macrocarpa","bur oak","Plantae","Breaking leaf buds",2019-05-16,136,2019-10-12,149,0
50309,371,15,"2023-01-01","2023-12-31",2023-05-15,135,2023-05-10,5,1,11526,45.031456,-93.175041,276,"MN",101,"Quercus","macrocarpa","bur oak","Plantae","Breaking leaf buds",2023-05-15,135,2023-06-06,22,0
50309,371,17,"2025-01-01","2025-12-31",2025-05-04,124,2025-04-19,15,1,11526,45.031456,-93.175041,276,"MN",101,"Quercus","macrocarpa","bur oak","Plantae","Breaking leaf buds",2025-05-04,124,2025-05-08,4,0
50309,501,16,"2024-01-01","2024-12-31",2024-05-14,135,2024-05-07,7,1,11526,45.031456,-93.175041,276,"MN",101,"Quercus","macrocarpa","bur oak","Plantae","Open flowers",2024-05-14,135,2024-08-17,95,0
50675,371,6,"2014-01-01","2014-12-31",2014-04-06,96,2014-03-31,6,2,11999,35.603413,-83.782997,648,"TN",100,"Quercus","alba","white oak","Plantae","Breaking leaf buds",2014-07-21,202,2015-03-14,236,106
50675,371,7,"2015-01-01","2015-12-31",2015-03-22,81,2015-03-15,7,4,11999,35.603413,-83.782997,648,"TN",100,"Quercus","alba","white oak","Plantae","Breaking leaf buds",2015-04-30,120,2015-05-17,17,39
50675,371,8,"2016-01-01","2016-12-31",2016-04-04,95,2016-04-03,1,6,11999,35.603413,-83.782997,648,"TN",100,"Quercus","alba","white oak","Plantae","Breaking leaf buds",2016-11-11,316,2016-11-14,3,221
50675,371,9,"2017-01-01","2017-12-31",2017-03-13,72,2017-03-12,1,6,11999,35.603413,-83.782997,648,"TN",100,"Quercus","alba","white oak","Plantae","Breaking leaf buds",2017-06-28,179,2017-07-22,24,107
50675,371,10,"2018-01-01","2018-12-31",2018-03-28,87,2018-03-23,5,5,11999,35.603413,-83.782997,648,"TN",100,"Quercus","alba","white oak","Plantae","Breaking leaf buds",2018-06-22,173,2018-06-23,1,86
50675,371,11,"2019-01-01","2019-12-31",2019-03-30,89,2019-03-29,1,3,11999,35.603413,-83.782997,648,"TN",100,"Quercus","alba","white oak","Plantae","Breaking leaf buds",2019-04-27,117,2019-05-07,10,28
50675,371,13,"2021-01-01","2021-12-31",2021-04-15,105,2021-04-14,1,4,11999,35.603413,-83.782997,648,"TN",100,"Quercus","alba","white oak","Plantae","Breaking leaf buds",2021-05-24,144,2021-05-26,2,39
50675,371,14,"2022-01-01","2022-12-31",2022-04-15,105,2022-04-05,10,1,11999,35.603413,-83.782997,648,"TN",100,"Quercus","alba","white oak","Plantae","Breaking leaf buds",2022-04-29,119,2022-05-04,5,14
50675,371,15,"2023-01-01","2023-12-31",2023-04-11,101,2023-04-04,7,2,11999,35.603413,-83.782997,648,"TN",100,"Quercus","alba","white oak","Plantae","Breaking leaf buds",2023-04-28,118,2023-05-01,3,17
50675,371,16,"2024-01-01","2024-12-31",2024-04-23,114,2024-04-05,18,1,11999,35.603413,-83.782997,648,"TN",100,"Quercus","alba","white oak","Plantae","Breaking leaf buds",2024-04-28,119,2024-05-01,3,5
50675,371,17,"2025-01-01","2025-12-31",2025-04-10,100,2025-04-05,5,1,11999,35.603413,-83.782997,648,"TN",100,"Quercus","alba","white oak","Plantae","Breaking leaf buds",2025-05-06,126,2025-05-10,4,26
50675,371,18,"2026-01-01","2026-12-31",2026-04-07,97,2026-03-31,7,2,11999,35.603413,-83.782997,648,"TN",100,"Quercus","alba","white oak","Plantae","Breaking leaf buds",2026-04-24,114,2026-05-01,7,17
50675,501,6,"2014-01-01","2014-12-31",2014-05-12,132,2014-05-04,8,1,11999,35.603413,-83.782997,648,"TN",100,"Quercus","alba","white oak","Plantae","Open flowers",2014-05-12,132,2014-06-23,42,0
50675,501,7,"2015-01-01","2015-12-31",2015-04-13,103,2015-04-12,1,1,11999,35.603413,-83.782997,648,"TN",100,"Quercus","alba","white oak","Plantae","Open flowers",2015-04-13,103,2015-04-14,1,0
50675,501,8,"2016-01-01","2016-12-31",2016-04-28,119,2016-04-25,3,2,11999,35.603413,-83.782997,648,"TN",100,"Quercus","alba","white oak","Plantae","Open flowers",2016-05-02,123,2016-05-05,3,4
50675,501,9,"2017-01-01","2017-12-31",2017-05-14,134,2017-05-12,2,1,11999,35.603413,-83.782997,648,"TN",100,"Quercus","alba","white oak","Plantae","Open flowers",2017-05-14,134,2017-05-16,2,0
50675,501,11,"2019-01-01","2019-12-31",2019-06-07,158,2019-06-01,6,1,11999,35.603413,-83.782997,648,"TN",100,"Quercus","alba","white oak","Plantae","Open flowers",2019-06-07,158,2019-06-11,4,0
50675,501,15,"2023-01-01","2023-12-31",2023-04-28,118,2023-04-24,4,1,11999,35.603413,-83.782997,648,"TN",100,"Quercus","alba","white oak","Plantae","Open flowers",2023-04-28,118,2023-05-01,3,0
50684,371,6,"2014-01-01","2014-12-31",2014-04-06,96,2014-03-31,6,2,11999,35.603413,-83.782997,648,"TN",100,"Quercus","alba","white oak","Plantae","Breaking leaf buds",2014-07-21,202,2015-03-14,236,106
50684,371,7,"2015-01-01","2015-12-31",2015-03-22,81,2015-03-15,7,5,11999,35.603413,-83.782997,648,"TN",100,"Quercus","alba","white oak","Plantae","Breaking leaf buds",2015-06-23,174,2015-07-13,20,93
50684,371,8,"2016-01-01","2016-12-31",2016-04-02,93,2016-03-29,4,7,11999,35.603413,-83.782997,648,"TN",100,"Quercus","alba","white oak","Plantae","Breaking leaf buds",2016-11-11,316,2016-11-14,3,223
50684,371,9,"2017-01-01","2017-12-31",2017-03-13,72,2017-03-12,1,7,11999,35.603413,-83.782997,648,"TN",100,"Quercus","alba","white oak","Plantae","Breaking leaf buds",2017-06-17,168,2017-07-22,35,96
50684,371,10,"2018-01-01","2018-12-31",2018-04-08,98,2018-03-31,8,4,11999,35.603413,-83.782997,648,"TN",100,"Quercus","alba","white oak","Plantae","Breaking leaf buds",2018-06-22,173,2018-06-23,1,75
50684,371,11,"2019-01-01","2019-12-31",2019-03-30,89,2019-03-29,1,2,11999,35.603413,-83.782997,648,"TN",100,"Quercus","alba","white oak","Plantae","Breaking leaf buds",2019-04-27,117,2019-05-07,10,28
50684,371,13,"2021-01-01","2021-12-31",2021-04-13,103,2021-04-06,7,5,11999,35.603413,-83.782997,648,"TN",100,"Quercus","alba","white oak","Plantae","Breaking leaf buds",2021-05-24,144,2021-05-26,2,41
50684,371,15,"2023-01-01","2023-12-31",2023-04-11,101,2023-04-04,7,2,11999,35.603413,-83.782997,648,"TN",100,"Quercus","alba","white oak","Plantae","Breaking leaf buds",2023-04-20,110,2023-04-22,2,9
50684,371,16,"2024-01-01","2024-12-31",2024-04-23,114,2024-04-05,18,1,11999,35.603413,-83.782997,648,"TN",100,"Quercus","alba","white oak","Plantae","Breaking leaf buds",2024-04-23,114,2024-04-26,3,0
50684,371,17,"2025-01-01","2025-12-31",2025-04-05,95,2025-03-25,11,1,11999,35.603413,-83.782997,648,"TN",100,"Quercus","alba","white oak","Plantae","Breaking leaf buds",2025-04-15,105,2025-04-27,12,10
50684,371,18,"2026-01-01","2026-12-31",2026-04-07,97,2026-03-31,7,1,11999,35.603413,-83.782997,648,"TN",100,"Quercus","alba","white oak","Plantae","Breaking leaf buds",2026-04-14,104,2026-04-24,10,7
50684,501,7,"2015-01-01","2015-12-31",2015-04-13,103,2015-04-12,1,2,11999,35.603413,-83.782997,648,"TN",100,"Quercus","alba","white oak","Plantae","Open flowers",2015-05-14,134,2015-05-17,3,31
50684,501,8,"2016-01-01","2016-12-31",2016-04-27,118,2016-04-25,2,3,11999,35.603413,-83.782997,648,"TN",100,"Quercus","alba","white oak","Plantae","Open flowers",2016-05-10,131,2016-05-19,9,13
50684,501,11,"2019-01-01","2019-12-31",2019-04-27,117,2019-04-13,14,1,11999,35.603413,-83.782997,648,"TN",100,"Quercus","alba","white oak","Plantae","Open flowers",2019-04-27,117,2019-05-07,10,0
50684,501,14,"2022-01-01","2022-12-31",2022-04-29,119,2022-04-15,14,1,11999,35.603413,-83.782997,648,"TN",100,"Quercus","alba","white oak","Plantae","Open flowers",2022-05-04,124,2022-05-09,5,5
50685,371,6,"2014-01-01","2014-12-31",2014-04-06,96,2014-03-31,6,2,11999,35.603413,-83.782997,648,"TN",100,"Quercus","alba","white oak","Plantae","Breaking leaf buds",2014-07-21,202,2015-03-14,236,106
50685,371,7,"2015-01-01","2015-12-31",2015-03-22,81,2015-03-15,7,4,11999,35.603413,-83.782997,648,"TN",100,"Quercus","alba","white oak","Plantae","Breaking leaf buds",2015-05-03,123,2015-05-14,11,42
50685,371,8,"2016-01-01","2016-12-31",2016-04-02,93,2016-03-29,4,6,11999,35.603413,-83.782997,648,"TN",100,"Quercus","alba","white oak","Plantae","Breaking leaf buds",2016-11-11,316,2016-11-14,3,223
50685,371,9,"2017-01-01","2017-12-31",2017-02-17,48,2017-02-13,4,7,11999,35.603413,-83.782997,648,"TN",100,"Quercus","alba","white oak","Plantae","Breaking leaf buds",2017-05-25,145,2017-05-31,6,97
50685,371,10,"2018-01-01","2018-12-31",2018-04-11,101,2018-04-08,3,4,11999,35.603413,-83.782997,648,"TN",100,"Quercus","alba","white oak","Plantae","Breaking leaf buds",2018-06-22,173,2018-06-23,1,72
50685,371,11,"2019-01-01","2019-12-31",2019-03-27,86,2019-03-24,3,2,11999,35.603413,-83.782997,648,"TN",100,"Quercus","alba","white oak","Plantae","Breaking leaf buds",2019-04-27,117,2019-05-07,10,31
50685,371,13,"2021-01-01","2021-12-31",2021-04-19,109,2021-04-15,4,3,11999,35.603413,-83.782997,648,"TN",100,"Quercus","alba","white oak","Plantae","Breaking leaf buds",2021-05-24,144,2021-05-26,2,35
50685,371,14,"2022-01-01","2022-12-31",2022-04-29,119,2022-04-15,14,1,11999,35.603413,-83.782997,648,"TN",100,"Quercus","alba","white oak","Plantae","Breaking leaf buds",2022-04-29,119,2022-05-04,5,0
50685,371,15,"2023-01-01","2023-12-31",2023-04-11,101,2023-04-04,7,2,11999,35.603413,-83.782997,648,"TN",100,"Quercus","alba","white oak","Plantae","Breaking leaf buds",2023-05-01,121,2023-05-06,5,20
50685,371,16,"2024-01-01","2024-12-31",2024-04-23,114,2024-04-05,18,1,11999,35.603413,-83.782997,648,"TN",100,"Quercus","alba","white oak","Plantae","Breaking leaf buds",2024-04-28,119,2024-05-01,3,5
50685,371,17,"2025-01-01","2025-12-31",2025-04-27,117,2025-04-15,12,1,11999,35.603413,-83.782997,648,"TN",100,"Quercus","alba","white oak","Plantae","Breaking leaf buds",2025-04-28,118,2025-05-06,8,1
50685,371,18,"2026-01-01","2026-12-31",2026-04-24,114,2026-04-14,10,1,11999,35.603413,-83.782997,648,"TN",100,"Quercus","alba","white oak","Plantae","Breaking leaf buds",2026-04-24,114,2026-05-01,7,0
50685,501,7,"2015-01-01","2015-12-31",2015-04-13,103,2015-04-12,1,2,11999,35.603413,-83.782997,648,"TN",100,"Quercus","alba","white oak","Plantae","Open flowers",2015-05-14,134,2015-05-17,3,31
50685,501,8,"2016-01-01","2016-12-31",2016-04-27,118,2016-04-25,2,4,11999,35.603413,-83.782997,648,"TN",100,"Quercus","alba","white oak","Plantae","Open flowers",2016-05-10,131,2016-05-19,9,13
50685,501,9,"2017-01-01","2017-12-31",2017-05-07,127,2017-04-29,8,2,11999,35.603413,-83.782997,648,"TN",100,"Quercus","alba","white oak","Plantae","Open flowers",2017-05-14,134,2017-05-16,2,7
50685,501,11,"2019-01-01","2019-12-31",2019-04-27,117,2019-04-13,14,1,11999,35.603413,-83.782997,648,"TN",100,"Quercus","alba","white oak","Plantae","Open flowers",2019-04-27,117,2019-05-07,10,0
50730,371,6,"2014-01-01","2014-12-31",2014-07-23,204,2014-07-16,7,1,12055,35.696671,-83.609718,890,"TN",100,"Quercus","alba","white oak","Plantae","Breaking leaf buds",2014-07-23,204,NA,NA,0
50730,501,7,"2015-01-01","2015-12-31",2015-04-09,99,2015-04-02,7,2,12055,35.696671,-83.609718,890,"TN",100,"Quercus","alba","white oak","Plantae","Open flowers",2015-05-14,134,2015-05-20,6,35
50802,371,6,"2014-01-01","2014-12-31",2014-04-27,117,2014-04-22,5,1,12079,44.987164,-93.185486,286,"MN",101,"Quercus","macrocarpa","bur oak","Plantae","Breaking leaf buds",2014-04-29,119,NA,NA,2
52582,371,7,"2015-01-01","2015-12-31",2015-05-02,122,2015-04-28,4,1,12249,42.518417,-76.556999,165,"NY",101,"Quercus","macrocarpa","bur oak","Plantae","Breaking leaf buds",2015-05-05,125,2015-05-07,2,3
52582,371,9,"2017-01-01","2017-12-31",2017-05-04,124,2017-04-27,7,2,12249,42.518417,-76.556999,165,"NY",101,"Quercus","macrocarpa","bur oak","Plantae","Breaking leaf buds",2017-07-10,191,2017-07-20,10,67
52582,371,10,"2018-01-01","2018-12-31",2018-05-08,128,2018-05-03,5,1,12249,42.518417,-76.556999,165,"NY",101,"Quercus","macrocarpa","bur oak","Plantae","Breaking leaf buds",2018-05-14,134,2018-05-29,15,6
52582,371,12,"2020-01-01","2020-12-31",2020-05-02,123,2020-04-22,10,2,12249,42.518417,-76.556999,165,"NY",101,"Quercus","macrocarpa","bur oak","Plantae","Breaking leaf buds",2020-05-23,144,2020-05-30,7,21
52582,371,13,"2021-01-01","2021-12-31",2021-04-17,107,2021-04-09,8,1,12249,42.518417,-76.556999,165,"NY",101,"Quercus","macrocarpa","bur oak","Plantae","Breaking leaf buds",2021-05-08,128,2021-05-20,12,21
52582,371,14,"2022-01-01","2022-12-31",2022-05-09,129,2022-04-30,9,1,12249,42.518417,-76.556999,165,"NY",101,"Quercus","macrocarpa","bur oak","Plantae","Breaking leaf buds",2022-05-09,129,2022-05-16,7,0
52582,371,15,"2023-01-01","2023-12-31",2023-04-17,107,2023-04-13,4,1,12249,42.518417,-76.556999,165,"NY",101,"Quercus","macrocarpa","bur oak","Plantae","Breaking leaf buds",2023-05-01,121,2023-05-08,7,14
52582,371,16,"2024-01-01","2024-12-31",2024-04-29,120,2024-04-22,7,1,12249,42.518417,-76.556999,165,"NY",101,"Quercus","macrocarpa","bur oak","Plantae","Breaking leaf buds",2024-04-30,121,2024-05-04,4,1
52582,371,17,"2025-01-01","2025-12-31",2025-04-28,118,2025-04-23,5,1,12249,42.518417,-76.556999,165,"NY",101,"Quercus","macrocarpa","bur oak","Plantae","Breaking leaf buds",2025-05-01,121,2025-05-05,4,3
52582,371,18,"2026-01-01","2026-12-31",2026-05-04,124,2026-04-27,7,1,12249,42.518417,-76.556999,165,"NY",101,"Quercus","macrocarpa","bur oak","Plantae","Breaking leaf buds",2026-05-11,131,2026-05-18,7,7
52582,501,7,"2015-01-01","2015-12-31",2015-05-07,127,2015-05-02,5,1,12249,42.518417,-76.556999,165,"NY",101,"Quercus","macrocarpa","bur oak","Plantae","Open flowers",2015-05-21,141,2015-06-16,26,14
52582,501,10,"2018-01-01","2018-12-31",2018-05-14,134,2018-05-08,6,1,12249,42.518417,-76.556999,165,"NY",101,"Quercus","macrocarpa","bur oak","Plantae","Open flowers",2018-05-29,149,2018-06-28,30,15
52582,501,11,"2019-01-01","2019-12-31",2019-05-23,143,2019-04-23,30,1,12249,42.518417,-76.556999,165,"NY",101,"Quercus","macrocarpa","bur oak","Plantae","Open flowers",2019-05-23,143,2019-06-02,10,0
52582,501,12,"2020-01-01","2020-12-31",2020-05-19,140,2020-05-12,7,1,12249,42.518417,-76.556999,165,"NY",101,"Quercus","macrocarpa","bur oak","Plantae","Open flowers",2020-05-23,144,2020-05-30,7,4
52582,501,13,"2021-01-01","2021-12-31",2021-05-08,128,2021-05-01,7,1,12249,42.518417,-76.556999,165,"NY",101,"Quercus","macrocarpa","bur oak","Plantae","Open flowers",2021-05-20,140,2021-06-05,16,12
52582,501,14,"2022-01-01","2022-12-31",2022-05-16,136,2022-05-09,7,1,12249,42.518417,-76.556999,165,"NY",101,"Quercus","macrocarpa","bur oak","Plantae","Open flowers",2022-05-16,136,2022-05-23,7,0
52582,501,16,"2024-01-01","2024-12-31",2024-05-04,125,2024-04-30,4,1,12249,42.518417,-76.556999,165,"NY",101,"Quercus","macrocarpa","bur oak","Plantae","Open flowers",2024-05-13,134,2024-05-20,7,9
52582,501,17,"2025-01-01","2025-12-31",2025-05-12,132,2025-04-28,14,1,12249,42.518417,-76.556999,165,"NY",101,"Quercus","macrocarpa","bur oak","Plantae","Open flowers",2025-05-12,132,2025-05-19,7,0
52582,501,18,"2026-01-01","2026-12-31",2026-05-18,138,2026-04-27,21,1,12249,42.518417,-76.556999,165,"NY",101,"Quercus","macrocarpa","bur oak","Plantae","Open flowers",2026-05-18,138,2026-05-25,7,0
52984,371,7,"2015-01-01","2015-12-31",2015-04-22,112,2015-04-15,7,1,11605,44.881065,-93.290176,261,"MN",101,"Quercus","macrocarpa","bur oak","Plantae","Breaking leaf buds",2015-04-29,119,2015-05-06,7,7
52984,371,9,"2017-01-01","2017-12-31",2017-04-12,102,2017-04-05,7,1,11605,44.881065,-93.290176,261,"MN",101,"Quercus","macrocarpa","bur oak","Plantae","Breaking leaf buds",2017-04-30,120,2017-05-03,3,18
52984,371,10,"2018-01-01","2018-12-31",2018-04-26,116,2018-04-02,24,1,11605,44.881065,-93.290176,261,"MN",101,"Quercus","macrocarpa","bur oak","Plantae","Breaking leaf buds",2018-05-03,123,2018-05-06,3,7
52984,371,11,"2019-01-01","2019-12-31",2019-04-26,116,2019-04-16,10,1,11605,44.881065,-93.290176,261,"MN",101,"Quercus","macrocarpa","bur oak","Plantae","Breaking leaf buds",2019-05-14,134,2019-05-17,3,18
52984,371,12,"2020-01-01","2020-12-31",2020-05-05,126,2020-04-22,13,1,11605,44.881065,-93.290176,261,"MN",101,"Quercus","macrocarpa","bur oak","Plantae","Breaking leaf buds",2020-05-14,135,2020-05-21,7,9
52984,501,7,"2015-01-01","2015-12-31",2015-05-12,132,2015-04-29,13,1,11605,44.881065,-93.290176,261,"MN",101,"Quercus","macrocarpa","bur oak","Plantae","Open flowers",2015-05-27,147,2015-06-04,8,15
52984,501,9,"2017-01-01","2017-12-31",2017-04-26,116,2017-04-23,3,1,11605,44.881065,-93.290176,261,"MN",101,"Quercus","macrocarpa","bur oak","Plantae","Open flowers",2017-05-13,133,2017-05-26,13,17
52984,501,12,"2020-01-01","2020-12-31",2020-05-21,142,2020-05-14,7,1,11605,44.881065,-93.290176,261,"MN",101,"Quercus","macrocarpa","bur oak","Plantae","Open flowers",2020-05-21,142,2020-05-28,7,0
60644,371,6,"2014-01-01","2014-12-31",2014-04-15,105,2014-04-14,1,1,2772,36.440838,-84.323586,554,"TN",100,"Quercus","alba","white oak","Plantae","Breaking leaf buds",2014-04-25,115,2014-04-26,1,10
60644,371,7,"2015-01-01","2015-12-31",2015-04-14,104,2015-04-13,1,3,2772,36.440838,-84.323586,554,"TN",100,"Quercus","alba","white oak","Plantae","Breaking leaf buds",2015-04-29,119,2015-04-30,1,15
60644,371,8,"2016-01-01","2016-12-31",2016-04-17,108,2016-04-16,1,2,2772,36.440838,-84.323586,554,"TN",100,"Quercus","alba","white oak","Plantae","Breaking leaf buds",2016-04-26,117,2016-04-27,1,9
60644,371,9,"2017-01-01","2017-12-31",2017-04-14,104,2017-04-13,1,2,2772,36.440838,-84.323586,554,"TN",100,"Quercus","alba","white oak","Plantae","Breaking leaf buds",2017-04-26,116,2017-04-28,2,12
60644,371,10,"2018-01-01","2018-12-31",2018-04-21,111,2018-04-20,1,1,2772,36.440838,-84.323586,554,"TN",100,"Quercus","alba","white oak","Plantae","Breaking leaf buds",2018-05-04,124,2018-05-05,1,13
60644,371,11,"2019-01-01","2019-12-31",2019-04-13,103,2019-04-11,2,1,2772,36.440838,-84.323586,554,"TN",100,"Quercus","alba","white oak","Plantae","Breaking leaf buds",2019-04-20,110,2019-04-22,2,7
60644,371,12,"2020-01-01","2020-12-31",2020-04-10,101,2020-04-08,2,1,2772,36.440838,-84.323586,554,"TN",100,"Quercus","alba","white oak","Plantae","Breaking leaf buds",2020-04-22,113,2020-04-24,2,12
60644,371,13,"2021-01-01","2021-12-31",2021-04-16,106,2021-04-14,2,1,2772,36.440838,-84.323586,554,"TN",100,"Quercus","alba","white oak","Plantae","Breaking leaf buds",2021-04-30,120,2021-05-02,2,14
60644,371,14,"2022-01-01","2022-12-31",2022-04-22,112,2022-04-14,8,1,2772,36.440838,-84.323586,554,"TN",100,"Quercus","alba","white oak","Plantae","Breaking leaf buds",2022-04-28,118,2023-02-26,304,6
60661,371,6,"2014-01-01","2014-12-31",2014-02-03,34,2014-01-19,15,1,16295,27.929228,-82.725639,4,"FL",305,"Quercus","virginiana","live oak","Plantae","Breaking leaf buds",2014-03-29,88,2014-04-11,13,54
60661,371,7,"2015-01-01","2015-12-31",2015-03-11,70,2015-03-05,6,1,16295,27.929228,-82.725639,4,"FL",305,"Quercus","virginiana","live oak","Plantae","Breaking leaf buds",2015-03-25,84,2015-04-02,8,14
60661,371,8,"2016-01-01","2016-12-31",2016-03-24,84,2016-03-18,6,1,16295,27.929228,-82.725639,4,"FL",305,"Quercus","virginiana","live oak","Plantae","Breaking leaf buds",2016-04-12,103,2016-04-22,10,19
60661,371,9,"2017-01-01","2017-12-31",2017-03-09,68,2017-03-02,7,1,16295,27.929228,-82.725639,4,"FL",305,"Quercus","virginiana","live oak","Plantae","Breaking leaf buds",2017-03-23,82,2017-03-30,7,14
60661,371,10,"2018-01-01","2018-12-31",2018-03-01,60,2018-02-15,14,2,16295,27.929228,-82.725639,4,"FL",305,"Quercus","virginiana","live oak","Plantae","Breaking leaf buds",2018-06-14,165,2018-06-21,7,105
60661,371,11,"2019-01-01","2019-12-31",2019-03-02,61,2019-02-23,7,2,16295,27.929228,-82.725639,4,"FL",305,"Quercus","virginiana","live oak","Plantae","Breaking leaf buds",2019-08-17,229,2019-08-24,7,168
60661,371,12,"2020-01-01","2020-12-31",2020-02-29,60,2020-02-01,28,2,16295,27.929228,-82.725639,4,"FL",305,"Quercus","virginiana","live oak","Plantae","Breaking leaf buds",2020-06-27,179,2020-07-04,7,119
60661,371,13,"2021-01-01","2021-12-31",2021-03-13,72,2021-02-20,21,1,16295,27.929228,-82.725639,4,"FL",305,"Quercus","virginiana","live oak","Plantae","Breaking leaf buds",2021-03-20,79,2021-03-27,7,7
60661,371,14,"2022-01-01","2022-12-31",2022-03-19,78,2022-02-26,21,1,16295,27.929228,-82.725639,4,"FL",305,"Quercus","virginiana","live oak","Plantae","Breaking leaf buds",2022-03-19,78,2022-04-02,14,0
60661,501,7,"2015-01-01","2015-12-31",2015-03-20,79,2015-03-11,9,1,16295,27.929228,-82.725639,4,"FL",305,"Quercus","virginiana","live oak","Plantae","Open flowers",2015-03-25,84,2015-04-02,8,5
60661,501,11,"2019-01-01","2019-12-31",2019-03-02,61,2019-02-23,7,1,16295,27.929228,-82.725639,4,"FL",305,"Quercus","virginiana","live oak","Plantae","Open flowers",2019-03-09,68,2019-03-30,21,7
60661,501,12,"2020-01-01","2020-12-31",2020-02-29,60,2020-02-01,28,1,16295,27.929228,-82.725639,4,"FL",305,"Quercus","virginiana","live oak","Plantae","Open flowers",2020-03-21,81,2020-03-28,7,21
60661,501,13,"2021-01-01","2021-12-31",2021-03-13,72,2021-02-20,21,1,16295,27.929228,-82.725639,4,"FL",305,"Quercus","virginiana","live oak","Plantae","Open flowers",2021-03-20,79,2021-03-27,7,7
60661,501,14,"2022-01-01","2022-12-31",2022-03-19,78,2022-02-26,21,1,16295,27.929228,-82.725639,4,"FL",305,"Quercus","virginiana","live oak","Plantae","Open flowers",2022-03-19,78,2022-04-02,14,0
60662,371,6,"2014-01-01","2014-12-31",2014-03-05,64,2014-02-03,30,1,16295,27.929228,-82.725639,4,"FL",305,"Quercus","virginiana","live oak","Plantae","Breaking leaf buds",2014-04-29,119,2014-05-06,7,55
60662,371,8,"2016-01-01","2016-12-31",2016-03-18,78,2016-03-10,8,1,16295,27.929228,-82.725639,4,"FL",305,"Quercus","virginiana","live oak","Plantae","Breaking leaf buds",2016-04-01,92,2016-04-12,11,14
60662,371,9,"2017-01-01","2017-12-31",2017-01-19,19,2017-01-13,6,3,16295,27.929228,-82.725639,4,"FL",305,"Quercus","virginiana","live oak","Plantae","Breaking leaf buds",2017-04-20,110,2017-04-27,7,91
60662,371,10,"2018-01-01","2018-12-31",2018-02-15,46,2018-02-08,7,1,16295,27.929228,-82.725639,4,"FL",305,"Quercus","virginiana","live oak","Plantae","Breaking leaf buds",2018-03-22,81,2018-03-29,7,35
60662,371,11,"2019-01-01","2019-12-31",2019-02-23,54,2019-02-16,7,3,16295,27.929228,-82.725639,4,"FL",305,"Quercus","virginiana","live oak","Plantae","Breaking leaf buds",2019-08-24,236,2019-08-31,7,182
60662,371,12,"2020-01-01","2020-12-31",2020-02-29,60,2020-02-01,28,2,16295,27.929228,-82.725639,4,"FL",305,"Quercus","virginiana","live oak","Plantae","Breaking leaf buds",2020-07-04,186,2020-07-11,7,126
60662,371,13,"2021-01-01","2021-12-31",2021-03-13,72,2021-02-20,21,1,16295,27.929228,-82.725639,4,"FL",305,"Quercus","virginiana","live oak","Plantae","Breaking leaf buds",2021-03-20,79,2021-03-27,7,7
60662,371,14,"2022-01-01","2022-12-31",2022-03-19,78,2022-02-26,21,1,16295,27.929228,-82.725639,4,"FL",305,"Quercus","virginiana","live oak","Plantae","Breaking leaf buds",2022-03-19,78,2022-04-02,14,0
60662,501,11,"2019-01-01","2019-12-31",2019-03-02,61,2019-02-16,14,1,16295,27.929228,-82.725639,4,"FL",305,"Quercus","virginiana","live oak","Plantae","Open flowers",2019-03-30,89,2019-04-13,14,28
60662,501,12,"2020-01-01","2020-12-31",2020-02-29,60,2020-02-01,28,1,16295,27.929228,-82.725639,4,"FL",305,"Quercus","virginiana","live oak","Plantae","Open flowers",2020-03-21,81,2020-03-28,7,21
60662,501,13,"2021-01-01","2021-12-31",2021-03-13,72,2021-02-20,21,1,16295,27.929228,-82.725639,4,"FL",305,"Quercus","virginiana","live oak","Plantae","Open flowers",2021-03-13,72,2021-03-20,7,0
60662,501,14,"2022-01-01","2022-12-31",2022-02-26,57,2022-02-12,14,1,16295,27.929228,-82.725639,4,"FL",305,"Quercus","virginiana","live oak","Plantae","Open flowers",2022-02-26,57,2022-03-19,21,0
61040,371,7,"2015-01-01","2015-12-31",2015-04-14,104,2015-04-07,7,1,16356,45.317341,-93.821838,289,"MN",101,"Quercus","macrocarpa","bur oak","Plantae","Breaking leaf buds",2015-05-08,128,2015-05-09,1,24
61040,371,8,"2016-01-01","2016-12-31",2016-04-25,116,2016-04-14,11,1,16356,45.317341,-93.821838,289,"MN",101,"Quercus","macrocarpa","bur oak","Plantae","Breaking leaf buds",2016-05-14,135,2016-05-17,3,19
61040,371,9,"2017-01-01","2017-12-31",2017-04-24,114,2017-04-23,1,1,16356,45.317341,-93.821838,289,"MN",101,"Quercus","macrocarpa","bur oak","Plantae","Breaking leaf buds",2017-05-09,129,2017-05-12,3,15
61040,371,10,"2018-01-01","2018-12-31",2018-05-03,123,2018-04-26,7,1,16356,45.317341,-93.821838,289,"MN",101,"Quercus","macrocarpa","bur oak","Plantae","Breaking leaf buds",2018-05-28,148,2018-05-31,3,25
61040,371,11,"2019-01-01","2019-12-31",2019-04-27,117,2019-04-24,3,1,16356,45.317341,-93.821838,289,"MN",101,"Quercus","macrocarpa","bur oak","Plantae","Breaking leaf buds",2019-07-27,208,2019-08-23,27,91
61040,501,7,"2015-01-01","2015-12-31",2015-05-01,121,2015-04-28,3,1,16356,45.317341,-93.821838,289,"MN",101,"Quercus","macrocarpa","bur oak","Plantae","Open flowers",2015-05-17,137,2015-05-20,3,16
61040,501,8,"2016-01-01","2016-12-31",2016-05-12,133,2016-05-07,5,1,16356,45.317341,-93.821838,289,"MN",101,"Quercus","macrocarpa","bur oak","Plantae","Open flowers",2016-05-14,135,2016-05-17,3,2
61040,501,9,"2017-01-01","2017-12-31",2017-05-12,132,2017-05-09,3,1,16356,45.317341,-93.821838,289,"MN",101,"Quercus","macrocarpa","bur oak","Plantae","Open flowers",2017-05-15,135,2017-05-17,2,3
61040,501,10,"2018-01-01","2018-12-31",2018-05-07,127,2018-05-05,2,1,16356,45.317341,-93.821838,289,"MN",101,"Quercus","macrocarpa","bur oak","Plantae","Open flowers",2018-05-25,145,2018-05-26,1,18
61040,501,11,"2019-01-01","2019-12-31",2019-05-15,135,2019-05-06,9,1,16356,45.317341,-93.821838,289,"MN",101,"Quercus","macrocarpa","bur oak","Plantae","Open flowers",2019-05-26,146,2019-06-04,9,11
61313,371,4,"2012-01-01","2012-12-31",2012-03-27,87,2012-03-20,7,1,2119,40.862221,-73.875191,24,"NY",100,"Quercus","alba","white oak","Plantae","Breaking leaf buds",2012-03-27,87,2013-02-23,333,0
61313,371,5,"2013-01-01","2013-12-31",2013-04-18,108,2013-04-11,7,1,2119,40.862221,-73.875191,24,"NY",100,"Quercus","alba","white oak","Plantae","Breaking leaf buds",2013-04-18,108,2014-01-04,261,0
61313,371,6,"2014-01-01","2014-12-31",2014-04-22,112,2014-04-18,4,2,2119,40.862221,-73.875191,24,"NY",100,"Quercus","alba","white oak","Plantae","Breaking leaf buds",2014-05-06,126,2014-05-13,7,14
61313,371,7,"2015-01-01","2015-12-31",2015-04-16,106,2015-04-15,1,1,2119,40.862221,-73.875191,24,"NY",100,"Quercus","alba","white oak","Plantae","Breaking leaf buds",2015-04-27,117,2015-04-29,2,11
61313,371,8,"2016-01-01","2016-12-31",2016-03-25,85,2016-03-24,1,4,2119,40.862221,-73.875191,24,"NY",100,"Quercus","alba","white oak","Plantae","Breaking leaf buds",2016-04-29,120,2016-05-01,2,35
61313,371,9,"2017-01-01","2017-12-31",2017-04-05,95,2017-03-21,15,3,2119,40.862221,-73.875191,24,"NY",100,"Quercus","alba","white oak","Plantae","Breaking leaf buds",2017-04-28,118,2017-05-04,6,23
61313,371,10,"2018-01-01","2018-12-31",2018-03-30,89,2018-03-28,2,2,2119,40.862221,-73.875191,24,"NY",100,"Quercus","alba","white oak","Plantae","Breaking leaf buds",2018-05-31,151,2018-06-07,7,62
61313,371,11,"2019-01-01","2019-12-31",2019-03-24,83,2019-03-19,5,6,2119,40.862221,-73.875191,24,"NY",100,"Quercus","alba","white oak","Plantae","Breaking leaf buds",2019-05-11,131,2019-05-13,2,48
61313,371,12,"2020-01-01","2020-12-31",2020-02-27,58,2020-02-22,5,3,2119,40.862221,-73.875191,24,"NY",100,"Quercus","alba","white oak","Plantae","Breaking leaf buds",2020-03-14,74,2020-09-28,198,16
61313,371,14,"2022-01-01","2022-12-31",2022-03-30,89,2022-03-25,5,3,2119,40.862221,-73.875191,24,"NY",100,"Quercus","alba","white oak","Plantae","Breaking leaf buds",2022-05-11,131,2022-05-18,7,42
61313,371,15,"2023-01-01","2023-12-31",2023-04-07,97,2023-04-02,5,2,2119,40.862221,-73.875191,24,"NY",100,"Quercus","alba","white oak","Plantae","Breaking leaf buds",2023-04-21,111,2023-04-25,4,14
61313,371,16,"2024-01-01","2024-12-31",2024-03-16,76,2024-03-12,4,3,2119,40.862221,-73.875191,24,"NY",100,"Quercus","alba","white oak","Plantae","Breaking leaf buds",2024-04-28,119,2024-05-03,5,43
61313,371,17,"2025-01-01","2025-12-31",2025-04-01,91,2025-03-05,27,1,2119,40.862221,-73.875191,24,"NY",100,"Quercus","alba","white oak","Plantae","Breaking leaf buds",2025-04-17,107,2025-04-23,6,16
61313,371,18,"2026-01-01","2026-12-31",2026-04-10,100,2026-03-11,30,1,2119,40.862221,-73.875191,24,"NY",100,"Quercus","alba","white oak","Plantae","Breaking leaf buds",2026-04-18,108,2026-06-02,45,8
61313,501,4,"2012-01-01","2012-12-31",2012-04-10,101,2012-03-20,21,1,2119,40.862221,-73.875191,24,"NY",100,"Quercus","alba","white oak","Plantae","Open flowers",2012-04-10,101,2013-02-23,319,0
61313,501,6,"2014-01-01","2014-12-31",2014-05-05,125,2014-05-04,1,2,2119,40.862221,-73.875191,24,"NY",100,"Quercus","alba","white oak","Plantae","Open flowers",2014-05-16,136,2014-05-19,3,11
61313,501,7,"2015-01-01","2015-12-31",2015-05-04,124,2015-04-28,6,2,2119,40.862221,-73.875191,24,"NY",100,"Quercus","alba","white oak","Plantae","Open flowers",2015-05-07,127,2015-05-14,7,3
61313,501,8,"2016-01-01","2016-12-31",2016-05-01,122,2016-04-29,2,3,2119,40.862221,-73.875191,24,"NY",100,"Quercus","alba","white oak","Plantae","Open flowers",2016-05-15,136,2016-05-19,4,14
61313,501,11,"2019-01-01","2019-12-31",2019-05-30,150,2019-05-25,5,1,2119,40.862221,-73.875191,24,"NY",100,"Quercus","alba","white oak","Plantae","Open flowers",2019-05-30,150,2019-06-01,2,0
61313,501,15,"2023-01-01","2023-12-31",2023-04-18,108,2023-04-13,5,1,2119,40.862221,-73.875191,24,"NY",100,"Quercus","alba","white oak","Plantae","Open flowers",2023-04-18,108,2023-04-21,3,0
61313,501,17,"2025-01-01","2025-12-31",2025-04-29,119,2025-04-23,6,1,2119,40.862221,-73.875191,24,"NY",100,"Quercus","alba","white oak","Plantae","Open flowers",2025-04-29,119,2025-05-10,11,0
61424,371,6,"2014-01-01","2014-12-31",2014-05-07,127,2014-04-12,25,1,16400,41.272411,-95.98822,352,"NE",101,"Quercus","macrocarpa","bur oak","Plantae","Breaking leaf buds",2014-05-07,127,NA,NA,0
63267,371,6,"2014-01-01","2014-12-31",2014-04-21,111,2014-04-09,12,1,16657,37.229572,-80.41394,629,"VA",101,"Quercus","macrocarpa","bur oak","Plantae","Breaking leaf buds",2014-04-21,111,NA,NA,0
63466,371,6,"2014-01-01","2014-12-31",2014-04-14,104,2014-04-08,6,1,16707,37.22897,-80.420212,640,"VA",101,"Quercus","macrocarpa","bur oak","Plantae","Breaking leaf buds",2014-04-15,105,2014-04-21,6,1
63537,371,6,"2014-01-01","2014-12-31",2014-04-24,114,2014-04-17,7,1,16637,37.254807,-79.963844,313,"VA",1212,"Quercus","montana","chestnut oak","Plantae","Breaking leaf buds",2014-04-24,114,2014-05-02,8,0
63537,501,6,"2014-01-01","2014-12-31",2014-04-14,104,2014-04-11,3,1,16637,37.254807,-79.963844,313,"VA",1212,"Quercus","montana","chestnut oak","Plantae","Open flowers",2014-05-02,122,2014-05-08,6,18
63538,371,6,"2014-01-01","2014-12-31",2014-04-17,107,2014-04-14,3,1,16637,37.254807,-79.963844,313,"VA",100,"Quercus","alba","white oak","Plantae","Breaking leaf buds",2014-04-24,114,2014-05-02,8,7
63538,501,6,"2014-01-01","2014-12-31",2014-04-14,104,2014-04-11,3,1,16637,37.254807,-79.963844,313,"VA",100,"Quercus","alba","white oak","Plantae","Open flowers",2014-05-02,122,2014-05-08,6,18
64549,371,6,"2014-01-01","2014-12-31",2014-03-05,64,2014-02-03,30,1,16295,27.929228,-82.725639,4,"FL",305,"Quercus","virginiana","live oak","Plantae","Breaking leaf buds",2014-05-06,126,2014-05-13,7,62
64549,371,8,"2016-01-01","2016-12-31",2016-03-18,78,2016-03-10,8,1,16295,27.929228,-82.725639,4,"FL",305,"Quercus","virginiana","live oak","Plantae","Breaking leaf buds",2016-04-01,92,2016-04-12,11,14
64549,371,9,"2017-01-01","2017-12-31",2017-03-02,61,2017-02-23,7,1,16295,27.929228,-82.725639,4,"FL",305,"Quercus","virginiana","live oak","Plantae","Breaking leaf buds",2017-03-23,82,2017-03-30,7,21
64549,371,10,"2018-01-01","2018-12-31",2018-02-22,53,2018-02-15,7,1,16295,27.929228,-82.725639,4,"FL",305,"Quercus","virginiana","live oak","Plantae","Breaking leaf buds",2018-04-26,116,2018-05-03,7,63
64549,371,11,"2019-01-01","2019-12-31",2019-02-23,54,2019-02-16,7,3,16295,27.929228,-82.725639,4,"FL",305,"Quercus","virginiana","live oak","Plantae","Breaking leaf buds",2019-08-17,229,2019-08-24,7,175
64549,371,12,"2020-01-01","2020-12-31",2020-02-29,60,2020-02-01,28,1,16295,27.929228,-82.725639,4,"FL",305,"Quercus","virginiana","live oak","Plantae","Breaking leaf buds",2020-03-21,81,2020-03-28,7,21
64549,371,13,"2021-01-01","2021-12-31",2021-03-13,72,2021-02-20,21,2,16295,27.929228,-82.725639,4,"FL",305,"Quercus","virginiana","live oak","Plantae","Breaking leaf buds",2021-05-01,121,2021-05-15,14,49
64549,371,14,"2022-01-01","2022-12-31",2022-03-19,78,2022-02-26,21,1,16295,27.929228,-82.725639,4,"FL",305,"Quercus","virginiana","live oak","Plantae","Breaking leaf buds",2022-03-19,78,2022-04-02,14,0
64549,501,7,"2015-01-01","2015-12-31",2015-03-20,79,2015-03-05,15,1,16295,27.929228,-82.725639,4,"FL",305,"Quercus","virginiana","live oak","Plantae","Open flowers",2015-03-20,79,2015-04-02,13,0
64549,501,11,"2019-01-01","2019-12-31",2019-02-23,54,2019-02-16,7,1,16295,27.929228,-82.725639,4,"FL",305,"Quercus","virginiana","live oak","Plantae","Open flowers",2019-04-13,103,2019-04-20,7,49
64549,501,12,"2020-01-01","2020-12-31",2020-02-29,60,2020-02-01,28,1,16295,27.929228,-82.725639,4,"FL",305,"Quercus","virginiana","live oak","Plantae","Open flowers",2020-03-07,67,2020-03-21,14,7
64549,501,13,"2021-01-01","2021-12-31",2021-03-13,72,2021-02-20,21,1,16295,27.929228,-82.725639,4,"FL",305,"Quercus","virginiana","live oak","Plantae","Open flowers",2021-03-13,72,2021-03-20,7,0
64549,501,14,"2022-01-01","2022-12-31",2022-03-19,78,2022-02-26,21,1,16295,27.929228,-82.725639,4,"FL",305,"Quercus","virginiana","live oak","Plantae","Open flowers",2022-03-19,78,2022-04-02,14,0
64558,371,7,"2015-01-01","2015-12-31",2015-05-12,132,2015-05-06,6,1,16295,27.929228,-82.725639,4,"FL",305,"Quercus","virginiana","live oak","Plantae","Breaking leaf buds",2015-05-12,132,2015-05-20,8,0
64558,371,8,"2016-01-01","2016-12-31",2016-03-18,78,2016-03-10,8,1,16295,27.929228,-82.725639,4,"FL",305,"Quercus","virginiana","live oak","Plantae","Breaking leaf buds",2016-04-01,92,2016-04-12,11,14
64558,371,9,"2017-01-01","2017-12-31",2017-03-02,61,2017-02-23,7,1,16295,27.929228,-82.725639,4,"FL",305,"Quercus","virginiana","live oak","Plantae","Breaking leaf buds",2017-03-30,89,2017-04-14,15,28
64558,371,10,"2018-01-01","2018-12-31",2018-03-01,60,2018-02-15,14,1,16295,27.929228,-82.725639,4,"FL",305,"Quercus","virginiana","live oak","Plantae","Breaking leaf buds",2018-05-03,123,2018-05-10,7,63
64558,371,11,"2019-01-01","2019-12-31",2019-03-02,61,2019-02-23,7,1,16295,27.929228,-82.725639,4,"FL",305,"Quercus","virginiana","live oak","Plantae","Breaking leaf buds",2019-03-30,89,2019-04-20,21,28
64558,371,12,"2020-01-01","2020-12-31",2020-02-29,60,2020-02-01,28,2,16295,27.929228,-82.725639,4,"FL",305,"Quercus","virginiana","live oak","Plantae","Breaking leaf buds",2020-05-23,144,2020-05-30,7,84
64558,371,13,"2021-01-01","2021-12-31",2021-03-13,72,2021-02-20,21,2,16295,27.929228,-82.725639,4,"FL",305,"Quercus","virginiana","live oak","Plantae","Breaking leaf buds",2021-08-21,233,2021-09-11,21,161
64558,371,14,"2022-01-01","2022-12-31",2022-03-19,78,2022-02-26,21,1,16295,27.929228,-82.725639,4,"FL",305,"Quercus","virginiana","live oak","Plantae","Breaking leaf buds",2022-04-02,92,2022-04-16,14,14
64558,501,11,"2019-01-01","2019-12-31",2019-03-02,61,2019-02-23,7,1,16295,27.929228,-82.725639,4,"FL",305,"Quercus","virginiana","live oak","Plantae","Open flowers",2019-03-30,89,2019-04-13,14,28
64558,501,12,"2020-01-01","2020-12-31",2020-02-29,60,2020-02-01,28,1,16295,27.929228,-82.725639,4,"FL",305,"Quercus","virginiana","live oak","Plantae","Open flowers",2020-04-04,95,2020-04-11,7,35
64558,501,13,"2021-01-01","2021-12-31",2021-03-13,72,2021-02-20,21,1,16295,27.929228,-82.725639,4,"FL",305,"Quercus","virginiana","live oak","Plantae","Open flowers",2021-04-03,93,2021-04-17,14,21
64558,501,14,"2022-01-01","2022-12-31",2022-03-19,78,2022-02-26,21,1,16295,27.929228,-82.725639,4,"FL",305,"Quercus","virginiana","live oak","Plantae","Open flowers",2022-03-19,78,2022-04-02,14,0
64658,371,6,"2014-01-01","2014-12-31",2014-04-09,99,2014-03-30,10,1,16873,37.309994,-79.895317,319,"VA",100,"Quercus","alba","white oak","Plantae","Breaking leaf buds",2014-04-16,106,2014-05-10,24,7
66925,501,8,"2016-01-01","2016-12-31",2016-04-06,97,2016-04-04,2,1,17405,35.273144,-82.453087,675,"NC",100,"Quercus","alba","white oak","Plantae","Open flowers",2016-04-06,97,2016-04-14,8,0
67522,371,7,"2015-01-01","2015-12-31",2015-04-30,120,2015-04-28,2,1,11734,40.148293,-77.125366,147,"PA",100,"Quercus","alba","white oak","Plantae","Breaking leaf buds",2015-04-30,120,2015-05-13,13,0
67522,371,8,"2016-01-01","2016-12-31",2016-04-25,116,2016-04-18,7,1,11734,40.148293,-77.125366,147,"PA",100,"Quercus","alba","white oak","Plantae","Breaking leaf buds",2016-04-25,116,2016-05-16,21,0
67522,501,7,"2015-01-01","2015-12-31",2015-05-13,133,2015-04-30,13,1,11734,40.148293,-77.125366,147,"PA",100,"Quercus","alba","white oak","Plantae","Open flowers",2015-05-22,142,2015-06-08,17,9
67522,501,8,"2016-01-01","2016-12-31",2016-05-16,137,2016-04-25,21,1,11734,40.148293,-77.125366,147,"PA",100,"Quercus","alba","white oak","Plantae","Open flowers",2016-05-16,137,2016-06-23,38,0
67654,371,4,"2012-01-01","2012-12-31",2012-04-19,110,2012-04-13,6,1,5281,40.710247,-77.956192,403,"PA",100,"Quercus","alba","white oak","Plantae","Breaking leaf buds",2012-05-03,124,2012-05-10,7,14
67655,371,4,"2012-01-01","2012-12-31",2012-05-03,124,2012-04-25,8,1,5281,40.710247,-77.956192,403,"PA",100,"Quercus","alba","white oak","Plantae","Breaking leaf buds",2012-05-03,124,2012-05-10,7,0
67656,371,4,"2012-01-01","2012-12-31",2012-05-03,124,2012-04-25,8,1,5281,40.710247,-77.956192,403,"PA",100,"Quercus","alba","white oak","Plantae","Breaking leaf buds",2012-05-03,124,2012-05-10,7,0
67657,371,4,"2012-01-01","2012-12-31",2012-05-10,131,2012-05-03,7,1,5281,40.710247,-77.956192,403,"PA",100,"Quercus","alba","white oak","Plantae","Breaking leaf buds",2012-05-10,131,2012-05-17,7,0
67658,371,4,"2012-01-01","2012-12-31",2012-05-03,124,2012-04-25,8,1,5281,40.710247,-77.956192,403,"PA",100,"Quercus","alba","white oak","Plantae","Breaking leaf buds",2012-05-10,131,2012-05-17,7,7
67659,371,4,"2012-01-01","2012-12-31",2012-04-19,110,2012-04-13,6,2,5281,40.710247,-77.956192,403,"PA",100,"Quercus","alba","white oak","Plantae","Breaking leaf buds",2012-05-03,124,2012-05-10,7,14
67660,371,4,"2012-01-01","2012-12-31",2012-04-19,110,2012-04-13,6,2,5281,40.710247,-77.956192,403,"PA",100,"Quercus","alba","white oak","Plantae","Breaking leaf buds",2012-05-03,124,2012-05-10,7,14
67723,371,7,"2015-01-01","2015-12-31",2015-05-14,134,2015-05-06,8,1,17582,35.770512,-83.111603,639,"TN",1212,"Quercus","montana","chestnut oak","Plantae","Breaking leaf buds",2015-05-14,134,2015-06-28,45,0
67723,371,8,"2016-01-01","2016-12-31",2016-03-23,83,2016-03-16,7,2,17582,35.770512,-83.111603,639,"TN",1212,"Quercus","montana","chestnut oak","Plantae","Breaking leaf buds",2016-04-20,111,2016-04-21,1,28
67723,371,9,"2017-01-01","2017-12-31",2017-04-09,99,2017-04-04,5,1,17582,35.770512,-83.111603,639,"TN",1212,"Quercus","montana","chestnut oak","Plantae","Breaking leaf buds",2017-04-20,110,2017-04-21,1,11
67723,371,10,"2018-01-01","2018-12-31",2018-04-16,106,2018-04-13,3,1,17582,35.770512,-83.111603,639,"TN",1212,"Quercus","montana","chestnut oak","Plantae","Breaking leaf buds",2018-04-16,106,2018-05-01,15,0
67723,371,11,"2019-01-01","2019-12-31",2019-04-17,107,2019-04-10,7,1,17582,35.770512,-83.111603,639,"TN",1212,"Quercus","montana","chestnut oak","Plantae","Breaking leaf buds",2019-04-17,107,2019-04-18,1,0
67723,371,13,"2021-01-01","2021-12-31",2021-04-06,96,2021-04-04,2,2,17582,35.770512,-83.111603,639,"TN",1212,"Quercus","montana","chestnut oak","Plantae","Breaking leaf buds",2021-05-22,142,2021-06-06,15,46
67723,371,14,"2022-01-01","2022-12-31",2022-04-01,91,2022-03-16,16,2,17582,35.770512,-83.111603,639,"TN",1212,"Quercus","montana","chestnut oak","Plantae","Breaking leaf buds",2022-04-25,115,2022-05-02,7,24
67723,371,15,"2023-01-01","2023-12-31",2023-04-11,101,2023-04-10,1,2,17582,35.770512,-83.111603,639,"TN",1212,"Quercus","montana","chestnut oak","Plantae","Breaking leaf buds",2023-05-01,121,2023-05-02,1,20
67723,371,16,"2024-01-01","2024-12-31",2024-04-12,103,2024-03-30,13,1,17582,35.770512,-83.111603,639,"TN",1212,"Quercus","montana","chestnut oak","Plantae","Breaking leaf buds",2024-04-30,121,2024-05-24,24,18
67723,501,8,"2016-01-01","2016-12-31",2016-04-06,97,2016-03-30,7,1,17582,35.770512,-83.111603,639,"TN",1212,"Quercus","montana","chestnut oak","Plantae","Open flowers",2016-04-13,104,2016-04-14,1,7
67723,501,11,"2019-01-01","2019-12-31",2019-05-19,139,2019-05-15,4,1,17582,35.770512,-83.111603,639,"TN",1212,"Quercus","montana","chestnut oak","Plantae","Open flowers",2019-05-19,139,2019-05-23,4,0
67723,501,13,"2021-01-01","2021-12-31",2021-03-23,82,2021-03-20,3,1,17582,35.770512,-83.111603,639,"TN",1212,"Quercus","montana","chestnut oak","Plantae","Open flowers",2021-03-23,82,2021-03-24,1,0
67896,371,6,"2014-01-01","2014-12-31",2014-04-24,114,2014-04-17,7,2,17574,40.863052,-73.881592,30,"NY",101,"Quercus","macrocarpa","bur oak","Plantae","Breaking leaf buds",2014-07-02,183,2014-07-10,8,69
67896,371,7,"2015-01-01","2015-12-31",2015-04-22,112,2015-04-16,6,2,17574,40.863052,-73.881592,30,"NY",101,"Quercus","macrocarpa","bur oak","Plantae","Breaking leaf buds",2015-05-21,141,2015-05-28,7,29
67896,371,8,"2016-01-01","2016-12-31",2016-04-23,114,2016-04-16,7,2,17574,40.863052,-73.881592,30,"NY",101,"Quercus","macrocarpa","bur oak","Plantae","Breaking leaf buds",2016-05-14,135,2016-06-01,18,21
67896,371,9,"2017-01-01","2017-12-31",2017-04-18,108,2017-04-14,4,2,17574,40.863052,-73.881592,30,"NY",101,"Quercus","macrocarpa","bur oak","Plantae","Breaking leaf buds",2017-07-23,204,2017-08-12,20,96
67896,371,10,"2018-01-01","2018-12-31",2018-04-26,116,2018-04-20,6,1,17574,40.863052,-73.881592,30,"NY",101,"Quercus","macrocarpa","bur oak","Plantae","Breaking leaf buds",2018-04-26,116,2018-05-22,26,0
67896,371,11,"2019-01-01","2019-12-31",2019-04-19,109,2019-04-14,5,1,17574,40.863052,-73.881592,30,"NY",101,"Quercus","macrocarpa","bur oak","Plantae","Breaking leaf buds",2019-04-28,118,2019-05-18,20,9
67896,371,14,"2022-01-01","2022-12-31",2022-04-28,118,2022-04-24,4,2,17574,40.863052,-73.881592,30,"NY",101,"Quercus","macrocarpa","bur oak","Plantae","Breaking leaf buds",2022-05-20,140,2022-05-22,2,22
67896,371,15,"2023-01-01","2023-12-31",2023-04-15,105,2023-04-09,6,1,17574,40.863052,-73.881592,30,"NY",101,"Quercus","macrocarpa","bur oak","Plantae","Breaking leaf buds",2023-05-07,127,2023-05-10,3,22
67896,371,16,"2024-01-01","2024-12-31",2024-04-19,110,2024-04-07,12,1,17574,40.863052,-73.881592,30,"NY",101,"Quercus","macrocarpa","bur oak","Plantae","Breaking leaf buds",2024-05-07,128,2024-05-11,4,18
67896,371,17,"2025-01-01","2025-12-31",2025-04-20,110,2025-04-17,3,1,17574,40.863052,-73.881592,30,"NY",101,"Quercus","macrocarpa","bur oak","Plantae","Breaking leaf buds",2025-04-27,117,2025-05-01,4,7
67896,371,18,"2026-01-01","2026-12-31",2026-04-11,101,2026-03-29,13,1,17574,40.863052,-73.881592,30,"NY",101,"Quercus","macrocarpa","bur oak","Plantae","Breaking leaf buds",2026-05-16,136,2026-05-31,15,35
67896,501,16,"2024-01-01","2024-12-31",2024-05-11,132,2024-04-28,13,1,17574,40.863052,-73.881592,30,"NY",101,"Quercus","macrocarpa","bur oak","Plantae","Open flowers",2024-05-11,132,2024-05-16,5,0
67982,371,6,"2014-01-01","2014-12-31",2014-04-09,99,2014-04-03,6,1,16917,37.241226,-79.942352,425,"VA",100,"Quercus","alba","white oak","Plantae","Breaking leaf buds",2014-04-10,100,2014-04-14,4,1
67982,501,6,"2014-01-01","2014-12-31",2014-04-14,104,2014-04-10,4,1,16917,37.241226,-79.942352,425,"VA",100,"Quercus","alba","white oak","Plantae","Open flowers",2014-04-21,111,NA,NA,7
68456,371,6,"2014-01-01","2014-12-31",2014-05-07,127,2014-05-02,5,1,17680,44.924969,-92.789955,240,"MN",101,"Quercus","macrocarpa","bur oak","Plantae","Breaking leaf buds",2014-05-07,127,2014-10-27,173,0
68456,371,8,"2016-01-01","2016-12-31",2016-04-21,112,2016-04-18,3,1,17680,44.924969,-92.789955,240,"MN",101,"Quercus","macrocarpa","bur oak","Plantae","Breaking leaf buds",2016-05-09,130,2016-06-09,31,18
68456,371,10,"2018-01-01","2018-12-31",2018-05-03,123,2018-04-17,16,1,17680,44.924969,-92.789955,240,"MN",101,"Quercus","macrocarpa","bur oak","Plantae","Breaking leaf buds",2018-05-03,123,2018-05-18,15,0
68456,501,10,"2018-01-01","2018-12-31",2018-05-18,138,2018-05-03,15,1,17680,44.924969,-92.789955,240,"MN",101,"Quercus","macrocarpa","bur oak","Plantae","Open flowers",2018-05-18,138,2018-09-07,112,0
68891,371,6,"2014-01-01","2014-12-31",2014-04-14,104,2014-04-03,11,1,16639,37.238335,-79.94516,425,"VA",1212,"Quercus","montana","chestnut oak","Plantae","Breaking leaf buds",2014-04-14,104,2014-04-27,13,0
68891,501,6,"2014-01-01","2014-12-31",2014-04-14,104,2014-04-10,4,1,16639,37.238335,-79.94516,425,"VA",1212,"Quercus","montana","chestnut oak","Plantae","Open flowers",2014-04-21,111,2014-04-24,3,7
68894,371,6,"2014-01-01","2014-12-31",2014-04-10,100,2014-04-03,7,1,16639,37.238335,-79.94516,425,"VA",100,"Quercus","alba","white oak","Plantae","Breaking leaf buds",2014-04-18,108,2014-04-24,6,8
68894,501,6,"2014-01-01","2014-12-31",2014-04-18,108,2014-04-14,4,1,16639,37.238335,-79.94516,425,"VA",100,"Quercus","alba","white oak","Plantae","Open flowers",2014-04-27,117,NA,NA,9
68931,371,6,"2014-01-01","2014-12-31",2014-04-14,104,2014-04-09,5,1,16635,37.286224,-79.996513,311,"VA",100,"Quercus","alba","white oak","Plantae","Breaking leaf buds",2014-04-18,108,NA,NA,4
69158,371,6,"2014-01-01","2014-12-31",2014-05-26,146,2014-05-17,9,1,6579,43.078892,-85.627914,224,"MI",100,"Quercus","alba","white oak","Plantae","Breaking leaf buds",2014-06-01,152,2014-07-07,36,6
69158,371,7,"2015-01-01","2015-12-31",2015-05-16,136,2015-05-08,8,1,6579,43.078892,-85.627914,224,"MI",100,"Quercus","alba","white oak","Plantae","Breaking leaf buds",2015-05-25,145,2015-06-06,12,9
69158,371,8,"2016-01-01","2016-12-31",2016-05-22,143,2016-05-13,9,1,6579,43.078892,-85.627914,224,"MI",100,"Quercus","alba","white oak","Plantae","Breaking leaf buds",2016-05-31,152,2016-06-06,6,9
69158,371,9,"2017-01-01","2017-12-31",2017-05-14,134,2017-04-27,17,1,6579,43.078892,-85.627914,224,"MI",100,"Quercus","alba","white oak","Plantae","Breaking leaf buds",2017-05-30,150,2017-08-04,66,16
69158,371,11,"2019-01-01","2019-12-31",2019-05-12,132,2019-05-04,8,1,6579,43.078892,-85.627914,224,"MI",100,"Quercus","alba","white oak","Plantae","Breaking leaf buds",2019-06-02,153,2019-09-25,115,21
69158,501,6,"2014-01-01","2014-12-31",2014-06-01,152,2014-05-26,6,1,6579,43.078892,-85.627914,224,"MI",100,"Quercus","alba","white oak","Plantae","Open flowers",2014-06-01,152,2014-07-07,36,0
69158,501,7,"2015-01-01","2015-12-31",2015-05-16,136,2015-05-08,8,1,6579,43.078892,-85.627914,224,"MI",100,"Quercus","alba","white oak","Plantae","Open flowers",2015-05-16,136,2015-05-25,9,0
69158,501,8,"2016-01-01","2016-12-31",2016-05-13,134,2016-05-05,8,1,6579,43.078892,-85.627914,224,"MI",100,"Quercus","alba","white oak","Plantae","Open flowers",2016-05-25,146,2016-05-31,6,12
69158,501,9,"2017-01-01","2017-12-31",2017-05-14,134,2017-04-27,17,1,6579,43.078892,-85.627914,224,"MI",100,"Quercus","alba","white oak","Plantae","Open flowers",2017-05-30,150,2017-08-04,66,16
69158,501,10,"2018-01-01","2018-12-31",2018-05-03,123,2018-04-25,8,1,6579,43.078892,-85.627914,224,"MI",100,"Quercus","alba","white oak","Plantae","Open flowers",2018-05-03,123,2018-05-29,26,0
69418,371,6,"2014-01-01","2014-12-31",2014-05-01,121,2014-04-24,7,1,16257,41.211025,-73.826889,129,"NY",100,"Quercus","alba","white oak","Plantae","Breaking leaf buds",2014-05-12,132,2014-05-14,2,11
69418,371,7,"2015-01-01","2015-12-31",2015-04-27,117,2015-04-16,11,1,16257,41.211025,-73.826889,129,"NY",100,"Quercus","alba","white oak","Plantae","Breaking leaf buds",2015-05-06,126,2015-05-13,7,9
69418,371,8,"2016-01-01","2016-12-31",2016-04-25,116,2016-04-18,7,1,16257,41.211025,-73.826889,129,"NY",100,"Quercus","alba","white oak","Plantae","Breaking leaf buds",2016-05-05,126,2016-05-26,21,10
69418,371,10,"2018-01-01","2018-12-31",2018-05-04,124,2018-04-26,8,1,16257,41.211025,-73.826889,129,"NY",100,"Quercus","alba","white oak","Plantae","Breaking leaf buds",2018-05-04,124,2018-05-25,21,0
69418,371,11,"2019-01-01","2019-12-31",2019-04-03,93,2019-03-22,12,1,16257,41.211025,-73.826889,129,"NY",100,"Quercus","alba","white oak","Plantae","Breaking leaf buds",2019-04-30,120,2019-05-09,9,27
69418,371,12,"2020-01-01","2020-12-31",2020-04-09,100,2020-04-02,7,2,16257,41.211025,-73.826889,129,"NY",100,"Quercus","alba","white oak","Plantae","Breaking leaf buds",2020-05-14,135,2020-05-21,7,35
69418,371,13,"2021-01-01","2021-12-31",2021-04-14,104,2021-04-08,6,1,16257,41.211025,-73.826889,129,"NY",100,"Quercus","alba","white oak","Plantae","Breaking leaf buds",2021-05-06,126,2021-05-13,7,22
69418,371,14,"2022-01-01","2022-12-31",2022-04-28,118,2022-04-20,8,2,16257,41.211025,-73.826889,129,"NY",100,"Quercus","alba","white oak","Plantae","Breaking leaf buds",2022-05-26,146,2022-06-02,7,28
69418,371,15,"2023-01-01","2023-12-31",2023-04-15,105,2023-04-08,7,1,16257,41.211025,-73.826889,129,"NY",100,"Quercus","alba","white oak","Plantae","Breaking leaf buds",2023-05-17,137,2023-06-03,17,32
69418,371,16,"2024-01-01","2024-12-31",2024-04-07,98,2024-03-09,29,1,16257,41.211025,-73.826889,129,"NY",100,"Quercus","alba","white oak","Plantae","Breaking leaf buds",2024-04-28,119,2024-05-04,6,21
69418,371,18,"2026-01-01","2026-12-31",2026-04-17,107,2026-04-15,2,1,16257,41.211025,-73.826889,129,"NY",100,"Quercus","alba","white oak","Plantae","Breaking leaf buds",2026-04-17,107,2026-04-24,7,0
69418,501,6,"2014-01-01","2014-12-31",2014-05-09,129,2014-05-06,3,1,16257,41.211025,-73.826889,129,"NY",100,"Quercus","alba","white oak","Plantae","Open flowers",2014-05-14,134,2014-05-20,6,5
69418,501,11,"2019-01-01","2019-12-31",2019-05-09,129,2019-04-30,9,1,16257,41.211025,-73.826889,129,"NY",100,"Quercus","alba","white oak","Plantae","Open flowers",2019-05-21,141,2019-06-14,24,12
69418,501,13,"2021-01-01","2021-12-31",2021-04-22,112,2021-04-14,8,1,16257,41.211025,-73.826889,129,"NY",100,"Quercus","alba","white oak","Plantae","Open flowers",2021-06-09,160,2021-07-01,22,48
69418,501,15,"2023-01-01","2023-12-31",2023-04-22,112,2023-04-15,7,1,16257,41.211025,-73.826889,129,"NY",100,"Quercus","alba","white oak","Plantae","Open flowers",2023-05-06,126,2023-05-17,11,14
69418,501,16,"2024-01-01","2024-12-31",2024-05-11,132,2024-05-04,7,1,16257,41.211025,-73.826889,129,"NY",100,"Quercus","alba","white oak","Plantae","Open flowers",2024-05-11,132,2024-05-25,14,0
69421,371,6,"2014-01-01","2014-12-31",2014-05-01,121,2014-04-28,3,1,16257,41.211025,-73.826889,129,"NY",100,"Quercus","alba","white oak","Plantae","Breaking leaf buds",2014-05-12,132,2014-05-14,2,11
69421,371,7,"2015-01-01","2015-12-31",2015-04-29,119,2015-04-16,13,1,16257,41.211025,-73.826889,129,"NY",100,"Quercus","alba","white oak","Plantae","Breaking leaf buds",2015-05-13,133,2015-05-21,8,14
69421,371,8,"2016-01-01","2016-12-31",2016-04-25,116,2016-04-18,7,1,16257,41.211025,-73.826889,129,"NY",100,"Quercus","alba","white oak","Plantae","Breaking leaf buds",2016-05-05,126,2016-05-26,21,10
69421,371,10,"2018-01-01","2018-12-31",2018-05-04,124,2018-04-26,8,1,16257,41.211025,-73.826889,129,"NY",100,"Quercus","alba","white oak","Plantae","Breaking leaf buds",2018-05-04,124,2018-05-25,21,0
69421,371,11,"2019-01-01","2019-12-31",2019-04-25,115,2019-03-27,29,1,16257,41.211025,-73.826889,129,"NY",100,"Quercus","alba","white oak","Plantae","Breaking leaf buds",2019-04-30,120,2019-05-09,9,5
69421,371,12,"2020-01-01","2020-12-31",2020-04-30,121,2020-04-09,21,1,16257,41.211025,-73.826889,129,"NY",100,"Quercus","alba","white oak","Plantae","Breaking leaf buds",2020-05-14,135,2020-05-21,7,14
69421,371,13,"2021-01-01","2021-12-31",2021-04-22,112,2021-04-14,8,1,16257,41.211025,-73.826889,129,"NY",100,"Quercus","alba","white oak","Plantae","Breaking leaf buds",2021-05-06,126,2021-05-13,7,14
69421,371,14,"2022-01-01","2022-12-31",2022-04-28,118,2022-04-20,8,2,16257,41.211025,-73.826889,129,"NY",100,"Quercus","alba","white oak","Plantae","Breaking leaf buds",2022-05-26,146,2022-06-02,7,28
69421,371,15,"2023-01-01","2023-12-31",2023-04-15,105,2023-04-08,7,1,16257,41.211025,-73.826889,129,"NY",100,"Quercus","alba","white oak","Plantae","Breaking leaf buds",2023-05-17,137,2023-06-03,17,32
69421,371,16,"2024-01-01","2024-12-31",2024-04-14,105,2024-03-16,29,1,16257,41.211025,-73.826889,129,"NY",100,"Quercus","alba","white oak","Plantae","Breaking leaf buds",2024-05-04,125,2024-05-11,7,20
69421,371,18,"2026-01-01","2026-12-31",2026-04-17,107,2026-04-15,2,1,16257,41.211025,-73.826889,129,"NY",100,"Quercus","alba","white oak","Plantae","Breaking leaf buds",2026-04-17,107,2026-04-24,7,0
69421,501,6,"2014-01-01","2014-12-31",2014-05-12,132,2014-05-06,6,1,16257,41.211025,-73.826889,129,"NY",100,"Quercus","alba","white oak","Plantae","Open flowers",2014-05-14,134,2014-05-20,6,2
69421,501,13,"2021-01-01","2021-12-31",2021-04-22,112,2021-04-14,8,1,16257,41.211025,-73.826889,129,"NY",100,"Quercus","alba","white oak","Plantae","Open flowers",2021-06-09,160,2021-07-01,22,48
69421,501,14,"2022-01-01","2022-12-31",2022-05-19,139,2022-05-12,7,1,16257,41.211025,-73.826889,129,"NY",100,"Quercus","alba","white oak","Plantae","Open flowers",2022-05-19,139,2022-05-26,7,0
69421,501,15,"2023-01-01","2023-12-31",2023-04-22,112,2023-04-15,7,1,16257,41.211025,-73.826889,129,"NY",100,"Quercus","alba","white oak","Plantae","Open flowers",2023-05-06,126,2023-05-12,6,14
69421,501,16,"2024-01-01","2024-12-31",2024-05-11,132,2024-05-04,7,1,16257,41.211025,-73.826889,129,"NY",100,"Quercus","alba","white oak","Plantae","Open flowers",2024-05-11,132,2024-05-19,8,0
69421,501,18,"2026-01-01","2026-12-31",2026-05-05,125,2026-05-02,3,1,16257,41.211025,-73.826889,129,"NY",100,"Quercus","alba","white oak","Plantae","Open flowers",2026-05-05,125,2026-05-08,3,0
69431,371,6,"2014-01-01","2014-12-31",2014-05-01,121,2014-04-28,3,1,16257,41.211025,-73.826889,129,"NY",100,"Quercus","alba","white oak","Plantae","Breaking leaf buds",2014-05-14,134,2014-05-20,6,13
69431,371,7,"2015-01-01","2015-12-31",2015-04-29,119,2015-04-27,2,1,16257,41.211025,-73.826889,129,"NY",100,"Quercus","alba","white oak","Plantae","Breaking leaf buds",2015-05-08,128,2015-05-13,5,9
69431,371,8,"2016-01-01","2016-12-31",2016-04-25,116,2016-04-18,7,1,16257,41.211025,-73.826889,129,"NY",100,"Quercus","alba","white oak","Plantae","Breaking leaf buds",2016-05-05,126,2016-05-26,21,10
69431,371,9,"2017-01-01","2017-12-31",2017-04-18,108,2017-04-11,7,1,16257,41.211025,-73.826889,129,"NY",100,"Quercus","alba","white oak","Plantae","Breaking leaf buds",2017-04-18,108,2017-05-24,36,0
69431,371,10,"2018-01-01","2018-12-31",2018-05-04,124,2018-04-26,8,1,16257,41.211025,-73.826889,129,"NY",100,"Quercus","alba","white oak","Plantae","Breaking leaf buds",2018-05-04,124,2018-05-09,5,0
69431,371,11,"2019-01-01","2019-12-31",2019-04-25,115,2019-03-27,29,1,16257,41.211025,-73.826889,129,"NY",100,"Quercus","alba","white oak","Plantae","Breaking leaf buds",2019-05-09,129,2019-05-15,6,14
69431,371,12,"2020-01-01","2020-12-31",2020-04-09,100,2020-03-19,21,1,16257,41.211025,-73.826889,129,"NY",100,"Quercus","alba","white oak","Plantae","Breaking leaf buds",2020-05-14,135,2020-05-21,7,35
69431,371,13,"2021-01-01","2021-12-31",2021-04-22,112,2021-03-24,29,1,16257,41.211025,-73.826889,129,"NY",100,"Quercus","alba","white oak","Plantae","Breaking leaf buds",2021-05-06,126,2021-05-13,7,14
69431,371,14,"2022-01-01","2022-12-31",2022-05-05,125,2022-04-28,7,2,16257,41.211025,-73.826889,129,"NY",100,"Quercus","alba","white oak","Plantae","Breaking leaf buds",2022-05-19,139,2022-05-26,7,14
69431,371,15,"2023-01-01","2023-12-31",2023-04-15,105,2023-03-31,15,1,16257,41.211025,-73.826889,129,"NY",100,"Quercus","alba","white oak","Plantae","Breaking leaf buds",2023-05-17,137,2023-06-03,17,32
69431,371,16,"2024-01-01","2024-12-31",2024-04-14,105,2024-03-23,22,1,16257,41.211025,-73.826889,129,"NY",100,"Quercus","alba","white oak","Plantae","Breaking leaf buds",2024-05-04,125,2024-05-11,7,20
69431,501,6,"2014-01-01","2014-12-31",2014-05-09,129,2014-05-06,3,1,16257,41.211025,-73.826889,129,"NY",100,"Quercus","alba","white oak","Plantae","Open flowers",2014-05-14,134,2014-05-20,6,5
69431,501,13,"2021-01-01","2021-12-31",2021-04-22,112,2021-04-14,8,1,16257,41.211025,-73.826889,129,"NY",100,"Quercus","alba","white oak","Plantae","Open flowers",2021-06-09,160,2021-06-23,14,48
69431,501,14,"2022-01-01","2022-12-31",2022-05-19,139,2022-05-12,7,1,16257,41.211025,-73.826889,129,"NY",100,"Quercus","alba","white oak","Plantae","Open flowers",2022-05-19,139,2022-05-26,7,0
69431,501,15,"2023-01-01","2023-12-31",2023-04-28,118,2023-04-15,13,1,16257,41.211025,-73.826889,129,"NY",100,"Quercus","alba","white oak","Plantae","Open flowers",2023-04-28,118,2023-05-12,14,0
70000,501,6,"2014-01-01","2014-12-31",2014-04-10,100,2014-04-03,7,1,16639,37.238335,-79.94516,425,"VA",100,"Quercus","alba","white oak","Plantae","Open flowers",2014-04-27,117,NA,NA,17
72972,371,7,"2015-01-01","2015-12-31",2015-05-06,126,2015-04-15,21,1,18483,42.14682,-73.378174,206,"MA",100,"Quercus","alba","white oak","Plantae","Breaking leaf buds",2015-05-06,126,2015-05-22,16,0
72972,371,8,"2016-01-01","2016-12-31",2016-05-10,131,2016-05-05,5,1,18483,42.14682,-73.378174,206,"MA",100,"Quercus","alba","white oak","Plantae","Breaking leaf buds",2016-05-14,135,2016-05-17,3,4
72972,371,9,"2017-01-01","2017-12-31",2017-05-05,125,2017-05-01,4,1,18483,42.14682,-73.378174,206,"MA",100,"Quercus","alba","white oak","Plantae","Breaking leaf buds",2017-05-11,131,2017-05-22,11,6
72972,371,10,"2018-01-01","2018-12-31",2018-05-12,132,2018-05-05,7,1,18483,42.14682,-73.378174,206,"MA",100,"Quercus","alba","white oak","Plantae","Breaking leaf buds",2018-05-12,132,2018-05-17,5,0
72973,371,7,"2015-01-01","2015-12-31",2015-05-06,126,2015-04-15,21,1,18483,42.14682,-73.378174,206,"MA",100,"Quercus","alba","white oak","Plantae","Breaking leaf buds",2015-05-06,126,2015-05-22,16,0
72973,371,8,"2016-01-01","2016-12-31",2016-05-05,126,2016-05-01,4,1,18483,42.14682,-73.378174,206,"MA",100,"Quercus","alba","white oak","Plantae","Breaking leaf buds",2016-05-14,135,2016-05-17,3,9
72973,371,9,"2017-01-01","2017-12-31",2017-05-11,131,2017-05-05,6,1,18483,42.14682,-73.378174,206,"MA",100,"Quercus","alba","white oak","Plantae","Breaking leaf buds",2017-05-11,131,2017-05-14,3,0
72973,371,10,"2018-01-01","2018-12-31",2018-05-12,132,2018-05-05,7,1,18483,42.14682,-73.378174,206,"MA",100,"Quercus","alba","white oak","Plantae","Breaking leaf buds",2018-05-12,132,2018-05-17,5,0
73246,371,8,"2016-01-01","2016-12-31",2016-04-20,111,2016-04-14,6,1,18524,40.860325,-73.878471,26,"NY",100,"Quercus","alba","white oak","Plantae","Breaking leaf buds",2016-04-27,118,2016-05-11,14,7
73246,501,8,"2016-01-01","2016-12-31",2016-04-14,105,2016-04-02,12,1,18524,40.860325,-73.878471,26,"NY",100,"Quercus","alba","white oak","Plantae","Open flowers",2016-04-14,105,2016-04-20,6,0
73265,371,8,"2016-01-01","2016-12-31",2016-04-20,111,2016-04-14,6,6,18525,40.86039,-73.878471,26,"NY",100,"Quercus","alba","white oak","Plantae","Breaking leaf buds",2016-06-30,182,2016-07-06,6,71
73265,371,9,"2017-01-01","2017-12-31",2017-04-19,109,2017-04-16,3,4,18525,40.86039,-73.878471,26,"NY",100,"Quercus","alba","white oak","Plantae","Breaking leaf buds",2017-08-16,228,2017-08-17,1,119
73265,371,10,"2018-01-01","2018-12-31",2018-04-26,116,2018-04-25,1,10,18525,40.86039,-73.878471,26,"NY",100,"Quercus","alba","white oak","Plantae","Breaking leaf buds",2018-10-03,276,2018-10-11,8,160
73265,371,11,"2019-01-01","2019-12-31",2019-04-04,94,2019-04-02,2,3,18525,40.86039,-73.878471,26,"NY",100,"Quercus","alba","white oak","Plantae","Breaking leaf buds",2019-05-09,129,2019-05-15,6,35
73265,371,13,"2021-01-01","2021-12-31",2021-07-30,211,2021-07-23,7,1,18525,40.86039,-73.878471,26,"NY",100,"Quercus","alba","white oak","Plantae","Breaking leaf buds",2021-07-30,211,2021-07-31,1,0
73265,371,14,"2022-01-01","2022-12-31",2022-04-15,105,2022-04-08,7,2,18525,40.86039,-73.878471,26,"NY",100,"Quercus","alba","white oak","Plantae","Breaking leaf buds",2022-05-13,133,2022-05-18,5,28
73265,371,15,"2023-01-01","2023-12-31",2023-04-14,104,2023-04-07,7,1,18525,40.86039,-73.878471,26,"NY",100,"Quercus","alba","white oak","Plantae","Breaking leaf buds",2023-04-14,104,2023-04-21,7,0
73265,371,16,"2024-01-01","2024-12-31",2024-04-10,101,2024-04-05,5,1,18525,40.86039,-73.878471,26,"NY",100,"Quercus","alba","white oak","Plantae","Breaking leaf buds",2024-04-12,103,2024-04-17,5,2
73265,371,17,"2025-01-01","2025-12-31",2025-04-04,94,2025-03-28,7,4,18525,40.86039,-73.878471,26,"NY",100,"Quercus","alba","white oak","Plantae","Breaking leaf buds",2025-05-23,143,2025-05-30,7,49
73265,371,18,"2026-01-01","2026-12-31",2026-04-17,107,2026-04-10,7,1,18525,40.86039,-73.878471,26,"NY",100,"Quercus","alba","white oak","Plantae","Breaking leaf buds",2026-04-17,107,2026-04-23,6,0
73265,501,8,"2016-01-01","2016-12-31",2016-04-14,105,2016-04-13,1,1,18525,40.86039,-73.878471,26,"NY",100,"Quercus","alba","white oak","Plantae","Open flowers",2016-04-20,111,2016-04-22,2,6
73265,501,9,"2017-01-01","2017-12-31",2017-05-03,123,2017-04-27,6,1,18525,40.86039,-73.878471,26,"NY",100,"Quercus","alba","white oak","Plantae","Open flowers",2017-05-03,123,2017-05-11,8,0
73265,501,10,"2018-01-01","2018-12-31",2018-05-10,130,2018-05-09,1,1,18525,40.86039,-73.878471,26,"NY",100,"Quercus","alba","white oak","Plantae","Open flowers",2018-05-10,130,2018-05-15,5,0
73265,501,11,"2019-01-01","2019-12-31",2019-05-02,122,2019-04-30,2,2,18525,40.86039,-73.878471,26,"NY",100,"Quercus","alba","white oak","Plantae","Open flowers",2019-05-17,137,2019-05-18,1,15
73265,501,14,"2022-01-01","2022-12-31",2022-05-13,133,2022-05-11,2,2,18525,40.86039,-73.878471,26,"NY",100,"Quercus","alba","white oak","Plantae","Open flowers",2022-05-20,140,2022-05-24,4,7
73265,501,15,"2023-01-01","2023-12-31",2023-04-21,111,2023-04-14,7,1,18525,40.86039,-73.878471,26,"NY",100,"Quercus","alba","white oak","Plantae","Open flowers",2023-05-19,139,2023-05-26,7,28
73265,501,16,"2024-01-01","2024-12-31",2024-05-03,124,2024-04-27,6,1,18525,40.86039,-73.878471,26,"NY",100,"Quercus","alba","white oak","Plantae","Open flowers",2024-05-03,124,2024-05-08,5,0
73265,501,17,"2025-01-01","2025-12-31",2025-05-01,121,2025-04-27,4,1,18525,40.86039,-73.878471,26,"NY",100,"Quercus","alba","white oak","Plantae","Open flowers",2025-05-02,122,2025-05-08,6,1
73265,501,18,"2026-01-01","2026-12-31",2026-05-08,128,2026-04-28,10,3,18525,40.86039,-73.878471,26,"NY",100,"Quercus","alba","white oak","Plantae","Open flowers",2026-05-29,149,2026-06-04,6,21
73362,371,8,"2016-01-01","2016-12-31",2016-04-15,106,2016-03-25,21,1,18534,40.865566,-73.874001,23,"NY",101,"Quercus","macrocarpa","bur oak","Plantae","Breaking leaf buds",2016-05-06,127,2018-04-24,718,21
73362,501,10,"2018-01-01","2018-12-31",2018-05-11,131,2018-05-02,9,1,18534,40.865566,-73.874001,23,"NY",101,"Quercus","macrocarpa","bur oak","Plantae","Open flowers",2018-05-17,137,2018-05-23,6,6
73372,371,8,"2016-01-01","2016-12-31",2016-04-02,93,2016-03-25,8,1,18535,40.861065,-73.879005,27,"NY",100,"Quercus","alba","white oak","Plantae","Breaking leaf buds",2016-04-02,93,2016-04-10,8,0
73372,371,10,"2018-01-01","2018-12-31",2018-04-26,116,2018-04-24,2,1,18535,40.861065,-73.879005,27,"NY",100,"Quercus","alba","white oak","Plantae","Breaking leaf buds",2018-05-10,130,2018-05-15,5,14
73372,371,11,"2019-01-01","2019-12-31",2019-04-02,92,2019-03-26,7,9,18535,40.861065,-73.879005,27,"NY",100,"Quercus","alba","white oak","Plantae","Breaking leaf buds",2019-07-03,184,2019-07-11,8,92
73372,371,14,"2022-01-01","2022-12-31",2022-04-15,105,2022-04-08,7,1,18535,40.861065,-73.879005,27,"NY",100,"Quercus","alba","white oak","Plantae","Breaking leaf buds",2022-05-13,133,2022-05-18,5,28
73372,371,15,"2023-01-01","2023-12-31",2023-04-14,104,2023-04-07,7,1,18535,40.861065,-73.879005,27,"NY",100,"Quercus","alba","white oak","Plantae","Breaking leaf buds",2023-04-14,104,2023-04-21,7,0
73372,371,16,"2024-01-01","2024-12-31",2024-03-29,89,2024-03-24,5,2,18535,40.861065,-73.879005,27,"NY",100,"Quercus","alba","white oak","Plantae","Breaking leaf buds",2024-04-05,96,2024-04-12,7,7
73372,371,17,"2025-01-01","2025-12-31",2025-04-18,108,2025-04-04,14,2,18535,40.861065,-73.879005,27,"NY",100,"Quercus","alba","white oak","Plantae","Breaking leaf buds",2025-05-02,122,2025-05-23,21,14
73372,371,18,"2026-01-01","2026-12-31",2026-04-17,107,2026-03-27,21,1,18535,40.861065,-73.879005,27,"NY",100,"Quercus","alba","white oak","Plantae","Breaking leaf buds",2026-04-24,114,2026-05-08,14,7
73372,501,8,"2016-01-01","2016-12-31",2016-04-24,115,2016-04-10,14,1,18535,40.861065,-73.879005,27,"NY",100,"Quercus","alba","white oak","Plantae","Open flowers",2016-04-30,121,2018-02-15,656,6
73372,501,10,"2018-01-01","2018-12-31",2018-05-10,130,2018-05-03,7,1,18535,40.861065,-73.879005,27,"NY",100,"Quercus","alba","white oak","Plantae","Open flowers",2018-05-15,135,2018-05-16,1,5
73372,501,11,"2019-01-01","2019-12-31",2019-04-23,113,2019-04-17,6,3,18535,40.861065,-73.879005,27,"NY",100,"Quercus","alba","white oak","Plantae","Open flowers",2019-06-27,178,2019-07-03,6,65
73372,501,14,"2022-01-01","2022-12-31",2022-04-29,119,2022-04-28,1,4,18535,40.861065,-73.879005,27,"NY",100,"Quercus","alba","white oak","Plantae","Open flowers",2022-06-03,154,2022-06-09,6,35
73372,501,15,"2023-01-01","2023-12-31",2023-04-21,111,2023-04-14,7,1,18535,40.861065,-73.879005,27,"NY",100,"Quercus","alba","white oak","Plantae","Open flowers",2023-05-12,132,2023-05-19,7,21
73372,501,16,"2024-01-01","2024-12-31",2024-05-03,124,2024-04-27,6,2,18535,40.861065,-73.879005,27,"NY",100,"Quercus","alba","white oak","Plantae","Open flowers",2024-06-08,160,2024-06-14,6,36
73372,501,17,"2025-01-01","2025-12-31",2025-04-29,119,2025-04-25,4,1,18535,40.861065,-73.879005,27,"NY",100,"Quercus","alba","white oak","Plantae","Open flowers",2025-04-29,119,2025-05-02,3,0
73372,501,18,"2026-01-01","2026-12-31",2026-04-24,114,2026-04-17,7,2,18535,40.861065,-73.879005,27,"NY",100,"Quercus","alba","white oak","Plantae","Open flowers",2026-06-05,156,2026-06-12,7,42
73385,371,7,"2015-01-01","2015-12-31",2015-04-16,106,2015-04-10,6,2,18536,40.866119,-73.879341,29,"NY",100,"Quercus","alba","white oak","Plantae","Breaking leaf buds",2015-04-29,119,2015-05-06,7,13
73385,371,8,"2016-01-01","2016-12-31",2016-04-01,92,2016-03-25,7,2,18536,40.866119,-73.879341,29,"NY",100,"Quercus","alba","white oak","Plantae","Breaking leaf buds",2016-05-06,127,2016-05-20,14,35
73385,371,9,"2017-01-01","2017-12-31",2017-04-05,95,2017-03-30,6,1,18536,40.866119,-73.879341,29,"NY",100,"Quercus","alba","white oak","Plantae","Breaking leaf buds",2017-04-28,118,2017-05-04,6,23
73385,371,10,"2018-01-01","2018-12-31",2018-04-18,108,2018-04-14,4,2,18536,40.866119,-73.879341,29,"NY",100,"Quercus","alba","white oak","Plantae","Breaking leaf buds",2018-05-02,122,2018-05-08,6,14
73385,371,11,"2019-01-01","2019-12-31",2019-03-27,86,2019-03-19,8,2,18536,40.866119,-73.879341,29,"NY",100,"Quercus","alba","white oak","Plantae","Breaking leaf buds",2019-04-23,113,2019-05-01,8,27
73385,371,14,"2022-01-01","2022-12-31",2022-04-24,114,2022-04-17,7,3,18536,40.866119,-73.879341,29,"NY",100,"Quercus","alba","white oak","Plantae","Breaking leaf buds",2022-06-30,181,2022-07-17,17,67
73385,371,15,"2023-01-01","2023-12-31",2023-03-30,89,2023-03-23,7,3,18536,40.866119,-73.879341,29,"NY",100,"Quercus","alba","white oak","Plantae","Breaking leaf buds",2023-04-23,113,2023-04-26,3,24
73385,371,16,"2024-01-01","2024-12-31",2024-04-22,113,2024-04-19,3,1,18536,40.866119,-73.879341,29,"NY",100,"Quercus","alba","white oak","Plantae","Breaking leaf buds",2024-04-28,119,2024-05-07,9,6
73385,371,17,"2025-01-01","2025-12-31",2025-04-04,94,2025-03-29,6,3,18536,40.866119,-73.879341,29,"NY",100,"Quercus","alba","white oak","Plantae","Breaking leaf buds",2025-06-01,152,2025-06-04,3,58
73385,371,18,"2026-01-01","2026-12-31",2026-03-20,79,2026-03-11,9,4,18536,40.866119,-73.879341,29,"NY",100,"Quercus","alba","white oak","Plantae","Breaking leaf buds",2026-05-13,133,2026-05-16,3,54
73385,501,7,"2015-01-01","2015-12-31",2015-04-29,119,2015-04-23,6,2,18536,40.866119,-73.879341,29,"NY",100,"Quercus","alba","white oak","Plantae","Open flowers",2015-05-13,133,2015-05-21,8,14
73385,501,8,"2016-01-01","2016-12-31",2016-04-29,120,2016-04-22,7,1,18536,40.866119,-73.879341,29,"NY",100,"Quercus","alba","white oak","Plantae","Open flowers",2016-05-13,134,2016-05-20,7,14
73385,501,9,"2017-01-01","2017-12-31",2017-04-28,118,2017-04-19,9,2,18536,40.866119,-73.879341,29,"NY",100,"Quercus","alba","white oak","Plantae","Open flowers",2017-05-09,129,2017-05-23,14,11
73385,501,10,"2018-01-01","2018-12-31",2018-05-11,131,2018-05-08,3,1,18536,40.866119,-73.879341,29,"NY",100,"Quercus","alba","white oak","Plantae","Open flowers",2018-05-17,137,2018-05-23,6,6
73385,501,11,"2019-01-01","2019-12-31",2019-05-06,126,2019-05-01,5,1,18536,40.866119,-73.879341,29,"NY",100,"Quercus","alba","white oak","Plantae","Open flowers",2019-05-16,136,2019-05-20,4,10
73385,501,16,"2024-01-01","2024-12-31",2024-05-11,132,2024-05-07,4,1,18536,40.866119,-73.879341,29,"NY",100,"Quercus","alba","white oak","Plantae","Open flowers",2024-05-16,137,2024-05-19,3,5
73385,501,18,"2026-01-01","2026-12-31",2026-04-28,118,2026-04-23,5,1,18536,40.866119,-73.879341,29,"NY",100,"Quercus","alba","white oak","Plantae","Open flowers",2026-05-03,123,2026-05-07,4,5
74466,371,8,"2016-01-01","2016-12-31",2016-04-20,111,2016-04-01,19,1,11430,44.986961,-93.185822,282,"MN",101,"Quercus","macrocarpa","bur oak","Plantae","Breaking leaf buds",2016-04-20,111,2016-10-06,169,0
74466,371,9,"2017-01-01","2017-12-31",2017-04-26,116,2017-04-10,16,1,11430,44.986961,-93.185822,282,"MN",101,"Quercus","macrocarpa","bur oak","Plantae","Breaking leaf buds",2017-04-26,116,2017-10-10,167,0
74466,371,11,"2019-01-01","2019-12-31",2019-04-23,113,2019-04-18,5,1,11430,44.986961,-93.185822,282,"MN",101,"Quercus","macrocarpa","bur oak","Plantae","Breaking leaf buds",2019-05-09,129,2019-06-06,28,16
74466,501,8,"2016-01-01","2016-12-31",2016-04-20,111,2016-04-01,19,1,11430,44.986961,-93.185822,282,"MN",101,"Quercus","macrocarpa","bur oak","Plantae","Open flowers",2016-04-20,111,2016-10-06,169,0
74466,501,9,"2017-01-01","2017-12-31",2017-04-26,116,2017-04-10,16,1,11430,44.986961,-93.185822,282,"MN",101,"Quercus","macrocarpa","bur oak","Plantae","Open flowers",2017-04-26,116,2017-10-10,167,0
74466,501,11,"2019-01-01","2019-12-31",2019-04-29,119,2019-04-23,6,1,11430,44.986961,-93.185822,282,"MN",101,"Quercus","macrocarpa","bur oak","Plantae","Open flowers",2019-05-09,129,2019-06-06,28,10
74474,371,6,"2014-01-01","2014-12-31",2014-12-01,335,2014-11-19,12,1,18740,30.335663,-91.974129,6,"LA",305,"Quercus","virginiana","live oak","Plantae","Breaking leaf buds",2014-12-01,335,NA,NA,0
74519,371,6,"2014-01-01","2014-12-31",2014-09-25,268,2014-09-22,3,1,18762,37.228218,-80.423065,639,"VA",101,"Quercus","macrocarpa","bur oak","Plantae","Breaking leaf buds",2014-10-02,275,NA,NA,7
74519,501,6,"2014-01-01","2014-12-31",2014-10-02,275,2014-09-25,7,1,18762,37.228218,-80.423065,639,"VA",101,"Quercus","macrocarpa","bur oak","Plantae","Open flowers",2014-10-02,275,NA,NA,0
74521,371,6,"2014-01-01","2014-12-31",2014-09-25,268,2014-09-22,3,1,18762,37.228218,-80.423065,639,"VA",100,"Quercus","alba","white oak","Plantae","Breaking leaf buds",2014-09-25,268,2014-10-02,7,0
74717,371,6,"2014-01-01","2014-12-31",2014-09-26,269,2014-09-22,4,1,18829,37.214645,-80.447639,617,"VA",305,"Quercus","virginiana","live oak","Plantae","Breaking leaf buds",2014-11-16,320,2014-11-19,3,51
74741,371,7,"2015-01-01","2015-12-31",2015-05-08,128,2015-05-01,7,1,18834,44.013351,-96.325378,524,"MN",101,"Quercus","macrocarpa","bur oak","Plantae","Breaking leaf buds",2015-05-08,128,2015-05-15,7,0
74741,371,8,"2016-01-01","2016-12-31",2016-05-20,141,2016-05-13,7,1,18834,44.013351,-96.325378,524,"MN",101,"Quercus","macrocarpa","bur oak","Plantae","Breaking leaf buds",2016-05-20,141,2016-05-27,7,0
74741,371,10,"2018-01-01","2018-12-31",2018-05-14,134,2018-05-04,10,1,18834,44.013351,-96.325378,524,"MN",101,"Quercus","macrocarpa","bur oak","Plantae","Breaking leaf buds",2018-05-21,141,2018-05-25,4,7
74741,501,6,"2014-01-01","2014-12-31",2014-07-02,183,2014-06-27,5,1,18834,44.013351,-96.325378,524,"MN",101,"Quercus","macrocarpa","bur oak","Plantae","Open flowers",2014-07-18,199,2014-07-25,7,16
74741,501,7,"2015-01-01","2015-12-31",2015-04-22,112,2015-04-13,9,1,18834,44.013351,-96.325378,524,"MN",101,"Quercus","macrocarpa","bur oak","Plantae","Open flowers",2015-05-15,135,2015-06-12,28,23
74741,501,8,"2016-01-01","2016-12-31",2016-05-20,141,2016-05-13,7,1,18834,44.013351,-96.325378,524,"MN",101,"Quercus","macrocarpa","bur oak","Plantae","Open flowers",2016-05-20,141,2016-05-27,7,0
74741,501,9,"2017-01-01","2017-12-31",2017-05-19,139,2017-05-12,7,1,18834,44.013351,-96.325378,524,"MN",101,"Quercus","macrocarpa","bur oak","Plantae","Open flowers",2017-05-19,139,2017-05-26,7,0
74778,371,14,"2022-01-01","2022-12-31",2022-03-22,81,2022-03-17,5,1,18939,42.365437,-71.258598,36,"MA",100,"Quercus","alba","white oak","Plantae","Breaking leaf buds",2022-03-22,81,NA,NA,0
75837,371,3,"2011-01-01","2011-12-31",2011-04-14,104,2011-04-07,7,1,9340,35.642353,-83.687431,513,"TN",1212,"Quercus","montana","chestnut oak","Plantae","Breaking leaf buds",2011-04-14,104,2011-11-07,207,0
75837,371,4,"2012-01-01","2012-12-31",2012-03-31,91,2012-03-21,10,1,9340,35.642353,-83.687431,513,"TN",1212,"Quercus","montana","chestnut oak","Plantae","Breaking leaf buds",2012-03-31,91,2012-10-25,208,0
75837,371,5,"2013-01-01","2013-12-31",2013-04-13,103,2013-04-06,7,1,9340,35.642353,-83.687431,513,"TN",1212,"Quercus","montana","chestnut oak","Plantae","Breaking leaf buds",2013-04-13,103,2013-04-20,7,0
75837,371,6,"2014-01-01","2014-12-31",2014-04-12,102,2014-04-05,7,1,9340,35.642353,-83.687431,513,"TN",1212,"Quercus","montana","chestnut oak","Plantae","Breaking leaf buds",2014-04-26,116,2014-05-03,7,14
75837,371,7,"2015-01-01","2015-12-31",2015-04-11,101,2015-04-04,7,1,9340,35.642353,-83.687431,513,"TN",1212,"Quercus","montana","chestnut oak","Plantae","Breaking leaf buds",2015-04-17,107,2015-04-24,7,6
75837,371,8,"2016-01-01","2016-12-31",2016-04-15,106,2016-04-08,7,1,9340,35.642353,-83.687431,513,"TN",1212,"Quercus","montana","chestnut oak","Plantae","Breaking leaf buds",2016-04-15,106,2016-04-23,8,0
75837,371,9,"2017-01-01","2017-12-31",2017-04-15,105,2017-04-08,7,1,9340,35.642353,-83.687431,513,"TN",1212,"Quercus","montana","chestnut oak","Plantae","Breaking leaf buds",2017-04-15,105,2017-04-21,6,0
75837,371,10,"2018-01-01","2018-12-31",2018-04-20,110,2018-04-13,7,1,9340,35.642353,-83.687431,513,"TN",1212,"Quercus","montana","chestnut oak","Plantae","Breaking leaf buds",2018-04-27,117,2018-05-04,7,7
75837,371,11,"2019-01-01","2019-12-31",2019-03-02,61,2019-02-24,6,2,9340,35.642353,-83.687431,513,"TN",1212,"Quercus","montana","chestnut oak","Plantae","Breaking leaf buds",2019-04-14,104,2019-05-05,21,43
75837,371,13,"2021-01-01","2021-12-31",2021-04-17,107,2021-04-12,5,1,9340,35.642353,-83.687431,513,"TN",1212,"Quercus","montana","chestnut oak","Plantae","Breaking leaf buds",2021-04-25,115,2021-05-01,6,8
75837,371,14,"2022-01-01","2022-12-31",2022-04-16,106,2022-04-09,7,1,9340,35.642353,-83.687431,513,"TN",1212,"Quercus","montana","chestnut oak","Plantae","Breaking leaf buds",2022-04-23,113,2022-04-30,7,7
75837,371,16,"2024-01-01","2024-12-31",2024-02-29,60,2024-02-18,11,1,9340,35.642353,-83.687431,513,"TN",1212,"Quercus","montana","chestnut oak","Plantae","Breaking leaf buds",2024-04-14,105,2024-10-22,191,45
75837,371,18,"2026-01-01","2026-12-31",2026-04-11,101,2026-04-04,7,1,9340,35.642353,-83.687431,513,"TN",1212,"Quercus","montana","chestnut oak","Plantae","Breaking leaf buds",2026-04-11,101,2026-04-19,8,0
75837,501,3,"2011-01-01","2011-12-31",2011-04-14,104,2011-04-07,7,1,9340,35.642353,-83.687431,513,"TN",1212,"Quercus","montana","chestnut oak","Plantae","Open flowers",2011-04-14,104,2011-05-05,21,0
75837,501,7,"2015-01-01","2015-12-31",2015-04-24,114,2015-04-11,13,1,9340,35.642353,-83.687431,513,"TN",1212,"Quercus","montana","chestnut oak","Plantae","Open flowers",2015-04-24,114,2015-05-02,8,0
75837,501,8,"2016-01-01","2016-12-31",2016-04-23,114,2016-04-15,8,1,9340,35.642353,-83.687431,513,"TN",1212,"Quercus","montana","chestnut oak","Plantae","Open flowers",2016-04-23,114,2016-04-30,7,0
75838,371,5,"2013-01-01","2013-12-31",2013-04-13,103,2013-04-06,7,1,9340,35.642353,-83.687431,513,"TN",1212,"Quercus","montana","chestnut oak","Plantae","Breaking leaf buds",2013-04-13,103,2013-04-20,7,0
75838,371,6,"2014-01-01","2014-12-31",2014-03-30,89,2014-03-22,8,1,9340,35.642353,-83.687431,513,"TN",1212,"Quercus","montana","chestnut oak","Plantae","Breaking leaf buds",2014-04-12,102,2014-04-19,7,13
75838,371,7,"2015-01-01","2015-12-31",2015-04-11,101,2015-04-04,7,1,9340,35.642353,-83.687431,513,"TN",1212,"Quercus","montana","chestnut oak","Plantae","Breaking leaf buds",2015-04-11,101,2015-04-17,6,0
75838,371,8,"2016-01-01","2016-12-31",2016-04-01,92,2016-03-26,6,1,9340,35.642353,-83.687431,513,"TN",1212,"Quercus","montana","chestnut oak","Plantae","Breaking leaf buds",2016-04-15,106,2016-04-23,8,14
75838,371,9,"2017-01-01","2017-12-31",2017-04-08,98,2017-04-01,7,1,9340,35.642353,-83.687431,513,"TN",1212,"Quercus","montana","chestnut oak","Plantae","Breaking leaf buds",2017-04-08,98,2017-04-15,7,0
75838,371,10,"2018-01-01","2018-12-31",2018-04-13,103,2018-04-06,7,1,9340,35.642353,-83.687431,513,"TN",1212,"Quercus","montana","chestnut oak","Plantae","Breaking leaf buds",2018-04-13,103,2018-04-20,7,0
75838,371,11,"2019-01-01","2019-12-31",2019-03-09,68,2019-03-02,7,2,9340,35.642353,-83.687431,513,"TN",1212,"Quercus","montana","chestnut oak","Plantae","Breaking leaf buds",2019-04-14,104,2019-05-05,21,36
75838,371,13,"2021-01-01","2021-12-31",2021-04-12,102,2021-04-03,9,1,9340,35.642353,-83.687431,513,"TN",1212,"Quercus","montana","chestnut oak","Plantae","Breaking leaf buds",2021-04-17,107,2021-04-25,8,5
75838,371,14,"2022-01-01","2022-12-31",2022-04-02,92,2022-03-25,8,1,9340,35.642353,-83.687431,513,"TN",1212,"Quercus","montana","chestnut oak","Plantae","Breaking leaf buds",2022-04-23,113,2022-04-30,7,21
75838,371,16,"2024-01-01","2024-12-31",2024-03-24,84,2024-02-29,24,1,9340,35.642353,-83.687431,513,"TN",1212,"Quercus","montana","chestnut oak","Plantae","Breaking leaf buds",2024-04-14,105,2024-10-22,191,21
75838,371,18,"2026-01-01","2026-12-31",2026-04-04,94,2026-03-29,6,1,9340,35.642353,-83.687431,513,"TN",1212,"Quercus","montana","chestnut oak","Plantae","Breaking leaf buds",2026-04-11,101,2026-04-19,8,7
75838,501,3,"2011-01-01","2011-12-31",2011-04-14,104,2011-04-07,7,1,9340,35.642353,-83.687431,513,"TN",1212,"Quercus","montana","chestnut oak","Plantae","Open flowers",2011-04-14,104,2011-05-05,21,0
77049,371,13,"2021-01-01","2021-12-31",2021-03-27,86,2021-03-23,4,1,19214,35.534603,-82.976784,844,"NC",1212,"Quercus","montana","chestnut oak","Plantae","Breaking leaf buds",2021-04-12,102,NA,NA,16
77524,371,7,"2015-01-01","2015-12-31",2015-03-26,85,2015-03-13,13,1,16302,36.137142,-81.109833,354,"NC",100,"Quercus","alba","white oak","Plantae","Breaking leaf buds",2015-03-31,90,NA,NA,5
78029,371,6,"2014-01-01","2014-12-31",2014-04-08,98,2014-04-02,6,1,12002,35.633415,-83.941086,635,"TN",1212,"Quercus","montana","chestnut oak","Plantae","Breaking leaf buds",2014-04-16,106,2014-05-13,27,8
78029,371,7,"2015-01-01","2015-12-31",2015-04-14,104,2015-04-03,11,1,12002,35.633415,-83.941086,635,"TN",1212,"Quercus","montana","chestnut oak","Plantae","Breaking leaf buds",2015-05-05,125,2015-05-06,1,21
78029,371,8,"2016-01-01","2016-12-31",2016-03-20,80,2016-03-19,1,5,12002,35.633415,-83.941086,635,"TN",1212,"Quercus","montana","chestnut oak","Plantae","Breaking leaf buds",2016-11-11,316,2016-11-22,11,236
78029,371,9,"2017-01-01","2017-12-31",2017-03-13,72,2017-03-12,1,4,12002,35.633415,-83.941086,635,"TN",1212,"Quercus","montana","chestnut oak","Plantae","Breaking leaf buds",2017-04-28,118,2017-05-07,9,46
78029,371,10,"2018-01-01","2018-12-31",2018-03-17,76,2018-03-11,6,4,12002,35.633415,-83.941086,635,"TN",1212,"Quercus","montana","chestnut oak","Plantae","Breaking leaf buds",2018-05-05,125,2018-05-12,7,49
78029,371,13,"2021-01-01","2021-12-31",2021-04-03,93,2021-03-20,14,3,12002,35.633415,-83.941086,635,"TN",1212,"Quercus","montana","chestnut oak","Plantae","Breaking leaf buds",2021-04-28,118,2021-05-12,14,25
78029,371,15,"2023-01-01","2023-12-31",2023-04-09,99,2023-03-30,10,1,12002,35.633415,-83.941086,635,"TN",1212,"Quercus","montana","chestnut oak","Plantae","Breaking leaf buds",2023-04-20,110,2023-05-10,20,11
78029,371,16,"2024-01-01","2024-12-31",2024-04-24,115,2024-04-04,20,2,12002,35.633415,-83.941086,635,"TN",1212,"Quercus","montana","chestnut oak","Plantae","Breaking leaf buds",2024-05-19,140,2024-09-18,122,25
78029,371,17,"2025-01-01","2025-12-31",2025-04-09,99,2025-03-26,14,1,12002,35.633415,-83.941086,635,"TN",1212,"Quercus","montana","chestnut oak","Plantae","Breaking leaf buds",2025-04-21,111,2025-05-04,13,12
78029,371,18,"2026-01-01","2026-12-31",2026-03-29,88,2026-03-08,21,1,12002,35.633415,-83.941086,635,"TN",1212,"Quercus","montana","chestnut oak","Plantae","Breaking leaf buds",2026-04-15,105,NA,NA,17
78029,501,6,"2014-01-01","2014-12-31",2014-04-02,92,2014-03-15,18,1,12002,35.633415,-83.941086,635,"TN",1212,"Quercus","montana","chestnut oak","Plantae","Open flowers",2014-04-02,92,2014-04-13,11,0
78029,501,7,"2015-01-01","2015-12-31",2015-04-14,104,2015-04-03,11,2,12002,35.633415,-83.941086,635,"TN",1212,"Quercus","montana","chestnut oak","Plantae","Open flowers",2015-04-21,111,2015-04-24,3,7
78030,371,6,"2014-01-01","2014-12-31",2014-04-08,98,2014-04-02,6,1,12002,35.633415,-83.941086,635,"TN",1212,"Quercus","montana","chestnut oak","Plantae","Breaking leaf buds",2014-04-16,106,2014-05-13,27,8
78030,371,7,"2015-01-01","2015-12-31",2015-04-14,104,2015-04-03,11,3,12002,35.633415,-83.941086,635,"TN",1212,"Quercus","montana","chestnut oak","Plantae","Breaking leaf buds",2015-05-12,132,2015-05-19,7,28
78030,371,8,"2016-01-01","2016-12-31",2016-03-20,80,2016-03-19,1,4,12002,35.633415,-83.941086,635,"TN",1212,"Quercus","montana","chestnut oak","Plantae","Breaking leaf buds",2016-11-11,316,2016-11-22,11,236
78030,371,9,"2017-01-01","2017-12-31",2017-03-13,72,2017-03-12,1,2,12002,35.633415,-83.941086,635,"TN",1212,"Quercus","montana","chestnut oak","Plantae","Breaking leaf buds",2017-04-28,118,2017-05-07,9,46
78030,371,10,"2018-01-01","2018-12-31",2018-03-17,76,2018-03-11,6,3,12002,35.633415,-83.941086,635,"TN",1212,"Quercus","montana","chestnut oak","Plantae","Breaking leaf buds",2018-04-09,99,2018-04-14,5,23
78030,371,11,"2019-01-01","2019-12-31",2019-04-06,96,2019-04-03,3,1,12002,35.633415,-83.941086,635,"TN",1212,"Quercus","montana","chestnut oak","Plantae","Breaking leaf buds",2019-04-13,103,2019-04-27,14,7
78030,371,13,"2021-01-01","2021-12-31",2021-04-03,93,2021-03-20,14,2,12002,35.633415,-83.941086,635,"TN",1212,"Quercus","montana","chestnut oak","Plantae","Breaking leaf buds",2021-04-28,118,2021-05-12,14,25
78030,371,15,"2023-01-01","2023-12-31",2023-04-09,99,2023-03-30,10,2,12002,35.633415,-83.941086,635,"TN",1212,"Quercus","montana","chestnut oak","Plantae","Breaking leaf buds",2023-04-20,110,2023-05-10,20,11
78030,371,16,"2024-01-01","2024-12-31",2024-04-04,95,2024-03-28,7,2,12002,35.633415,-83.941086,635,"TN",1212,"Quercus","montana","chestnut oak","Plantae","Breaking leaf buds",2024-05-19,140,2024-09-18,122,45
78030,371,17,"2025-01-01","2025-12-31",2025-03-22,81,2025-03-09,13,2,12002,35.633415,-83.941086,635,"TN",1212,"Quercus","montana","chestnut oak","Plantae","Breaking leaf buds",2025-04-21,111,2025-05-04,13,30
78030,371,18,"2026-01-01","2026-12-31",2026-03-29,88,2026-03-08,21,1,12002,35.633415,-83.941086,635,"TN",1212,"Quercus","montana","chestnut oak","Plantae","Breaking leaf buds",2026-04-15,105,NA,NA,17
78030,501,7,"2015-01-01","2015-12-31",2015-04-21,111,2015-04-16,5,1,12002,35.633415,-83.941086,635,"TN",1212,"Quercus","montana","chestnut oak","Plantae","Open flowers",2015-04-21,111,2015-04-24,3,0
78260,371,6,"2014-01-01","2014-12-31",2014-04-08,98,2014-04-01,7,1,16645,37.189873,-80.088455,578,"VA",100,"Quercus","alba","white oak","Plantae","Breaking leaf buds",2014-04-22,112,2014-04-28,6,14
78260,501,6,"2014-01-01","2014-12-31",2014-04-22,112,2014-04-18,4,1,16645,37.189873,-80.088455,578,"VA",100,"Quercus","alba","white oak","Plantae","Open flowers",2014-05-02,122,2014-05-22,20,10
78262,371,6,"2014-01-01","2014-12-31",2014-04-08,98,2014-04-01,7,1,16645,37.189873,-80.088455,578,"VA",100,"Quercus","alba","white oak","Plantae","Breaking leaf buds",2014-04-28,118,2014-05-02,4,20
78262,501,6,"2014-01-01","2014-12-31",2014-04-28,118,2014-04-22,6,1,16645,37.189873,-80.088455,578,"VA",100,"Quercus","alba","white oak","Plantae","Open flowers",2014-05-02,122,2014-05-22,20,4
78440,371,6,"2014-01-01","2014-12-31",2014-10-09,282,2014-10-05,4,1,19505,37.230183,-80.419189,645,"VA",100,"Quercus","alba","white oak","Plantae","Breaking leaf buds",2014-10-12,285,2014-10-15,3,3
78527,371,8,"2016-01-01","2016-12-31",2016-03-07,67,2016-03-04,3,5,18867,38.216927,-85.762497,140,"KY",100,"Quercus","alba","white oak","Plantae","Breaking leaf buds",2016-11-15,320,2016-11-16,1,253
78527,371,9,"2017-01-01","2017-12-31",2017-04-03,93,2017-03-30,4,3,18867,38.216927,-85.762497,140,"KY",100,"Quercus","alba","white oak","Plantae","Breaking leaf buds",2017-11-14,318,2018-02-13,91,225
78527,371,10,"2018-01-01","2018-12-31",2018-02-14,45,2018-02-13,1,1,18867,38.216927,-85.762497,140,"KY",100,"Quercus","alba","white oak","Plantae","Breaking leaf buds",2018-02-14,45,2018-02-15,1,0
78527,501,7,"2015-01-01","2015-12-31",2015-04-16,106,2015-04-15,1,1,18867,38.216927,-85.762497,140,"KY",100,"Quercus","alba","white oak","Plantae","Open flowers",2015-04-16,106,2015-10-26,193,0
78532,371,8,"2016-01-01","2016-12-31",2016-02-16,47,2016-02-15,1,3,18867,38.216927,-85.762497,140,"KY",1212,"Quercus","montana","chestnut oak","Plantae","Breaking leaf buds",2016-10-04,278,2016-10-06,2,231
78532,371,9,"2017-01-01","2017-12-31",2017-03-31,90,2017-03-29,2,2,18867,38.216927,-85.762497,140,"KY",1212,"Quercus","montana","chestnut oak","Plantae","Breaking leaf buds",2017-09-29,272,2017-10-13,14,182
78532,501,7,"2015-01-01","2015-12-31",2015-04-15,105,2015-04-14,1,1,18867,38.216927,-85.762497,140,"KY",1212,"Quercus","montana","chestnut oak","Plantae","Open flowers",2015-04-15,105,2015-04-16,1,0
78532,501,9,"2017-01-01","2017-12-31",2017-03-31,90,2017-03-29,2,1,18867,38.216927,-85.762497,140,"KY",1212,"Quercus","montana","chestnut oak","Plantae","Open flowers",2017-03-31,90,2017-04-05,5,0
79196,501,7,"2015-01-01","2015-12-31",2015-03-19,78,2015-03-03,16,1,19649,30.292294,-95.320061,52,"TX",100,"Quercus","alba","white oak","Plantae","Open flowers",2015-03-19,78,NA,NA,0
81207,371,7,"2015-01-01","2015-12-31",2015-04-15,105,2015-04-11,4,1,19775,37.220814,-80.416328,630,"VA",100,"Quercus","alba","white oak","Plantae","Breaking leaf buds",2015-04-19,109,NA,NA,4
85212,501,8,"2016-01-01","2016-12-31",2016-04-06,97,2016-04-04,2,1,17405,35.273144,-82.453087,675,"NC",100,"Quercus","alba","white oak","Plantae","Open flowers",2016-04-06,97,2016-04-14,8,0
85635,371,7,"2015-01-01","2015-12-31",2015-05-04,124,2015-04-27,7,1,8460,43.09248,-73.591904,66,"NY",100,"Quercus","alba","white oak","Plantae","Breaking leaf buds",2015-05-04,124,2015-05-14,10,0
85635,371,8,"2016-01-01","2016-12-31",2016-04-20,111,2016-04-14,6,1,8460,43.09248,-73.591904,66,"NY",100,"Quercus","alba","white oak","Plantae","Breaking leaf buds",2016-05-03,124,2016-05-16,13,13
85635,371,9,"2017-01-01","2017-12-31",2017-05-02,122,2017-04-25,7,2,8460,43.09248,-73.591904,66,"NY",100,"Quercus","alba","white oak","Plantae","Breaking leaf buds",2017-05-17,137,2017-05-23,6,15
85635,371,10,"2018-01-01","2018-12-31",2018-05-08,128,2018-04-30,8,1,8460,43.09248,-73.591904,66,"NY",100,"Quercus","alba","white oak","Plantae","Breaking leaf buds",2018-05-21,141,2018-06-07,17,13
85635,371,11,"2019-01-01","2019-12-31",2019-05-07,127,2019-04-29,8,1,8460,43.09248,-73.591904,66,"NY",100,"Quercus","alba","white oak","Plantae","Breaking leaf buds",2019-05-09,129,2019-05-13,4,2
85635,371,13,"2021-01-01","2021-12-31",2021-04-14,104,2021-04-07,7,1,8460,43.09248,-73.591904,66,"NY",100,"Quercus","alba","white oak","Plantae","Breaking leaf buds",2021-05-12,132,2021-05-20,8,28
85635,371,14,"2022-01-01","2022-12-31",2022-05-05,125,2022-04-27,8,1,8460,43.09248,-73.591904,66,"NY",100,"Quercus","alba","white oak","Plantae","Breaking leaf buds",2022-05-05,125,2022-05-11,6,0
85635,371,15,"2023-01-01","2023-12-31",2023-04-26,116,2023-04-17,9,1,8460,43.09248,-73.591904,66,"NY",100,"Quercus","alba","white oak","Plantae","Breaking leaf buds",2023-05-02,122,2023-05-08,6,6
85635,371,16,"2024-01-01","2024-12-31",2024-04-29,120,2024-04-22,7,1,8460,43.09248,-73.591904,66,"NY",100,"Quercus","alba","white oak","Plantae","Breaking leaf buds",2024-04-29,120,2024-05-08,9,0
85635,501,7,"2015-01-01","2015-12-31",2015-05-26,146,2015-05-14,12,1,8460,43.09248,-73.591904,66,"NY",100,"Quercus","alba","white oak","Plantae","Open flowers",2015-05-26,146,2015-06-02,7,0
85635,501,8,"2016-01-01","2016-12-31",2016-05-16,137,2016-05-03,13,1,8460,43.09248,-73.591904,66,"NY",100,"Quercus","alba","white oak","Plantae","Open flowers",2016-05-16,137,2016-06-06,21,0
85635,501,9,"2017-01-01","2017-12-31",2017-05-11,131,2017-05-08,3,1,8460,43.09248,-73.591904,66,"NY",100,"Quercus","alba","white oak","Plantae","Open flowers",2017-05-30,150,2017-06-05,6,19
85635,501,13,"2021-01-01","2021-12-31",2021-05-05,125,2021-04-26,9,2,8460,43.09248,-73.591904,66,"NY",100,"Quercus","alba","white oak","Plantae","Open flowers",2021-05-26,146,2021-06-03,8,21
85635,501,14,"2022-01-01","2022-12-31",2022-05-26,146,2022-05-17,9,1,8460,43.09248,-73.591904,66,"NY",100,"Quercus","alba","white oak","Plantae","Open flowers",2022-05-26,146,2022-06-08,13,0
85635,501,15,"2023-01-01","2023-12-31",2023-05-17,137,2023-05-08,9,1,8460,43.09248,-73.591904,66,"NY",100,"Quercus","alba","white oak","Plantae","Open flowers",2023-05-17,137,2023-06-01,15,0
85635,501,17,"2025-01-01","2025-12-31",2025-05-12,132,2025-04-29,13,1,8460,43.09248,-73.591904,66,"NY",100,"Quercus","alba","white oak","Plantae","Open flowers",2025-05-12,132,2025-05-28,16,0
86827,371,8,"2016-01-01","2016-12-31",2016-03-05,65,2016-03-04,1,3,18867,38.216927,-85.762497,140,"KY",100,"Quercus","alba","white oak","Plantae","Breaking leaf buds",2016-10-27,301,2016-11-02,6,236
86827,371,9,"2017-01-01","2017-12-31",2017-03-29,88,2017-03-28,1,4,18867,38.216927,-85.762497,140,"KY",100,"Quercus","alba","white oak","Plantae","Breaking leaf buds",2017-11-14,318,2017-11-15,1,230
86827,371,10,"2018-01-01","2018-12-31",2018-02-14,45,2018-02-13,1,2,18867,38.216927,-85.762497,140,"KY",100,"Quercus","alba","white oak","Plantae","Breaking leaf buds",2018-04-02,92,2018-04-03,1,47
86827,501,7,"2015-01-01","2015-12-31",2015-04-16,106,2015-04-14,2,1,18867,38.216927,-85.762497,140,"KY",100,"Quercus","alba","white oak","Plantae","Open flowers",2015-04-16,106,2015-07-06,81,0
86827,501,8,"2016-01-01","2016-12-31",2016-11-15,320,2016-11-14,1,1,18867,38.216927,-85.762497,140,"KY",100,"Quercus","alba","white oak","Plantae","Open flowers",2016-11-15,320,2016-11-16,1,0
86827,501,9,"2017-01-01","2017-12-31",2017-03-29,88,2017-03-28,1,1,18867,38.216927,-85.762497,140,"KY",100,"Quercus","alba","white oak","Plantae","Open flowers",2017-03-29,88,2017-03-30,1,0
87756,371,8,"2016-01-01","2016-12-31",2016-04-17,108,2016-04-16,1,4,20223,42.296417,-71.128052,48,"MA",100,"Quercus","alba","white oak","Plantae","Breaking leaf buds",2016-06-02,154,2016-06-07,5,46
87756,371,9,"2017-01-01","2017-12-31",2017-04-14,104,2017-04-12,2,5,20223,42.296417,-71.128052,48,"MA",100,"Quercus","alba","white oak","Plantae","Breaking leaf buds",2017-05-07,127,2017-05-11,4,23
87756,371,10,"2018-01-01","2018-12-31",2018-05-04,124,2018-05-02,2,1,20223,42.296417,-71.128052,48,"MA",100,"Quercus","alba","white oak","Plantae","Breaking leaf buds",2018-05-05,125,2018-05-09,4,1
87756,371,11,"2019-01-01","2019-12-31",2019-04-23,113,2019-04-19,4,5,20223,42.296417,-71.128052,48,"MA",100,"Quercus","alba","white oak","Plantae","Breaking leaf buds",2019-08-17,229,2019-08-21,4,116
87756,371,12,"2020-01-01","2020-12-31",2020-04-26,117,2020-04-25,1,2,20223,42.296417,-71.128052,48,"MA",100,"Quercus","alba","white oak","Plantae","Breaking leaf buds",2020-05-20,141,2020-05-21,1,24
87756,371,13,"2021-01-01","2021-12-31",2021-04-23,113,2021-04-18,5,1,20223,42.296417,-71.128052,48,"MA",100,"Quercus","alba","white oak","Plantae","Breaking leaf buds",2021-05-10,130,2021-05-17,7,17
87756,371,14,"2022-01-01","2022-12-31",2022-04-04,94,2022-04-01,3,4,20223,42.296417,-71.128052,48,"MA",100,"Quercus","alba","white oak","Plantae","Breaking leaf buds",2022-05-20,140,2022-05-23,3,46
87756,371,15,"2023-01-01","2023-12-31",2023-04-04,94,2023-03-27,8,2,20223,42.296417,-71.128052,48,"MA",100,"Quercus","alba","white oak","Plantae","Breaking leaf buds",2023-04-27,117,2023-05-09,12,23
87756,371,16,"2024-01-01","2024-12-31",2024-04-25,116,2024-04-21,4,1,20223,42.296417,-71.128052,48,"MA",100,"Quercus","alba","white oak","Plantae","Breaking leaf buds",2024-05-06,127,2024-05-09,3,11
87756,371,17,"2025-01-01","2025-12-31",2025-04-25,115,2025-04-20,5,2,20223,42.296417,-71.128052,48,"MA",100,"Quercus","alba","white oak","Plantae","Breaking leaf buds",2025-05-06,126,2025-05-12,6,11
87756,371,18,"2026-01-01","2026-12-31",2026-04-28,118,2026-04-21,7,1,20223,42.296417,-71.128052,48,"MA",100,"Quercus","alba","white oak","Plantae","Breaking leaf buds",2026-05-07,127,NA,NA,9
87756,501,8,"2016-01-01","2016-12-31",2016-04-24,115,2016-04-23,1,3,20223,42.296417,-71.128052,48,"MA",100,"Quercus","alba","white oak","Plantae","Open flowers",2016-05-22,143,2016-05-26,4,28
87756,501,9,"2017-01-01","2017-12-31",2017-06-01,152,2017-05-29,3,1,20223,42.296417,-71.128052,48,"MA",100,"Quercus","alba","white oak","Plantae","Open flowers",2017-06-01,152,2017-06-04,3,0
87756,501,10,"2018-01-01","2018-12-31",2018-05-16,136,2018-05-14,2,2,20223,42.296417,-71.128052,48,"MA",100,"Quercus","alba","white oak","Plantae","Open flowers",2018-06-21,172,2018-06-22,1,36
87756,501,14,"2022-01-01","2022-12-31",2022-05-23,143,2022-05-20,3,1,20223,42.296417,-71.128052,48,"MA",100,"Quercus","alba","white oak","Plantae","Open flowers",2022-05-23,143,2022-06-02,10,0
87758,371,8,"2016-01-01","2016-12-31",2016-04-24,115,2016-04-14,10,1,20343,42.300278,-71.124771,43,"MA",100,"Quercus","alba","white oak","Plantae","Breaking leaf buds",2016-05-09,130,2016-05-21,12,15
87758,371,9,"2017-01-01","2017-12-31",2017-04-23,113,2017-04-20,3,4,20343,42.300278,-71.124771,43,"MA",100,"Quercus","alba","white oak","Plantae","Breaking leaf buds",2017-05-20,140,2017-05-21,1,27
87758,371,10,"2018-01-01","2018-12-31",2018-05-02,122,2018-04-28,4,1,20343,42.300278,-71.124771,43,"MA",100,"Quercus","alba","white oak","Plantae","Breaking leaf buds",2018-05-03,123,2018-05-06,3,1
87758,371,11,"2019-01-01","2019-12-31",2019-04-10,100,2019-04-07,3,2,20343,42.300278,-71.124771,43,"MA",100,"Quercus","alba","white oak","Plantae","Breaking leaf buds",2019-05-11,131,2019-05-16,5,31
87758,501,8,"2016-01-01","2016-12-31",2016-05-21,142,2016-05-06,15,1,20343,42.300278,-71.124771,43,"MA",100,"Quercus","alba","white oak","Plantae","Open flowers",2016-05-27,148,2016-09-24,120,6
87758,501,9,"2017-01-01","2017-12-31",2017-05-07,127,2017-05-06,1,3,20343,42.300278,-71.124771,43,"MA",100,"Quercus","alba","white oak","Plantae","Open flowers",2017-05-28,148,2017-06-01,4,21
87758,501,10,"2018-01-01","2018-12-31",2018-05-16,136,2018-05-15,1,1,20343,42.300278,-71.124771,43,"MA",100,"Quercus","alba","white oak","Plantae","Open flowers",2018-05-19,139,2018-05-25,6,3
87758,501,11,"2019-01-01","2019-12-31",2019-05-08,128,2019-05-01,7,4,20343,42.300278,-71.124771,43,"MA",100,"Quercus","alba","white oak","Plantae","Open flowers",2019-06-27,178,2019-07-02,5,50
87759,371,8,"2016-01-01","2016-12-31",2016-05-06,127,2016-04-24,12,1,20343,42.300278,-71.124771,43,"MA",100,"Quercus","alba","white oak","Plantae","Breaking leaf buds",2016-05-09,130,2016-05-21,12,3
87759,371,9,"2017-01-01","2017-12-31",2017-04-20,110,2017-04-15,5,2,20343,42.300278,-71.124771,43,"MA",100,"Quercus","alba","white oak","Plantae","Breaking leaf buds",2017-05-09,129,2017-05-17,8,19
87759,371,10,"2018-01-01","2018-12-31",2018-05-02,122,2018-04-28,4,1,20343,42.300278,-71.124771,43,"MA",100,"Quercus","alba","white oak","Plantae","Breaking leaf buds",2018-05-03,123,2018-05-06,3,1
87759,371,11,"2019-01-01","2019-12-31",2019-04-10,100,2019-04-07,3,2,20343,42.300278,-71.124771,43,"MA",100,"Quercus","alba","white oak","Plantae","Breaking leaf buds",2019-05-11,131,2019-05-16,5,31
87759,501,8,"2016-01-01","2016-12-31",2016-05-21,142,2016-05-06,15,1,20343,42.300278,-71.124771,43,"MA",100,"Quercus","alba","white oak","Plantae","Open flowers",2016-05-21,142,2016-05-29,8,0
87759,501,9,"2017-01-01","2017-12-31",2017-05-12,132,2017-05-09,3,2,20343,42.300278,-71.124771,43,"MA",100,"Quercus","alba","white oak","Plantae","Open flowers",2017-05-28,148,2017-06-10,13,16
87759,501,10,"2018-01-01","2018-12-31",2018-05-16,136,2018-05-06,10,1,20343,42.300278,-71.124771,43,"MA",100,"Quercus","alba","white oak","Plantae","Open flowers",2018-05-19,139,2018-05-25,6,3
87759,501,11,"2019-01-01","2019-12-31",2019-05-08,128,2019-05-01,7,3,20343,42.300278,-71.124771,43,"MA",100,"Quercus","alba","white oak","Plantae","Open flowers",2019-06-07,158,2019-06-10,3,30
87761,371,8,"2016-01-01","2016-12-31",2016-04-24,115,2016-04-14,10,1,20343,42.300278,-71.124771,43,"MA",100,"Quercus","alba","white oak","Plantae","Breaking leaf buds",2016-05-09,130,2016-05-21,12,15
87761,371,9,"2017-01-01","2017-12-31",2017-04-27,117,2017-04-23,4,2,20343,42.300278,-71.124771,43,"MA",100,"Quercus","alba","white oak","Plantae","Breaking leaf buds",2017-05-26,146,2017-05-27,1,29
87761,371,10,"2018-01-01","2018-12-31",2018-05-02,122,2018-05-01,1,2,20343,42.300278,-71.124771,43,"MA",100,"Quercus","alba","white oak","Plantae","Breaking leaf buds",2018-05-15,135,2018-05-16,1,13
87761,371,11,"2019-01-01","2019-12-31",2019-04-10,100,2019-04-07,3,3,20343,42.300278,-71.124771,43,"MA",100,"Quercus","alba","white oak","Plantae","Breaking leaf buds",2019-05-18,138,2019-05-25,7,38
87761,371,13,"2021-01-01","2021-12-31",2021-04-26,116,2021-04-19,7,1,20343,42.300278,-71.124771,43,"MA",100,"Quercus","alba","white oak","Plantae","Breaking leaf buds",2021-04-26,116,2021-05-28,32,0
87761,371,14,"2022-01-01","2022-12-31",2022-05-06,126,2022-04-27,9,1,20343,42.300278,-71.124771,43,"MA",100,"Quercus","alba","white oak","Plantae","Breaking leaf buds",2022-05-16,136,2022-09-15,122,10
87761,371,16,"2024-01-01","2024-12-31",2024-04-30,121,2024-04-23,7,1,20343,42.300278,-71.124771,43,"MA",100,"Quercus","alba","white oak","Plantae","Breaking leaf buds",2024-05-13,134,2024-05-26,13,13
87761,371,17,"2025-01-01","2025-12-31",2025-04-25,115,2025-04-21,4,1,20343,42.300278,-71.124771,43,"MA",100,"Quercus","alba","white oak","Plantae","Breaking leaf buds",2025-05-07,127,2025-05-15,8,12
87761,371,18,"2026-01-01","2026-12-31",2026-05-01,121,2026-04-21,10,1,20343,42.300278,-71.124771,43,"MA",100,"Quercus","alba","white oak","Plantae","Breaking leaf buds",2026-05-11,131,2026-05-21,10,10
87761,501,10,"2018-01-01","2018-12-31",2018-05-16,136,2018-05-11,5,1,20343,42.300278,-71.124771,43,"MA",100,"Quercus","alba","white oak","Plantae","Open flowers",2018-05-17,137,2018-05-18,1,1
87761,501,11,"2019-01-01","2019-12-31",2019-05-31,151,2019-05-28,3,1,20343,42.300278,-71.124771,43,"MA",100,"Quercus","alba","white oak","Plantae","Open flowers",2019-05-31,151,2019-06-07,7,0
88311,371,8,"2016-01-01","2016-12-31",2016-04-24,115,2016-04-14,10,1,20343,42.300278,-71.124771,43,"MA",100,"Quercus","alba","white oak","Plantae","Breaking leaf buds",2016-05-09,130,2016-05-21,12,15
88311,371,9,"2017-01-01","2017-12-31",2017-04-20,110,2017-04-09,11,2,20343,42.300278,-71.124771,43,"MA",100,"Quercus","alba","white oak","Plantae","Breaking leaf buds",2017-05-11,131,2017-05-17,6,21
88311,371,10,"2018-01-01","2018-12-31",2018-05-02,122,2018-04-28,4,2,20343,42.300278,-71.124771,43,"MA",100,"Quercus","alba","white oak","Plantae","Breaking leaf buds",2018-05-11,131,2018-05-15,4,9
88311,371,11,"2019-01-01","2019-12-31",2019-04-10,100,2019-04-07,3,2,20343,42.300278,-71.124771,43,"MA",100,"Quercus","alba","white oak","Plantae","Breaking leaf buds",2019-05-16,136,2019-05-18,2,36
88311,371,13,"2021-01-01","2021-12-31",2021-04-28,118,2021-04-19,9,1,20343,42.300278,-71.124771,43,"MA",100,"Quercus","alba","white oak","Plantae","Breaking leaf buds",2021-05-11,131,2021-05-23,12,13
88311,371,16,"2024-01-01","2024-12-31",2024-05-07,128,2024-04-10,27,1,20343,42.300278,-71.124771,43,"MA",100,"Quercus","alba","white oak","Plantae","Breaking leaf buds",2024-05-13,134,2024-05-26,13,6
88311,501,8,"2016-01-01","2016-12-31",2016-05-21,142,2016-05-06,15,1,20343,42.300278,-71.124771,43,"MA",100,"Quercus","alba","white oak","Plantae","Open flowers",2016-05-21,142,2016-05-29,8,0
88311,501,9,"2017-01-01","2017-12-31",2017-05-07,127,2017-05-04,3,2,20343,42.300278,-71.124771,43,"MA",100,"Quercus","alba","white oak","Plantae","Open flowers",2017-05-28,148,2017-06-11,14,21
88311,501,10,"2018-01-01","2018-12-31",2018-05-11,131,2018-05-09,2,1,20343,42.300278,-71.124771,43,"MA",100,"Quercus","alba","white oak","Plantae","Open flowers",2018-05-19,139,2018-05-25,6,8
88311,501,11,"2019-01-01","2019-12-31",2019-05-31,151,2019-05-28,3,1,20343,42.300278,-71.124771,43,"MA",100,"Quercus","alba","white oak","Plantae","Open flowers",2019-05-31,151,2019-06-05,5,0
88311,501,13,"2021-01-01","2021-12-31",2021-05-11,131,2021-04-28,13,1,20343,42.300278,-71.124771,43,"MA",100,"Quercus","alba","white oak","Plantae","Open flowers",2021-05-11,131,2021-05-23,12,0
93093,371,7,"2015-01-01","2015-12-31",2015-07-03,184,2015-07-02,1,6,21349,42.118385,-71.915535,220,"MA",305,"Quercus","virginiana","live oak","Plantae","Breaking leaf buds",2015-07-29,210,2015-07-30,1,26
93093,501,7,"2015-01-01","2015-12-31",2015-07-04,185,2015-07-03,1,6,21349,42.118385,-71.915535,220,"MA",305,"Quercus","virginiana","live oak","Plantae","Open flowers",2015-07-29,210,2015-07-30,1,25
94352,371,7,"2015-01-01","2015-12-31",2015-09-10,253,2015-09-08,2,1,21525,41.597977,-93.627502,252,"IA",101,"Quercus","macrocarpa","bur oak","Plantae","Breaking leaf buds",2015-09-10,253,2015-09-15,5,0
94352,371,8,"2016-01-01","2016-12-31",2016-09-17,261,2016-09-15,2,2,21525,41.597977,-93.627502,252,"IA",101,"Quercus","macrocarpa","bur oak","Plantae","Breaking leaf buds",2016-10-12,286,2016-10-25,13,25
94352,501,7,"2015-01-01","2015-12-31",2015-10-10,283,2015-09-15,25,1,21525,41.597977,-93.627502,252,"IA",101,"Quercus","macrocarpa","bur oak","Plantae","Open flowers",2015-10-10,283,2015-10-14,4,0
96312,371,10,"2018-01-01","2018-12-31",2018-03-31,90,2018-03-19,12,2,9086,37.381329,-80.088806,476,"VA",100,"Quercus","alba","white oak","Plantae","Breaking leaf buds",2018-04-27,117,2018-05-04,7,27
96313,371,10,"2018-01-01","2018-12-31",2018-03-31,90,2018-03-19,12,2,9086,37.381329,-80.088806,476,"VA",100,"Quercus","alba","white oak","Plantae","Breaking leaf buds",2018-05-04,124,2018-09-13,132,34
96828,371,7,"2015-01-01","2015-12-31",2015-04-29,119,2015-04-23,6,1,22017,35.497227,-82.608856,671,"NC",100,"Quercus","alba","white oak","Plantae","Breaking leaf buds",2015-05-13,133,2015-05-20,7,14
96828,371,8,"2016-01-01","2016-12-31",2016-04-06,97,2016-03-30,7,2,22017,35.497227,-82.608856,671,"NC",100,"Quercus","alba","white oak","Plantae","Breaking leaf buds",2016-04-27,118,2016-05-04,7,21
96828,371,9,"2017-01-01","2017-12-31",2017-04-12,102,2017-04-05,7,1,22017,35.497227,-82.608856,671,"NC",100,"Quercus","alba","white oak","Plantae","Breaking leaf buds",2017-04-20,110,2017-04-26,6,8
96828,371,11,"2019-01-01","2019-12-31",2019-03-27,86,2019-03-20,7,2,22017,35.497227,-82.608856,671,"NC",100,"Quercus","alba","white oak","Plantae","Breaking leaf buds",2019-05-01,121,2019-05-05,4,35
96828,371,12,"2020-01-01","2020-12-31",2020-03-04,64,2020-02-22,11,4,22017,35.497227,-82.608856,671,"NC",100,"Quercus","alba","white oak","Plantae","Breaking leaf buds",2020-03-25,85,2020-03-30,5,21
96828,371,14,"2022-01-01","2022-12-31",2022-04-06,96,2022-03-25,12,1,22017,35.497227,-82.608856,671,"NC",100,"Quercus","alba","white oak","Plantae","Breaking leaf buds",2022-04-27,117,2022-05-04,7,21
96828,371,16,"2024-01-01","2024-12-31",2024-04-18,109,2024-04-10,8,1,22017,35.497227,-82.608856,671,"NC",100,"Quercus","alba","white oak","Plantae","Breaking leaf buds",2024-04-25,116,2024-05-02,7,7
96828,371,17,"2025-01-01","2025-12-31",2025-04-27,117,2025-04-17,10,1,22017,35.497227,-82.608856,671,"NC",100,"Quercus","alba","white oak","Plantae","Breaking leaf buds",2025-04-27,117,2025-05-01,4,0
96828,501,8,"2016-01-01","2016-12-31",2016-04-27,118,2016-04-20,7,1,22017,35.497227,-82.608856,671,"NC",100,"Quercus","alba","white oak","Plantae","Open flowers",2016-04-27,118,2016-05-04,7,0
96828,501,10,"2018-01-01","2018-12-31",2018-04-11,101,2018-04-04,7,4,22017,35.497227,-82.608856,671,"NC",100,"Quercus","alba","white oak","Plantae","Open flowers",2018-05-02,122,2018-05-09,7,21
96828,501,11,"2019-01-01","2019-12-31",2019-04-23,113,2019-04-22,1,1,22017,35.497227,-82.608856,671,"NC",100,"Quercus","alba","white oak","Plantae","Open flowers",2019-04-23,113,2019-04-24,1,0
96834,371,8,"2016-01-01","2016-12-31",2016-03-16,76,2016-03-10,6,1,22017,35.497227,-82.608856,671,"NC",100,"Quercus","alba","white oak","Plantae","Breaking leaf buds",2016-04-20,111,2016-04-27,7,35
96834,371,10,"2018-01-01","2018-12-31",2018-03-23,82,2018-03-15,8,1,22017,35.497227,-82.608856,671,"NC",100,"Quercus","alba","white oak","Plantae","Breaking leaf buds",2018-04-27,117,2018-04-30,3,35
96834,371,11,"2019-01-01","2019-12-31",2019-04-23,113,2019-04-22,1,2,22017,35.497227,-82.608856,671,"NC",100,"Quercus","alba","white oak","Plantae","Breaking leaf buds",2019-08-12,224,2019-08-13,1,111
96834,371,12,"2020-01-01","2020-12-31",2020-03-04,64,2020-02-22,11,3,22017,35.497227,-82.608856,671,"NC",100,"Quercus","alba","white oak","Plantae","Breaking leaf buds",2020-03-30,90,2020-06-11,73,26
96834,371,14,"2022-01-01","2022-12-31",2022-04-06,96,2022-03-25,12,1,22017,35.497227,-82.608856,671,"NC",100,"Quercus","alba","white oak","Plantae","Breaking leaf buds",2022-04-20,110,2022-04-27,7,14
96834,371,16,"2024-01-01","2024-12-31",2024-04-04,95,2024-03-28,7,1,22017,35.497227,-82.608856,671,"NC",100,"Quercus","alba","white oak","Plantae","Breaking leaf buds",2024-04-18,109,2024-04-25,7,14
96834,371,17,"2025-01-01","2025-12-31",2025-04-01,91,2025-03-20,12,2,22017,35.497227,-82.608856,671,"NC",100,"Quercus","alba","white oak","Plantae","Breaking leaf buds",2025-04-17,107,2025-04-27,10,16
96834,501,8,"2016-01-01","2016-12-31",2016-04-27,118,2016-04-20,7,1,22017,35.497227,-82.608856,671,"NC",100,"Quercus","alba","white oak","Plantae","Open flowers",2016-04-27,118,2016-05-04,7,0
96834,501,9,"2017-01-01","2017-12-31",2017-04-26,116,2017-04-20,6,1,22017,35.497227,-82.608856,671,"NC",100,"Quercus","alba","white oak","Plantae","Open flowers",2017-04-26,116,2017-05-04,8,0
96834,501,10,"2018-01-01","2018-12-31",2018-04-11,101,2018-04-04,7,1,22017,35.497227,-82.608856,671,"NC",100,"Quercus","alba","white oak","Plantae","Open flowers",2018-05-02,122,2018-05-09,7,21
96834,501,11,"2019-01-01","2019-12-31",2019-04-21,111,2019-04-17,4,1,22017,35.497227,-82.608856,671,"NC",100,"Quercus","alba","white oak","Plantae","Open flowers",2019-04-22,112,2019-04-23,1,1
96834,501,17,"2025-01-01","2025-12-31",2025-04-08,98,2025-04-01,7,1,22017,35.497227,-82.608856,671,"NC",100,"Quercus","alba","white oak","Plantae","Open flowers",2025-04-17,107,2025-04-27,10,9
98032,371,8,"2016-01-01","2016-12-31",2016-03-28,88,2016-03-16,12,1,22127,35.149792,-79.368179,115,"NC",100,"Quercus","alba","white oak","Plantae","Breaking leaf buds",2016-04-11,102,NA,NA,14
98032,501,8,"2016-01-01","2016-12-31",2016-04-01,92,2016-03-16,16,1,22127,35.149792,-79.368179,115,"NC",100,"Quercus","alba","white oak","Plantae","Open flowers",2016-04-11,102,NA,NA,10
98049,371,8,"2016-01-01","2016-12-31",2016-04-04,95,2016-03-28,7,1,22130,35.152592,-79.369591,115,"NC",100,"Quercus","alba","white oak","Plantae","Breaking leaf buds",2016-04-11,102,NA,NA,7
101001,371,8,"2016-01-01","2016-12-31",2016-04-07,98,2016-03-30,8,1,22547,30.805164,-88.442879,40,"MS",305,"Quercus","virginiana","live oak","Plantae","Breaking leaf buds",2016-04-14,105,2016-04-20,6,7
101001,501,8,"2016-01-01","2016-12-31",2016-04-14,105,2016-04-07,7,1,22547,30.805164,-88.442879,40,"MS",305,"Quercus","virginiana","live oak","Plantae","Open flowers",2016-04-20,111,2016-04-29,9,6
101002,371,8,"2016-01-01","2016-12-31",2016-03-23,83,2016-03-16,7,1,22547,30.805164,-88.442879,40,"MS",305,"Quercus","virginiana","live oak","Plantae","Breaking leaf buds",2016-03-23,83,2016-03-30,7,0
102154,371,8,"2016-01-01","2016-12-31",2016-04-09,100,2016-04-02,7,1,17348,44.046768,-92.460548,301,"MN",101,"Quercus","macrocarpa","bur oak","Plantae","Breaking leaf buds",2016-04-16,107,NA,NA,7
102170,371,8,"2016-01-01","2016-12-31",2016-05-07,128,2016-04-10,27,1,22043,44.423725,-93.344765,320,"MN",101,"Quercus","macrocarpa","bur oak","Plantae","Breaking leaf buds",2016-05-07,128,NA,NA,0
102183,371,8,"2016-01-01","2016-12-31",2016-05-13,134,2016-05-08,5,1,17103,47.033489,-94.447609,420,"MN",101,"Quercus","macrocarpa","bur oak","Plantae","Breaking leaf buds",2016-05-13,134,2016-05-27,14,0
103308,371,8,"2016-01-01","2016-12-31",2016-04-19,110,2016-04-08,11,1,22872,39.980976,-82.411469,293,"OH",1212,"Quercus","montana","chestnut oak","Plantae","Breaking leaf buds",2016-04-19,110,2016-05-16,27,0
103308,501,8,"2016-01-01","2016-12-31",2016-05-17,138,2016-05-16,1,1,22872,39.980976,-82.411469,293,"OH",1212,"Quercus","montana","chestnut oak","Plantae","Open flowers",2016-05-17,138,2016-09-22,128,0
103732,371,10,"2018-01-01","2018-12-31",2018-05-07,127,2018-04-21,16,1,22955,42.296288,-71.129082,32,"MA",100,"Quercus","alba","white oak","Plantae","Breaking leaf buds",2018-05-19,139,2018-05-24,5,12
103732,501,10,"2018-01-01","2018-12-31",2018-05-04,124,2018-04-21,13,1,22955,42.296288,-71.129082,32,"MA",100,"Quercus","alba","white oak","Plantae","Open flowers",2018-05-04,124,2018-05-07,3,0
104236,371,8,"2016-01-01","2016-12-31",2016-04-21,112,2016-04-18,3,1,23016,39.247299,-77.340401,157,"MD",1212,"Quercus","montana","chestnut oak","Plantae","Breaking leaf buds",2016-05-02,123,2017-02-11,285,11
104236,371,9,"2017-01-01","2017-12-31",2017-04-15,105,2017-04-12,3,1,23016,39.247299,-77.340401,157,"MD",1212,"Quercus","montana","chestnut oak","Plantae","Breaking leaf buds",2017-04-23,113,2019-02-22,670,8
104236,371,11,"2019-01-01","2019-12-31",2019-04-10,100,2019-04-09,1,1,23016,39.247299,-77.340401,157,"MD",1212,"Quercus","montana","chestnut oak","Plantae","Breaking leaf buds",2019-04-17,107,2020-02-22,311,7
104842,371,8,"2016-01-01","2016-12-31",2016-02-21,52,2016-02-18,3,6,23061,33.223484,-97.128609,197,"TX",305,"Quercus","virginiana","live oak","Plantae","Breaking leaf buds",2016-05-02,123,NA,NA,71
104842,501,8,"2016-01-01","2016-12-31",2016-03-12,72,2016-03-11,1,5,23061,33.223484,-97.128609,197,"TX",305,"Quercus","virginiana","live oak","Plantae","Open flowers",2016-04-28,119,2016-05-02,4,47
105023,371,8,"2016-01-01","2016-12-31",2016-04-03,94,2016-04-01,2,1,23077,39.08073,-77.008125,122,"MD",100,"Quercus","alba","white oak","Plantae","Breaking leaf buds",2016-04-10,101,NA,NA,7
105439,371,8,"2016-01-01","2016-12-31",2016-04-04,95,2016-03-07,28,1,23112,38.212112,-85.763649,141,"KY",1212,"Quercus","montana","chestnut oak","Plantae","Breaking leaf buds",2016-04-04,95,NA,NA,0
107169,371,8,"2016-01-01","2016-12-31",2016-04-05,96,2016-03-16,20,1,23303,35.643738,-82.302879,830,"NC",100,"Quercus","alba","white oak","Plantae","Breaking leaf buds",2016-04-10,101,NA,NA,5
107636,371,10,"2018-01-01","2018-12-31",2018-05-02,122,2018-04-24,8,1,22979,41.556442,-93.267807,267,"IA",101,"Quercus","macrocarpa","bur oak","Plantae","Breaking leaf buds",2018-05-10,130,2018-05-17,7,8
107636,371,11,"2019-01-01","2019-12-31",2019-04-25,115,2019-04-16,9,1,22979,41.556442,-93.267807,267,"IA",101,"Quercus","macrocarpa","bur oak","Plantae","Breaking leaf buds",2019-05-08,128,2019-05-16,8,13
107636,371,12,"2020-01-01","2020-12-31",2020-04-10,101,2020-04-07,3,2,22979,41.556442,-93.267807,267,"IA",101,"Quercus","macrocarpa","bur oak","Plantae","Breaking leaf buds",2020-04-27,118,2020-05-07,10,17
107636,371,13,"2021-01-01","2021-12-31",2021-04-26,116,2021-04-05,21,1,22979,41.556442,-93.267807,267,"IA",101,"Quercus","macrocarpa","bur oak","Plantae","Breaking leaf buds",2021-05-04,124,2021-05-12,8,8
107636,371,14,"2022-01-01","2022-12-31",2022-05-11,131,2022-05-04,7,1,22979,41.556442,-93.267807,267,"IA",101,"Quercus","macrocarpa","bur oak","Plantae","Breaking leaf buds",2022-05-16,136,2022-05-26,10,5
107636,371,15,"2023-01-01","2023-12-31",2023-04-19,109,2023-04-10,9,2,22979,41.556442,-93.267807,267,"IA",101,"Quercus","macrocarpa","bur oak","Plantae","Breaking leaf buds",2023-05-17,137,2023-05-24,7,28
107636,371,16,"2024-01-01","2024-12-31",2024-04-18,109,2024-04-12,6,2,22979,41.556442,-93.267807,267,"IA",101,"Quercus","macrocarpa","bur oak","Plantae","Breaking leaf buds",2024-05-15,136,2024-05-22,7,27
107636,371,17,"2025-01-01","2025-12-31",2025-04-28,118,2025-04-21,7,1,22979,41.556442,-93.267807,267,"IA",101,"Quercus","macrocarpa","bur oak","Plantae","Breaking leaf buds",2025-04-28,118,2025-05-07,9,0
107636,371,18,"2026-01-01","2026-12-31",2026-04-16,106,2026-04-06,10,1,22979,41.556442,-93.267807,267,"IA",101,"Quercus","macrocarpa","bur oak","Plantae","Breaking leaf buds",2026-04-27,117,2026-05-09,12,11
107636,501,10,"2018-01-01","2018-12-31",2018-05-10,130,2018-05-02,8,1,22979,41.556442,-93.267807,267,"IA",101,"Quercus","macrocarpa","bur oak","Plantae","Open flowers",2018-05-30,150,2018-06-05,6,20
107636,501,12,"2020-01-01","2020-12-31",2020-05-07,128,2020-04-27,10,1,22979,41.556442,-93.267807,267,"IA",101,"Quercus","macrocarpa","bur oak","Plantae","Open flowers",2020-05-12,133,2020-05-21,9,5
107636,501,13,"2021-01-01","2021-12-31",2021-05-04,124,2021-04-05,29,1,22979,41.556442,-93.267807,267,"IA",101,"Quercus","macrocarpa","bur oak","Plantae","Open flowers",2021-05-19,139,2021-05-26,7,15
107636,501,14,"2022-01-01","2022-12-31",2022-06-06,157,2022-05-26,11,1,22979,41.556442,-93.267807,267,"IA",101,"Quercus","macrocarpa","bur oak","Plantae","Open flowers",2022-06-06,157,2022-06-16,10,0
107636,501,15,"2023-01-01","2023-12-31",2023-05-17,137,2023-05-08,9,1,22979,41.556442,-93.267807,267,"IA",101,"Quercus","macrocarpa","bur oak","Plantae","Open flowers",2023-05-31,151,2023-06-14,14,14
107636,501,16,"2024-01-01","2024-12-31",2024-05-07,128,2024-04-29,8,1,22979,41.556442,-93.267807,267,"IA",101,"Quercus","macrocarpa","bur oak","Plantae","Open flowers",2024-05-15,136,2024-05-22,7,8
107636,501,17,"2025-01-01","2025-12-31",2025-05-29,149,2025-05-20,9,2,22979,41.556442,-93.267807,267,"IA",101,"Quercus","macrocarpa","bur oak","Plantae","Open flowers",2025-06-23,174,2025-07-02,9,25
107636,501,18,"2026-01-01","2026-12-31",2026-05-09,129,2026-04-27,12,1,22979,41.556442,-93.267807,267,"IA",101,"Quercus","macrocarpa","bur oak","Plantae","Open flowers",2026-05-09,129,2026-05-16,7,0
107876,371,9,"2017-01-01","2017-12-31",2017-04-14,104,2017-04-05,9,1,23417,41.866013,-73.953369,36,"NY",100,"Quercus","alba","white oak","Plantae","Breaking leaf buds",2017-04-28,118,2017-05-03,5,14
107876,371,10,"2018-01-01","2018-12-31",2018-05-04,124,2018-05-01,3,1,23417,41.866013,-73.953369,36,"NY",100,"Quercus","alba","white oak","Plantae","Breaking leaf buds",2018-05-04,124,2018-05-11,7,0
107876,371,13,"2021-01-01","2021-12-31",2021-04-14,104,2021-04-07,7,1,23417,41.866013,-73.953369,36,"NY",100,"Quercus","alba","white oak","Plantae","Breaking leaf buds",2021-07-23,204,2022-06-23,335,100
107876,501,9,"2017-01-01","2017-12-31",2017-04-28,118,2017-04-18,10,1,23417,41.866013,-73.953369,36,"NY",100,"Quercus","alba","white oak","Plantae","Open flowers",2017-05-03,123,2017-05-15,12,5
107877,371,9,"2017-01-01","2017-12-31",2017-04-14,104,2017-04-05,9,1,23417,41.866013,-73.953369,36,"NY",100,"Quercus","alba","white oak","Plantae","Breaking leaf buds",2017-04-28,118,2017-05-03,5,14
107877,371,10,"2018-01-01","2018-12-31",2018-04-27,117,2018-04-19,8,2,23417,41.866013,-73.953369,36,"NY",100,"Quercus","alba","white oak","Plantae","Breaking leaf buds",2018-05-04,124,2018-05-11,7,7
107877,371,13,"2021-01-01","2021-12-31",2021-04-14,104,2021-04-07,7,1,23417,41.866013,-73.953369,36,"NY",100,"Quercus","alba","white oak","Plantae","Breaking leaf buds",2021-07-23,204,2022-06-23,335,100
107877,501,9,"2017-01-01","2017-12-31",2017-04-28,118,2017-04-18,10,1,23417,41.866013,-73.953369,36,"NY",100,"Quercus","alba","white oak","Plantae","Open flowers",2017-05-03,123,2017-05-15,12,5
107878,371,9,"2017-01-01","2017-12-31",2017-04-14,104,2017-04-05,9,1,23417,41.866013,-73.953369,36,"NY",100,"Quercus","alba","white oak","Plantae","Breaking leaf buds",2017-04-28,118,2017-05-03,5,14
107878,371,10,"2018-01-01","2018-12-31",2018-04-27,117,2018-04-19,8,1,23417,41.866013,-73.953369,36,"NY",100,"Quercus","alba","white oak","Plantae","Breaking leaf buds",2018-05-11,131,2018-05-31,20,14
107878,371,13,"2021-01-01","2021-12-31",2021-04-14,104,2021-04-07,7,1,23417,41.866013,-73.953369,36,"NY",100,"Quercus","alba","white oak","Plantae","Breaking leaf buds",2021-07-23,204,NA,NA,100
111110,371,11,"2019-01-01","2019-12-31",2019-06-21,172,2019-06-20,1,6,23641,44.718273,-93.628853,236,"MN",101,"Quercus","macrocarpa","bur oak","Plantae","Breaking leaf buds",2019-10-10,283,2019-10-26,16,111
111110,371,12,"2020-01-01","2020-12-31",2020-04-30,121,2020-04-23,7,1,23641,44.718273,-93.628853,236,"MN",101,"Quercus","macrocarpa","bur oak","Plantae","Breaking leaf buds",2020-05-14,135,2020-05-20,6,14
111110,371,13,"2021-01-01","2021-12-31",2021-03-30,89,2021-03-29,1,3,23641,44.718273,-93.628853,236,"MN",101,"Quercus","macrocarpa","bur oak","Plantae","Breaking leaf buds",2021-05-18,138,2021-05-28,10,49
111110,501,12,"2020-01-01","2020-12-31",2020-05-08,129,2020-05-01,7,1,23641,44.718273,-93.628853,236,"MN",101,"Quercus","macrocarpa","bur oak","Plantae","Open flowers",2020-05-14,135,2020-05-20,6,6
111110,501,13,"2021-01-01","2021-12-31",2021-05-07,127,2021-04-29,8,1,23641,44.718273,-93.628853,236,"MN",101,"Quercus","macrocarpa","bur oak","Plantae","Open flowers",2021-05-13,133,2021-05-18,5,6
111111,371,9,"2017-01-01","2017-12-31",2017-04-21,111,2017-04-14,7,1,23641,44.718273,-93.628853,236,"MN",101,"Quercus","macrocarpa","bur oak","Plantae","Breaking leaf buds",2017-04-21,111,2017-04-28,7,0
111111,371,10,"2018-01-01","2018-12-31",2018-05-06,126,2018-05-01,5,1,23641,44.718273,-93.628853,236,"MN",101,"Quercus","macrocarpa","bur oak","Plantae","Breaking leaf buds",2018-05-06,126,2018-06-10,35,0
111111,371,11,"2019-01-01","2019-12-31",2019-04-28,118,2019-04-15,13,9,23641,44.718273,-93.628853,236,"MN",101,"Quercus","macrocarpa","bur oak","Plantae","Breaking leaf buds",2019-10-10,283,2019-10-26,16,165
111111,371,12,"2020-01-01","2020-12-31",2020-04-30,121,2020-04-23,7,1,23641,44.718273,-93.628853,236,"MN",101,"Quercus","macrocarpa","bur oak","Plantae","Breaking leaf buds",2020-05-14,135,2020-05-20,6,14
111111,371,13,"2021-01-01","2021-12-31",2021-04-14,104,2021-04-04,10,1,23641,44.718273,-93.628853,236,"MN",101,"Quercus","macrocarpa","bur oak","Plantae","Breaking leaf buds",2021-04-29,119,2021-05-07,8,15
111111,501,11,"2019-01-01","2019-12-31",2019-05-04,124,2019-04-28,6,2,23641,44.718273,-93.628853,236,"MN",101,"Quercus","macrocarpa","bur oak","Plantae","Open flowers",2019-06-01,152,2019-06-08,7,28
111111,501,12,"2020-01-01","2020-12-31",2020-05-08,129,2020-05-01,7,1,23641,44.718273,-93.628853,236,"MN",101,"Quercus","macrocarpa","bur oak","Plantae","Open flowers",2020-05-14,135,2020-05-20,6,6
111111,501,13,"2021-01-01","2021-12-31",2021-05-07,127,2021-04-29,8,1,23641,44.718273,-93.628853,236,"MN",101,"Quercus","macrocarpa","bur oak","Plantae","Open flowers",2021-05-13,133,2021-05-18,5,6
111112,371,9,"2017-01-01","2017-12-31",2017-04-21,111,2017-04-14,7,1,23641,44.718273,-93.628853,236,"MN",101,"Quercus","macrocarpa","bur oak","Plantae","Breaking leaf buds",2017-05-09,129,NA,NA,18
111112,371,11,"2019-01-01","2019-12-31",2019-04-28,118,2019-04-15,13,6,23641,44.718273,-93.628853,236,"MN",101,"Quercus","macrocarpa","bur oak","Plantae","Breaking leaf buds",2019-10-10,283,2019-10-26,16,165
111112,371,12,"2020-01-01","2020-12-31",2020-04-30,121,2020-04-23,7,1,23641,44.718273,-93.628853,236,"MN",101,"Quercus","macrocarpa","bur oak","Plantae","Breaking leaf buds",2020-04-30,121,2020-05-08,8,0
111112,371,13,"2021-01-01","2021-12-31",2021-04-21,111,2021-04-14,7,1,23641,44.718273,-93.628853,236,"MN",101,"Quercus","macrocarpa","bur oak","Plantae","Breaking leaf buds",2021-04-29,119,2021-05-07,8,8
111112,501,12,"2020-01-01","2020-12-31",2020-05-08,129,2020-04-30,8,1,23641,44.718273,-93.628853,236,"MN",101,"Quercus","macrocarpa","bur oak","Plantae","Open flowers",2020-05-14,135,2020-05-20,6,6
111112,501,13,"2021-01-01","2021-12-31",2021-05-13,133,2021-05-07,6,1,23641,44.718273,-93.628853,236,"MN",101,"Quercus","macrocarpa","bur oak","Plantae","Open flowers",2021-05-13,133,2021-05-18,5,0
114545,371,11,"2019-01-01","2019-12-31",2019-04-23,113,2019-04-16,7,1,24164,40.665085,-73.963432,17,"NY",101,"Quercus","macrocarpa","bur oak","Plantae","Breaking leaf buds",2019-05-07,127,2019-05-16,9,14
114545,371,15,"2023-01-01","2023-12-31",2023-04-25,115,2023-04-04,21,1,24164,40.665085,-73.963432,17,"NY",101,"Quercus","macrocarpa","bur oak","Plantae","Breaking leaf buds",2023-05-03,123,2023-05-05,2,8
114545,501,15,"2023-01-01","2023-12-31",2023-04-27,117,2023-04-25,2,1,24164,40.665085,-73.963432,17,"NY",101,"Quercus","macrocarpa","bur oak","Plantae","Open flowers",2023-05-11,131,2023-05-18,7,14
114721,371,9,"2017-01-01","2017-12-31",2017-05-09,129,2017-05-05,4,1,23676,46.996738,-94.696556,426,"MN",101,"Quercus","macrocarpa","bur oak","Plantae","Breaking leaf buds",2017-05-23,143,2018-04-24,336,14
114721,371,10,"2018-01-01","2018-12-31",2018-05-13,133,2018-05-06,7,1,23676,46.996738,-94.696556,426,"MN",101,"Quercus","macrocarpa","bur oak","Plantae","Breaking leaf buds",2018-05-27,147,2018-10-29,155,14
114721,371,11,"2019-01-01","2019-12-31",2019-05-20,140,2019-05-15,5,1,23676,46.996738,-94.696556,426,"MN",101,"Quercus","macrocarpa","bur oak","Plantae","Breaking leaf buds",2019-05-28,148,NA,NA,8
114721,501,9,"2017-01-01","2017-12-31",2017-05-30,150,2017-05-19,11,1,23676,46.996738,-94.696556,426,"MN",101,"Quercus","macrocarpa","bur oak","Plantae","Open flowers",2017-05-30,150,2018-05-13,348,0
114721,501,10,"2018-01-01","2018-12-31",2018-05-27,147,2018-05-13,14,1,23676,46.996738,-94.696556,426,"MN",101,"Quercus","macrocarpa","bur oak","Plantae","Open flowers",2018-06-03,154,2018-10-29,148,7
115178,371,9,"2017-01-01","2017-12-31",2017-03-29,88,2017-03-20,9,1,24311,35.788307,-82.035561,458,"NC",100,"Quercus","alba","white oak","Plantae","Breaking leaf buds",2017-04-28,118,2017-05-05,7,30
116015,371,8,"2016-01-01","2016-12-31",2016-10-14,288,2016-10-03,11,1,24444,42.309204,-88.458191,292,"IL",101,"Quercus","macrocarpa","bur oak","Plantae","Breaking leaf buds",2016-10-14,288,NA,NA,0
116295,371,10,"2018-01-01","2018-12-31",2018-05-10,130,2018-05-03,7,1,24566,44.859833,-93.216568,234,"MN",101,"Quercus","macrocarpa","bur oak","Plantae","Breaking leaf buds",2018-05-10,130,2018-05-17,7,0
116295,371,11,"2019-01-01","2019-12-31",2019-04-27,117,2019-04-25,2,1,24566,44.859833,-93.216568,234,"MN",101,"Quercus","macrocarpa","bur oak","Plantae","Breaking leaf buds",2019-05-06,126,2019-05-10,4,9
116295,371,12,"2020-01-01","2020-12-31",2020-04-30,121,2020-04-27,3,2,24566,44.859833,-93.216568,234,"MN",101,"Quercus","macrocarpa","bur oak","Plantae","Breaking leaf buds",2020-05-18,139,2020-05-21,3,18
116295,371,13,"2021-01-01","2021-12-31",2021-04-15,105,2021-04-08,7,2,24566,44.859833,-93.216568,234,"MN",101,"Quercus","macrocarpa","bur oak","Plantae","Breaking leaf buds",2021-04-29,119,2021-05-06,7,14
116295,501,12,"2020-01-01","2020-12-31",2020-05-07,128,2020-05-04,3,1,24566,44.859833,-93.216568,234,"MN",101,"Quercus","macrocarpa","bur oak","Plantae","Open flowers",2020-05-18,139,2020-05-21,3,11
116295,501,13,"2021-01-01","2021-12-31",2021-04-20,110,2021-04-16,4,2,24566,44.859833,-93.216568,234,"MN",101,"Quercus","macrocarpa","bur oak","Plantae","Open flowers",2021-05-13,133,2021-05-19,6,23
116297,371,10,"2018-01-01","2018-12-31",2018-05-10,130,2018-05-03,7,1,24566,44.859833,-93.216568,234,"MN",101,"Quercus","macrocarpa","bur oak","Plantae","Breaking leaf buds",2018-05-10,130,2018-05-17,7,0
116297,371,11,"2019-01-01","2019-12-31",2019-04-28,118,2019-04-25,3,2,24566,44.859833,-93.216568,234,"MN",101,"Quercus","macrocarpa","bur oak","Plantae","Breaking leaf buds",2019-05-10,130,2019-05-20,10,12
116297,371,12,"2020-01-01","2020-12-31",2020-04-23,114,2020-04-20,3,2,24566,44.859833,-93.216568,234,"MN",101,"Quercus","macrocarpa","bur oak","Plantae","Breaking leaf buds",2020-05-07,128,2020-05-11,4,14
116297,371,13,"2021-01-01","2021-12-31",2021-04-15,105,2021-04-08,7,1,24566,44.859833,-93.216568,234,"MN",101,"Quercus","macrocarpa","bur oak","Plantae","Breaking leaf buds",2021-04-15,105,2021-04-16,1,0
116297,501,10,"2018-01-01","2018-12-31",2018-05-17,137,2018-05-10,7,2,24566,44.859833,-93.216568,234,"MN",101,"Quercus","macrocarpa","bur oak","Plantae","Open flowers",2018-05-24,144,2018-05-31,7,7
116297,501,11,"2019-01-01","2019-12-31",2019-05-20,140,2019-05-10,10,1,24566,44.859833,-93.216568,234,"MN",101,"Quercus","macrocarpa","bur oak","Plantae","Open flowers",2019-05-20,140,2019-05-23,3,0
116297,501,12,"2020-01-01","2020-12-31",2020-05-07,128,2020-05-04,3,1,24566,44.859833,-93.216568,234,"MN",101,"Quercus","macrocarpa","bur oak","Plantae","Open flowers",2020-05-14,135,2020-05-18,4,7
116297,501,13,"2021-01-01","2021-12-31",2021-04-16,106,2021-04-15,1,1,24566,44.859833,-93.216568,234,"MN",101,"Quercus","macrocarpa","bur oak","Plantae","Open flowers",2021-04-16,106,2021-04-29,13,0
116299,371,10,"2018-01-01","2018-12-31",2018-05-10,130,2018-04-29,11,1,24566,44.859833,-93.216568,234,"MN",101,"Quercus","macrocarpa","bur oak","Plantae","Breaking leaf buds",2018-05-10,130,2018-05-17,7,0
116299,371,11,"2019-01-01","2019-12-31",2019-04-27,117,2019-04-25,2,2,24566,44.859833,-93.216568,234,"MN",101,"Quercus","macrocarpa","bur oak","Plantae","Breaking leaf buds",2019-05-05,125,2019-05-06,1,8
116299,371,12,"2020-01-01","2020-12-31",2020-04-30,121,2020-04-27,3,2,24566,44.859833,-93.216568,234,"MN",101,"Quercus","macrocarpa","bur oak","Plantae","Breaking leaf buds",2020-05-07,128,2020-05-11,4,7
116299,371,13,"2021-01-01","2021-12-31",2021-04-15,105,2021-04-08,7,1,24566,44.859833,-93.216568,234,"MN",101,"Quercus","macrocarpa","bur oak","Plantae","Breaking leaf buds",2021-04-29,119,2021-05-06,7,14
116299,501,10,"2018-01-01","2018-12-31",2018-05-24,144,2018-05-20,4,1,24566,44.859833,-93.216568,234,"MN",101,"Quercus","macrocarpa","bur oak","Plantae","Open flowers",2018-05-24,144,2018-05-31,7,0
116299,501,12,"2020-01-01","2020-12-31",2020-05-11,132,2020-05-04,7,1,24566,44.859833,-93.216568,234,"MN",101,"Quercus","macrocarpa","bur oak","Plantae","Open flowers",2020-05-14,135,2020-05-18,4,3
116611,371,8,"2016-01-01","2016-12-31",2016-11-11,316,2016-10-29,13,1,12002,35.633415,-83.941086,635,"TN",1212,"Quercus","montana","chestnut oak","Plantae","Breaking leaf buds",2016-11-11,316,2016-11-22,11,0
116611,371,9,"2017-01-01","2017-12-31",2017-02-25,56,2017-02-18,7,4,12002,35.633415,-83.941086,635,"TN",1212,"Quercus","montana","chestnut oak","Plantae","Breaking leaf buds",2017-04-19,109,2017-04-28,9,53
116611,371,10,"2018-01-01","2018-12-31",2018-03-17,76,2018-03-11,6,4,12002,35.633415,-83.941086,635,"TN",1212,"Quercus","montana","chestnut oak","Plantae","Breaking leaf buds",2018-04-28,118,2018-05-05,7,42
116611,371,11,"2019-01-01","2019-12-31",2019-03-10,69,2019-03-05,5,1,12002,35.633415,-83.941086,635,"TN",1212,"Quercus","montana","chestnut oak","Plantae","Breaking leaf buds",2019-04-13,103,2019-04-27,14,34
116611,371,12,"2020-01-01","2020-12-31",2020-10-30,304,2020-10-20,10,1,12002,35.633415,-83.941086,635,"TN",1212,"Quercus","montana","chestnut oak","Plantae","Breaking leaf buds",2020-10-30,304,2020-11-09,10,0
116611,371,13,"2021-01-01","2021-12-31",2021-04-03,93,2021-03-20,14,3,12002,35.633415,-83.941086,635,"TN",1212,"Quercus","montana","chestnut oak","Plantae","Breaking leaf buds",2021-04-28,118,2021-05-12,14,25
116611,371,14,"2022-01-01","2022-12-31",2022-04-15,105,2022-03-26,20,1,12002,35.633415,-83.941086,635,"TN",1212,"Quercus","montana","chestnut oak","Plantae","Breaking leaf buds",2022-04-15,105,2022-08-12,119,0
116611,371,15,"2023-01-01","2023-12-31",2023-04-09,99,2023-03-30,10,2,12002,35.633415,-83.941086,635,"TN",1212,"Quercus","montana","chestnut oak","Plantae","Breaking leaf buds",2023-04-20,110,2023-05-10,20,11
116611,371,16,"2024-01-01","2024-12-31",2024-04-04,95,2024-03-19,16,2,12002,35.633415,-83.941086,635,"TN",1212,"Quercus","montana","chestnut oak","Plantae","Breaking leaf buds",2024-05-19,140,2024-09-18,122,45
116611,371,17,"2025-01-01","2025-12-31",2025-03-22,81,2025-03-18,4,1,12002,35.633415,-83.941086,635,"TN",1212,"Quercus","montana","chestnut oak","Plantae","Breaking leaf buds",2025-05-02,122,2025-05-04,2,41
116611,371,18,"2026-01-01","2026-12-31",2026-03-29,88,2026-03-08,21,1,12002,35.633415,-83.941086,635,"TN",1212,"Quercus","montana","chestnut oak","Plantae","Breaking leaf buds",2026-04-15,105,NA,NA,17
116611,501,11,"2019-01-01","2019-12-31",2019-04-27,117,2019-04-13,14,1,12002,35.633415,-83.941086,635,"TN",1212,"Quercus","montana","chestnut oak","Plantae","Open flowers",2019-04-27,117,2019-05-07,10,0
116611,501,13,"2021-01-01","2021-12-31",2021-04-28,118,2021-04-27,1,1,12002,35.633415,-83.941086,635,"TN",1212,"Quercus","montana","chestnut oak","Plantae","Open flowers",2021-04-28,118,2021-05-12,14,0
116613,371,8,"2016-01-01","2016-12-31",2016-11-11,316,2016-10-29,13,1,12002,35.633415,-83.941086,635,"TN",100,"Quercus","alba","white oak","Plantae","Breaking leaf buds",2016-11-11,316,2016-11-22,11,0
116613,371,9,"2017-01-01","2017-12-31",2017-02-25,56,2017-02-18,7,5,12002,35.633415,-83.941086,635,"TN",100,"Quercus","alba","white oak","Plantae","Breaking leaf buds",2017-04-19,109,2017-04-28,9,53
116613,371,10,"2018-01-01","2018-12-31",2018-03-19,78,2018-03-18,1,3,12002,35.633415,-83.941086,635,"TN",100,"Quercus","alba","white oak","Plantae","Breaking leaf buds",2018-04-09,99,2018-04-14,5,21
116613,371,11,"2019-01-01","2019-12-31",2019-03-30,89,2019-03-27,3,3,12002,35.633415,-83.941086,635,"TN",100,"Quercus","alba","white oak","Plantae","Breaking leaf buds",2019-04-13,103,2019-04-27,14,14
116613,371,13,"2021-01-01","2021-12-31",2021-04-03,93,2021-03-20,14,3,12002,35.633415,-83.941086,635,"TN",100,"Quercus","alba","white oak","Plantae","Breaking leaf buds",2021-04-28,118,2021-05-12,14,25
116613,371,14,"2022-01-01","2022-12-31",2022-04-15,105,2022-03-26,20,1,12002,35.633415,-83.941086,635,"TN",100,"Quercus","alba","white oak","Plantae","Breaking leaf buds",2022-04-15,105,2022-08-12,119,0
116613,371,15,"2023-01-01","2023-12-31",2023-04-09,99,2023-03-30,10,2,12002,35.633415,-83.941086,635,"TN",100,"Quercus","alba","white oak","Plantae","Breaking leaf buds",2023-04-20,110,2023-05-10,20,11
116613,371,16,"2024-01-01","2024-12-31",2024-04-04,95,2024-03-28,7,2,12002,35.633415,-83.941086,635,"TN",100,"Quercus","alba","white oak","Plantae","Breaking leaf buds",2024-05-19,140,2024-09-18,122,45
116613,371,17,"2025-01-01","2025-12-31",2025-04-21,111,2025-04-09,12,1,12002,35.633415,-83.941086,635,"TN",100,"Quercus","alba","white oak","Plantae","Breaking leaf buds",2025-04-21,111,2025-05-04,13,0
116613,371,18,"2026-01-01","2026-12-31",2026-04-15,105,2026-03-29,17,1,12002,35.633415,-83.941086,635,"TN",100,"Quercus","alba","white oak","Plantae","Breaking leaf buds",2026-04-15,105,NA,NA,0
116613,501,13,"2021-01-01","2021-12-31",2021-04-28,118,2021-04-27,1,1,12002,35.633415,-83.941086,635,"TN",100,"Quercus","alba","white oak","Plantae","Open flowers",2021-04-28,118,2021-05-12,14,0
116614,371,8,"2016-01-01","2016-12-31",2016-11-11,316,2016-10-29,13,1,12002,35.633415,-83.941086,635,"TN",100,"Quercus","alba","white oak","Plantae","Breaking leaf buds",2016-11-11,316,2016-11-22,11,0
116614,371,9,"2017-01-01","2017-12-31",2017-02-25,56,2017-02-18,7,4,12002,35.633415,-83.941086,635,"TN",100,"Quercus","alba","white oak","Plantae","Breaking leaf buds",2017-04-28,118,2017-05-07,9,62
116614,371,10,"2018-01-01","2018-12-31",2018-03-27,86,2018-03-26,1,3,12002,35.633415,-83.941086,635,"TN",100,"Quercus","alba","white oak","Plantae","Breaking leaf buds",2018-04-28,118,2018-05-05,7,32
116614,371,11,"2019-01-01","2019-12-31",2019-04-06,96,2019-04-03,3,2,12002,35.633415,-83.941086,635,"TN",100,"Quercus","alba","white oak","Plantae","Breaking leaf buds",2019-04-13,103,2019-04-27,14,7
116614,371,13,"2021-01-01","2021-12-31",2021-04-17,107,2021-04-14,3,2,12002,35.633415,-83.941086,635,"TN",100,"Quercus","alba","white oak","Plantae","Breaking leaf buds",2021-05-15,135,2021-05-26,11,28
116614,371,14,"2022-01-01","2022-12-31",2022-04-15,105,2022-03-26,20,1,12002,35.633415,-83.941086,635,"TN",100,"Quercus","alba","white oak","Plantae","Breaking leaf buds",2022-04-15,105,2022-08-12,119,0
116614,371,15,"2023-01-01","2023-12-31",2023-04-20,110,2023-04-11,9,1,12002,35.633415,-83.941086,635,"TN",100,"Quercus","alba","white oak","Plantae","Breaking leaf buds",2023-04-20,110,2023-05-10,20,0
116614,371,16,"2024-01-01","2024-12-31",2024-04-24,115,2024-04-08,16,2,12002,35.633415,-83.941086,635,"TN",100,"Quercus","alba","white oak","Plantae","Breaking leaf buds",2024-05-19,140,2024-09-18,122,25
116614,371,17,"2025-01-01","2025-12-31",2025-04-21,111,2025-04-09,12,1,12002,35.633415,-83.941086,635,"TN",100,"Quercus","alba","white oak","Plantae","Breaking leaf buds",2025-04-21,111,2025-09-09,141,0
116614,371,18,"2026-01-01","2026-12-31",2026-04-15,105,2026-03-29,17,1,12002,35.633415,-83.941086,635,"TN",100,"Quercus","alba","white oak","Plantae","Breaking leaf buds",2026-04-15,105,NA,NA,0
116615,371,8,"2016-01-01","2016-12-31",2016-11-11,316,2016-10-29,13,1,12002,35.633415,-83.941086,635,"TN",100,"Quercus","alba","white oak","Plantae","Breaking leaf buds",2016-11-11,316,2016-11-22,11,0
116615,371,9,"2017-01-01","2017-12-31",2017-03-13,72,2017-03-12,1,3,12002,35.633415,-83.941086,635,"TN",100,"Quercus","alba","white oak","Plantae","Breaking leaf buds",2017-04-28,118,2017-05-07,9,46
116615,371,10,"2018-01-01","2018-12-31",2018-03-19,78,2018-03-18,1,3,12002,35.633415,-83.941086,635,"TN",100,"Quercus","alba","white oak","Plantae","Breaking leaf buds",2018-04-09,99,2018-04-14,5,21
116615,371,13,"2021-01-01","2021-12-31",2021-04-17,107,2021-04-14,3,2,12002,35.633415,-83.941086,635,"TN",100,"Quercus","alba","white oak","Plantae","Breaking leaf buds",2021-04-28,118,2021-05-15,17,11
116615,371,15,"2023-01-01","2023-12-31",2023-04-20,110,2023-04-11,9,1,12002,35.633415,-83.941086,635,"TN",100,"Quercus","alba","white oak","Plantae","Breaking leaf buds",2023-04-20,110,2023-05-10,20,0
116615,371,16,"2024-01-01","2024-12-31",2024-04-24,115,2024-04-08,16,2,12002,35.633415,-83.941086,635,"TN",100,"Quercus","alba","white oak","Plantae","Breaking leaf buds",2024-05-19,140,2024-09-18,122,25
116615,371,17,"2025-01-01","2025-12-31",2025-04-21,111,2025-04-09,12,1,12002,35.633415,-83.941086,635,"TN",100,"Quercus","alba","white oak","Plantae","Breaking leaf buds",2025-04-21,111,2025-09-09,141,0
116615,371,18,"2026-01-01","2026-12-31",2026-04-15,105,2026-03-29,17,1,12002,35.633415,-83.941086,635,"TN",100,"Quercus","alba","white oak","Plantae","Breaking leaf buds",2026-04-15,105,NA,NA,0
116615,501,13,"2021-01-01","2021-12-31",2021-04-28,118,2021-04-27,1,1,12002,35.633415,-83.941086,635,"TN",100,"Quercus","alba","white oak","Plantae","Open flowers",2021-04-28,118,2021-05-12,14,0
116616,371,8,"2016-01-01","2016-12-31",2016-11-11,316,2016-10-29,13,1,12002,35.633415,-83.941086,635,"TN",100,"Quercus","alba","white oak","Plantae","Breaking leaf buds",2016-11-11,316,2016-11-22,11,0
116616,371,9,"2017-01-01","2017-12-31",2017-03-29,88,2017-03-19,10,3,12002,35.633415,-83.941086,635,"TN",100,"Quercus","alba","white oak","Plantae","Breaking leaf buds",2017-04-28,118,2017-05-07,9,30
116616,371,10,"2018-01-01","2018-12-31",2018-03-19,78,2018-03-18,1,3,12002,35.633415,-83.941086,635,"TN",100,"Quercus","alba","white oak","Plantae","Breaking leaf buds",2018-04-09,99,2018-04-14,5,21
116616,371,11,"2019-01-01","2019-12-31",2019-04-06,96,2019-04-03,3,2,12002,35.633415,-83.941086,635,"TN",100,"Quercus","alba","white oak","Plantae","Breaking leaf buds",2019-04-13,103,2019-04-27,14,7
116616,371,13,"2021-01-01","2021-12-31",2021-04-17,107,2021-04-14,3,2,12002,35.633415,-83.941086,635,"TN",100,"Quercus","alba","white oak","Plantae","Breaking leaf buds",2021-04-28,118,2021-05-12,14,11
116616,371,14,"2022-01-01","2022-12-31",2022-04-15,105,2022-03-26,20,1,12002,35.633415,-83.941086,635,"TN",100,"Quercus","alba","white oak","Plantae","Breaking leaf buds",2022-04-15,105,2022-08-12,119,0
116616,371,15,"2023-01-01","2023-12-31",2023-04-20,110,2023-04-11,9,1,12002,35.633415,-83.941086,635,"TN",100,"Quercus","alba","white oak","Plantae","Breaking leaf buds",2023-04-20,110,2023-05-10,20,0
116616,371,16,"2024-01-01","2024-12-31",2024-04-24,115,2024-04-04,20,2,12002,35.633415,-83.941086,635,"TN",100,"Quercus","alba","white oak","Plantae","Breaking leaf buds",2024-05-19,140,2024-09-18,122,25
116616,371,17,"2025-01-01","2025-12-31",2025-04-21,111,2025-04-09,12,1,12002,35.633415,-83.941086,635,"TN",100,"Quercus","alba","white oak","Plantae","Breaking leaf buds",2025-04-21,111,2025-09-09,141,0
116616,371,18,"2026-01-01","2026-12-31",2026-03-29,88,2026-03-08,21,1,12002,35.633415,-83.941086,635,"TN",100,"Quercus","alba","white oak","Plantae","Breaking leaf buds",2026-04-15,105,NA,NA,17
116616,501,13,"2021-01-01","2021-12-31",2021-04-28,118,2021-04-27,1,1,12002,35.633415,-83.941086,635,"TN",100,"Quercus","alba","white oak","Plantae","Open flowers",2021-04-28,118,2021-05-12,14,0
116617,371,8,"2016-01-01","2016-12-31",2016-11-11,316,2016-10-29,13,1,12002,35.633415,-83.941086,635,"TN",100,"Quercus","alba","white oak","Plantae","Breaking leaf buds",2016-11-11,316,2016-11-22,11,0
116617,371,9,"2017-01-01","2017-12-31",2017-03-13,72,2017-03-12,1,4,12002,35.633415,-83.941086,635,"TN",100,"Quercus","alba","white oak","Plantae","Breaking leaf buds",2017-04-28,118,2017-05-07,9,46
116617,371,10,"2018-01-01","2018-12-31",2018-03-26,85,2018-03-23,3,3,12002,35.633415,-83.941086,635,"TN",100,"Quercus","alba","white oak","Plantae","Breaking leaf buds",2018-04-28,118,2018-05-05,7,33
116617,371,11,"2019-01-01","2019-12-31",2019-04-06,96,2019-04-03,3,2,12002,35.633415,-83.941086,635,"TN",100,"Quercus","alba","white oak","Plantae","Breaking leaf buds",2019-04-13,103,2019-04-27,14,7
116617,371,13,"2021-01-01","2021-12-31",2021-04-17,107,2021-04-14,3,2,12002,35.633415,-83.941086,635,"TN",100,"Quercus","alba","white oak","Plantae","Breaking leaf buds",2021-04-28,118,2021-05-15,17,11
116617,371,14,"2022-01-01","2022-12-31",2022-04-15,105,2022-03-26,20,1,12002,35.633415,-83.941086,635,"TN",100,"Quercus","alba","white oak","Plantae","Breaking leaf buds",2022-04-15,105,2022-08-12,119,0
116617,371,15,"2023-01-01","2023-12-31",2023-04-20,110,2023-04-11,9,1,12002,35.633415,-83.941086,635,"TN",100,"Quercus","alba","white oak","Plantae","Breaking leaf buds",2023-04-20,110,2023-05-10,20,0
116617,371,16,"2024-01-01","2024-12-31",2024-04-24,115,2024-04-04,20,1,12002,35.633415,-83.941086,635,"TN",100,"Quercus","alba","white oak","Plantae","Breaking leaf buds",2024-05-19,140,2024-09-18,122,25
116617,371,17,"2025-01-01","2025-12-31",2025-03-22,81,2025-03-18,4,2,12002,35.633415,-83.941086,635,"TN",100,"Quercus","alba","white oak","Plantae","Breaking leaf buds",2025-04-21,111,2025-09-09,141,30
116617,371,18,"2026-01-01","2026-12-31",2026-03-29,88,2026-03-08,21,1,12002,35.633415,-83.941086,635,"TN",100,"Quercus","alba","white oak","Plantae","Breaking leaf buds",2026-04-15,105,NA,NA,17
116620,371,8,"2016-01-01","2016-12-31",2016-11-11,316,2016-10-29,13,1,12002,35.633415,-83.941086,635,"TN",1212,"Quercus","montana","chestnut oak","Plantae","Breaking leaf buds",2016-11-11,316,2016-11-22,11,0
116620,371,9,"2017-01-01","2017-12-31",2017-02-25,56,2017-02-18,7,4,12002,35.633415,-83.941086,635,"TN",1212,"Quercus","montana","chestnut oak","Plantae","Breaking leaf buds",2017-04-19,109,2017-04-28,9,53
116620,371,10,"2018-01-01","2018-12-31",2018-03-18,77,2018-03-17,1,3,12002,35.633415,-83.941086,635,"TN",1212,"Quercus","montana","chestnut oak","Plantae","Breaking leaf buds",2018-04-09,99,2018-04-14,5,22
116620,371,11,"2019-01-01","2019-12-31",2019-03-12,71,2019-03-10,2,4,12002,35.633415,-83.941086,635,"TN",1212,"Quercus","montana","chestnut oak","Plantae","Breaking leaf buds",2019-04-13,103,2019-04-27,14,32
116620,371,13,"2021-01-01","2021-12-31",2021-04-03,93,2021-03-20,14,3,12002,35.633415,-83.941086,635,"TN",1212,"Quercus","montana","chestnut oak","Plantae","Breaking leaf buds",2021-04-28,118,2021-05-12,14,25
116620,371,14,"2022-01-01","2022-12-31",2022-04-15,105,2022-03-26,20,1,12002,35.633415,-83.941086,635,"TN",1212,"Quercus","montana","chestnut oak","Plantae","Breaking leaf buds",2022-04-15,105,2022-08-12,119,0
116620,371,15,"2023-01-01","2023-12-31",2023-04-09,99,2023-03-30,10,1,12002,35.633415,-83.941086,635,"TN",1212,"Quercus","montana","chestnut oak","Plantae","Breaking leaf buds",2023-04-20,110,2023-05-10,20,11
116620,371,16,"2024-01-01","2024-12-31",2024-03-28,88,2024-03-27,1,2,12002,35.633415,-83.941086,635,"TN",1212,"Quercus","montana","chestnut oak","Plantae","Breaking leaf buds",2024-05-19,140,2024-09-18,122,52
116620,371,17,"2025-01-01","2025-12-31",2025-03-22,81,2025-03-18,4,1,12002,35.633415,-83.941086,635,"TN",1212,"Quercus","montana","chestnut oak","Plantae","Breaking leaf buds",2025-04-21,111,2025-05-04,13,30
116620,371,18,"2026-01-01","2026-12-31",2026-03-29,88,2026-03-08,21,1,12002,35.633415,-83.941086,635,"TN",1212,"Quercus","montana","chestnut oak","Plantae","Breaking leaf buds",2026-04-15,105,NA,NA,17
116620,501,11,"2019-01-01","2019-12-31",2019-04-27,117,2019-04-13,14,1,12002,35.633415,-83.941086,635,"TN",1212,"Quercus","montana","chestnut oak","Plantae","Open flowers",2019-04-27,117,2019-05-07,10,0
116620,501,13,"2021-01-01","2021-12-31",2021-04-28,118,2021-04-27,1,1,12002,35.633415,-83.941086,635,"TN",1212,"Quercus","montana","chestnut oak","Plantae","Open flowers",2021-04-28,118,2021-05-12,14,0
116620,501,16,"2024-01-01","2024-12-31",2024-05-01,122,2024-04-24,7,1,12002,35.633415,-83.941086,635,"TN",1212,"Quercus","montana","chestnut oak","Plantae","Open flowers",2024-05-01,122,2024-05-19,18,0
116987,371,9,"2017-01-01","2017-12-31",2017-05-08,128,2017-04-24,14,1,24692,44.846142,-93.232079,253,"MN",101,"Quercus","macrocarpa","bur oak","Plantae","Breaking leaf buds",2017-05-08,128,2017-05-15,7,0
116987,371,11,"2019-01-01","2019-12-31",2019-04-24,114,2019-04-22,2,1,24692,44.846142,-93.232079,253,"MN",101,"Quercus","macrocarpa","bur oak","Plantae","Breaking leaf buds",2019-05-06,126,2019-05-13,7,12
116987,371,12,"2020-01-01","2020-12-31",2020-04-04,95,2020-04-01,3,5,24692,44.846142,-93.232079,253,"MN",101,"Quercus","macrocarpa","bur oak","Plantae","Breaking leaf buds",2020-05-26,147,2020-06-01,6,52
116987,371,13,"2021-01-01","2021-12-31",2021-04-06,96,2021-04-05,1,2,24692,44.846142,-93.232079,253,"MN",101,"Quercus","macrocarpa","bur oak","Plantae","Breaking leaf buds",2021-05-29,149,2021-06-04,6,53
116987,501,9,"2017-01-01","2017-12-31",2017-04-24,114,2017-04-20,4,1,24692,44.846142,-93.232079,253,"MN",101,"Quercus","macrocarpa","bur oak","Plantae","Open flowers",2017-05-15,135,2017-05-25,10,21
116987,501,10,"2018-01-01","2018-12-31",2018-05-10,130,2018-05-07,3,1,24692,44.846142,-93.232079,253,"MN",101,"Quercus","macrocarpa","bur oak","Plantae","Open flowers",2018-05-10,130,2018-05-31,21,0
116987,501,11,"2019-01-01","2019-12-31",2019-05-06,126,2019-05-05,1,1,24692,44.846142,-93.232079,253,"MN",101,"Quercus","macrocarpa","bur oak","Plantae","Open flowers",2019-05-06,126,2019-05-20,14,0
116987,501,12,"2020-01-01","2020-12-31",2020-05-03,124,2020-04-27,6,3,24692,44.846142,-93.232079,253,"MN",101,"Quercus","macrocarpa","bur oak","Plantae","Open flowers",2020-05-22,143,2020-05-26,4,19
116987,501,13,"2021-01-01","2021-12-31",2021-04-21,111,2021-04-15,6,1,24692,44.846142,-93.232079,253,"MN",101,"Quercus","macrocarpa","bur oak","Plantae","Open flowers",2021-05-03,123,2021-05-21,18,12
116988,371,9,"2017-01-01","2017-12-31",2017-05-08,128,2017-04-24,14,1,24692,44.846142,-93.232079,253,"MN",101,"Quercus","macrocarpa","bur oak","Plantae","Breaking leaf buds",2017-05-08,128,2017-05-15,7,0
116988,371,11,"2019-01-01","2019-12-31",2019-04-24,114,2019-04-22,2,1,24692,44.846142,-93.232079,253,"MN",101,"Quercus","macrocarpa","bur oak","Plantae","Breaking leaf buds",2019-05-02,122,2019-05-06,4,8
116988,371,12,"2020-01-01","2020-12-31",2020-04-04,95,2020-04-01,3,5,24692,44.846142,-93.232079,253,"MN",101,"Quercus","macrocarpa","bur oak","Plantae","Breaking leaf buds",2020-05-26,147,2020-06-01,6,52
116988,371,13,"2021-01-01","2021-12-31",2021-04-06,96,2021-04-05,1,1,24692,44.846142,-93.232079,253,"MN",101,"Quercus","macrocarpa","bur oak","Plantae","Breaking leaf buds",2021-04-30,120,NA,NA,24
116988,501,9,"2017-01-01","2017-12-31",2017-04-20,110,2017-04-12,8,1,24692,44.846142,-93.232079,253,"MN",101,"Quercus","macrocarpa","bur oak","Plantae","Open flowers",2017-05-15,135,2017-05-25,10,25
116988,501,10,"2018-01-01","2018-12-31",2018-05-10,130,2018-05-07,3,1,24692,44.846142,-93.232079,253,"MN",101,"Quercus","macrocarpa","bur oak","Plantae","Open flowers",2018-05-10,130,2018-05-31,21,0
116988,501,11,"2019-01-01","2019-12-31",2019-05-06,126,2019-05-05,1,1,24692,44.846142,-93.232079,253,"MN",101,"Quercus","macrocarpa","bur oak","Plantae","Open flowers",2019-05-06,126,2019-05-13,7,0
116988,501,12,"2020-01-01","2020-12-31",2020-05-03,124,2020-04-30,3,3,24692,44.846142,-93.232079,253,"MN",101,"Quercus","macrocarpa","bur oak","Plantae","Open flowers",2020-05-22,143,2020-05-26,4,19
116989,371,9,"2017-01-01","2017-12-31",2017-05-08,128,2017-04-24,14,1,24692,44.846142,-93.232079,253,"MN",101,"Quercus","macrocarpa","bur oak","Plantae","Breaking leaf buds",2017-05-08,128,2017-05-15,7,0
116989,371,11,"2019-01-01","2019-12-31",2019-04-24,114,2019-04-22,2,2,24692,44.846142,-93.232079,253,"MN",101,"Quercus","macrocarpa","bur oak","Plantae","Breaking leaf buds",2019-05-06,126,2019-05-13,7,12
116989,371,12,"2020-01-01","2020-12-31",2020-04-04,95,2020-04-01,3,4,24692,44.846142,-93.232079,253,"MN",101,"Quercus","macrocarpa","bur oak","Plantae","Breaking leaf buds",2020-05-26,147,2020-06-01,6,52
116989,371,13,"2021-01-01","2021-12-31",2021-04-06,96,2021-04-01,5,3,24692,44.846142,-93.232079,253,"MN",101,"Quercus","macrocarpa","bur oak","Plantae","Breaking leaf buds",2021-05-29,149,2021-06-01,3,53
116989,501,9,"2017-01-01","2017-12-31",2017-04-20,110,2017-04-12,8,1,24692,44.846142,-93.232079,253,"MN",101,"Quercus","macrocarpa","bur oak","Plantae","Open flowers",2017-05-15,135,2017-05-25,10,25
116989,501,12,"2020-01-01","2020-12-31",2020-05-03,124,2020-04-30,3,2,24692,44.846142,-93.232079,253,"MN",101,"Quercus","macrocarpa","bur oak","Plantae","Open flowers",2020-05-11,132,2020-05-16,5,8
116989,501,13,"2021-01-01","2021-12-31",2021-04-16,106,2021-04-15,1,2,24692,44.846142,-93.232079,253,"MN",101,"Quercus","macrocarpa","bur oak","Plantae","Open flowers",2021-05-11,131,2021-05-17,6,25
119552,371,9,"2017-01-01","2017-12-31",2017-05-17,137,2017-05-08,9,1,25093,47.000977,-94.697235,426,"MN",101,"Quercus","macrocarpa","bur oak","Plantae","Breaking leaf buds",2017-05-22,142,2018-01-02,225,5
119552,371,10,"2018-01-01","2018-12-31",2018-05-17,137,2018-05-10,7,1,25093,47.000977,-94.697235,426,"MN",101,"Quercus","macrocarpa","bur oak","Plantae","Breaking leaf buds",2018-05-17,137,2019-04-25,343,0
119552,501,9,"2017-01-01","2017-12-31",2017-05-30,150,2017-05-22,8,1,25093,47.000977,-94.697235,426,"MN",101,"Quercus","macrocarpa","bur oak","Plantae","Open flowers",2017-05-30,150,2018-05-17,352,0
119552,501,10,"2018-01-01","2018-12-31",2018-06-07,158,2018-05-17,21,1,25093,47.000977,-94.697235,426,"MN",101,"Quercus","macrocarpa","bur oak","Plantae","Open flowers",2018-06-07,158,NA,NA,0
120716,371,9,"2017-01-01","2017-12-31",2017-04-08,98,2017-04-04,4,1,25066,33.667664,-79.830627,17,"SC",305,"Quercus","virginiana","live oak","Plantae","Breaking leaf buds",2017-04-08,98,2017-05-13,35,0
121724,371,9,"2017-01-01","2017-12-31",2017-04-02,92,2017-03-25,8,1,25325,37.401405,-79.887527,464,"VA",100,"Quercus","alba","white oak","Plantae","Breaking leaf buds",2017-04-21,111,2017-05-01,10,19
121724,371,10,"2018-01-01","2018-12-31",2018-04-25,115,2018-04-17,8,1,25325,37.401405,-79.887527,464,"VA",100,"Quercus","alba","white oak","Plantae","Breaking leaf buds",2018-05-12,132,2018-05-13,1,17
121725,371,9,"2017-01-01","2017-12-31",2017-03-25,84,2017-03-19,6,1,25325,37.401405,-79.887527,464,"VA",100,"Quercus","alba","white oak","Plantae","Breaking leaf buds",2017-04-21,111,2017-05-01,10,27
121725,371,10,"2018-01-01","2018-12-31",2018-04-25,115,2018-04-17,8,1,25325,37.401405,-79.887527,464,"VA",100,"Quercus","alba","white oak","Plantae","Breaking leaf buds",2018-05-12,132,2018-05-13,1,17
122289,371,9,"2017-01-01","2017-12-31",2017-03-01,60,2017-02-28,1,1,25257,27.664827,-81.515755,31,"FL",305,"Quercus","virginiana","live oak","Plantae","Breaking leaf buds",2017-04-06,96,2017-04-20,14,36
122290,371,9,"2017-01-01","2017-12-31",2017-03-17,76,2017-02-28,17,1,25257,27.664827,-81.515755,31,"FL",305,"Quercus","virginiana","live oak","Plantae","Breaking leaf buds",2017-04-20,110,NA,NA,34
122724,371,9,"2017-01-01","2017-12-31",2017-04-26,116,2017-04-24,2,1,25424,42.286526,-72.653793,51,"MA",101,"Quercus","macrocarpa","bur oak","Plantae","Breaking leaf buds",2017-04-28,118,2017-05-01,3,2
122724,371,10,"2018-01-01","2018-12-31",2018-05-01,121,2018-04-20,11,1,25424,42.286526,-72.653793,51,"MA",101,"Quercus","macrocarpa","bur oak","Plantae","Breaking leaf buds",2018-05-02,122,2018-08-19,109,1
122724,371,12,"2020-01-01","2020-12-31",2020-05-04,125,2020-05-01,3,1,25424,42.286526,-72.653793,51,"MA",101,"Quercus","macrocarpa","bur oak","Plantae","Breaking leaf buds",2020-05-12,133,2020-05-14,2,8
122724,371,13,"2021-01-01","2021-12-31",2021-04-13,103,2021-04-10,3,1,25424,42.286526,-72.653793,51,"MA",101,"Quercus","macrocarpa","bur oak","Plantae","Breaking leaf buds",2021-04-30,120,2021-05-03,3,17
122724,371,14,"2022-01-01","2022-12-31",2022-04-26,116,2022-04-23,3,1,25424,42.286526,-72.653793,51,"MA",101,"Quercus","macrocarpa","bur oak","Plantae","Breaking leaf buds",2022-05-10,130,2022-05-13,3,14
122724,371,15,"2023-01-01","2023-12-31",2023-04-13,103,2023-04-11,2,1,25424,42.286526,-72.653793,51,"MA",101,"Quercus","macrocarpa","bur oak","Plantae","Breaking leaf buds",2023-05-02,122,2023-05-07,5,19
122724,501,12,"2020-01-01","2020-12-31",2020-05-06,127,2020-05-04,2,1,25424,42.286526,-72.653793,51,"MA",101,"Quercus","macrocarpa","bur oak","Plantae","Open flowers",2020-05-31,152,2020-06-02,2,25
122724,501,15,"2023-01-01","2023-12-31",2023-05-07,127,2023-05-02,5,1,25424,42.286526,-72.653793,51,"MA",101,"Quercus","macrocarpa","bur oak","Plantae","Open flowers",2023-05-07,127,2023-05-11,4,0
122790,371,9,"2017-01-01","2017-12-31",2017-02-28,59,2017-02-18,10,1,9695,29.371792,-95.19973,8,"TX",305,"Quercus","virginiana","live oak","Plantae","Breaking leaf buds",2017-03-07,66,NA,NA,7
122790,501,9,"2017-01-01","2017-12-31",2017-02-18,49,2017-02-17,1,2,9695,29.371792,-95.19973,8,"TX",305,"Quercus","virginiana","live oak","Plantae","Open flowers",2017-03-07,66,NA,NA,17
123579,371,11,"2019-01-01","2019-12-31",2019-02-11,42,2019-01-18,24,1,25524,33.761486,-84.277054,293,"GA",100,"Quercus","alba","white oak","Plantae","Breaking leaf buds",2019-03-11,70,2019-05-14,64,28
123996,371,9,"2017-01-01","2017-12-31",2017-04-17,107,2017-04-10,7,1,25565,43.34066,-83.164528,256,"MI",101,"Quercus","macrocarpa","bur oak","Plantae","Breaking leaf buds",2017-05-01,121,2017-05-11,10,14
123996,371,10,"2018-01-01","2018-12-31",2018-05-07,127,2018-04-28,9,1,25565,43.34066,-83.164528,256,"MI",101,"Quercus","macrocarpa","bur oak","Plantae","Breaking leaf buds",2018-05-17,137,2018-05-23,6,10
123996,371,11,"2019-01-01","2019-12-31",2019-04-29,119,2019-04-21,8,1,25565,43.34066,-83.164528,256,"MI",101,"Quercus","macrocarpa","bur oak","Plantae","Breaking leaf buds",2019-05-06,126,2019-05-16,10,7
123996,501,9,"2017-01-01","2017-12-31",2017-05-24,144,2017-05-17,7,1,25565,43.34066,-83.164528,256,"MI",101,"Quercus","macrocarpa","bur oak","Plantae","Open flowers",2017-05-24,144,2017-06-01,8,0
123996,501,10,"2018-01-01","2018-12-31",2018-05-24,144,2018-05-23,1,1,25565,43.34066,-83.164528,256,"MI",101,"Quercus","macrocarpa","bur oak","Plantae","Open flowers",2018-05-24,144,2018-06-06,13,0
123996,501,11,"2019-01-01","2019-12-31",2019-05-23,143,2019-05-16,7,1,25565,43.34066,-83.164528,256,"MI",101,"Quercus","macrocarpa","bur oak","Plantae","Open flowers",2019-05-23,143,2019-06-05,13,0
127430,371,9,"2017-01-01","2017-12-31",2017-03-29,88,2017-03-26,3,1,25852,35.733105,-78.853477,133,"NC",100,"Quercus","alba","white oak","Plantae","Breaking leaf buds",2017-04-10,100,2017-04-18,8,12
127549,371,9,"2017-01-01","2017-12-31",2017-03-15,74,2017-03-10,5,1,25901,30.05377,-89.880486,0,"LA",305,"Quercus","virginiana","live oak","Plantae","Breaking leaf buds",2017-03-23,82,2017-04-04,12,8
127549,371,10,"2018-01-01","2018-12-31",2018-02-21,52,2018-02-15,6,1,25901,30.05377,-89.880486,0,"LA",305,"Quercus","virginiana","live oak","Plantae","Breaking leaf buds",2018-03-14,73,2018-03-20,6,21
127549,371,11,"2019-01-01","2019-12-31",2019-03-20,79,2019-03-12,8,1,25901,30.05377,-89.880486,0,"LA",305,"Quercus","virginiana","live oak","Plantae","Breaking leaf buds",2019-03-26,85,2019-04-03,8,6
127549,371,12,"2020-01-01","2020-12-31",2020-03-04,64,2020-02-26,7,3,25901,30.05377,-89.880486,0,"LA",305,"Quercus","virginiana","live oak","Plantae","Breaking leaf buds",2020-12-30,365,2021-01-04,5,301
127549,371,13,"2021-01-01","2021-12-31",2021-01-06,6,2021-01-04,2,3,25901,30.05377,-89.880486,0,"LA",305,"Quercus","virginiana","live oak","Plantae","Breaking leaf buds",2021-04-12,102,2021-04-19,7,96
127549,371,14,"2022-01-01","2022-12-31",2022-03-09,68,2022-03-04,5,2,25901,30.05377,-89.880486,0,"LA",305,"Quercus","virginiana","live oak","Plantae","Breaking leaf buds",2022-03-30,89,2022-04-16,17,21
127549,371,15,"2023-01-01","2023-12-31",2023-03-08,67,2023-03-01,7,2,25901,30.05377,-89.880486,0,"LA",305,"Quercus","virginiana","live oak","Plantae","Breaking leaf buds",2023-04-14,104,2023-04-26,12,37
127549,371,16,"2024-01-01","2024-12-31",2024-03-20,80,2024-03-13,7,1,25901,30.05377,-89.880486,0,"LA",305,"Quercus","virginiana","live oak","Plantae","Breaking leaf buds",2024-04-24,115,2024-08-15,113,35
127549,371,17,"2025-01-01","2025-12-31",2025-03-27,86,2025-03-19,8,1,25901,30.05377,-89.880486,0,"LA",305,"Quercus","virginiana","live oak","Plantae","Breaking leaf buds",2025-03-27,86,2025-05-10,44,0
127549,501,10,"2018-01-01","2018-12-31",2018-03-06,65,2018-02-21,13,1,25901,30.05377,-89.880486,0,"LA",305,"Quercus","virginiana","live oak","Plantae","Open flowers",2018-03-20,79,2018-03-28,8,14
127549,501,11,"2019-01-01","2019-12-31",2019-03-06,65,2019-02-25,9,1,25901,30.05377,-89.880486,0,"LA",305,"Quercus","virginiana","live oak","Plantae","Open flowers",2019-03-26,85,2019-04-03,8,20
127549,501,12,"2020-01-01","2020-12-31",2020-03-12,72,2020-03-04,8,1,25901,30.05377,-89.880486,0,"LA",305,"Quercus","virginiana","live oak","Plantae","Open flowers",2020-03-20,80,2020-06-01,73,8
127549,501,13,"2021-01-01","2021-12-31",2021-03-17,76,2021-03-10,7,2,25901,30.05377,-89.880486,0,"LA",305,"Quercus","virginiana","live oak","Plantae","Open flowers",2021-10-31,304,2021-11-07,7,228
127549,501,14,"2022-01-01","2022-12-31",2022-03-15,74,2022-03-12,3,3,25901,30.05377,-89.880486,0,"LA",305,"Quercus","virginiana","live oak","Plantae","Open flowers",2022-03-30,89,2022-04-16,17,15
127549,501,15,"2023-01-01","2023-12-31",2023-03-01,60,2023-02-22,7,1,25901,30.05377,-89.880486,0,"LA",305,"Quercus","virginiana","live oak","Plantae","Open flowers",2023-03-15,74,2023-03-22,7,14
127549,501,16,"2024-01-01","2024-12-31",2024-03-13,73,2024-03-06,7,1,25901,30.05377,-89.880486,0,"LA",305,"Quercus","virginiana","live oak","Plantae","Open flowers",2024-03-27,87,2024-04-24,28,14
127549,501,17,"2025-01-01","2025-12-31",2025-03-27,86,2025-03-19,8,1,25901,30.05377,-89.880486,0,"LA",305,"Quercus","virginiana","live oak","Plantae","Open flowers",2025-03-27,86,2025-05-10,44,0
127550,371,9,"2017-01-01","2017-12-31",2017-03-15,74,2017-03-10,5,1,25901,30.05377,-89.880486,0,"LA",305,"Quercus","virginiana","live oak","Plantae","Breaking leaf buds",2017-03-23,82,2017-04-04,12,8
127550,371,10,"2018-01-01","2018-12-31",2018-03-06,65,2018-02-21,13,1,25901,30.05377,-89.880486,0,"LA",305,"Quercus","virginiana","live oak","Plantae","Breaking leaf buds",2018-03-06,65,2018-03-14,8,0
127550,371,11,"2019-01-01","2019-12-31",2019-03-06,65,2019-02-25,9,1,25901,30.05377,-89.880486,0,"LA",305,"Quercus","virginiana","live oak","Plantae","Breaking leaf buds",2019-03-12,71,2019-03-20,8,6
127550,371,12,"2020-01-01","2020-12-31",2020-02-26,57,2020-02-18,8,3,25901,30.05377,-89.880486,0,"LA",305,"Quercus","virginiana","live oak","Plantae","Breaking leaf buds",2020-12-30,365,2021-01-04,5,308
127550,371,13,"2021-01-01","2021-12-31",2021-01-06,6,2021-01-04,2,4,25901,30.05377,-89.880486,0,"LA",305,"Quercus","virginiana","live oak","Plantae","Breaking leaf buds",2021-04-12,102,2021-04-19,7,96
127550,371,14,"2022-01-01","2022-12-31",2022-03-04,63,2022-03-02,2,3,25901,30.05377,-89.880486,0,"LA",305,"Quercus","virginiana","live oak","Plantae","Breaking leaf buds",2022-03-30,89,2022-04-16,17,26
127550,371,15,"2023-01-01","2023-12-31",2023-02-22,53,2023-02-15,7,3,25901,30.05377,-89.880486,0,"LA",305,"Quercus","virginiana","live oak","Plantae","Breaking leaf buds",2023-04-14,104,2023-04-26,12,51
127550,371,16,"2024-01-01","2024-12-31",2024-03-13,73,2024-03-06,7,1,25901,30.05377,-89.880486,0,"LA",305,"Quercus","virginiana","live oak","Plantae","Breaking leaf buds",2024-03-27,87,2024-04-24,28,14
127550,371,17,"2025-01-01","2025-12-31",2025-03-27,86,2025-03-19,8,1,25901,30.05377,-89.880486,0,"LA",305,"Quercus","virginiana","live oak","Plantae","Breaking leaf buds",2025-03-27,86,2025-05-10,44,0
127550,501,10,"2018-01-01","2018-12-31",2018-02-21,52,2018-02-15,6,2,25901,30.05377,-89.880486,0,"LA",305,"Quercus","virginiana","live oak","Plantae","Open flowers",2018-03-20,79,2018-03-28,8,27
127550,501,11,"2019-01-01","2019-12-31",2019-02-19,50,2019-02-06,13,1,25901,30.05377,-89.880486,0,"LA",305,"Quercus","virginiana","live oak","Plantae","Open flowers",2019-03-12,71,2019-03-20,8,21
127550,501,12,"2020-01-01","2020-12-31",2020-02-18,49,2020-02-09,9,2,25901,30.05377,-89.880486,0,"LA",305,"Quercus","virginiana","live oak","Plantae","Open flowers",2020-03-12,72,2020-03-20,8,23
127550,501,13,"2021-01-01","2021-12-31",2021-03-10,69,2021-03-07,3,1,25901,30.05377,-89.880486,0,"LA",305,"Quercus","virginiana","live oak","Plantae","Open flowers",2021-03-24,83,2021-03-31,7,14
127550,501,14,"2022-01-01","2022-12-31",2022-03-04,63,2022-03-02,2,1,25901,30.05377,-89.880486,0,"LA",305,"Quercus","virginiana","live oak","Plantae","Open flowers",2022-03-30,89,2022-04-16,17,26
127550,501,15,"2023-01-01","2023-12-31",2023-03-01,60,2023-02-22,7,1,25901,30.05377,-89.880486,0,"LA",305,"Quercus","virginiana","live oak","Plantae","Open flowers",2023-03-15,74,2023-03-22,7,14
127550,501,16,"2024-01-01","2024-12-31",2024-03-06,66,2024-02-28,7,1,25901,30.05377,-89.880486,0,"LA",305,"Quercus","virginiana","live oak","Plantae","Open flowers",2024-03-27,87,2024-04-24,28,21
127550,501,17,"2025-01-01","2025-12-31",2025-03-12,71,2025-03-05,7,1,25901,30.05377,-89.880486,0,"LA",305,"Quercus","virginiana","live oak","Plantae","Open flowers",2025-03-27,86,2025-05-10,44,15
127550,501,18,"2026-01-01","2026-12-31",2026-02-25,56,2026-02-11,14,1,25901,30.05377,-89.880486,0,"LA",305,"Quercus","virginiana","live oak","Plantae","Open flowers",2026-02-25,56,NA,NA,0
128508,371,9,"2017-01-01","2017-12-31",2017-04-19,109,2017-03-28,22,1,25972,39.974331,-86.093376,240,"IN",100,"Quercus","alba","white oak","Plantae","Breaking leaf buds",2017-04-19,109,2017-05-09,20,0
128508,371,10,"2018-01-01","2018-12-31",2018-05-04,124,2018-04-15,19,1,25972,39.974331,-86.093376,240,"IN",100,"Quercus","alba","white oak","Plantae","Breaking leaf buds",2018-05-04,124,2018-09-07,126,0
128508,371,11,"2019-01-01","2019-12-31",2019-04-21,111,2019-04-04,17,1,25972,39.974331,-86.093376,240,"IN",100,"Quercus","alba","white oak","Plantae","Breaking leaf buds",2019-04-21,111,2019-05-08,17,0
128508,501,9,"2017-01-01","2017-12-31",2017-04-19,109,2017-03-28,22,1,25972,39.974331,-86.093376,240,"IN",100,"Quercus","alba","white oak","Plantae","Open flowers",2017-04-19,109,2017-05-09,20,0
128508,501,10,"2018-01-01","2018-12-31",2018-05-04,124,2018-04-15,19,1,25972,39.974331,-86.093376,240,"IN",100,"Quercus","alba","white oak","Plantae","Open flowers",2018-05-04,124,2018-09-07,126,0
128508,501,11,"2019-01-01","2019-12-31",2019-04-21,111,2019-04-04,17,1,25972,39.974331,-86.093376,240,"IN",100,"Quercus","alba","white oak","Plantae","Open flowers",2019-04-21,111,2019-05-08,17,0
129396,371,9,"2017-01-01","2017-12-31",2017-04-12,102,2017-03-22,21,1,25662,34.254848,-84.138611,381,"GA",1212,"Quercus","montana","chestnut oak","Plantae","Breaking leaf buds",2017-04-12,102,2017-04-19,7,0
129412,371,11,"2019-01-01","2019-12-31",2019-05-08,128,2019-04-21,17,1,25972,39.974331,-86.093376,240,"IN",100,"Quercus","alba","white oak","Plantae","Breaking leaf buds",2019-05-08,128,2019-06-22,45,0
129941,371,9,"2017-01-01","2017-12-31",2017-04-08,98,2017-04-07,1,1,25968,38.863987,-77.687134,219,"VA",1212,"Quercus","montana","chestnut oak","Plantae","Breaking leaf buds",2017-04-08,98,NA,NA,0
131610,371,9,"2017-01-01","2017-12-31",2017-04-15,105,2017-04-10,5,1,26048,44.825459,-93.176857,263,"MN",100,"Quercus","alba","white oak","Plantae","Breaking leaf buds",2017-04-17,107,2017-04-24,7,2
131610,371,10,"2018-01-01","2018-12-31",2018-05-09,129,2018-04-29,10,1,26048,44.825459,-93.176857,263,"MN",100,"Quercus","alba","white oak","Plantae","Breaking leaf buds",2018-05-09,129,2018-05-15,6,0
131610,371,11,"2019-01-01","2019-12-31",2019-05-04,124,2019-04-26,8,1,26048,44.825459,-93.176857,263,"MN",100,"Quercus","alba","white oak","Plantae","Breaking leaf buds",2019-05-11,131,2019-05-22,11,7
131610,371,12,"2020-01-01","2020-12-31",2020-05-09,130,2020-05-02,7,1,26048,44.825459,-93.176857,263,"MN",100,"Quercus","alba","white oak","Plantae","Breaking leaf buds",2020-05-09,130,2020-05-16,7,0
131610,371,13,"2021-01-01","2021-12-31",2021-04-11,101,2021-04-03,8,1,26048,44.825459,-93.176857,263,"MN",100,"Quercus","alba","white oak","Plantae","Breaking leaf buds",2021-04-29,119,2021-05-06,7,18
131610,371,14,"2022-01-01","2022-12-31",2022-05-11,131,2022-04-28,13,1,26048,44.825459,-93.176857,263,"MN",100,"Quercus","alba","white oak","Plantae","Breaking leaf buds",2022-05-11,131,2022-05-20,9,0
131610,501,12,"2020-01-01","2020-12-31",2020-05-02,123,2020-04-25,7,1,26048,44.825459,-93.176857,263,"MN",100,"Quercus","alba","white oak","Plantae","Open flowers",2020-05-16,137,2020-05-25,9,14
131610,501,13,"2021-01-01","2021-12-31",2021-04-25,115,2021-04-16,9,1,26048,44.825459,-93.176857,263,"MN",100,"Quercus","alba","white oak","Plantae","Open flowers",2021-05-13,133,2021-05-19,6,18
131610,501,15,"2023-01-01","2023-12-31",2023-05-12,132,2023-04-28,14,1,26048,44.825459,-93.176857,263,"MN",100,"Quercus","alba","white oak","Plantae","Open flowers",2023-05-12,132,2023-05-22,10,0
132268,371,9,"2017-01-01","2017-12-31",2017-04-20,110,2017-04-19,1,1,26389,42.346191,-72.501717,76,"MA",100,"Quercus","alba","white oak","Plantae","Breaking leaf buds",2017-04-27,117,NA,NA,7
132847,371,9,"2017-01-01","2017-12-31",2017-04-07,97,2017-03-31,7,1,26202,41.814045,-88.050323,228,"IL",1212,"Quercus","montana","chestnut oak","Plantae","Breaking leaf buds",2017-04-28,118,2017-05-05,7,21
132847,371,10,"2018-01-01","2018-12-31",2018-05-04,124,2018-04-26,8,1,26202,41.814045,-88.050323,228,"IL",1212,"Quercus","montana","chestnut oak","Plantae","Breaking leaf buds",2018-05-17,137,2018-05-24,7,13
132847,371,11,"2019-01-01","2019-12-31",2019-04-24,114,2019-04-17,7,1,26202,41.814045,-88.050323,228,"IL",1212,"Quercus","montana","chestnut oak","Plantae","Breaking leaf buds",2019-05-14,134,2019-05-21,7,20
132847,501,9,"2017-01-01","2017-12-31",2017-04-21,111,2017-04-14,7,1,26202,41.814045,-88.050323,228,"IL",1212,"Quercus","montana","chestnut oak","Plantae","Open flowers",2017-05-17,137,2017-05-26,9,26
132847,501,10,"2018-01-01","2018-12-31",2018-05-11,131,2018-05-04,7,1,26202,41.814045,-88.050323,228,"IL",1212,"Quercus","montana","chestnut oak","Plantae","Open flowers",2018-05-17,137,2018-05-24,7,6
132847,501,11,"2019-01-01","2019-12-31",2019-05-08,128,2019-04-30,8,1,26202,41.814045,-88.050323,228,"IL",1212,"Quercus","montana","chestnut oak","Plantae","Open flowers",2019-05-28,148,2019-06-04,7,20
132849,371,9,"2017-01-01","2017-12-31",2017-04-07,97,2017-03-31,7,1,26202,41.814045,-88.050323,228,"IL",101,"Quercus","macrocarpa","bur oak","Plantae","Breaking leaf buds",2017-05-17,137,2017-05-26,9,40
132849,371,10,"2018-01-01","2018-12-31",2018-05-02,122,2018-04-20,12,1,26202,41.814045,-88.050323,228,"IL",101,"Quercus","macrocarpa","bur oak","Plantae","Breaking leaf buds",2018-05-11,131,2018-05-17,6,9
132849,371,11,"2019-01-01","2019-12-31",2019-04-29,119,2019-04-22,7,1,26202,41.814045,-88.050323,228,"IL",101,"Quercus","macrocarpa","bur oak","Plantae","Breaking leaf buds",2019-05-13,133,2019-05-20,7,14
132849,371,13,"2021-01-01","2021-12-31",2021-04-30,120,2021-04-23,7,1,26202,41.814045,-88.050323,228,"IL",101,"Quercus","macrocarpa","bur oak","Plantae","Breaking leaf buds",2021-04-30,120,2021-05-07,7,0
132849,501,9,"2017-01-01","2017-12-31",2017-04-21,111,2017-04-14,7,1,26202,41.814045,-88.050323,228,"IL",101,"Quercus","macrocarpa","bur oak","Plantae","Open flowers",2017-06-09,160,2017-06-16,7,49
132849,501,10,"2018-01-01","2018-12-31",2018-05-10,130,2018-05-04,6,1,26202,41.814045,-88.050323,228,"IL",101,"Quercus","macrocarpa","bur oak","Plantae","Open flowers",2018-05-18,138,2018-05-25,7,8
132849,501,11,"2019-01-01","2019-12-31",2019-05-06,126,2019-04-29,7,1,26202,41.814045,-88.050323,228,"IL",101,"Quercus","macrocarpa","bur oak","Plantae","Open flowers",2019-05-13,133,2019-05-20,7,7
132856,371,9,"2017-01-01","2017-12-31",2017-04-07,97,2017-03-31,7,1,26202,41.814045,-88.050323,228,"IL",100,"Quercus","alba","white oak","Plantae","Breaking leaf buds",2017-05-17,137,2017-05-26,9,40
132856,371,10,"2018-01-01","2018-12-31",2018-05-04,124,2018-04-26,8,1,26202,41.814045,-88.050323,228,"IL",100,"Quercus","alba","white oak","Plantae","Breaking leaf buds",2018-05-24,144,2018-05-31,7,20
132856,371,11,"2019-01-01","2019-12-31",2019-04-17,107,2019-04-03,14,1,26202,41.814045,-88.050323,228,"IL",100,"Quercus","alba","white oak","Plantae","Breaking leaf buds",2019-05-14,134,2019-05-21,7,27
132856,501,9,"2017-01-01","2017-12-31",2017-04-21,111,2017-04-14,7,1,26202,41.814045,-88.050323,228,"IL",100,"Quercus","alba","white oak","Plantae","Open flowers",2017-06-01,152,2017-06-09,8,41
132856,501,10,"2018-01-01","2018-12-31",2018-05-11,131,2018-05-04,7,1,26202,41.814045,-88.050323,228,"IL",100,"Quercus","alba","white oak","Plantae","Open flowers",2018-05-17,137,2018-05-24,7,6
132856,501,11,"2019-01-01","2019-12-31",2019-04-30,120,2019-04-24,6,1,26202,41.814045,-88.050323,228,"IL",100,"Quercus","alba","white oak","Plantae","Open flowers",2019-05-28,148,2019-06-04,7,28
132858,371,9,"2017-01-01","2017-12-31",2017-04-07,97,2017-03-31,7,1,26202,41.814045,-88.050323,228,"IL",100,"Quercus","alba","white oak","Plantae","Breaking leaf buds",2017-05-17,137,2017-05-26,9,40
132858,371,10,"2018-01-01","2018-12-31",2018-05-02,122,2018-04-25,7,1,26202,41.814045,-88.050323,228,"IL",100,"Quercus","alba","white oak","Plantae","Breaking leaf buds",2018-05-02,122,2018-05-10,8,0
132858,371,11,"2019-01-01","2019-12-31",2019-04-15,105,2019-04-09,6,1,26202,41.814045,-88.050323,228,"IL",100,"Quercus","alba","white oak","Plantae","Breaking leaf buds",2019-05-13,133,2019-05-28,15,28
132858,371,13,"2021-01-01","2021-12-31",2021-04-09,99,2021-04-03,6,1,26202,41.814045,-88.050323,228,"IL",100,"Quercus","alba","white oak","Plantae","Breaking leaf buds",2021-05-03,123,2021-05-10,7,24
132858,501,9,"2017-01-01","2017-12-31",2017-04-21,111,2017-04-14,7,1,26202,41.814045,-88.050323,228,"IL",100,"Quercus","alba","white oak","Plantae","Open flowers",2017-05-17,137,2017-05-26,9,26
132858,501,11,"2019-01-01","2019-12-31",2019-05-01,121,2019-04-23,8,1,26202,41.814045,-88.050323,228,"IL",100,"Quercus","alba","white oak","Plantae","Open flowers",2019-05-13,133,2019-05-28,15,12
132858,501,13,"2021-01-01","2021-12-31",2021-05-03,123,2021-04-26,7,1,26202,41.814045,-88.050323,228,"IL",100,"Quercus","alba","white oak","Plantae","Open flowers",2021-05-24,144,2021-06-03,10,21
132860,371,9,"2017-01-01","2017-12-31",2017-04-07,97,2017-03-31,7,1,26202,41.814045,-88.050323,228,"IL",100,"Quercus","alba","white oak","Plantae","Breaking leaf buds",2017-04-24,114,2017-05-08,14,17
132860,371,10,"2018-01-01","2018-12-31",2018-05-06,126,2018-04-29,7,1,26202,41.814045,-88.050323,228,"IL",100,"Quercus","alba","white oak","Plantae","Breaking leaf buds",2018-05-19,139,2018-06-04,16,13
132860,371,11,"2019-01-01","2019-12-31",2019-04-22,112,2019-04-15,7,1,26202,41.814045,-88.050323,228,"IL",100,"Quercus","alba","white oak","Plantae","Breaking leaf buds",2019-05-15,135,2019-05-21,6,23
132860,371,13,"2021-01-01","2021-12-31",2021-04-16,106,2021-04-09,7,1,26202,41.814045,-88.050323,228,"IL",100,"Quercus","alba","white oak","Plantae","Breaking leaf buds",2021-04-30,120,2021-05-06,6,14
132860,501,9,"2017-01-01","2017-12-31",2017-05-08,128,2017-04-24,14,1,26202,41.814045,-88.050323,228,"IL",100,"Quercus","alba","white oak","Plantae","Open flowers",2017-05-22,142,2017-05-29,7,14
132860,501,10,"2018-01-01","2018-12-31",2018-05-12,132,2018-05-06,6,1,26202,41.814045,-88.050323,228,"IL",100,"Quercus","alba","white oak","Plantae","Open flowers",2018-05-19,139,2018-06-04,16,7
132870,371,9,"2017-01-01","2017-12-31",2017-04-24,114,2017-04-17,7,1,26202,41.814045,-88.050323,228,"IL",1212,"Quercus","montana","chestnut oak","Plantae","Breaking leaf buds",2017-05-15,135,2017-05-22,7,21
132870,371,10,"2018-01-01","2018-12-31",2018-05-02,122,2018-04-26,6,1,26202,41.814045,-88.050323,228,"IL",1212,"Quercus","montana","chestnut oak","Plantae","Breaking leaf buds",2018-05-10,130,2018-05-18,8,8
132870,371,11,"2019-01-01","2019-12-31",2019-04-29,119,2019-04-22,7,1,26202,41.814045,-88.050323,228,"IL",1212,"Quercus","montana","chestnut oak","Plantae","Breaking leaf buds",2019-05-14,134,2019-05-20,6,15
132870,371,13,"2021-01-01","2021-12-31",2021-04-11,101,2021-04-04,7,1,26202,41.814045,-88.050323,228,"IL",1212,"Quercus","montana","chestnut oak","Plantae","Breaking leaf buds",2021-05-02,122,2021-05-09,7,21
132870,501,9,"2017-01-01","2017-12-31",2017-04-24,114,2017-04-17,7,1,26202,41.814045,-88.050323,228,"IL",1212,"Quercus","montana","chestnut oak","Plantae","Open flowers",2017-04-24,114,2017-05-01,7,0
132870,501,10,"2018-01-01","2018-12-31",2018-05-23,143,2018-05-18,5,1,26202,41.814045,-88.050323,228,"IL",1212,"Quercus","montana","chestnut oak","Plantae","Open flowers",2018-06-01,152,2018-06-06,5,9
132871,371,9,"2017-01-01","2017-12-31",2017-04-03,93,2017-03-27,7,2,26202,41.814045,-88.050323,228,"IL",1212,"Quercus","montana","chestnut oak","Plantae","Breaking leaf buds",2017-05-08,128,2017-05-15,7,35
132871,371,10,"2018-01-01","2018-12-31",2018-05-04,124,2018-04-26,8,1,26202,41.814045,-88.050323,228,"IL",1212,"Quercus","montana","chestnut oak","Plantae","Breaking leaf buds",2018-05-11,131,2018-05-18,7,7
132871,371,11,"2019-01-01","2019-12-31",2019-04-08,98,2019-04-01,7,1,26202,41.814045,-88.050323,228,"IL",1212,"Quercus","montana","chestnut oak","Plantae","Breaking leaf buds",2019-05-13,133,2019-05-20,7,35
132871,371,13,"2021-01-01","2021-12-31",2021-04-16,106,2021-04-09,7,1,26202,41.814045,-88.050323,228,"IL",1212,"Quercus","montana","chestnut oak","Plantae","Breaking leaf buds",2021-04-30,120,2021-05-07,7,14
132871,501,9,"2017-01-01","2017-12-31",2017-05-01,121,2017-04-24,7,1,26202,41.814045,-88.050323,228,"IL",1212,"Quercus","montana","chestnut oak","Plantae","Open flowers",2017-05-15,135,2017-05-22,7,14
132871,501,10,"2018-01-01","2018-12-31",2018-05-04,124,2018-04-26,8,1,26202,41.814045,-88.050323,228,"IL",1212,"Quercus","montana","chestnut oak","Plantae","Open flowers",2018-05-18,138,2018-05-25,7,14
132871,501,11,"2019-01-01","2019-12-31",2019-05-06,126,2019-04-29,7,1,26202,41.814045,-88.050323,228,"IL",1212,"Quercus","montana","chestnut oak","Plantae","Open flowers",2019-05-20,140,2019-05-29,9,14
132871,501,13,"2021-01-01","2021-12-31",2021-05-14,134,2021-05-07,7,1,26202,41.814045,-88.050323,228,"IL",1212,"Quercus","montana","chestnut oak","Plantae","Open flowers",2021-05-14,134,2021-05-21,7,0
132877,371,9,"2017-01-01","2017-12-31",2017-05-01,121,2017-04-24,7,1,26202,41.814045,-88.050323,228,"IL",101,"Quercus","macrocarpa","bur oak","Plantae","Breaking leaf buds",2017-05-08,128,2017-05-15,7,7
132877,501,9,"2017-01-01","2017-12-31",2017-05-08,128,2017-05-01,7,1,26202,41.814045,-88.050323,228,"IL",101,"Quercus","macrocarpa","bur oak","Plantae","Open flowers",2017-05-08,128,2017-05-15,7,0
132878,371,9,"2017-01-01","2017-12-31",2017-04-17,107,2017-04-10,7,1,26202,41.814045,-88.050323,228,"IL",101,"Quercus","macrocarpa","bur oak","Plantae","Breaking leaf buds",2017-05-08,128,2017-05-15,7,21
132878,371,10,"2018-01-01","2018-12-31",2018-05-02,122,2018-04-25,7,1,26202,41.814045,-88.050323,228,"IL",101,"Quercus","macrocarpa","bur oak","Plantae","Breaking leaf buds",2018-05-09,129,2018-05-17,8,7
132878,371,11,"2019-01-01","2019-12-31",2019-05-03,123,2019-05-02,1,1,26202,41.814045,-88.050323,228,"IL",101,"Quercus","macrocarpa","bur oak","Plantae","Breaking leaf buds",2019-05-19,139,2019-05-24,5,16
132878,371,13,"2021-01-01","2021-12-31",2021-04-04,94,2021-04-01,3,3,26202,41.814045,-88.050323,228,"IL",101,"Quercus","macrocarpa","bur oak","Plantae","Breaking leaf buds",2021-05-18,138,2021-05-23,5,44
132878,501,9,"2017-01-01","2017-12-31",2017-04-17,107,2017-04-10,7,1,26202,41.814045,-88.050323,228,"IL",101,"Quercus","macrocarpa","bur oak","Plantae","Open flowers",2017-04-24,114,2017-05-01,7,7
132878,501,13,"2021-01-01","2021-12-31",2021-05-18,138,2021-05-16,2,1,26202,41.814045,-88.050323,228,"IL",101,"Quercus","macrocarpa","bur oak","Plantae","Open flowers",2021-05-18,138,2021-05-23,5,0
135954,371,9,"2017-01-01","2017-12-31",2017-03-05,64,2017-02-19,14,2,26810,29.06127,-81.229851,15,"FL",305,"Quercus","virginiana","live oak","Plantae","Breaking leaf buds",2017-04-16,106,NA,NA,42
135954,501,9,"2017-01-01","2017-12-31",2017-03-19,78,2017-03-05,14,1,26810,29.06127,-81.229851,15,"FL",305,"Quercus","virginiana","live oak","Plantae","Open flowers",2017-04-04,94,2017-04-16,12,16
135958,371,9,"2017-01-01","2017-12-31",2017-02-19,50,2017-02-05,14,2,26810,29.06127,-81.229851,15,"FL",305,"Quercus","virginiana","live oak","Plantae","Breaking leaf buds",2017-04-04,94,2017-04-16,12,44
135958,501,9,"2017-01-01","2017-12-31",2017-03-19,78,2017-03-05,14,1,26810,29.06127,-81.229851,15,"FL",305,"Quercus","virginiana","live oak","Plantae","Open flowers",2017-04-04,94,2017-04-16,12,16
135959,371,9,"2017-01-01","2017-12-31",2017-02-19,50,2017-02-05,14,1,26810,29.06127,-81.229851,15,"FL",305,"Quercus","virginiana","live oak","Plantae","Breaking leaf buds",2017-04-16,106,NA,NA,56
136087,371,9,"2017-01-01","2017-12-31",2017-03-31,90,2017-03-17,14,1,26847,29.036613,-81.303291,18,"FL",305,"Quercus","virginiana","live oak","Plantae","Breaking leaf buds",2017-04-14,104,NA,NA,14
136087,501,9,"2017-01-01","2017-12-31",2017-03-03,62,2017-02-24,7,2,26847,29.036613,-81.303291,18,"FL",305,"Quercus","virginiana","live oak","Plantae","Open flowers",2017-04-14,104,NA,NA,42
136088,501,9,"2017-01-01","2017-12-31",2017-03-03,62,2017-02-24,7,1,26847,29.036613,-81.303291,18,"FL",305,"Quercus","virginiana","live oak","Plantae","Open flowers",2017-03-17,76,2017-03-31,14,14
136089,371,9,"2017-01-01","2017-12-31",2017-03-31,90,2017-03-17,14,1,26847,29.036613,-81.303291,18,"FL",305,"Quercus","virginiana","live oak","Plantae","Breaking leaf buds",2017-04-14,104,NA,NA,14
136089,501,9,"2017-01-01","2017-12-31",2017-03-03,62,2017-02-24,7,1,26847,29.036613,-81.303291,18,"FL",305,"Quercus","virginiana","live oak","Plantae","Open flowers",2017-03-17,76,2017-03-31,14,14
136470,371,9,"2017-01-01","2017-12-31",2017-04-04,94,2017-03-28,7,1,26859,37.229877,-80.419395,639,"VA",100,"Quercus","alba","white oak","Plantae","Breaking leaf buds",2017-04-23,113,NA,NA,19
136538,371,10,"2018-01-01","2018-12-31",2018-04-22,112,2018-04-17,5,1,26863,42.419384,-76.492157,266,"NY",100,"Quercus","alba","white oak","Plantae","Breaking leaf buds",2018-04-30,120,2022-04-07,1438,8
136538,371,14,"2022-01-01","2022-12-31",2022-04-15,105,2022-04-07,8,1,26863,42.419384,-76.492157,266,"NY",100,"Quercus","alba","white oak","Plantae","Breaking leaf buds",2022-04-30,120,NA,NA,15
136580,371,9,"2017-01-01","2017-12-31",2017-03-24,83,2017-03-17,7,1,26876,29.036613,-81.303291,18,"FL",305,"Quercus","virginiana","live oak","Plantae","Breaking leaf buds",2017-04-21,111,NA,NA,28
136583,371,9,"2017-01-01","2017-12-31",2017-03-17,76,2017-03-03,14,1,26876,29.036613,-81.303291,18,"FL",305,"Quercus","virginiana","live oak","Plantae","Breaking leaf buds",2017-04-21,111,NA,NA,35
136586,371,9,"2017-01-01","2017-12-31",2017-03-03,62,2017-02-26,5,1,26876,29.036613,-81.303291,18,"FL",305,"Quercus","virginiana","live oak","Plantae","Breaking leaf buds",2017-04-21,111,NA,NA,49
136871,371,10,"2018-01-01","2018-12-31",2018-05-02,122,2018-05-01,1,1,25424,42.286526,-72.653793,51,"MA",101,"Quercus","macrocarpa","bur oak","Plantae","Breaking leaf buds",2018-05-02,122,2018-08-28,118,0
136871,371,12,"2020-01-01","2020-12-31",2020-05-06,127,2020-05-04,2,1,25424,42.286526,-72.653793,51,"MA",101,"Quercus","macrocarpa","bur oak","Plantae","Breaking leaf buds",2020-05-14,135,2020-05-16,2,8
136871,371,13,"2021-01-01","2021-12-31",2021-04-21,111,2021-04-19,2,1,25424,42.286526,-72.653793,51,"MA",101,"Quercus","macrocarpa","bur oak","Plantae","Breaking leaf buds",2021-04-30,120,2021-05-03,3,9
136871,371,14,"2022-01-01","2022-12-31",2022-04-30,120,2022-04-26,4,1,25424,42.286526,-72.653793,51,"MA",101,"Quercus","macrocarpa","bur oak","Plantae","Breaking leaf buds",2022-05-10,130,2022-05-13,3,10
136871,371,15,"2023-01-01","2023-12-31",2023-04-24,114,2023-04-20,4,1,25424,42.286526,-72.653793,51,"MA",101,"Quercus","macrocarpa","bur oak","Plantae","Breaking leaf buds",2023-05-02,122,2023-05-07,5,8
137043,371,9,"2017-01-01","2017-12-31",2017-05-09,129,2017-05-07,2,1,26987,44.976757,-93.193657,272,"MN",101,"Quercus","macrocarpa","bur oak","Plantae","Breaking leaf buds",2017-05-10,130,NA,NA,1
137151,371,8,"2016-01-01","2016-12-31",2016-11-02,307,2016-10-06,27,1,27023,42.316795,-71.084755,10,"MA",100,"Quercus","alba","white oak","Plantae","Breaking leaf buds",2016-11-28,333,NA,NA,26
138575,371,10,"2018-01-01","2018-12-31",2018-05-04,124,2018-04-27,7,1,1915,41.78344,-73.732552,150,"NY",100,"Quercus","alba","white oak","Plantae","Breaking leaf buds",2018-05-11,131,2018-05-30,19,7
138575,371,11,"2019-01-01","2019-12-31",2019-05-08,128,2019-04-24,14,1,1915,41.78344,-73.732552,150,"NY",100,"Quercus","alba","white oak","Plantae","Breaking leaf buds",2019-05-08,128,2019-05-20,12,0
138575,371,12,"2020-01-01","2020-12-31",2020-05-19,140,2020-05-12,7,1,1915,41.78344,-73.732552,150,"NY",100,"Quercus","alba","white oak","Plantae","Breaking leaf buds",2020-05-19,140,2020-06-01,13,0
138575,501,9,"2017-01-01","2017-12-31",2017-06-01,152,2017-05-17,15,1,1915,41.78344,-73.732552,150,"NY",100,"Quercus","alba","white oak","Plantae","Open flowers",2017-06-01,152,2017-06-09,8,0
138575,501,11,"2019-01-01","2019-12-31",2019-05-08,128,2019-04-24,14,1,1915,41.78344,-73.732552,150,"NY",100,"Quercus","alba","white oak","Plantae","Open flowers",2019-05-20,140,2019-06-11,22,12
138575,501,13,"2021-01-01","2021-12-31",2021-05-20,140,2021-05-11,9,1,1915,41.78344,-73.732552,150,"NY",100,"Quercus","alba","white oak","Plantae","Open flowers",2021-05-20,140,2021-05-26,6,0
138649,371,9,"2017-01-01","2017-12-31",2017-05-19,139,2017-05-05,14,1,27143,39.667038,-104.87365,1684,"CO",101,"Quercus","macrocarpa","bur oak","Plantae","Breaking leaf buds",2017-05-19,139,2017-06-05,17,0
138649,501,9,"2017-01-01","2017-12-31",2017-04-24,114,2017-04-10,14,1,27143,39.667038,-104.87365,1684,"CO",101,"Quercus","macrocarpa","bur oak","Plantae","Open flowers",2017-04-24,114,2017-05-05,11,0
141898,371,10,"2018-01-01","2018-12-31",2018-02-24,55,2018-02-14,10,2,27475,29.783813,-90.117561,0,"LA",305,"Quercus","virginiana","live oak","Plantae","Breaking leaf buds",2018-03-22,81,2018-04-06,15,26
141898,501,10,"2018-01-01","2018-12-31",2018-02-24,55,2018-02-14,10,1,27475,29.783813,-90.117561,0,"LA",305,"Quercus","virginiana","live oak","Plantae","Open flowers",2018-03-22,81,2018-04-06,15,26
141907,371,10,"2018-01-01","2018-12-31",2018-03-23,82,2018-02-23,28,1,27476,29.785265,-90.110191,0,"LA",305,"Quercus","virginiana","live oak","Plantae","Breaking leaf buds",2018-03-23,82,2018-03-28,5,0
141907,371,11,"2019-01-01","2019-12-31",2019-03-21,80,2019-03-14,7,1,27476,29.785265,-90.110191,0,"LA",305,"Quercus","virginiana","live oak","Plantae","Breaking leaf buds",2019-03-21,80,2019-03-22,1,0
141907,371,12,"2020-01-01","2020-12-31",2020-03-05,65,2020-03-01,4,1,27476,29.785265,-90.110191,0,"LA",305,"Quercus","virginiana","live oak","Plantae","Breaking leaf buds",2020-03-20,80,2020-03-27,7,15
141907,501,10,"2018-01-01","2018-12-31",2018-02-23,54,2018-02-08,15,2,27476,29.785265,-90.110191,0,"LA",305,"Quercus","virginiana","live oak","Plantae","Open flowers",2018-03-23,82,2018-03-28,5,28
141907,501,11,"2019-01-01","2019-12-31",2019-03-21,80,2019-03-14,7,1,27476,29.785265,-90.110191,0,"LA",305,"Quercus","virginiana","live oak","Plantae","Open flowers",2019-03-21,80,2019-03-22,1,0
141907,501,12,"2020-01-01","2020-12-31",2020-03-12,72,2020-03-05,7,1,27476,29.785265,-90.110191,0,"LA",305,"Quercus","virginiana","live oak","Plantae","Open flowers",2020-03-16,76,2020-03-20,4,4
141916,371,10,"2018-01-01","2018-12-31",2018-02-26,57,2018-02-15,11,1,27477,29.793816,-90.122452,0,"LA",305,"Quercus","virginiana","live oak","Plantae","Breaking leaf buds",2018-03-08,67,2018-03-26,18,10
141916,371,11,"2019-01-01","2019-12-31",2019-03-08,67,2019-02-14,22,1,27477,29.793816,-90.122452,0,"LA",305,"Quercus","virginiana","live oak","Plantae","Breaking leaf buds",2019-03-08,67,2019-03-28,20,0
141916,371,13,"2021-01-01","2021-12-31",2021-01-30,30,2021-01-27,3,1,27477,29.793816,-90.122452,0,"LA",305,"Quercus","virginiana","live oak","Plantae","Breaking leaf buds",2021-01-30,30,2021-02-10,11,0
141916,371,14,"2022-01-01","2022-12-31",2022-03-02,61,2022-02-24,6,2,27477,29.793816,-90.122452,0,"LA",305,"Quercus","virginiana","live oak","Plantae","Breaking leaf buds",2022-06-30,181,2022-08-14,45,120
141916,371,17,"2025-01-01","2025-12-31",2025-03-09,68,2025-02-18,19,1,27477,29.793816,-90.122452,0,"LA",305,"Quercus","virginiana","live oak","Plantae","Breaking leaf buds",2025-03-28,87,2025-04-28,31,19
141916,501,10,"2018-01-01","2018-12-31",2018-03-08,67,2018-02-15,21,1,27477,29.793816,-90.122452,0,"LA",305,"Quercus","virginiana","live oak","Plantae","Open flowers",2018-03-08,67,2018-03-26,18,0
141916,501,11,"2019-01-01","2019-12-31",2019-03-08,67,2019-02-14,22,1,27477,29.793816,-90.122452,0,"LA",305,"Quercus","virginiana","live oak","Plantae","Open flowers",2019-03-08,67,2019-03-28,20,0
141916,501,12,"2020-01-01","2020-12-31",2020-03-19,79,2020-03-05,14,1,27477,29.793816,-90.122452,0,"LA",305,"Quercus","virginiana","live oak","Plantae","Open flowers",2020-03-19,79,2020-03-20,1,0
141916,501,17,"2025-01-01","2025-12-31",2025-03-19,78,2025-02-18,29,1,27477,29.793816,-90.122452,0,"LA",305,"Quercus","virginiana","live oak","Plantae","Open flowers",2025-03-28,87,2025-05-08,41,9
142873,371,9,"2017-01-01","2017-12-31",2017-03-30,89,2017-03-24,6,1,27567,35.957191,-83.866592,284,"TN",100,"Quercus","alba","white oak","Plantae","Breaking leaf buds",2017-03-30,89,2017-04-27,28,0
142873,371,10,"2018-01-01","2018-12-31",2018-04-06,96,2018-03-29,8,1,27567,35.957191,-83.866592,284,"TN",100,"Quercus","alba","white oak","Plantae","Breaking leaf buds",2018-04-13,103,2018-04-21,8,7
142873,371,11,"2019-01-01","2019-12-31",2019-04-01,91,2019-03-20,12,1,27567,35.957191,-83.866592,284,"TN",100,"Quercus","alba","white oak","Plantae","Breaking leaf buds",2019-04-15,105,2019-04-22,7,14
142873,371,13,"2021-01-01","2021-12-31",2021-03-09,68,2021-02-23,14,1,27567,35.957191,-83.866592,284,"TN",100,"Quercus","alba","white oak","Plantae","Breaking leaf buds",2021-04-03,93,2021-04-09,6,25
142873,371,14,"2022-01-01","2022-12-31",2022-03-21,80,2022-03-11,10,2,27567,35.957191,-83.866592,284,"TN",100,"Quercus","alba","white oak","Plantae","Breaking leaf buds",2022-04-15,105,2022-04-24,9,25
142873,371,15,"2023-01-01","2023-12-31",2023-03-31,90,2023-03-24,7,1,27567,35.957191,-83.866592,284,"TN",100,"Quercus","alba","white oak","Plantae","Breaking leaf buds",2023-04-13,103,2023-04-17,4,13
142873,371,16,"2024-01-01","2024-12-31",2024-04-10,101,2024-03-15,26,1,27567,35.957191,-83.866592,284,"TN",100,"Quercus","alba","white oak","Plantae","Breaking leaf buds",2024-04-10,101,2024-05-10,30,0
142873,371,17,"2025-01-01","2025-12-31",2025-04-08,98,2025-03-29,10,1,27567,35.957191,-83.866592,284,"TN",100,"Quercus","alba","white oak","Plantae","Breaking leaf buds",2025-04-08,98,2025-04-13,5,0
142873,371,18,"2026-01-01","2026-12-31",2026-03-30,89,2026-03-23,7,1,27567,35.957191,-83.866592,284,"TN",100,"Quercus","alba","white oak","Plantae","Breaking leaf buds",2026-03-30,89,2026-04-21,22,0
142951,371,9,"2017-01-01","2017-12-31",2017-12-03,337,2017-11-19,14,1,27585,29.033138,-81.299995,10,"FL",297,"Quercus","geminata","sand live oak","Plantae","Breaking leaf buds",2017-12-03,337,NA,NA,0
143294,371,10,"2018-01-01","2018-12-31",2018-05-01,121,2018-04-20,11,4,27467,40.655563,-73.997101,4,"NY",305,"Quercus","virginiana","live oak","Plantae","Breaking leaf buds",2018-07-10,191,2018-07-11,1,70
143294,371,17,"2025-01-01","2025-12-31",2025-06-06,157,2025-06-05,1,1,27467,40.655563,-73.997101,4,"NY",305,"Quercus","virginiana","live oak","Plantae","Breaking leaf buds",2025-06-06,157,2025-06-07,1,0
143294,501,17,"2025-01-01","2025-12-31",2025-06-07,158,2025-06-06,1,1,27467,40.655563,-73.997101,4,"NY",305,"Quercus","virginiana","live oak","Plantae","Open flowers",2025-06-07,158,NA,NA,0
143316,371,10,"2018-01-01","2018-12-31",2018-05-02,122,2018-04-24,8,1,22979,41.556442,-93.267807,267,"IA",101,"Quercus","macrocarpa","bur oak","Plantae","Breaking leaf buds",2018-05-10,130,2018-05-17,7,8
143316,371,11,"2019-01-01","2019-12-31",2019-04-25,115,2019-04-16,9,1,22979,41.556442,-93.267807,267,"IA",101,"Quercus","macrocarpa","bur oak","Plantae","Breaking leaf buds",2019-05-08,128,2019-05-16,8,13
143316,371,12,"2020-01-01","2020-12-31",2020-04-10,101,2020-04-07,3,2,22979,41.556442,-93.267807,267,"IA",101,"Quercus","macrocarpa","bur oak","Plantae","Breaking leaf buds",2020-05-07,128,2020-05-12,5,27
143316,371,13,"2021-01-01","2021-12-31",2021-05-04,124,2021-04-26,8,1,22979,41.556442,-93.267807,267,"IA",101,"Quercus","macrocarpa","bur oak","Plantae","Breaking leaf buds",2021-05-12,132,2021-05-19,7,8
143316,371,14,"2022-01-01","2022-12-31",2022-05-11,131,2022-05-04,7,1,22979,41.556442,-93.267807,267,"IA",101,"Quercus","macrocarpa","bur oak","Plantae","Breaking leaf buds",2022-05-16,136,2022-05-26,10,5
143316,371,15,"2023-01-01","2023-12-31",2023-04-19,109,2023-04-10,9,2,22979,41.556442,-93.267807,267,"IA",101,"Quercus","macrocarpa","bur oak","Plantae","Breaking leaf buds",2023-05-17,137,2023-05-24,7,28
143316,371,16,"2024-01-01","2024-12-31",2024-04-18,109,2024-04-12,6,1,22979,41.556442,-93.267807,267,"IA",101,"Quercus","macrocarpa","bur oak","Plantae","Breaking leaf buds",2024-05-07,128,2024-05-08,1,19
143316,371,17,"2025-01-01","2025-12-31",2025-04-28,118,2025-04-21,7,1,22979,41.556442,-93.267807,267,"IA",101,"Quercus","macrocarpa","bur oak","Plantae","Breaking leaf buds",2025-05-07,127,2025-05-16,9,9
143316,371,18,"2026-01-01","2026-12-31",2026-04-16,106,2026-04-06,10,2,22979,41.556442,-93.267807,267,"IA",101,"Quercus","macrocarpa","bur oak","Plantae","Breaking leaf buds",2026-04-27,117,2026-05-09,12,11
143316,501,10,"2018-01-01","2018-12-31",2018-05-10,130,2018-05-02,8,1,22979,41.556442,-93.267807,267,"IA",101,"Quercus","macrocarpa","bur oak","Plantae","Open flowers",2018-05-22,142,2018-05-30,8,12
143316,501,12,"2020-01-01","2020-12-31",2020-05-21,142,2020-05-12,9,1,22979,41.556442,-93.267807,267,"IA",101,"Quercus","macrocarpa","bur oak","Plantae","Open flowers",2020-05-21,142,2020-06-01,11,0
143316,501,13,"2021-01-01","2021-12-31",2021-05-04,124,2021-04-26,8,1,22979,41.556442,-93.267807,267,"IA",101,"Quercus","macrocarpa","bur oak","Plantae","Open flowers",2021-05-19,139,2021-05-26,7,15
143316,501,14,"2022-01-01","2022-12-31",2022-05-26,146,2022-05-16,10,1,22979,41.556442,-93.267807,267,"IA",101,"Quercus","macrocarpa","bur oak","Plantae","Open flowers",2022-06-06,157,2022-06-16,10,11
143316,501,15,"2023-01-01","2023-12-31",2023-05-17,137,2023-05-08,9,1,22979,41.556442,-93.267807,267,"IA",101,"Quercus","macrocarpa","bur oak","Plantae","Open flowers",2023-05-31,151,2023-06-14,14,14
143316,501,16,"2024-01-01","2024-12-31",2024-05-07,128,2024-04-29,8,1,22979,41.556442,-93.267807,267,"IA",101,"Quercus","macrocarpa","bur oak","Plantae","Open flowers",2024-05-15,136,2024-05-22,7,8
143316,501,17,"2025-01-01","2025-12-31",2025-05-07,127,2025-04-28,9,4,22979,41.556442,-93.267807,267,"IA",101,"Quercus","macrocarpa","bur oak","Plantae","Open flowers",2025-06-23,174,2025-07-02,9,47
143316,501,18,"2026-01-01","2026-12-31",2026-05-09,129,2026-04-27,12,1,22979,41.556442,-93.267807,267,"IA",101,"Quercus","macrocarpa","bur oak","Plantae","Open flowers",2026-05-21,141,2026-05-27,6,12
143317,371,10,"2018-01-01","2018-12-31",2018-05-02,122,2018-04-24,8,1,22979,41.556442,-93.267807,267,"IA",101,"Quercus","macrocarpa","bur oak","Plantae","Breaking leaf buds",2018-05-10,130,2018-05-17,7,8
143317,371,11,"2019-01-01","2019-12-31",2019-04-25,115,2019-04-16,9,1,22979,41.556442,-93.267807,267,"IA",101,"Quercus","macrocarpa","bur oak","Plantae","Breaking leaf buds",2019-05-08,128,2019-05-16,8,13
143317,371,12,"2020-01-01","2020-12-31",2020-04-10,101,2020-04-07,3,2,22979,41.556442,-93.267807,267,"IA",101,"Quercus","macrocarpa","bur oak","Plantae","Breaking leaf buds",2020-04-27,118,2020-05-07,10,17
143317,371,13,"2021-01-01","2021-12-31",2021-05-04,124,2021-04-26,8,1,22979,41.556442,-93.267807,267,"IA",101,"Quercus","macrocarpa","bur oak","Plantae","Breaking leaf buds",2021-05-12,132,2021-05-19,7,8
143317,371,14,"2022-01-01","2022-12-31",2022-05-11,131,2022-05-04,7,1,22979,41.556442,-93.267807,267,"IA",101,"Quercus","macrocarpa","bur oak","Plantae","Breaking leaf buds",2022-05-16,136,2022-05-26,10,5
143317,371,15,"2023-01-01","2023-12-31",2023-04-19,109,2023-04-10,9,2,22979,41.556442,-93.267807,267,"IA",101,"Quercus","macrocarpa","bur oak","Plantae","Breaking leaf buds",2023-05-17,137,2023-05-24,7,28
143317,371,16,"2024-01-01","2024-12-31",2024-04-18,109,2024-04-12,6,1,22979,41.556442,-93.267807,267,"IA",101,"Quercus","macrocarpa","bur oak","Plantae","Breaking leaf buds",2024-05-07,128,2024-05-08,1,19
143317,371,17,"2025-01-01","2025-12-31",2025-04-28,118,2025-04-21,7,1,22979,41.556442,-93.267807,267,"IA",101,"Quercus","macrocarpa","bur oak","Plantae","Breaking leaf buds",2025-04-28,118,2025-05-07,9,0
143317,371,18,"2026-01-01","2026-12-31",2026-04-22,112,2026-04-16,6,1,22979,41.556442,-93.267807,267,"IA",101,"Quercus","macrocarpa","bur oak","Plantae","Breaking leaf buds",2026-04-27,117,2026-05-09,12,5
143317,501,10,"2018-01-01","2018-12-31",2018-05-10,130,2018-05-02,8,1,22979,41.556442,-93.267807,267,"IA",101,"Quercus","macrocarpa","bur oak","Plantae","Open flowers",2018-05-22,142,2018-05-30,8,12
143317,501,12,"2020-01-01","2020-12-31",2020-05-12,133,2020-05-07,5,1,22979,41.556442,-93.267807,267,"IA",101,"Quercus","macrocarpa","bur oak","Plantae","Open flowers",2020-05-12,133,2020-05-21,9,0
143317,501,13,"2021-01-01","2021-12-31",2021-05-04,124,2021-04-26,8,1,22979,41.556442,-93.267807,267,"IA",101,"Quercus","macrocarpa","bur oak","Plantae","Open flowers",2021-05-19,139,2021-05-26,7,15
143317,501,14,"2022-01-01","2022-12-31",2022-06-06,157,2022-05-16,21,1,22979,41.556442,-93.267807,267,"IA",101,"Quercus","macrocarpa","bur oak","Plantae","Open flowers",2022-06-06,157,2022-06-16,10,0
143317,501,15,"2023-01-01","2023-12-31",2023-05-17,137,2023-05-08,9,1,22979,41.556442,-93.267807,267,"IA",101,"Quercus","macrocarpa","bur oak","Plantae","Open flowers",2023-05-31,151,2023-06-14,14,14
143317,501,16,"2024-01-01","2024-12-31",2024-05-07,128,2024-04-29,8,1,22979,41.556442,-93.267807,267,"IA",101,"Quercus","macrocarpa","bur oak","Plantae","Open flowers",2024-05-15,136,2024-05-22,7,8
143317,501,17,"2025-01-01","2025-12-31",2025-05-16,136,2025-05-07,9,3,22979,41.556442,-93.267807,267,"IA",101,"Quercus","macrocarpa","bur oak","Plantae","Open flowers",2025-06-23,174,2025-07-02,9,38
143317,501,18,"2026-01-01","2026-12-31",2026-05-09,129,2026-04-27,12,1,22979,41.556442,-93.267807,267,"IA",101,"Quercus","macrocarpa","bur oak","Plantae","Open flowers",2026-05-21,141,2026-05-27,6,12
144326,371,10,"2018-01-01","2018-12-31",2018-05-10,130,2018-05-02,8,1,27856,44.440258,-103.879349,1451,"SD",101,"Quercus","macrocarpa","bur oak","Plantae","Breaking leaf buds",2018-05-28,148,2018-08-24,88,18
144326,371,11,"2019-01-01","2019-12-31",2019-05-17,137,2019-05-09,8,1,27856,44.440258,-103.879349,1451,"SD",101,"Quercus","macrocarpa","bur oak","Plantae","Breaking leaf buds",2019-06-02,153,2019-06-10,8,16
144326,371,12,"2020-01-01","2020-12-31",2020-05-17,138,2020-04-26,21,1,27856,44.440258,-103.879349,1451,"SD",101,"Quercus","macrocarpa","bur oak","Plantae","Breaking leaf buds",2020-05-20,141,2020-05-25,5,3
144326,371,13,"2021-01-01","2021-12-31",2021-05-27,147,2021-05-19,8,1,27856,44.440258,-103.879349,1451,"SD",101,"Quercus","macrocarpa","bur oak","Plantae","Breaking leaf buds",2021-06-03,154,2021-06-11,8,7
144326,371,14,"2022-01-01","2022-12-31",2022-05-27,147,2022-05-26,1,1,27856,44.440258,-103.879349,1451,"SD",101,"Quercus","macrocarpa","bur oak","Plantae","Breaking leaf buds",2022-05-27,147,2022-05-29,2,0
144326,371,15,"2023-01-01","2023-12-31",2023-05-20,140,2023-05-07,13,1,27856,44.440258,-103.879349,1451,"SD",101,"Quercus","macrocarpa","bur oak","Plantae","Breaking leaf buds",2023-05-23,143,2023-05-29,6,3
144326,371,16,"2024-01-01","2024-12-31",2024-05-14,135,2024-05-12,2,1,27856,44.440258,-103.879349,1451,"SD",101,"Quercus","macrocarpa","bur oak","Plantae","Breaking leaf buds",2024-05-21,142,2024-05-31,10,7
144326,371,17,"2025-01-01","2025-12-31",2025-05-11,131,2025-04-29,12,1,27856,44.440258,-103.879349,1451,"SD",101,"Quercus","macrocarpa","bur oak","Plantae","Breaking leaf buds",2025-05-30,150,2025-06-08,9,19
144326,371,18,"2026-01-01","2026-12-31",2026-04-25,115,2026-04-06,19,1,27856,44.440258,-103.879349,1451,"SD",101,"Quercus","macrocarpa","bur oak","Plantae","Breaking leaf buds",2026-05-13,133,2026-05-25,12,18
144326,501,13,"2021-01-01","2021-12-31",2021-06-11,162,2021-06-10,1,1,27856,44.440258,-103.879349,1451,"SD",101,"Quercus","macrocarpa","bur oak","Plantae","Open flowers",2021-06-11,162,2021-07-12,31,0
144326,501,14,"2022-01-01","2022-12-31",2022-06-17,168,2022-06-11,6,1,27856,44.440258,-103.879349,1451,"SD",101,"Quercus","macrocarpa","bur oak","Plantae","Open flowers",2022-06-17,168,2022-07-08,21,0
144365,371,9,"2017-01-01","2017-12-31",2017-11-05,309,2017-10-15,21,1,27873,42.217434,-85.88958,224,"MI",305,"Quercus","virginiana","live oak","Plantae","Breaking leaf buds",2017-11-05,309,2017-11-16,11,0
144715,371,10,"2018-01-01","2018-12-31",2018-05-01,121,2018-04-20,11,3,27467,40.655563,-73.997101,4,"NY",305,"Quercus","virginiana","live oak","Plantae","Breaking leaf buds",2018-06-26,177,2018-07-03,7,56
144715,371,17,"2025-01-01","2025-12-31",2025-06-06,157,2025-06-05,1,1,27467,40.655563,-73.997101,4,"NY",305,"Quercus","virginiana","live oak","Plantae","Breaking leaf buds",2025-06-06,157,2025-06-07,1,0
144715,501,17,"2025-01-01","2025-12-31",2025-06-07,158,2025-06-06,1,1,27467,40.655563,-73.997101,4,"NY",305,"Quercus","virginiana","live oak","Plantae","Open flowers",2025-06-07,158,NA,NA,0
144716,371,10,"2018-01-01","2018-12-31",2018-05-01,121,2018-04-20,11,2,27467,40.655563,-73.997101,4,"NY",305,"Quercus","virginiana","live oak","Plantae","Breaking leaf buds",2018-05-22,142,2018-05-28,6,21
144716,371,17,"2025-01-01","2025-12-31",2025-06-06,157,2025-06-05,1,1,27467,40.655563,-73.997101,4,"NY",305,"Quercus","virginiana","live oak","Plantae","Breaking leaf buds",2025-06-06,157,2025-06-07,1,0
144716,501,17,"2025-01-01","2025-12-31",2025-06-07,158,2025-06-06,1,1,27467,40.655563,-73.997101,4,"NY",305,"Quercus","virginiana","live oak","Plantae","Open flowers",2025-06-07,158,NA,NA,0
144717,371,10,"2018-01-01","2018-12-31",2018-05-01,121,2018-04-20,11,2,27467,40.655563,-73.997101,4,"NY",305,"Quercus","virginiana","live oak","Plantae","Breaking leaf buds",2018-06-26,177,2018-07-03,7,56
144717,371,17,"2025-01-01","2025-12-31",2025-06-06,157,2025-06-05,1,1,27467,40.655563,-73.997101,4,"NY",305,"Quercus","virginiana","live oak","Plantae","Breaking leaf buds",2025-06-06,157,2025-06-07,1,0
144717,501,17,"2025-01-01","2025-12-31",2025-06-07,158,2025-06-06,1,1,27467,40.655563,-73.997101,4,"NY",305,"Quercus","virginiana","live oak","Plantae","Open flowers",2025-06-07,158,NA,NA,0
144718,371,10,"2018-01-01","2018-12-31",2018-05-01,121,2018-04-20,11,3,27467,40.655563,-73.997101,4,"NY",305,"Quercus","virginiana","live oak","Plantae","Breaking leaf buds",2018-06-26,177,2018-07-03,7,56
144718,371,17,"2025-01-01","2025-12-31",2025-06-06,157,2025-06-05,1,1,27467,40.655563,-73.997101,4,"NY",305,"Quercus","virginiana","live oak","Plantae","Breaking leaf buds",2025-06-06,157,2025-06-07,1,0
144718,501,17,"2025-01-01","2025-12-31",2025-06-07,158,2025-06-06,1,1,27467,40.655563,-73.997101,4,"NY",305,"Quercus","virginiana","live oak","Plantae","Open flowers",2025-06-07,158,NA,NA,0
144746,371,9,"2017-01-01","2017-12-31",2017-10-13,286,2017-10-02,11,1,27836,42.36327,-71.26049,33,"MA",100,"Quercus","alba","white oak","Plantae","Breaking leaf buds",2017-10-16,289,NA,NA,3
147077,371,10,"2018-01-01","2018-12-31",2018-05-01,121,2018-04-20,11,1,27467,40.655563,-73.997101,4,"NY",100,"Quercus","alba","white oak","Plantae","Breaking leaf buds",2018-05-09,129,2018-05-17,8,8
147077,371,17,"2025-01-01","2025-12-31",2025-06-06,157,2025-06-05,1,1,27467,40.655563,-73.997101,4,"NY",100,"Quercus","alba","white oak","Plantae","Breaking leaf buds",2025-06-06,157,2025-06-07,1,0
147077,501,10,"2018-01-01","2018-12-31",2018-05-09,129,2018-05-04,5,1,27467,40.655563,-73.997101,4,"NY",100,"Quercus","alba","white oak","Plantae","Open flowers",2018-05-09,129,2018-05-17,8,0
147077,501,17,"2025-01-01","2025-12-31",2025-06-07,158,2025-06-06,1,1,27467,40.655563,-73.997101,4,"NY",100,"Quercus","alba","white oak","Plantae","Open flowers",2025-06-07,158,NA,NA,0
147778,371,10,"2018-01-01","2018-12-31",2018-05-01,121,2018-04-20,11,2,27467,40.655563,-73.997101,4,"NY",305,"Quercus","virginiana","live oak","Plantae","Breaking leaf buds",2018-06-26,177,2018-07-03,7,56
147778,371,17,"2025-01-01","2025-12-31",2025-06-06,157,2025-06-05,1,1,27467,40.655563,-73.997101,4,"NY",305,"Quercus","virginiana","live oak","Plantae","Breaking leaf buds",2025-06-06,157,2025-06-07,1,0
147778,501,17,"2025-01-01","2025-12-31",2025-06-07,158,2025-06-06,1,1,27467,40.655563,-73.997101,4,"NY",305,"Quercus","virginiana","live oak","Plantae","Open flowers",2025-06-07,158,NA,NA,0
148382,371,9,"2017-01-01","2017-12-31",2017-11-28,332,2017-11-21,7,1,28482,39.030319,-94.570541,288,"MO",101,"Quercus","macrocarpa","bur oak","Plantae","Breaking leaf buds",2017-11-28,332,2017-12-05,7,0
149928,371,10,"2018-01-01","2018-12-31",2018-04-05,95,2018-03-22,14,1,28664,38.699406,-90.304901,166,"MO",100,"Quercus","alba","white oak","Plantae","Breaking leaf buds",2018-04-18,108,NA,NA,13
151500,371,10,"2018-01-01","2018-12-31",2018-05-02,122,2018-04-27,5,1,28898,45.046383,-93.224602,281,"MN",100,"Quercus","alba","white oak","Plantae","Breaking leaf buds",2018-05-16,136,2018-05-23,7,14
151500,371,11,"2019-01-01","2019-12-31",2019-05-12,132,2019-05-04,8,1,28898,45.046383,-93.224602,281,"MN",100,"Quercus","alba","white oak","Plantae","Breaking leaf buds",2019-06-01,152,2019-06-08,7,20
151500,501,10,"2018-01-01","2018-12-31",2018-05-16,136,2018-05-02,14,1,28898,45.046383,-93.224602,281,"MN",100,"Quercus","alba","white oak","Plantae","Open flowers",2018-05-23,143,2018-05-30,7,7
151500,501,11,"2019-01-01","2019-12-31",2019-06-01,152,2019-05-26,6,1,28898,45.046383,-93.224602,281,"MN",100,"Quercus","alba","white oak","Plantae","Open flowers",2019-06-08,159,2019-06-15,7,7
152975,371,10,"2018-01-01","2018-12-31",2018-03-08,67,2018-03-01,7,1,28988,30.225048,-92.045006,10,"LA",305,"Quercus","virginiana","live oak","Plantae","Breaking leaf buds",2018-03-08,67,NA,NA,0
152975,501,10,"2018-01-01","2018-12-31",2018-03-08,67,2018-03-01,7,1,28988,30.225048,-92.045006,10,"LA",305,"Quercus","virginiana","live oak","Plantae","Open flowers",2018-03-08,67,NA,NA,0
153968,371,11,"2019-01-01","2019-12-31",2019-04-27,117,2019-04-13,14,1,27645,40.652672,-73.987457,5,"NY",100,"Quercus","alba","white oak","Plantae","Breaking leaf buds",2019-04-27,117,2019-05-05,8,0
153968,371,12,"2020-01-01","2020-12-31",2020-04-26,117,2020-04-19,7,1,27645,40.652672,-73.987457,5,"NY",100,"Quercus","alba","white oak","Plantae","Breaking leaf buds",2020-05-03,124,2020-05-11,8,7
153968,501,10,"2018-01-01","2018-12-31",2018-05-04,124,2018-04-20,14,1,27645,40.652672,-73.987457,5,"NY",100,"Quercus","alba","white oak","Plantae","Open flowers",2018-05-11,131,2018-05-18,7,7
153968,501,11,"2019-01-01","2019-12-31",2019-04-27,117,2019-04-14,13,1,27645,40.652672,-73.987457,5,"NY",100,"Quercus","alba","white oak","Plantae","Open flowers",2019-05-18,138,2019-05-26,8,21
153968,501,12,"2020-01-01","2020-12-31",2020-04-29,120,2020-04-26,3,1,27645,40.652672,-73.987457,5,"NY",100,"Quercus","alba","white oak","Plantae","Open flowers",2020-05-21,142,2020-05-28,7,22
154075,371,11,"2019-01-01","2019-12-31",2019-03-13,72,2019-02-23,18,1,28549,38.730068,-75.365211,13,"DE",100,"Quercus","alba","white oak","Plantae","Breaking leaf buds",2019-04-18,108,2019-06-11,54,36
159520,371,10,"2018-01-01","2018-12-31",2018-04-30,120,2018-04-19,11,1,29923,47.48584,-94.874771,417,"MN",100,"Quercus","alba","white oak","Plantae","Breaking leaf buds",2018-05-02,122,NA,NA,2
159976,371,11,"2019-01-01","2019-12-31",2019-04-16,106,2019-04-03,13,1,26863,42.419384,-76.492157,266,"NY",100,"Quercus","alba","white oak","Plantae","Breaking leaf buds",2019-04-16,106,2022-04-07,1087,0
159977,371,10,"2018-01-01","2018-12-31",2018-04-17,107,2018-04-05,12,1,26863,42.419384,-76.492157,266,"NY",100,"Quercus","alba","white oak","Plantae","Breaking leaf buds",2018-04-30,120,2019-03-19,323,13
159977,371,11,"2019-01-01","2019-12-31",2019-04-18,108,2019-04-16,2,2,26863,42.419384,-76.492157,266,"NY",100,"Quercus","alba","white oak","Plantae","Breaking leaf buds",2019-05-08,128,2022-04-07,1065,20
159977,501,11,"2019-01-01","2019-12-31",2019-05-01,121,2019-04-18,13,1,26863,42.419384,-76.492157,266,"NY",100,"Quercus","alba","white oak","Plantae","Open flowers",2019-05-01,121,2022-04-07,1072,0
159978,371,11,"2019-01-01","2019-12-31",2019-04-08,98,2019-04-04,4,1,26863,42.419384,-76.492157,266,"NY",100,"Quercus","alba","white oak","Plantae","Breaking leaf buds",2019-04-08,98,2019-04-12,4,0
159978,371,14,"2022-01-01","2022-12-31",2022-04-14,104,2022-04-07,7,1,26863,42.419384,-76.492157,266,"NY",100,"Quercus","alba","white oak","Plantae","Breaking leaf buds",2022-04-27,117,2026-03-31,1434,13
159979,371,10,"2018-01-01","2018-12-31",2018-04-20,110,2018-04-04,16,1,26863,42.419384,-76.492157,266,"NY",100,"Quercus","alba","white oak","Plantae","Breaking leaf buds",2018-04-20,110,2018-04-25,5,0
159979,371,13,"2021-01-01","2021-12-31",2021-04-20,110,2021-04-13,7,1,26863,42.419384,-76.492157,266,"NY",100,"Quercus","alba","white oak","Plantae","Breaking leaf buds",2021-04-27,117,2022-04-07,345,7
159979,371,14,"2022-01-01","2022-12-31",2022-04-14,104,2022-04-07,7,1,26863,42.419384,-76.492157,266,"NY",100,"Quercus","alba","white oak","Plantae","Breaking leaf buds",2022-04-27,117,2025-04-07,1076,13
160830,371,10,"2018-01-01","2018-12-31",2018-04-18,108,2018-04-16,2,1,30113,47.485638,-94.873604,414,"MN",100,"Quercus","alba","white oak","Plantae","Breaking leaf buds",2018-04-30,120,NA,NA,12
160915,371,10,"2018-01-01","2018-12-31",2018-04-02,92,2018-03-19,14,1,30122,37.387775,-80.047691,546,"VA",1212,"Quercus","montana","chestnut oak","Plantae","Breaking leaf buds",2018-04-02,92,NA,NA,0
161058,371,10,"2018-01-01","2018-12-31",2018-05-07,127,2018-04-30,7,1,30146,42.056484,-87.676254,180,"IL",101,"Quercus","macrocarpa","bur oak","Plantae","Breaking leaf buds",2018-05-07,127,2018-05-14,7,0
161062,371,10,"2018-01-01","2018-12-31",2018-05-21,141,2018-05-09,12,1,30148,38.518478,-78.440117,897,"VA",100,"Quercus","alba","white oak","Plantae","Breaking leaf buds",2018-05-28,148,2018-06-04,7,7
161137,371,10,"2018-01-01","2018-12-31",2018-05-06,126,2018-05-05,1,2,30148,38.518478,-78.440117,897,"VA",100,"Quercus","alba","white oak","Plantae","Breaking leaf buds",2018-06-04,155,2018-06-10,6,29
163733,371,10,"2018-01-01","2018-12-31",2018-04-07,97,2018-03-22,16,1,30453,41.941708,-87.709549,181,"IL",1212,"Quercus","montana","chestnut oak","Plantae","Breaking leaf buds",2018-04-23,113,NA,NA,16
166353,371,11,"2019-01-01","2019-12-31",2019-05-14,134,2019-05-11,3,1,1904,47.143215,-93.431,399,"MN",101,"Quercus","macrocarpa","bur oak","Plantae","Breaking leaf buds",2019-05-23,143,2019-05-28,5,9
166353,371,12,"2020-01-01","2020-12-31",2020-05-06,127,2020-05-01,5,1,1904,47.143215,-93.431,399,"MN",101,"Quercus","macrocarpa","bur oak","Plantae","Breaking leaf buds",2020-05-24,145,2020-05-28,4,18
166353,371,13,"2021-01-01","2021-12-31",2021-05-06,126,2021-05-02,4,1,1904,47.143215,-93.431,399,"MN",101,"Quercus","macrocarpa","bur oak","Plantae","Breaking leaf buds",2021-05-19,139,2021-05-21,2,13
166353,371,14,"2022-01-01","2022-12-31",2022-05-11,131,2022-05-09,2,1,1904,47.143215,-93.431,399,"MN",101,"Quercus","macrocarpa","bur oak","Plantae","Breaking leaf buds",2022-05-24,144,2022-05-26,2,13
166353,371,15,"2023-01-01","2023-12-31",2023-05-10,130,2023-05-08,2,1,1904,47.143215,-93.431,399,"MN",101,"Quercus","macrocarpa","bur oak","Plantae","Breaking leaf buds",2023-05-13,133,2023-05-15,2,3
166353,371,16,"2024-01-01","2024-12-31",2024-05-08,129,2024-05-04,4,1,1904,47.143215,-93.431,399,"MN",101,"Quercus","macrocarpa","bur oak","Plantae","Breaking leaf buds",2024-05-15,136,2024-05-20,5,7
166353,371,17,"2025-01-01","2025-12-31",2025-05-07,127,2025-05-04,3,1,1904,47.143215,-93.431,399,"MN",101,"Quercus","macrocarpa","bur oak","Plantae","Breaking leaf buds",2025-05-11,131,2025-05-17,6,4
166353,371,18,"2026-01-01","2026-12-31",2026-05-17,137,2026-05-13,4,1,1904,47.143215,-93.431,399,"MN",101,"Quercus","macrocarpa","bur oak","Plantae","Breaking leaf buds",2026-05-25,145,2026-06-01,7,8
166353,501,11,"2019-01-01","2019-12-31",2019-05-28,148,2019-05-23,5,1,1904,47.143215,-93.431,399,"MN",101,"Quercus","macrocarpa","bur oak","Plantae","Open flowers",2019-06-04,155,2019-09-01,89,7
166353,501,12,"2020-01-01","2020-12-31",2020-05-24,145,2020-05-21,3,1,1904,47.143215,-93.431,399,"MN",101,"Quercus","macrocarpa","bur oak","Plantae","Open flowers",2020-05-28,149,2020-05-31,3,4
166353,501,13,"2021-01-01","2021-12-31",2021-05-21,141,2021-05-19,2,1,1904,47.143215,-93.431,399,"MN",101,"Quercus","macrocarpa","bur oak","Plantae","Open flowers",2021-05-21,141,2021-05-23,2,0
166353,501,14,"2022-01-01","2022-12-31",2022-06-01,152,2022-05-29,3,1,1904,47.143215,-93.431,399,"MN",101,"Quercus","macrocarpa","bur oak","Plantae","Open flowers",2022-06-01,152,2022-06-07,6,0
166353,501,15,"2023-01-01","2023-12-31",2023-05-17,137,2023-05-15,2,1,1904,47.143215,-93.431,399,"MN",101,"Quercus","macrocarpa","bur oak","Plantae","Open flowers",2023-05-22,142,2023-05-25,3,5
166385,371,10,"2018-01-01","2018-12-31",2018-05-10,130,2018-05-03,7,1,30110,42.052658,-87.684387,181,"IL",101,"Quercus","macrocarpa","bur oak","Plantae","Breaking leaf buds",2018-05-17,137,2018-05-24,7,7
166385,501,10,"2018-01-01","2018-12-31",2018-05-10,130,2018-05-03,7,1,30110,42.052658,-87.684387,181,"IL",101,"Quercus","macrocarpa","bur oak","Plantae","Open flowers",2018-05-17,137,2018-05-24,7,7
166837,371,10,"2018-01-01","2018-12-31",2018-05-02,122,2018-04-25,7,1,30714,42.151939,-87.779762,198,"IL",100,"Quercus","alba","white oak","Plantae","Breaking leaf buds",2018-05-11,131,NA,NA,9
166837,501,10,"2018-01-01","2018-12-31",2018-05-11,131,2018-05-02,9,1,30714,42.151939,-87.779762,198,"IL",100,"Quercus","alba","white oak","Plantae","Open flowers",2018-05-11,131,NA,NA,0
166874,371,11,"2019-01-01","2019-12-31",2019-04-20,110,2019-04-01,19,1,25661,41.643398,-93.671654,259,"IA",101,"Quercus","macrocarpa","bur oak","Plantae","Breaking leaf buds",2019-05-02,122,2019-05-12,10,12
166874,371,12,"2020-01-01","2020-12-31",2020-04-09,100,2020-03-31,9,1,25661,41.643398,-93.671654,259,"IA",101,"Quercus","macrocarpa","bur oak","Plantae","Breaking leaf buds",2020-04-26,117,2020-05-08,12,17
166874,371,13,"2021-01-01","2021-12-31",2021-04-12,102,2021-04-02,10,1,25661,41.643398,-93.671654,259,"IA",101,"Quercus","macrocarpa","bur oak","Plantae","Breaking leaf buds",2021-05-06,126,2021-05-15,9,24
166874,371,14,"2022-01-01","2022-12-31",2022-04-24,114,2022-04-16,8,1,25661,41.643398,-93.671654,259,"IA",101,"Quercus","macrocarpa","bur oak","Plantae","Breaking leaf buds",2022-05-07,127,2022-05-16,9,13
166874,371,15,"2023-01-01","2023-12-31",2023-04-13,103,2023-04-02,11,1,25661,41.643398,-93.671654,259,"IA",101,"Quercus","macrocarpa","bur oak","Plantae","Breaking leaf buds",2023-04-13,103,2023-06-24,72,0
166874,501,12,"2020-01-01","2020-12-31",2020-05-17,138,2020-05-08,9,1,25661,41.643398,-93.671654,259,"IA",101,"Quercus","macrocarpa","bur oak","Plantae","Open flowers",2020-05-17,138,2020-05-25,8,0
166874,501,13,"2021-01-01","2021-12-31",2021-04-28,118,2021-04-18,10,1,25661,41.643398,-93.671654,259,"IA",101,"Quercus","macrocarpa","bur oak","Plantae","Open flowers",2021-05-06,126,2021-06-08,33,8
166874,501,14,"2022-01-01","2022-12-31",2022-05-16,136,2022-05-07,9,1,25661,41.643398,-93.671654,259,"IA",101,"Quercus","macrocarpa","bur oak","Plantae","Open flowers",2022-05-27,147,2022-06-19,23,11
166875,371,11,"2019-01-01","2019-12-31",2019-04-20,110,2019-04-01,19,1,25661,41.643398,-93.671654,259,"IA",101,"Quercus","macrocarpa","bur oak","Plantae","Breaking leaf buds",2019-05-02,122,2019-05-12,10,12
166875,371,12,"2020-01-01","2020-12-31",2020-04-09,100,2020-03-31,9,1,25661,41.643398,-93.671654,259,"IA",101,"Quercus","macrocarpa","bur oak","Plantae","Breaking leaf buds",2020-04-26,117,2020-05-08,12,17
166875,371,13,"2021-01-01","2021-12-31",2021-04-12,102,2021-04-02,10,1,25661,41.643398,-93.671654,259,"IA",101,"Quercus","macrocarpa","bur oak","Plantae","Breaking leaf buds",2021-04-18,108,2021-04-28,10,6
166875,371,14,"2022-01-01","2022-12-31",2022-04-24,114,2022-04-16,8,1,25661,41.643398,-93.671654,259,"IA",101,"Quercus","macrocarpa","bur oak","Plantae","Breaking leaf buds",2022-05-07,127,2022-05-16,9,13
166875,371,15,"2023-01-01","2023-12-31",2023-04-13,103,2023-04-02,11,1,25661,41.643398,-93.671654,259,"IA",101,"Quercus","macrocarpa","bur oak","Plantae","Breaking leaf buds",2023-04-13,103,2023-06-24,72,0
166875,501,12,"2020-01-01","2020-12-31",2020-05-17,138,2020-05-08,9,1,25661,41.643398,-93.671654,259,"IA",101,"Quercus","macrocarpa","bur oak","Plantae","Open flowers",2020-05-17,138,2020-05-25,8,0
166875,501,13,"2021-01-01","2021-12-31",2021-04-28,118,2021-04-18,10,1,25661,41.643398,-93.671654,259,"IA",101,"Quercus","macrocarpa","bur oak","Plantae","Open flowers",2021-05-06,126,2021-06-08,33,8
166875,501,14,"2022-01-01","2022-12-31",2022-05-16,136,2022-05-07,9,1,25661,41.643398,-93.671654,259,"IA",101,"Quercus","macrocarpa","bur oak","Plantae","Open flowers",2022-05-27,147,2022-06-19,23,11
168251,371,10,"2018-01-01","2018-12-31",2018-05-07,127,2018-04-30,7,1,30883,42.058048,-87.680901,180,"IL",101,"Quercus","macrocarpa","bur oak","Plantae","Breaking leaf buds",2018-06-04,155,NA,NA,28
169909,371,11,"2019-01-01","2019-12-31",2019-04-23,113,2019-04-11,12,1,30979,42.435844,-71.106285,26,"MA",1212,"Quercus","montana","chestnut oak","Plantae","Breaking leaf buds",2019-05-11,131,2019-05-17,6,18
169909,371,12,"2020-01-01","2020-12-31",2020-04-26,117,2020-04-20,6,2,30979,42.435844,-71.106285,26,"MA",1212,"Quercus","montana","chestnut oak","Plantae","Breaking leaf buds",2020-05-11,132,2020-05-18,7,15
169909,371,13,"2021-01-01","2021-12-31",2021-04-12,102,2021-04-05,7,1,30979,42.435844,-71.106285,26,"MA",1212,"Quercus","montana","chestnut oak","Plantae","Breaking leaf buds",2021-05-03,123,2021-05-10,7,21
169909,371,14,"2022-01-01","2022-12-31",2022-05-02,122,2022-04-25,7,1,30979,42.435844,-71.106285,26,"MA",1212,"Quercus","montana","chestnut oak","Plantae","Breaking leaf buds",2022-05-16,136,2022-05-23,7,14
169909,371,15,"2023-01-01","2023-12-31",2023-04-17,107,2023-04-10,7,1,30979,42.435844,-71.106285,26,"MA",1212,"Quercus","montana","chestnut oak","Plantae","Breaking leaf buds",2023-05-08,128,2023-05-15,7,21
169909,371,16,"2024-01-01","2024-12-31",2024-04-29,120,2024-04-22,7,1,30979,42.435844,-71.106285,26,"MA",1212,"Quercus","montana","chestnut oak","Plantae","Breaking leaf buds",2024-05-06,127,2024-05-13,7,7
169909,371,17,"2025-01-01","2025-12-31",2025-04-21,111,2025-04-14,7,1,30979,42.435844,-71.106285,26,"MA",1212,"Quercus","montana","chestnut oak","Plantae","Breaking leaf buds",2025-05-06,126,2025-05-12,6,15
169909,371,18,"2026-01-01","2026-12-31",2026-04-20,110,2026-04-13,7,1,30979,42.435844,-71.106285,26,"MA",1212,"Quercus","montana","chestnut oak","Plantae","Breaking leaf buds",2026-05-11,131,2026-05-18,7,21
169909,501,11,"2019-01-01","2019-12-31",2019-05-11,131,2019-05-04,7,1,30979,42.435844,-71.106285,26,"MA",1212,"Quercus","montana","chestnut oak","Plantae","Open flowers",2019-05-17,137,2019-05-22,5,6
169909,501,13,"2021-01-01","2021-12-31",2021-05-17,137,2021-05-10,7,1,30979,42.435844,-71.106285,26,"MA",1212,"Quercus","montana","chestnut oak","Plantae","Open flowers",2021-05-17,137,2021-05-24,7,0
169909,501,17,"2025-01-01","2025-12-31",2025-05-06,126,2025-04-28,8,1,30979,42.435844,-71.106285,26,"MA",1212,"Quercus","montana","chestnut oak","Plantae","Open flowers",2025-05-19,139,2025-05-26,7,13
169909,501,18,"2026-01-01","2026-12-31",2026-05-18,138,2026-05-11,7,1,30979,42.435844,-71.106285,26,"MA",1212,"Quercus","montana","chestnut oak","Plantae","Open flowers",2026-05-18,138,2026-05-25,7,0
171135,371,11,"2019-01-01","2019-12-31",2019-04-15,105,2019-04-11,4,1,31120,38.801815,-94.688911,319,"KS",101,"Quercus","macrocarpa","bur oak","Plantae","Breaking leaf buds",2019-04-15,105,2019-07-11,87,0
171135,371,15,"2023-01-01","2023-12-31",2023-04-13,103,2023-03-30,14,1,31120,38.801815,-94.688911,319,"KS",101,"Quercus","macrocarpa","bur oak","Plantae","Breaking leaf buds",2023-04-13,103,2024-02-22,315,0
171135,501,11,"2019-01-01","2019-12-31",2019-05-01,121,2019-04-23,8,1,31120,38.801815,-94.688911,319,"KS",101,"Quercus","macrocarpa","bur oak","Plantae","Open flowers",2019-05-01,121,2019-05-10,9,0
171136,371,11,"2019-01-01","2019-12-31",2019-04-15,105,2019-04-11,4,1,31120,38.801815,-94.688911,319,"KS",101,"Quercus","macrocarpa","bur oak","Plantae","Breaking leaf buds",2019-05-01,121,2019-06-17,47,16
171136,371,15,"2023-01-01","2023-12-31",2023-04-13,103,2023-03-30,14,1,31120,38.801815,-94.688911,319,"KS",101,"Quercus","macrocarpa","bur oak","Plantae","Breaking leaf buds",2023-04-13,103,2024-02-22,315,0
172230,371,11,"2019-01-01","2019-12-31",2019-04-21,111,2019-04-03,18,1,31362,35.616035,-82.563438,635,"NC",100,"Quercus","alba","white oak","Plantae","Breaking leaf buds",2019-04-21,111,2019-05-31,40,0
172230,371,12,"2020-01-01","2020-12-31",2020-05-03,124,2020-04-24,9,1,31362,35.616035,-82.563438,635,"NC",100,"Quercus","alba","white oak","Plantae","Breaking leaf buds",2020-05-16,137,2020-10-14,151,13
172242,371,11,"2019-01-01","2019-12-31",2019-04-21,111,2019-04-03,18,1,31362,35.616035,-82.563438,635,"NC",100,"Quercus","alba","white oak","Plantae","Breaking leaf buds",2019-04-21,111,2019-05-31,40,0
172242,371,12,"2020-01-01","2020-12-31",2020-04-24,115,2020-04-17,7,2,31362,35.616035,-82.563438,635,"NC",100,"Quercus","alba","white oak","Plantae","Breaking leaf buds",2020-05-11,132,2020-05-16,5,17
172242,371,13,"2021-01-01","2021-12-31",2021-04-25,115,2021-04-03,22,1,31362,35.616035,-82.563438,635,"NC",100,"Quercus","alba","white oak","Plantae","Breaking leaf buds",2021-04-25,115,2021-10-10,168,0
172252,371,11,"2019-01-01","2019-12-31",2019-04-21,111,2019-04-03,18,1,31362,35.616035,-82.563438,635,"NC",100,"Quercus","alba","white oak","Plantae","Breaking leaf buds",2019-04-21,111,2019-05-31,40,0
172252,371,12,"2020-01-01","2020-12-31",2020-04-09,100,2020-03-29,11,2,31362,35.616035,-82.563438,635,"NC",100,"Quercus","alba","white oak","Plantae","Breaking leaf buds",2020-04-24,115,2020-05-03,9,15
172252,371,13,"2021-01-01","2021-12-31",2021-04-25,115,2021-04-03,22,1,31362,35.616035,-82.563438,635,"NC",100,"Quercus","alba","white oak","Plantae","Breaking leaf buds",2021-04-25,115,2021-10-10,168,0
172253,371,11,"2019-01-01","2019-12-31",2019-04-21,111,2019-04-03,18,1,31362,35.616035,-82.563438,635,"NC",100,"Quercus","alba","white oak","Plantae","Breaking leaf buds",2019-04-21,111,2019-05-31,40,0
172253,371,12,"2020-01-01","2020-12-31",2020-04-09,100,2020-03-29,11,2,31362,35.616035,-82.563438,635,"NC",100,"Quercus","alba","white oak","Plantae","Breaking leaf buds",2020-04-24,115,2020-05-03,9,15
172253,371,13,"2021-01-01","2021-12-31",2021-04-25,115,2021-04-03,22,1,31362,35.616035,-82.563438,635,"NC",100,"Quercus","alba","white oak","Plantae","Breaking leaf buds",2021-04-25,115,2021-10-10,168,0
172260,371,11,"2019-01-01","2019-12-31",2019-04-03,93,2019-03-30,4,1,31362,35.616035,-82.563438,635,"NC",100,"Quercus","alba","white oak","Plantae","Breaking leaf buds",2019-04-03,93,2019-04-21,18,0
172260,371,12,"2020-01-01","2020-12-31",2020-03-22,82,2020-03-15,7,1,31362,35.616035,-82.563438,635,"NC",100,"Quercus","alba","white oak","Plantae","Breaking leaf buds",2020-04-24,115,2020-05-03,9,33
172260,371,13,"2021-01-01","2021-12-31",2021-04-25,115,2021-04-03,22,1,31362,35.616035,-82.563438,635,"NC",100,"Quercus","alba","white oak","Plantae","Breaking leaf buds",2021-04-25,115,2021-10-10,168,0
173772,371,11,"2019-01-01","2019-12-31",2019-04-16,106,2019-04-11,5,1,31699,39.871071,-86.161232,233,"IN",101,"Quercus","macrocarpa","bur oak","Plantae","Breaking leaf buds",2019-05-01,121,2019-05-09,8,15
173772,371,13,"2021-01-01","2021-12-31",2021-04-08,98,2021-04-04,4,1,31699,39.871071,-86.161232,233,"IN",101,"Quercus","macrocarpa","bur oak","Plantae","Breaking leaf buds",2021-05-19,139,2021-08-15,88,41
173772,371,14,"2022-01-01","2022-12-31",2022-04-19,109,2022-04-08,11,2,31699,39.871071,-86.161232,233,"IN",101,"Quercus","macrocarpa","bur oak","Plantae","Breaking leaf buds",2022-05-10,130,2022-05-28,18,21
173772,371,15,"2023-01-01","2023-12-31",2023-04-14,104,2023-04-08,6,2,31699,39.871071,-86.161232,233,"IN",101,"Quercus","macrocarpa","bur oak","Plantae","Breaking leaf buds",2023-05-13,133,2023-05-22,9,29
173772,371,16,"2024-01-01","2024-12-31",2024-04-24,115,2024-04-14,10,1,31699,39.871071,-86.161232,233,"IN",101,"Quercus","macrocarpa","bur oak","Plantae","Breaking leaf buds",2024-04-28,119,2024-04-30,2,4
173772,371,17,"2025-01-01","2025-12-31",2025-04-24,114,2025-04-16,8,2,31699,39.871071,-86.161232,233,"IN",101,"Quercus","macrocarpa","bur oak","Plantae","Breaking leaf buds",2025-06-19,170,2025-06-22,3,56
173772,371,18,"2026-01-01","2026-12-31",2026-04-29,119,2026-03-30,30,2,31699,39.871071,-86.161232,233,"IN",101,"Quercus","macrocarpa","bur oak","Plantae","Breaking leaf buds",2026-05-09,129,2026-06-07,29,10
173772,501,13,"2021-01-01","2021-12-31",2021-04-29,119,2021-04-18,11,2,31699,39.871071,-86.161232,233,"IN",101,"Quercus","macrocarpa","bur oak","Plantae","Open flowers",2021-05-19,139,2021-09-02,106,20
173772,501,14,"2022-01-01","2022-12-31",2022-05-10,130,2022-05-03,7,1,31699,39.871071,-86.161232,233,"IN",101,"Quercus","macrocarpa","bur oak","Plantae","Open flowers",2022-05-10,130,2022-05-28,18,0
173772,501,16,"2024-01-01","2024-12-31",2024-04-28,119,2024-04-14,14,1,31699,39.871071,-86.161232,233,"IN",101,"Quercus","macrocarpa","bur oak","Plantae","Open flowers",2024-05-08,129,2024-05-16,8,10
173772,501,17,"2025-01-01","2025-12-31",2025-04-16,106,2025-04-10,6,1,31699,39.871071,-86.161232,233,"IN",101,"Quercus","macrocarpa","bur oak","Plantae","Open flowers",2025-05-09,129,2025-05-15,6,23
173772,501,18,"2026-01-01","2026-12-31",2026-04-29,119,2026-03-30,30,2,31699,39.871071,-86.161232,233,"IN",101,"Quercus","macrocarpa","bur oak","Plantae","Open flowers",2026-06-07,158,2026-07-22,45,39
173774,371,11,"2019-01-01","2019-12-31",2019-04-16,106,2019-04-11,5,1,31699,39.871071,-86.161232,233,"IN",101,"Quercus","macrocarpa","bur oak","Plantae","Breaking leaf buds",2019-05-01,121,2019-05-09,8,15
173774,371,13,"2021-01-01","2021-12-31",2021-04-14,104,2021-04-13,1,1,31699,39.871071,-86.161232,233,"IN",101,"Quercus","macrocarpa","bur oak","Plantae","Breaking leaf buds",2021-05-19,139,2021-08-15,88,35
173774,371,14,"2022-01-01","2022-12-31",2022-05-03,123,2022-04-19,14,1,31699,39.871071,-86.161232,233,"IN",101,"Quercus","macrocarpa","bur oak","Plantae","Breaking leaf buds",2022-05-03,123,2022-05-10,7,0
173774,371,15,"2023-01-01","2023-12-31",2023-04-14,104,2023-04-08,6,1,31699,39.871071,-86.161232,233,"IN",101,"Quercus","macrocarpa","bur oak","Plantae","Breaking leaf buds",2023-04-26,116,2023-05-13,17,12
173774,371,16,"2024-01-01","2024-12-31",2024-04-12,103,2024-04-10,2,2,31699,39.871071,-86.161232,233,"IN",101,"Quercus","macrocarpa","bur oak","Plantae","Breaking leaf buds",2024-04-28,119,2024-04-30,2,16
173774,371,17,"2025-01-01","2025-12-31",2025-04-03,93,2025-03-27,7,2,31699,39.871071,-86.161232,233,"IN",101,"Quercus","macrocarpa","bur oak","Plantae","Breaking leaf buds",2025-05-01,121,2025-05-08,7,28
173774,371,18,"2026-01-01","2026-12-31",2026-04-29,119,2026-03-30,30,1,31699,39.871071,-86.161232,233,"IN",101,"Quercus","macrocarpa","bur oak","Plantae","Breaking leaf buds",2026-05-09,129,2026-06-07,29,10
173774,501,13,"2021-01-01","2021-12-31",2021-04-29,119,2021-04-18,11,1,31699,39.871071,-86.161232,233,"IN",101,"Quercus","macrocarpa","bur oak","Plantae","Open flowers",2021-04-29,119,2021-05-13,14,0
173774,501,16,"2024-01-01","2024-12-31",2024-04-28,119,2024-04-14,14,1,31699,39.871071,-86.161232,233,"IN",101,"Quercus","macrocarpa","bur oak","Plantae","Open flowers",2024-05-08,129,2024-05-16,8,10
173774,501,17,"2025-01-01","2025-12-31",2025-04-16,106,2025-04-10,6,1,31699,39.871071,-86.161232,233,"IN",101,"Quercus","macrocarpa","bur oak","Plantae","Open flowers",2025-05-09,129,2025-05-15,6,23
173774,501,18,"2026-01-01","2026-12-31",2026-04-29,119,2026-03-30,30,1,31699,39.871071,-86.161232,233,"IN",101,"Quercus","macrocarpa","bur oak","Plantae","Open flowers",2026-06-07,158,2026-07-22,45,39
173832,371,11,"2019-01-01","2019-12-31",2019-04-11,101,2019-03-28,14,1,31699,39.871071,-86.161232,233,"IN",101,"Quercus","macrocarpa","bur oak","Plantae","Breaking leaf buds",2019-04-25,115,2019-05-01,6,14
173832,371,12,"2020-01-01","2020-12-31",2020-04-03,94,2020-03-20,14,2,31699,39.871071,-86.161232,233,"IN",101,"Quercus","macrocarpa","bur oak","Plantae","Breaking leaf buds",2020-04-24,115,2020-05-26,32,21
173832,371,13,"2021-01-01","2021-12-31",2021-04-08,98,2021-04-04,4,1,31699,39.871071,-86.161232,233,"IN",101,"Quercus","macrocarpa","bur oak","Plantae","Breaking leaf buds",2021-05-19,139,2021-08-15,88,41
173832,371,14,"2022-01-01","2022-12-31",2022-04-19,109,2022-04-08,11,1,31699,39.871071,-86.161232,233,"IN",101,"Quercus","macrocarpa","bur oak","Plantae","Breaking leaf buds",2022-05-03,123,2022-05-10,7,14
173832,371,15,"2023-01-01","2023-12-31",2023-04-14,104,2023-04-08,6,1,31699,39.871071,-86.161232,233,"IN",101,"Quercus","macrocarpa","bur oak","Plantae","Breaking leaf buds",2023-04-27,117,2023-05-13,16,13
173832,371,16,"2024-01-01","2024-12-31",2024-03-30,90,2024-03-09,21,2,31699,39.871071,-86.161232,233,"IN",101,"Quercus","macrocarpa","bur oak","Plantae","Breaking leaf buds",2024-04-14,105,2024-04-24,10,15
173832,371,17,"2025-01-01","2025-12-31",2025-04-03,93,2025-03-27,7,2,31699,39.871071,-86.161232,233,"IN",101,"Quercus","macrocarpa","bur oak","Plantae","Breaking leaf buds",2025-04-10,100,2025-05-08,28,7
173832,371,18,"2026-01-01","2026-12-31",2026-04-29,119,2026-03-30,30,1,31699,39.871071,-86.161232,233,"IN",101,"Quercus","macrocarpa","bur oak","Plantae","Breaking leaf buds",2026-05-09,129,2026-06-07,29,10
173832,501,11,"2019-01-01","2019-12-31",2019-05-01,121,2019-04-25,6,1,31699,39.871071,-86.161232,233,"IN",101,"Quercus","macrocarpa","bur oak","Plantae","Open flowers",2019-05-01,121,2019-05-09,8,0
173832,501,13,"2021-01-01","2021-12-31",2021-05-19,139,2021-05-13,6,1,31699,39.871071,-86.161232,233,"IN",101,"Quercus","macrocarpa","bur oak","Plantae","Open flowers",2021-05-19,139,2021-08-15,88,0
173832,501,14,"2022-01-01","2022-12-31",2022-05-10,130,2022-05-03,7,1,31699,39.871071,-86.161232,233,"IN",101,"Quercus","macrocarpa","bur oak","Plantae","Open flowers",2022-05-10,130,2022-05-28,18,0
173832,501,15,"2023-01-01","2023-12-31",2023-04-14,104,2023-04-08,6,2,31699,39.871071,-86.161232,233,"IN",101,"Quercus","macrocarpa","bur oak","Plantae","Open flowers",2023-04-27,117,2023-05-13,16,13
173832,501,16,"2024-01-01","2024-12-31",2024-04-10,101,2024-04-03,7,2,31699,39.871071,-86.161232,233,"IN",101,"Quercus","macrocarpa","bur oak","Plantae","Open flowers",2024-05-08,129,2024-05-16,8,28
173832,501,17,"2025-01-01","2025-12-31",2025-04-24,114,2025-04-10,14,2,31699,39.871071,-86.161232,233,"IN",101,"Quercus","macrocarpa","bur oak","Plantae","Open flowers",2025-05-09,129,2025-05-21,12,15
173832,501,18,"2026-01-01","2026-12-31",2026-04-29,119,2026-03-30,30,1,31699,39.871071,-86.161232,233,"IN",101,"Quercus","macrocarpa","bur oak","Plantae","Open flowers",2026-05-09,129,2026-06-07,29,10
175126,371,11,"2019-01-01","2019-12-31",2019-04-23,113,2019-04-16,7,1,24164,40.665085,-73.963432,17,"NY",101,"Quercus","macrocarpa","bur oak","Plantae","Breaking leaf buds",2019-04-29,119,2019-05-02,3,6
175126,501,11,"2019-01-01","2019-12-31",2019-05-02,122,2019-04-29,3,1,24164,40.665085,-73.963432,17,"NY",101,"Quercus","macrocarpa","bur oak","Plantae","Open flowers",2019-05-02,122,2019-05-16,14,0
177845,371,11,"2019-01-01","2019-12-31",2019-04-23,113,2019-04-18,5,1,32388,41.320896,-86.294739,250,"IN",101,"Quercus","macrocarpa","bur oak","Plantae","Breaking leaf buds",2019-05-11,131,2019-10-14,156,18
177845,371,12,"2020-01-01","2020-12-31",2020-04-22,113,2020-04-11,11,1,32388,41.320896,-86.294739,250,"IN",101,"Quercus","macrocarpa","bur oak","Plantae","Breaking leaf buds",2020-05-18,139,2020-05-31,13,26
177845,371,13,"2021-01-01","2021-12-31",2021-04-16,106,2021-04-07,9,1,32388,41.320896,-86.294739,250,"IN",101,"Quercus","macrocarpa","bur oak","Plantae","Breaking leaf buds",2021-05-17,137,2021-06-14,28,31
177845,371,14,"2022-01-01","2022-12-31",2022-04-29,119,2022-04-05,24,1,32388,41.320896,-86.294739,250,"IN",101,"Quercus","macrocarpa","bur oak","Plantae","Breaking leaf buds",2022-05-13,133,2022-05-18,5,14
177845,501,11,"2019-01-01","2019-12-31",2019-05-06,126,2019-05-01,5,1,32388,41.320896,-86.294739,250,"IN",101,"Quercus","macrocarpa","bur oak","Plantae","Open flowers",2019-05-28,148,2019-10-14,139,22
177845,501,12,"2020-01-01","2020-12-31",2020-05-12,133,2020-05-07,5,1,32388,41.320896,-86.294739,250,"IN",101,"Quercus","macrocarpa","bur oak","Plantae","Open flowers",2020-05-18,139,2020-05-31,13,6
177845,501,13,"2021-01-01","2021-12-31",2021-04-29,119,2021-04-16,13,1,32388,41.320896,-86.294739,250,"IN",101,"Quercus","macrocarpa","bur oak","Plantae","Open flowers",2021-05-17,137,2021-06-14,28,18
177845,501,14,"2022-01-01","2022-12-31",2022-05-08,128,2022-04-29,9,1,32388,41.320896,-86.294739,250,"IN",101,"Quercus","macrocarpa","bur oak","Plantae","Open flowers",2022-05-18,138,2022-06-01,14,10
179070,371,10,"2018-01-01","2018-12-31",2018-11-27,331,2018-10-29,29,1,31493,41.99865,-87.657845,177,"IL",100,"Quercus","alba","white oak","Plantae","Breaking leaf buds",2018-11-27,331,NA,NA,0
180415,371,11,"2019-01-01","2019-12-31",2019-03-24,83,2019-02-26,26,1,32634,35.977894,-79.016479,126,"NC",100,"Quercus","alba","white oak","Plantae","Breaking leaf buds",2019-04-08,98,NA,NA,15
180416,371,11,"2019-01-01","2019-12-31",2019-02-19,50,2019-02-09,10,2,32634,35.977894,-79.016479,126,"NC",100,"Quercus","alba","white oak","Plantae","Breaking leaf buds",2019-03-31,90,NA,NA,40
180417,371,11,"2019-01-01","2019-12-31",2019-03-24,83,2019-03-19,5,1,32634,35.977894,-79.016479,126,"NC",100,"Quercus","alba","white oak","Plantae","Breaking leaf buds",2019-03-31,90,NA,NA,7
180426,371,11,"2019-01-01","2019-12-31",2019-04-04,94,2019-04-03,1,1,32635,35.994949,-79.008698,131,"NC",100,"Quercus","alba","white oak","Plantae","Breaking leaf buds",2019-04-04,94,2019-04-06,2,0
181185,501,11,"2019-01-01","2019-12-31",2019-03-21,80,2019-03-10,11,1,32655,30.167885,-93.229988,4,"LA",305,"Quercus","virginiana","live oak","Plantae","Open flowers",2019-03-24,83,2019-07-06,104,3
182065,371,11,"2019-01-01","2019-12-31",2019-02-22,53,2019-02-19,3,2,32779,36.487606,-75.865494,-1,"NC",305,"Quercus","virginiana","live oak","Plantae","Breaking leaf buds",2019-04-12,102,NA,NA,49
182065,501,11,"2019-01-01","2019-12-31",2019-04-12,102,2019-04-04,8,1,32779,36.487606,-75.865494,-1,"NC",305,"Quercus","virginiana","live oak","Plantae","Open flowers",2019-04-12,102,NA,NA,0
182202,371,11,"2019-01-01","2019-12-31",2019-04-25,115,2019-04-19,6,1,32872,39.771435,-86.484055,277,"IN",100,"Quercus","alba","white oak","Plantae","Breaking leaf buds",2019-04-25,115,NA,NA,0
185298,371,11,"2019-01-01","2019-12-31",2019-04-23,113,2019-04-16,7,1,23558,41.889706,-87.795265,191,"IL",101,"Quercus","macrocarpa","bur oak","Plantae","Breaking leaf buds",2019-05-14,134,2019-05-29,15,21
185298,371,12,"2020-01-01","2020-12-31",2020-04-09,100,2020-04-07,2,1,23558,41.889706,-87.795265,191,"IL",101,"Quercus","macrocarpa","bur oak","Plantae","Breaking leaf buds",2020-05-03,124,2020-05-24,21,24
185298,501,11,"2019-01-01","2019-12-31",2019-05-03,123,2019-04-23,10,1,23558,41.889706,-87.795265,191,"IL",101,"Quercus","macrocarpa","bur oak","Plantae","Open flowers",2019-05-14,134,2019-05-29,15,11
185298,501,12,"2020-01-01","2020-12-31",2020-05-03,124,2020-04-27,6,1,23558,41.889706,-87.795265,191,"IL",101,"Quercus","macrocarpa","bur oak","Plantae","Open flowers",2020-05-24,145,NA,NA,21
185299,371,11,"2019-01-01","2019-12-31",2019-04-15,105,2019-04-09,6,2,23558,41.889706,-87.795265,191,"IL",101,"Quercus","macrocarpa","bur oak","Plantae","Breaking leaf buds",2019-05-14,134,2019-05-29,15,29
185299,371,12,"2020-01-01","2020-12-31",2020-04-09,100,2020-04-07,2,1,23558,41.889706,-87.795265,191,"IL",101,"Quercus","macrocarpa","bur oak","Plantae","Breaking leaf buds",2020-04-27,118,2020-05-03,6,18
185299,501,11,"2019-01-01","2019-12-31",2019-05-09,129,2019-05-03,6,1,23558,41.889706,-87.795265,191,"IL",101,"Quercus","macrocarpa","bur oak","Plantae","Open flowers",2019-05-14,134,2019-05-29,15,5
185299,501,12,"2020-01-01","2020-12-31",2020-04-27,118,2020-04-09,18,2,23558,41.889706,-87.795265,191,"IL",101,"Quercus","macrocarpa","bur oak","Plantae","Open flowers",2020-05-24,145,NA,NA,27
185300,371,11,"2019-01-01","2019-12-31",2019-04-15,105,2019-04-09,6,1,23558,41.889706,-87.795265,191,"IL",101,"Quercus","macrocarpa","bur oak","Plantae","Breaking leaf buds",2019-05-09,129,2019-05-14,5,24
185300,371,12,"2020-01-01","2020-12-31",2020-04-09,100,2020-04-07,2,1,23558,41.889706,-87.795265,191,"IL",101,"Quercus","macrocarpa","bur oak","Plantae","Breaking leaf buds",2020-05-03,124,2020-05-24,21,24
185300,501,11,"2019-01-01","2019-12-31",2019-05-03,123,2019-04-23,10,1,23558,41.889706,-87.795265,191,"IL",101,"Quercus","macrocarpa","bur oak","Plantae","Open flowers",2019-05-14,134,2019-05-29,15,11
185300,501,12,"2020-01-01","2020-12-31",2020-05-03,124,2020-04-27,6,1,23558,41.889706,-87.795265,191,"IL",101,"Quercus","macrocarpa","bur oak","Plantae","Open flowers",2020-05-24,145,NA,NA,21
188956,371,11,"2019-01-01","2019-12-31",2019-04-25,115,2019-04-16,9,1,33477,45.568214,-94.16539,316,"MN",101,"Quercus","macrocarpa","bur oak","Plantae","Breaking leaf buds",2019-04-25,115,2019-05-25,30,0
188956,371,16,"2024-01-01","2024-12-31",2024-04-21,112,2024-04-16,5,1,33477,45.568214,-94.16539,316,"MN",101,"Quercus","macrocarpa","bur oak","Plantae","Breaking leaf buds",2024-05-06,127,2024-05-13,7,15
188956,501,11,"2019-01-01","2019-12-31",2019-05-25,145,2019-04-25,30,1,33477,45.568214,-94.16539,316,"MN",101,"Quercus","macrocarpa","bur oak","Plantae","Open flowers",2019-05-25,145,2023-02-13,1360,0
188956,501,16,"2024-01-01","2024-12-31",2024-05-06,127,2024-04-21,15,1,33477,45.568214,-94.16539,316,"MN",101,"Quercus","macrocarpa","bur oak","Plantae","Open flowers",2024-05-06,127,2024-05-13,7,0
188957,371,11,"2019-01-01","2019-12-31",2019-04-25,115,2019-04-16,9,1,33477,45.568214,-94.16539,316,"MN",101,"Quercus","macrocarpa","bur oak","Plantae","Breaking leaf buds",2019-04-25,115,2019-05-25,30,0
188957,371,16,"2024-01-01","2024-12-31",2024-04-21,112,2024-04-16,5,1,33477,45.568214,-94.16539,316,"MN",101,"Quercus","macrocarpa","bur oak","Plantae","Breaking leaf buds",2024-05-06,127,2024-05-13,7,15
188957,501,11,"2019-01-01","2019-12-31",2019-05-25,145,2019-04-25,30,1,33477,45.568214,-94.16539,316,"MN",101,"Quercus","macrocarpa","bur oak","Plantae","Open flowers",2019-05-25,145,2023-02-13,1360,0
188957,501,16,"2024-01-01","2024-12-31",2024-05-06,127,2024-04-21,15,1,33477,45.568214,-94.16539,316,"MN",101,"Quercus","macrocarpa","bur oak","Plantae","Open flowers",2024-05-13,134,NA,NA,7
189666,371,12,"2020-01-01","2020-12-31",2020-02-26,57,2020-02-18,8,9,33401,30.004747,-90.094208,0,"LA",305,"Quercus","virginiana","live oak","Plantae","Breaking leaf buds",2020-08-06,219,2020-08-22,16,162
189666,371,13,"2021-01-01","2021-12-31",2021-03-13,72,2021-03-09,4,1,33401,30.004747,-90.094208,0,"LA",305,"Quercus","virginiana","live oak","Plantae","Breaking leaf buds",2021-03-13,72,2021-04-20,38,0
189666,371,16,"2024-01-01","2024-12-31",2024-03-05,65,2024-02-26,8,1,33401,30.004747,-90.094208,0,"LA",305,"Quercus","virginiana","live oak","Plantae","Breaking leaf buds",2024-03-21,81,2024-05-07,47,16
189666,371,17,"2025-01-01","2025-12-31",2025-03-11,70,2025-03-04,7,1,33401,30.004747,-90.094208,0,"LA",305,"Quercus","virginiana","live oak","Plantae","Breaking leaf buds",2025-03-19,78,2025-04-16,28,8
189666,501,12,"2020-01-01","2020-12-31",2020-06-11,163,2020-06-04,7,1,33401,30.004747,-90.094208,0,"LA",305,"Quercus","virginiana","live oak","Plantae","Open flowers",2020-06-11,163,2020-06-18,7,0
189666,501,13,"2021-01-01","2021-12-31",2021-03-13,72,2021-03-09,4,1,33401,30.004747,-90.094208,0,"LA",305,"Quercus","virginiana","live oak","Plantae","Open flowers",2021-03-13,72,2021-04-20,38,0
189666,501,16,"2024-01-01","2024-12-31",2024-03-05,65,2024-02-20,14,1,33401,30.004747,-90.094208,0,"LA",305,"Quercus","virginiana","live oak","Plantae","Open flowers",2024-03-21,81,2024-03-29,8,16
189666,501,17,"2025-01-01","2025-12-31",2025-03-19,78,2025-02-20,27,1,33401,30.004747,-90.094208,0,"LA",305,"Quercus","virginiana","live oak","Plantae","Open flowers",2025-03-19,78,2025-04-18,30,0
189787,371,11,"2019-01-01","2019-12-31",2019-05-02,122,2019-04-26,6,1,29347,45.56287,-94.662285,373,"MN",101,"Quercus","macrocarpa","bur oak","Plantae","Breaking leaf buds",2019-05-02,122,2019-07-18,77,0
189787,371,12,"2020-01-01","2020-12-31",2020-05-14,135,2020-04-27,17,1,29347,45.56287,-94.662285,373,"MN",101,"Quercus","macrocarpa","bur oak","Plantae","Breaking leaf buds",2020-05-14,135,2021-03-17,307,0
189787,501,11,"2019-01-01","2019-12-31",2019-05-23,143,2019-05-02,21,1,29347,45.56287,-94.662285,373,"MN",101,"Quercus","macrocarpa","bur oak","Plantae","Open flowers",2019-06-04,155,2019-06-12,8,12
189787,501,12,"2020-01-01","2020-12-31",2020-05-04,125,2020-04-27,7,1,29347,45.56287,-94.662285,373,"MN",101,"Quercus","macrocarpa","bur oak","Plantae","Open flowers",2020-05-11,132,2020-05-14,3,7
189787,501,14,"2022-01-01","2022-12-31",2022-05-20,140,2022-05-03,17,1,29347,45.56287,-94.662285,373,"MN",101,"Quercus","macrocarpa","bur oak","Plantae","Open flowers",2022-05-20,140,2022-06-02,13,0
190306,371,11,"2019-01-01","2019-12-31",2019-04-28,118,2019-04-17,11,1,32893,40.811333,-82.023102,327,"OH",101,"Quercus","macrocarpa","bur oak","Plantae","Breaking leaf buds",2019-05-03,123,2019-05-18,15,5
190306,371,13,"2021-01-01","2021-12-31",2021-04-11,101,2021-04-04,7,1,32893,40.811333,-82.023102,327,"OH",101,"Quercus","macrocarpa","bur oak","Plantae","Breaking leaf buds",2021-04-11,101,NA,NA,0
190571,371,11,"2019-01-01","2019-12-31",2019-04-29,119,2019-04-25,4,1,33394,41.742821,-111.809052,1447,"UT",100,"Quercus","alba","white oak","Plantae","Breaking leaf buds",2019-05-09,129,2019-05-13,4,10
190571,501,11,"2019-01-01","2019-12-31",2019-05-16,136,2019-05-13,3,1,33394,41.742821,-111.809052,1447,"UT",100,"Quercus","alba","white oak","Plantae","Open flowers",2019-05-20,140,2019-05-23,3,4
192277,371,11,"2019-01-01","2019-12-31",2019-04-28,118,2019-04-14,14,1,33670,41.380959,-78.203339,401,"PA",100,"Quercus","alba","white oak","Plantae","Breaking leaf buds",2019-06-02,153,2019-06-09,7,35
193262,371,11,"2019-01-01","2019-12-31",2019-04-23,113,2019-04-15,8,1,33859,40.667957,-73.963814,17,"NY",101,"Quercus","macrocarpa","bur oak","Plantae","Breaking leaf buds",2019-04-30,120,2019-05-22,22,7
202128,371,12,"2020-01-01","2020-12-31",2020-04-01,92,2020-03-08,24,1,25488,38.451763,-88.905441,173,"IL",101,"Quercus","macrocarpa","bur oak","Plantae","Breaking leaf buds",2020-04-22,113,2020-05-06,14,21
203037,371,12,"2020-01-01","2020-12-31",2020-03-18,78,2020-03-11,7,1,34834,38.918751,-76.674637,22,"MD",100,"Quercus","alba","white oak","Plantae","Breaking leaf buds",2020-04-15,106,2020-04-19,4,28
203037,501,12,"2020-01-01","2020-12-31",2020-04-06,97,2020-04-01,5,1,34834,38.918751,-76.674637,22,"MD",100,"Quercus","alba","white oak","Plantae","Open flowers",2020-04-22,113,NA,NA,16
204820,371,11,"2019-01-01","2019-12-31",2019-08-28,240,2019-08-27,1,1,35096,30.849813,-83.289307,62,"GA",305,"Quercus","virginiana","live oak","Plantae","Breaking leaf buds",2019-08-28,240,NA,NA,0
204971,371,11,"2019-01-01","2019-12-31",2019-09-03,246,2019-09-02,1,7,35096,30.849813,-83.289307,62,"GA",305,"Quercus","virginiana","live oak","Plantae","Breaking leaf buds",2019-11-26,330,NA,NA,84
204977,371,11,"2019-01-01","2019-12-31",2019-09-26,269,2019-09-23,3,2,35096,30.849813,-83.289307,62,"GA",305,"Quercus","virginiana","live oak","Plantae","Breaking leaf buds",2019-10-16,289,NA,NA,20
205163,371,12,"2020-01-01","2020-12-31",2020-04-07,98,2020-04-02,5,1,32607,39.936066,-86.118439,242,"IN",100,"Quercus","alba","white oak","Plantae","Breaking leaf buds",2020-04-07,98,2020-05-03,26,0
205163,501,12,"2020-01-01","2020-12-31",2020-05-03,124,2020-04-07,26,1,32607,39.936066,-86.118439,242,"IN",100,"Quercus","alba","white oak","Plantae","Open flowers",2020-05-10,131,2020-05-24,14,7
205210,371,11,"2019-01-01","2019-12-31",2019-08-27,239,2019-08-20,7,8,35096,30.849813,-83.289307,62,"GA",305,"Quercus","virginiana","live oak","Plantae","Breaking leaf buds",2019-10-28,301,NA,NA,62
205212,371,11,"2019-01-01","2019-12-31",2019-09-10,253,2019-09-03,7,2,35096,30.849813,-83.289307,62,"GA",305,"Quercus","virginiana","live oak","Plantae","Breaking leaf buds",2019-10-15,288,2019-10-19,4,35
205266,371,11,"2019-01-01","2019-12-31",2019-09-24,267,2019-09-23,1,2,35096,30.849813,-83.289307,62,"GA",305,"Quercus","virginiana","live oak","Plantae","Breaking leaf buds",2019-10-08,281,2019-10-09,1,14
205267,371,11,"2019-01-01","2019-12-31",2019-09-18,261,2019-09-11,7,1,35096,30.849813,-83.289307,62,"GA",305,"Quercus","virginiana","live oak","Plantae","Breaking leaf buds",2019-09-18,261,2019-09-26,8,0
205606,371,12,"2020-01-01","2020-12-31",2020-05-02,123,2020-04-22,10,1,35274,39.519222,-87.022339,202,"IN",100,"Quercus","alba","white oak","Plantae","Breaking leaf buds",2020-05-02,123,2020-05-12,10,0
205606,371,15,"2023-01-01","2023-12-31",2023-04-19,109,2023-03-30,20,1,35274,39.519222,-87.022339,202,"IN",100,"Quercus","alba","white oak","Plantae","Breaking leaf buds",2023-04-19,109,2026-03-25,1071,0
205606,371,18,"2026-01-01","2026-12-31",2026-04-11,101,2026-03-25,17,1,35274,39.519222,-87.022339,202,"IN",100,"Quercus","alba","white oak","Plantae","Breaking leaf buds",2026-04-11,101,NA,NA,0
205606,501,12,"2020-01-01","2020-12-31",2020-04-22,113,2020-04-10,12,1,35274,39.519222,-87.022339,202,"IN",100,"Quercus","alba","white oak","Plantae","Open flowers",2020-05-02,123,2020-05-12,10,10
206648,371,12,"2020-01-01","2020-12-31",2020-04-28,119,2020-04-26,2,1,30979,42.435844,-71.106285,26,"MA",100,"Quercus","alba","white oak","Plantae","Breaking leaf buds",2020-05-11,132,2020-05-18,7,13
206648,371,13,"2021-01-01","2021-12-31",2021-04-19,109,2021-04-12,7,1,30979,42.435844,-71.106285,26,"MA",100,"Quercus","alba","white oak","Plantae","Breaking leaf buds",2021-05-10,130,2021-05-17,7,21
206648,371,14,"2022-01-01","2022-12-31",2022-04-25,115,2022-04-18,7,1,30979,42.435844,-71.106285,26,"MA",100,"Quercus","alba","white oak","Plantae","Breaking leaf buds",2022-05-09,129,2022-05-16,7,14
206648,371,15,"2023-01-01","2023-12-31",2023-04-24,114,2023-04-10,14,1,30979,42.435844,-71.106285,26,"MA",100,"Quercus","alba","white oak","Plantae","Breaking leaf buds",2023-05-08,128,2023-05-15,7,14
206648,371,16,"2024-01-01","2024-12-31",2024-04-22,113,2024-04-15,7,1,30979,42.435844,-71.106285,26,"MA",100,"Quercus","alba","white oak","Plantae","Breaking leaf buds",2024-04-29,120,2024-05-06,7,7
206648,371,17,"2025-01-01","2025-12-31",2025-04-21,111,2025-04-14,7,1,30979,42.435844,-71.106285,26,"MA",100,"Quercus","alba","white oak","Plantae","Breaking leaf buds",2025-05-06,126,2025-05-12,6,15
206648,371,18,"2026-01-01","2026-12-31",2026-04-20,110,2026-04-13,7,1,30979,42.435844,-71.106285,26,"MA",100,"Quercus","alba","white oak","Plantae","Breaking leaf buds",2026-05-04,124,2026-05-11,7,14
206648,501,16,"2024-01-01","2024-12-31",2024-05-13,134,2024-05-06,7,1,30979,42.435844,-71.106285,26,"MA",100,"Quercus","alba","white oak","Plantae","Open flowers",2024-05-20,141,2024-05-27,7,7
206648,501,17,"2025-01-01","2025-12-31",2025-05-06,126,2025-04-28,8,1,30979,42.435844,-71.106285,26,"MA",100,"Quercus","alba","white oak","Plantae","Open flowers",2025-05-06,126,2025-05-12,6,0
206648,501,18,"2026-01-01","2026-12-31",2026-05-11,131,2026-05-04,7,1,30979,42.435844,-71.106285,26,"MA",100,"Quercus","alba","white oak","Plantae","Open flowers",2026-05-18,138,2026-05-25,7,7
210869,371,13,"2021-01-01","2021-12-31",2021-03-30,89,2021-03-26,4,5,35691,35.826511,-82.55204,734,"NC",100,"Quercus","alba","white oak","Plantae","Breaking leaf buds",2021-05-04,124,2021-09-02,121,35
210869,371,14,"2022-01-01","2022-12-31",2022-04-08,98,2022-04-04,4,2,35691,35.826511,-82.55204,734,"NC",100,"Quercus","alba","white oak","Plantae","Breaking leaf buds",2022-05-06,126,2022-05-09,3,28
210869,371,15,"2023-01-01","2023-12-31",2023-02-02,33,2023-02-01,1,4,35691,35.826511,-82.55204,734,"NC",100,"Quercus","alba","white oak","Plantae","Breaking leaf buds",2023-02-22,53,2023-03-09,15,20
210869,371,16,"2024-01-01","2024-12-31",2024-01-31,31,2024-01-24,7,5,35691,35.826511,-82.55204,734,"NC",100,"Quercus","alba","white oak","Plantae","Breaking leaf buds",2024-04-24,115,2024-08-27,125,84
210869,371,17,"2025-01-01","2025-12-31",2025-02-25,56,2025-02-13,12,5,35691,35.826511,-82.55204,734,"NC",100,"Quercus","alba","white oak","Plantae","Breaking leaf buds",2025-09-18,261,2025-09-20,2,205
210869,371,18,"2026-01-01","2026-12-31",2026-04-03,93,2026-04-01,2,2,35691,35.826511,-82.55204,734,"NC",100,"Quercus","alba","white oak","Plantae","Breaking leaf buds",2026-04-22,112,2026-04-24,2,19
210869,501,11,"2019-01-01","2019-12-31",2019-10-16,289,2019-10-14,2,1,35691,35.826511,-82.55204,734,"NC",100,"Quercus","alba","white oak","Plantae","Open flowers",2019-10-16,289,2019-10-21,5,0
210869,501,13,"2021-01-01","2021-12-31",2021-04-08,98,2021-04-07,1,5,35691,35.826511,-82.55204,734,"NC",100,"Quercus","alba","white oak","Plantae","Open flowers",2021-05-04,124,2021-09-02,121,26
210869,501,14,"2022-01-01","2022-12-31",2022-04-15,105,2022-04-11,4,4,35691,35.826511,-82.55204,734,"NC",100,"Quercus","alba","white oak","Plantae","Open flowers",2022-05-06,126,2022-05-09,3,21
210869,501,15,"2023-01-01","2023-12-31",2023-03-30,89,2023-03-23,7,1,35691,35.826511,-82.55204,734,"NC",100,"Quercus","alba","white oak","Plantae","Open flowers",2023-04-17,107,2023-08-23,128,18
210869,501,17,"2025-01-01","2025-12-31",2025-09-11,254,2025-09-09,2,9,35691,35.826511,-82.55204,734,"NC",100,"Quercus","alba","white oak","Plantae","Open flowers",2025-10-23,296,2025-10-24,1,42
210869,501,18,"2026-01-01","2026-12-31",2026-04-15,105,2026-04-13,2,3,35691,35.826511,-82.55204,734,"NC",100,"Quercus","alba","white oak","Plantae","Open flowers",2026-04-22,112,2026-04-24,2,7
211552,371,12,"2020-01-01","2020-12-31",2020-03-26,86,2020-03-18,8,1,35769,35.94458,-83.870483,286,"TN",1212,"Quercus","montana","chestnut oak","Plantae","Breaking leaf buds",2020-04-02,93,2020-04-09,7,7
211552,371,13,"2021-01-01","2021-12-31",2021-04-10,100,2021-04-05,5,1,35769,35.94458,-83.870483,286,"TN",1212,"Quercus","montana","chestnut oak","Plantae","Breaking leaf buds",2021-04-10,100,2021-04-19,9,0
211552,371,15,"2023-01-01","2023-12-31",2023-03-25,84,2023-03-18,7,1,35769,35.94458,-83.870483,286,"TN",1212,"Quercus","montana","chestnut oak","Plantae","Breaking leaf buds",2023-03-30,89,2023-04-06,7,5
211552,371,16,"2024-01-01","2024-12-31",2024-04-06,97,2024-04-01,5,1,35769,35.94458,-83.870483,286,"TN",1212,"Quercus","montana","chestnut oak","Plantae","Breaking leaf buds",2024-04-10,101,2024-04-15,5,4
211552,371,17,"2025-01-01","2025-12-31",2025-03-29,88,2025-03-23,6,1,35769,35.94458,-83.870483,286,"TN",1212,"Quercus","montana","chestnut oak","Plantae","Breaking leaf buds",2025-03-29,88,2025-04-05,7,0
211554,371,12,"2020-01-01","2020-12-31",2020-03-26,86,2020-03-18,8,1,35769,35.94458,-83.870483,286,"TN",100,"Quercus","alba","white oak","Plantae","Breaking leaf buds",2020-04-02,93,2020-04-09,7,7
211554,371,13,"2021-01-01","2021-12-31",2021-03-28,87,2021-03-13,15,2,35769,35.94458,-83.870483,286,"TN",100,"Quercus","alba","white oak","Plantae","Breaking leaf buds",2021-04-10,100,2021-04-19,9,13
211554,371,14,"2022-01-01","2022-12-31",2022-04-01,91,2022-03-21,11,1,35769,35.94458,-83.870483,286,"TN",100,"Quercus","alba","white oak","Plantae","Breaking leaf buds",2022-04-04,94,2022-04-14,10,3
211554,371,15,"2023-01-01","2023-12-31",2023-03-18,77,2023-03-11,7,1,35769,35.94458,-83.870483,286,"TN",100,"Quercus","alba","white oak","Plantae","Breaking leaf buds",2023-03-30,89,2023-04-06,7,12
211554,371,16,"2024-01-01","2024-12-31",2024-04-01,92,2024-03-25,7,1,35769,35.94458,-83.870483,286,"TN",100,"Quercus","alba","white oak","Plantae","Breaking leaf buds",2024-04-10,101,2024-04-15,5,9
211554,371,18,"2026-01-01","2026-12-31",2026-04-02,92,2026-03-25,8,1,35769,35.94458,-83.870483,286,"TN",100,"Quercus","alba","white oak","Plantae","Breaking leaf buds",2026-04-06,96,2026-04-17,11,4
211554,501,14,"2022-01-01","2022-12-31",2022-04-14,104,2022-04-04,10,1,35769,35.94458,-83.870483,286,"TN",100,"Quercus","alba","white oak","Plantae","Open flowers",2022-04-14,104,2022-04-17,3,0
211554,501,16,"2024-01-01","2024-12-31",2024-04-01,92,2024-03-25,7,2,35769,35.94458,-83.870483,286,"TN",100,"Quercus","alba","white oak","Plantae","Open flowers",2024-04-15,106,2024-04-22,7,14
211554,501,17,"2025-01-01","2025-12-31",2025-04-05,95,2025-03-29,7,1,35769,35.94458,-83.870483,286,"TN",100,"Quercus","alba","white oak","Plantae","Open flowers",2025-04-05,95,2025-04-19,14,0
211554,501,18,"2026-01-01","2026-12-31",2026-04-02,92,2026-03-09,24,1,35769,35.94458,-83.870483,286,"TN",100,"Quercus","alba","white oak","Plantae","Open flowers",2026-04-02,92,2026-04-17,15,0
211570,371,12,"2020-01-01","2020-12-31",2020-04-02,93,2020-03-26,7,1,35768,35.94849,-83.866074,282,"TN",100,"Quercus","alba","white oak","Plantae","Breaking leaf buds",2020-04-16,107,2020-04-24,8,14
211570,371,13,"2021-01-01","2021-12-31",2021-03-28,87,2021-03-13,15,1,35768,35.94849,-83.866074,282,"TN",100,"Quercus","alba","white oak","Plantae","Breaking leaf buds",2021-04-10,100,2021-04-19,9,13
211570,371,14,"2022-01-01","2022-12-31",2022-04-14,104,2022-04-04,10,1,35768,35.94849,-83.866074,282,"TN",100,"Quercus","alba","white oak","Plantae","Breaking leaf buds",2022-04-14,104,2022-04-17,3,0
211570,371,15,"2023-01-01","2023-12-31",2023-03-30,89,2023-03-24,6,2,35768,35.94849,-83.866074,282,"TN",100,"Quercus","alba","white oak","Plantae","Breaking leaf buds",2023-04-15,105,2023-04-20,5,16
211570,371,18,"2026-01-01","2026-12-31",2026-03-29,88,2026-03-21,8,1,35768,35.94849,-83.866074,282,"TN",100,"Quercus","alba","white oak","Plantae","Breaking leaf buds",2026-04-14,104,2026-04-18,4,16
223783,371,12,"2020-01-01","2020-12-31",2020-02-17,48,2020-02-14,3,1,35638,36.251804,-80.86097,306,"NC",100,"Quercus","alba","white oak","Plantae","Breaking leaf buds",2020-04-03,94,2020-04-08,5,46
224280,371,12,"2020-01-01","2020-12-31",2020-02-16,47,2020-02-05,11,1,35069,34.773415,-96.664055,310,"OK",101,"Quercus","macrocarpa","bur oak","Plantae","Breaking leaf buds",2020-02-16,47,2020-09-25,222,0
224280,371,13,"2021-01-01","2021-12-31",2021-02-23,54,2021-02-09,14,2,35069,34.773415,-96.664055,310,"OK",101,"Quercus","macrocarpa","bur oak","Plantae","Breaking leaf buds",2021-04-30,120,2021-08-24,116,66
224280,371,14,"2022-01-01","2022-12-31",2022-04-11,101,2022-04-04,7,10,35069,34.773415,-96.664055,310,"OK",101,"Quercus","macrocarpa","bur oak","Plantae","Breaking leaf buds",2022-11-21,325,NA,NA,224
224280,501,13,"2021-01-01","2021-12-31",2021-04-12,102,2021-04-04,8,1,35069,34.773415,-96.664055,310,"OK",101,"Quercus","macrocarpa","bur oak","Plantae","Open flowers",2021-04-12,102,2021-04-24,12,0
224305,371,14,"2022-01-01","2022-12-31",2022-04-19,109,2022-04-11,8,1,35069,34.773415,-96.664055,310,"OK",101,"Quercus","macrocarpa","bur oak","Plantae","Breaking leaf buds",2022-04-19,109,2022-08-23,126,0
224305,371,15,"2023-01-01","2023-12-31",2023-03-03,62,2023-02-24,7,1,35069,34.773415,-96.664055,310,"OK",101,"Quercus","macrocarpa","bur oak","Plantae","Breaking leaf buds",2023-10-11,284,2023-10-18,7,222
224305,371,16,"2024-01-01","2024-12-31",2024-04-05,96,2024-04-02,3,1,35069,34.773415,-96.664055,310,"OK",101,"Quercus","macrocarpa","bur oak","Plantae","Breaking leaf buds",2024-10-25,299,2025-01-23,90,203
224305,371,17,"2025-01-01","2025-12-31",2025-02-24,55,2025-02-07,17,1,35069,34.773415,-96.664055,310,"OK",101,"Quercus","macrocarpa","bur oak","Plantae","Breaking leaf buds",2025-03-31,90,2025-04-22,22,35
224305,501,15,"2023-01-01","2023-12-31",2023-04-07,97,2023-03-24,14,1,35069,34.773415,-96.664055,310,"OK",101,"Quercus","macrocarpa","bur oak","Plantae","Open flowers",2023-05-04,124,2023-10-11,160,27
226756,371,12,"2020-01-01","2020-12-31",2020-03-05,65,2020-03-01,4,1,27474,29.784473,-90.114784,0,"LA",305,"Quercus","virginiana","live oak","Plantae","Breaking leaf buds",2020-03-14,74,2020-03-20,6,9
226756,371,16,"2024-01-01","2024-12-31",2024-03-14,74,2024-02-27,16,1,27474,29.784473,-90.114784,0,"LA",305,"Quercus","virginiana","live oak","Plantae","Breaking leaf buds",2024-03-29,89,2024-05-08,40,15
226756,501,16,"2024-01-01","2024-12-31",2024-03-14,74,2024-02-27,16,1,27474,29.784473,-90.114784,0,"LA",305,"Quercus","virginiana","live oak","Plantae","Open flowers",2024-03-21,81,2024-03-29,8,7
226756,501,17,"2025-01-01","2025-12-31",2025-03-19,78,2025-02-18,29,1,27474,29.784473,-90.114784,0,"LA",305,"Quercus","virginiana","live oak","Plantae","Open flowers",2025-03-27,86,2025-04-22,26,8
226764,371,12,"2020-01-01","2020-12-31",2020-03-05,65,2020-03-01,4,1,27475,29.783813,-90.117561,0,"LA",305,"Quercus","virginiana","live oak","Plantae","Breaking leaf buds",2020-03-26,86,2020-10-03,191,21
226764,501,12,"2020-01-01","2020-12-31",2020-03-05,65,2020-03-01,4,1,27475,29.783813,-90.117561,0,"LA",305,"Quercus","virginiana","live oak","Plantae","Open flowers",2020-03-05,65,2020-03-20,15,0
228548,371,12,"2020-01-01","2020-12-31",2020-04-01,92,2020-03-14,18,1,36873,36.4319,-94.230301,363,"AR",101,"Quercus","macrocarpa","bur oak","Plantae","Breaking leaf buds",2020-04-07,98,NA,NA,6
229630,371,13,"2021-01-01","2021-12-31",2021-03-15,74,2021-02-26,17,1,33862,30.353952,-89.136215,6,"MS",305,"Quercus","virginiana","live oak","Plantae","Breaking leaf buds",2021-03-31,90,2021-06-01,62,16
229630,371,15,"2023-01-01","2023-12-31",2023-02-28,59,2023-02-06,22,1,33862,30.353952,-89.136215,6,"MS",305,"Quercus","virginiana","live oak","Plantae","Breaking leaf buds",2023-04-27,117,2023-06-14,48,58
229630,371,18,"2026-01-01","2026-12-31",2026-03-10,69,2026-03-02,8,1,33862,30.353952,-89.136215,6,"MS",305,"Quercus","virginiana","live oak","Plantae","Breaking leaf buds",2026-03-10,69,NA,NA,0
229630,501,18,"2026-01-01","2026-12-31",2026-03-10,69,2026-03-02,8,1,33862,30.353952,-89.136215,6,"MS",305,"Quercus","virginiana","live oak","Plantae","Open flowers",2026-03-10,69,NA,NA,0
230042,371,14,"2022-01-01","2022-12-31",2022-04-24,114,2022-04-15,9,1,37196,41.814323,-88.070099,232,"IL",100,"Quercus","alba","white oak","Plantae","Breaking leaf buds",2022-05-10,130,2022-05-17,7,16
230042,371,15,"2023-01-01","2023-12-31",2023-04-20,110,2023-04-12,8,2,37196,41.814323,-88.070099,232,"IL",100,"Quercus","alba","white oak","Plantae","Breaking leaf buds",2023-05-06,126,2023-05-07,1,16
230042,371,16,"2024-01-01","2024-12-31",2024-03-27,87,2024-03-20,7,1,37196,41.814323,-88.070099,232,"IL",100,"Quercus","alba","white oak","Plantae","Breaking leaf buds",2024-04-29,120,2024-05-05,6,33
230042,371,17,"2025-01-01","2025-12-31",2025-04-17,107,2025-04-10,7,2,37196,41.814323,-88.070099,232,"IL",100,"Quercus","alba","white oak","Plantae","Breaking leaf buds",2025-06-09,160,2025-06-15,6,53
230042,371,18,"2026-01-01","2026-12-31",2026-04-03,93,2026-03-27,7,1,37196,41.814323,-88.070099,232,"IL",100,"Quercus","alba","white oak","Plantae","Breaking leaf buds",2026-04-10,100,2026-06-09,60,7
230042,501,15,"2023-01-01","2023-12-31",2023-05-15,135,2023-05-07,8,1,37196,41.814323,-88.070099,232,"IL",100,"Quercus","alba","white oak","Plantae","Open flowers",2023-06-16,167,2023-06-23,7,32
230042,501,16,"2024-01-01","2024-12-31",2024-05-05,126,2024-04-29,6,1,37196,41.814323,-88.070099,232,"IL",100,"Quercus","alba","white oak","Plantae","Open flowers",2024-05-06,127,2024-05-12,6,1
230042,501,17,"2025-01-01","2025-12-31",2025-05-04,124,2025-04-25,9,1,37196,41.814323,-88.070099,232,"IL",100,"Quercus","alba","white oak","Plantae","Open flowers",2025-05-12,132,2025-05-20,8,8
230043,371,14,"2022-01-01","2022-12-31",2022-05-09,129,2022-04-30,9,1,37196,41.814323,-88.070099,232,"IL",100,"Quercus","alba","white oak","Plantae","Breaking leaf buds",2022-05-09,129,2022-05-17,8,0
230048,371,14,"2022-01-01","2022-12-31",2022-04-19,109,2022-04-09,10,3,37197,41.813972,-88.068817,232,"IL",100,"Quercus","alba","white oak","Plantae","Breaking leaf buds",2022-05-10,130,2022-05-13,3,21
230048,371,15,"2023-01-01","2023-12-31",2023-04-11,101,2023-04-10,1,3,37197,41.813972,-88.068817,232,"IL",100,"Quercus","alba","white oak","Plantae","Breaking leaf buds",2023-05-15,135,2023-05-16,1,34
230048,371,16,"2024-01-01","2024-12-31",2024-04-29,120,2024-04-14,15,1,37197,41.813972,-88.068817,232,"IL",100,"Quercus","alba","white oak","Plantae","Breaking leaf buds",2024-04-29,120,2024-05-18,19,0
230048,371,17,"2025-01-01","2025-12-31",2025-04-23,113,2025-04-16,7,1,37197,41.813972,-88.068817,232,"IL",100,"Quercus","alba","white oak","Plantae","Breaking leaf buds",2025-05-27,147,2025-06-09,13,34
230048,371,18,"2026-01-01","2026-12-31",2026-04-22,112,2026-04-11,11,1,37197,41.813972,-88.068817,232,"IL",100,"Quercus","alba","white oak","Plantae","Breaking leaf buds",2026-04-22,112,2026-05-02,10,0
230048,501,14,"2022-01-01","2022-12-31",2022-05-13,133,2022-05-10,3,1,37197,41.813972,-88.068817,232,"IL",100,"Quercus","alba","white oak","Plantae","Open flowers",2022-05-13,133,2022-05-14,1,0
230048,501,15,"2023-01-01","2023-12-31",2023-05-02,122,2023-04-27,5,3,37197,41.813972,-88.068817,232,"IL",100,"Quercus","alba","white oak","Plantae","Open flowers",2023-10-10,283,2023-10-11,1,161
230050,371,14,"2022-01-01","2022-12-31",2022-04-26,116,2022-04-23,3,1,37197,41.813972,-88.068817,232,"IL",101,"Quercus","macrocarpa","bur oak","Plantae","Breaking leaf buds",2022-05-10,130,2022-05-13,3,14
230050,371,15,"2023-01-01","2023-12-31",2023-04-11,101,2023-04-10,1,3,37197,41.813972,-88.068817,232,"IL",101,"Quercus","macrocarpa","bur oak","Plantae","Breaking leaf buds",2023-05-11,131,2023-05-13,2,30
230050,371,16,"2024-01-01","2024-12-31",2024-04-29,120,2024-04-14,15,1,37197,41.813972,-88.068817,232,"IL",101,"Quercus","macrocarpa","bur oak","Plantae","Breaking leaf buds",2024-04-29,120,2024-05-18,19,0
230050,371,17,"2025-01-01","2025-12-31",2025-04-23,113,2025-04-16,7,1,37197,41.813972,-88.068817,232,"IL",101,"Quercus","macrocarpa","bur oak","Plantae","Breaking leaf buds",2025-05-27,147,2025-06-09,13,34
230050,371,18,"2026-01-01","2026-12-31",2026-05-02,122,2026-04-22,10,1,37197,41.813972,-88.068817,232,"IL",101,"Quercus","macrocarpa","bur oak","Plantae","Breaking leaf buds",2026-05-12,132,2026-05-19,7,10
230050,501,14,"2022-01-01","2022-12-31",2022-05-13,133,2022-05-10,3,1,37197,41.813972,-88.068817,232,"IL",101,"Quercus","macrocarpa","bur oak","Plantae","Open flowers",2022-05-13,133,2022-05-17,4,0
230050,501,15,"2023-01-01","2023-12-31",2023-05-02,122,2023-04-27,5,2,37197,41.813972,-88.068817,232,"IL",101,"Quercus","macrocarpa","bur oak","Plantae","Open flowers",2023-05-09,129,2023-05-11,2,7
230051,371,14,"2022-01-01","2022-12-31",2022-04-26,116,2022-04-23,3,1,37197,41.813972,-88.068817,232,"IL",101,"Quercus","macrocarpa","bur oak","Plantae","Breaking leaf buds",2022-05-10,130,2022-05-13,3,14
230051,371,15,"2023-01-01","2023-12-31",2023-04-11,101,2023-04-10,1,3,37197,41.813972,-88.068817,232,"IL",101,"Quercus","macrocarpa","bur oak","Plantae","Breaking leaf buds",2023-07-17,198,2023-07-18,1,97
230051,371,16,"2024-01-01","2024-12-31",2024-04-29,120,2024-04-14,15,1,37197,41.813972,-88.068817,232,"IL",101,"Quercus","macrocarpa","bur oak","Plantae","Breaking leaf buds",2024-04-29,120,2024-06-04,36,0
230051,371,17,"2025-01-01","2025-12-31",2025-05-09,129,2025-04-23,16,1,37197,41.813972,-88.068817,232,"IL",101,"Quercus","macrocarpa","bur oak","Plantae","Breaking leaf buds",2025-05-13,133,2025-05-27,14,4
230051,371,18,"2026-01-01","2026-12-31",2026-04-22,112,2026-04-11,11,1,37197,41.813972,-88.068817,232,"IL",101,"Quercus","macrocarpa","bur oak","Plantae","Breaking leaf buds",2026-05-12,132,2026-05-19,7,20
230051,501,14,"2022-01-01","2022-12-31",2022-05-13,133,2022-05-10,3,1,37197,41.813972,-88.068817,232,"IL",101,"Quercus","macrocarpa","bur oak","Plantae","Open flowers",2022-05-17,137,2022-05-24,7,4
230051,501,15,"2023-01-01","2023-12-31",2023-05-02,122,2023-04-27,5,2,37197,41.813972,-88.068817,232,"IL",101,"Quercus","macrocarpa","bur oak","Plantae","Open flowers",2023-05-09,129,2023-05-11,2,7
230051,501,17,"2025-01-01","2025-12-31",2025-09-09,252,2025-09-06,3,1,37197,41.813972,-88.068817,232,"IL",101,"Quercus","macrocarpa","bur oak","Plantae","Open flowers",2025-09-09,252,2025-09-13,4,0
230286,371,12,"2020-01-01","2020-12-31",2020-03-25,85,2020-03-04,21,1,37293,35.531059,-94.169556,242,"AR",100,"Quercus","alba","white oak","Plantae","Breaking leaf buds",2020-03-25,85,NA,NA,0
231518,371,12,"2020-01-01","2020-12-31",2020-03-23,83,2020-03-13,10,2,36831,36.470451,-94.212837,347,"AR",100,"Quercus","alba","white oak","Plantae","Breaking leaf buds",2020-04-05,96,2020-04-09,4,13
231581,371,12,"2020-01-01","2020-12-31",2020-06-11,163,2020-06-03,8,1,34459,31.679283,-97.679939,284,"TX",305,"Quercus","virginiana","live oak","Plantae","Breaking leaf buds",2020-07-29,211,NA,NA,48
231581,501,12,"2020-01-01","2020-12-31",2020-06-03,155,2020-05-29,5,1,34459,31.679283,-97.679939,284,"TX",305,"Quercus","virginiana","live oak","Plantae","Open flowers",2020-07-29,211,NA,NA,56
233167,371,12,"2020-01-01","2020-12-31",2020-04-08,99,2020-03-28,11,1,37760,35.688911,-83.747101,358,"TN",100,"Quercus","alba","white oak","Plantae","Breaking leaf buds",2020-04-19,110,2020-05-04,15,11
233167,501,12,"2020-01-01","2020-12-31",2020-05-04,125,2020-04-19,15,1,37760,35.688911,-83.747101,358,"TN",100,"Quercus","alba","white oak","Plantae","Open flowers",2020-05-04,125,NA,NA,0
233598,371,12,"2020-01-01","2020-12-31",2020-04-23,114,2020-04-10,13,1,37845,41.799072,-88.024521,218,"IL",100,"Quercus","alba","white oak","Plantae","Breaking leaf buds",2020-05-13,134,2020-05-28,15,20
233598,371,13,"2021-01-01","2021-12-31",2021-04-18,108,2021-04-09,9,1,37845,41.799072,-88.024521,218,"IL",100,"Quercus","alba","white oak","Plantae","Breaking leaf buds",2021-05-03,123,2021-05-12,9,15
233598,501,12,"2020-01-01","2020-12-31",2020-05-20,141,2020-05-07,13,1,37845,41.799072,-88.024521,218,"IL",100,"Quercus","alba","white oak","Plantae","Open flowers",2020-06-04,156,2020-06-11,7,15
233598,501,13,"2021-01-01","2021-12-31",2021-05-03,123,2021-04-25,8,1,37845,41.799072,-88.024521,218,"IL",100,"Quercus","alba","white oak","Plantae","Open flowers",2021-05-12,132,2021-05-20,8,9
233602,371,12,"2020-01-01","2020-12-31",2020-04-23,114,2020-04-16,7,1,37845,41.799072,-88.024521,218,"IL",101,"Quercus","macrocarpa","bur oak","Plantae","Breaking leaf buds",2020-05-20,141,2020-05-28,8,27
233602,371,13,"2021-01-01","2021-12-31",2021-04-18,108,2021-04-09,9,1,37845,41.799072,-88.024521,218,"IL",101,"Quercus","macrocarpa","bur oak","Plantae","Breaking leaf buds",2021-05-03,123,2021-05-12,9,15
233602,501,12,"2020-01-01","2020-12-31",2020-05-20,141,2020-05-13,7,1,37845,41.799072,-88.024521,218,"IL",101,"Quercus","macrocarpa","bur oak","Plantae","Open flowers",2020-05-20,141,2020-06-11,22,0
233711,371,12,"2020-01-01","2020-12-31",2020-04-23,114,2020-04-16,7,1,37845,41.799072,-88.024521,218,"IL",101,"Quercus","macrocarpa","bur oak","Plantae","Breaking leaf buds",2020-05-20,141,2020-05-28,8,27
233711,371,13,"2021-01-01","2021-12-31",2021-04-25,115,2021-04-18,7,1,37845,41.799072,-88.024521,218,"IL",101,"Quercus","macrocarpa","bur oak","Plantae","Breaking leaf buds",2021-05-12,132,2021-05-20,8,17
233711,501,12,"2020-01-01","2020-12-31",2020-05-20,141,2020-05-13,7,1,37845,41.799072,-88.024521,218,"IL",101,"Quercus","macrocarpa","bur oak","Plantae","Open flowers",2020-05-20,141,2020-06-11,22,0
234869,371,12,"2020-01-01","2020-12-31",2020-05-11,132,2020-05-08,3,1,38076,42.027615,-93.62516,283,"IA",100,"Quercus","alba","white oak","Plantae","Breaking leaf buds",2020-05-22,143,NA,NA,11
235867,501,12,"2020-01-01","2020-12-31",2020-05-18,139,2020-05-02,16,1,38327,40.328484,-88.793625,236,"IL",100,"Quercus","alba","white oak","Plantae","Open flowers",2020-05-18,139,2020-06-11,24,0
237844,371,13,"2021-01-01","2021-12-31",2021-04-13,103,2021-04-10,3,1,38501,40.199524,-85.414024,288,"IN",100,"Quercus","alba","white oak","Plantae","Breaking leaf buds",2021-05-19,139,2021-05-22,3,36
237844,371,14,"2022-01-01","2022-12-31",2022-04-23,113,2022-04-19,4,1,38501,40.199524,-85.414024,288,"IN",100,"Quercus","alba","white oak","Plantae","Breaking leaf buds",2022-05-10,130,2022-05-27,17,17
237844,371,15,"2023-01-01","2023-12-31",2023-04-18,108,2023-04-14,4,1,38501,40.199524,-85.414024,288,"IN",100,"Quercus","alba","white oak","Plantae","Breaking leaf buds",2023-05-08,128,2023-05-16,8,20
237844,371,16,"2024-01-01","2024-12-31",2024-04-26,117,2024-04-17,9,1,38501,40.199524,-85.414024,288,"IN",100,"Quercus","alba","white oak","Plantae","Breaking leaf buds",2024-06-27,179,2024-07-24,27,62
237844,371,17,"2025-01-01","2025-12-31",2025-04-30,120,2025-04-21,9,1,38501,40.199524,-85.414024,288,"IN",100,"Quercus","alba","white oak","Plantae","Breaking leaf buds",2025-05-28,148,2025-06-04,7,28
237844,371,18,"2026-01-01","2026-12-31",2026-04-17,107,2026-04-13,4,1,38501,40.199524,-85.414024,288,"IN",100,"Quercus","alba","white oak","Plantae","Breaking leaf buds",2026-05-20,140,2026-05-27,7,33
237844,501,12,"2020-01-01","2020-12-31",2020-05-04,125,2020-05-02,2,1,38501,40.199524,-85.414024,288,"IN",100,"Quercus","alba","white oak","Plantae","Open flowers",2020-05-21,142,2020-05-26,5,17
237844,501,13,"2021-01-01","2021-12-31",2021-04-20,110,2021-04-17,3,2,38501,40.199524,-85.414024,288,"IN",100,"Quercus","alba","white oak","Plantae","Open flowers",2021-05-19,139,2021-05-22,3,29
237844,501,14,"2022-01-01","2022-12-31",2022-05-06,126,2022-04-28,8,1,38501,40.199524,-85.414024,288,"IN",100,"Quercus","alba","white oak","Plantae","Open flowers",2022-05-10,130,2022-05-27,17,4
237844,501,15,"2023-01-01","2023-12-31",2023-05-01,121,2023-04-26,5,1,38501,40.199524,-85.414024,288,"IN",100,"Quercus","alba","white oak","Plantae","Open flowers",2023-05-08,128,2023-05-16,8,7
237844,501,16,"2024-01-01","2024-12-31",2024-04-26,117,2024-04-17,9,1,38501,40.199524,-85.414024,288,"IN",100,"Quercus","alba","white oak","Plantae","Open flowers",2024-05-07,128,2024-05-30,23,11
237844,501,17,"2025-01-01","2025-12-31",2025-04-30,120,2025-04-21,9,1,38501,40.199524,-85.414024,288,"IN",100,"Quercus","alba","white oak","Plantae","Open flowers",2025-05-14,134,2025-05-28,14,14
237844,501,18,"2026-01-01","2026-12-31",2026-04-17,107,2026-04-13,4,1,38501,40.199524,-85.414024,288,"IN",100,"Quercus","alba","white oak","Plantae","Open flowers",2026-05-27,147,2026-06-07,11,40
237913,371,12,"2020-01-01","2020-12-31",2020-04-30,121,2020-04-23,7,1,38516,41.770496,-87.999031,230,"IL",101,"Quercus","macrocarpa","bur oak","Plantae","Breaking leaf buds",2020-04-30,121,2020-06-18,49,0
237914,371,12,"2020-01-01","2020-12-31",2020-04-30,121,2020-04-23,7,1,38516,41.770496,-87.999031,230,"IL",101,"Quercus","macrocarpa","bur oak","Plantae","Breaking leaf buds",2020-05-08,129,2020-06-18,41,8
237915,371,12,"2020-01-01","2020-12-31",2020-04-30,121,2020-04-23,7,1,38516,41.770496,-87.999031,230,"IL",101,"Quercus","macrocarpa","bur oak","Plantae","Breaking leaf buds",2020-05-08,129,2020-06-18,41,8
240227,371,12,"2020-01-01","2020-12-31",2020-05-27,148,2020-05-21,6,1,32443,39.90163,-86.175911,242,"IN",100,"Quercus","alba","white oak","Plantae","Breaking leaf buds",2020-06-10,162,2020-06-24,14,14
240227,371,15,"2023-01-01","2023-12-31",2023-04-18,108,2023-04-10,8,1,32443,39.90163,-86.175911,242,"IN",100,"Quercus","alba","white oak","Plantae","Breaking leaf buds",2023-04-18,108,2024-02-08,296,0
240227,371,16,"2024-01-01","2024-12-31",2024-04-17,108,2024-04-11,6,1,32443,39.90163,-86.175911,242,"IN",100,"Quercus","alba","white oak","Plantae","Breaking leaf buds",2024-04-17,108,2025-03-05,322,0
240227,371,17,"2025-01-01","2025-12-31",2025-04-23,113,2025-04-16,7,1,32443,39.90163,-86.175911,242,"IN",100,"Quercus","alba","white oak","Plantae","Breaking leaf buds",2025-04-27,117,2026-02-11,290,4
240227,371,18,"2026-01-01","2026-12-31",2026-04-20,110,2026-04-13,7,1,32443,39.90163,-86.175911,242,"IN",100,"Quercus","alba","white oak","Plantae","Breaking leaf buds",2026-04-20,110,NA,NA,0
243156,501,12,"2020-01-01","2020-12-31",2020-05-31,152,2020-05-22,9,1,38983,46.5303,-93.710556,373,"MN",101,"Quercus","macrocarpa","bur oak","Plantae","Open flowers",2020-05-31,152,2020-06-03,3,0
245583,371,13,"2021-01-01","2021-12-31",2021-04-28,118,2021-04-21,7,1,36700,42.455666,-71.124626,50,"MA",100,"Quercus","alba","white oak","Plantae","Breaking leaf buds",2021-05-12,132,2021-05-19,7,14
245583,371,14,"2022-01-01","2022-12-31",2022-04-29,119,2022-04-22,7,1,36700,42.455666,-71.124626,50,"MA",100,"Quercus","alba","white oak","Plantae","Breaking leaf buds",2022-05-13,133,2022-05-20,7,14
245583,371,15,"2023-01-01","2023-12-31",2023-04-14,104,2023-04-07,7,1,36700,42.455666,-71.124626,50,"MA",100,"Quercus","alba","white oak","Plantae","Breaking leaf buds",2023-05-19,139,2023-05-26,7,35
245972,371,13,"2021-01-01","2021-12-31",2021-04-05,95,2021-03-11,25,1,10397,35.81398,-82.866119,643,"NC",100,"Quercus","alba","white oak","Plantae","Breaking leaf buds",2021-04-17,107,2021-04-25,8,12
245972,371,14,"2022-01-01","2022-12-31",2022-04-17,107,2022-04-10,7,1,10397,35.81398,-82.866119,643,"NC",100,"Quercus","alba","white oak","Plantae","Breaking leaf buds",2022-04-17,107,2022-04-27,10,0
246650,371,12,"2020-01-01","2020-12-31",2020-10-22,296,2020-10-03,19,1,40221,38.030041,-84.499199,308,"KY",100,"Quercus","alba","white oak","Plantae","Breaking leaf buds",2020-10-22,296,2020-10-29,7,0
246678,371,13,"2021-01-01","2021-12-31",2021-03-24,83,2021-03-13,11,1,35069,34.773415,-96.664055,310,"OK",101,"Quercus","macrocarpa","bur oak","Plantae","Breaking leaf buds",2021-03-24,83,2022-01-12,294,0
246678,371,14,"2022-01-01","2022-12-31",2022-04-12,102,2022-04-07,5,1,35069,34.773415,-96.664055,310,"OK",101,"Quercus","macrocarpa","bur oak","Plantae","Breaking leaf buds",2022-04-12,102,2023-08-27,502,0
246678,371,16,"2024-01-01","2024-12-31",2024-04-01,92,2024-03-30,2,1,35069,34.773415,-96.664055,310,"OK",101,"Quercus","macrocarpa","bur oak","Plantae","Breaking leaf buds",2024-04-08,99,2024-04-11,3,7
246678,501,16,"2024-01-01","2024-12-31",2024-04-03,94,2024-04-01,2,1,35069,34.773415,-96.664055,310,"OK",101,"Quercus","macrocarpa","bur oak","Plantae","Open flowers",2024-04-11,102,2024-04-16,5,8
246692,371,13,"2021-01-01","2021-12-31",2021-03-30,89,2021-03-09,21,1,35069,34.773415,-96.664055,310,"OK",101,"Quercus","macrocarpa","bur oak","Plantae","Breaking leaf buds",2021-04-27,117,2022-01-25,273,28
246692,371,14,"2022-01-01","2022-12-31",2022-04-12,102,2022-03-29,14,1,35069,34.773415,-96.664055,310,"OK",101,"Quercus","macrocarpa","bur oak","Plantae","Breaking leaf buds",2022-04-12,102,2022-08-25,135,0
246692,371,16,"2024-01-01","2024-12-31",2024-04-01,92,2024-03-29,3,1,35069,34.773415,-96.664055,310,"OK",101,"Quercus","macrocarpa","bur oak","Plantae","Breaking leaf buds",2024-05-03,124,2024-08-29,118,32
246692,501,13,"2021-01-01","2021-12-31",2021-04-13,103,2021-04-07,6,1,35069,34.773415,-96.664055,310,"OK",101,"Quercus","macrocarpa","bur oak","Plantae","Open flowers",2021-04-20,110,2021-04-27,7,7
246727,371,12,"2020-01-01","2020-12-31",2020-09-20,264,2020-09-13,7,2,40242,38.0429,-84.503525,302,"KY",101,"Quercus","macrocarpa","bur oak","Plantae","Breaking leaf buds",2020-11-01,306,NA,NA,42
247020,371,12,"2020-01-01","2020-12-31",2020-09-17,261,2020-09-10,7,1,40352,44.313557,-96.798218,498,"SD",100,"Quercus","alba","white oak","Plantae","Breaking leaf buds",2020-09-17,261,2020-09-24,7,0
247357,371,12,"2020-01-01","2020-12-31",2020-10-29,303,2020-10-18,11,1,40409,32.327999,-110.94857,813,"AZ",1212,"Quercus","montana","chestnut oak","Plantae","Breaking leaf buds",2020-10-29,303,NA,NA,0
248131,371,13,"2021-01-01","2021-12-31",2021-05-04,124,2021-04-22,12,1,40586,47.910019,-97.023216,254,"ND",101,"Quercus","macrocarpa","bur oak","Plantae","Breaking leaf buds",2021-05-12,132,2021-05-18,6,8
248131,371,17,"2025-01-01","2025-12-31",2025-05-14,134,2025-05-04,10,1,40586,47.910019,-97.023216,254,"ND",101,"Quercus","macrocarpa","bur oak","Plantae","Breaking leaf buds",2025-05-14,134,NA,NA,0
248368,371,13,"2021-01-01","2021-12-31",2021-04-17,107,2021-04-12,5,1,9342,35.644516,-83.68988,500,"TN",100,"Quercus","alba","white oak","Plantae","Breaking leaf buds",2021-04-25,115,2021-05-01,6,8
248368,371,14,"2022-01-01","2022-12-31",2022-04-09,99,2022-04-02,7,2,9342,35.644516,-83.68988,500,"TN",100,"Quercus","alba","white oak","Plantae","Breaking leaf buds",2022-04-23,113,2022-04-30,7,14
248368,371,15,"2023-01-01","2023-12-31",2023-04-04,94,2023-03-29,6,1,9342,35.644516,-83.68988,500,"TN",100,"Quercus","alba","white oak","Plantae","Breaking leaf buds",2023-04-13,103,2023-04-19,6,9
248368,371,16,"2024-01-01","2024-12-31",2024-04-18,109,2024-04-13,5,1,9342,35.644516,-83.68988,500,"TN",100,"Quercus","alba","white oak","Plantae","Breaking leaf buds",2024-04-23,114,2024-05-02,9,5
248368,371,17,"2025-01-01","2025-12-31",2025-04-08,98,2025-03-13,26,1,9342,35.644516,-83.68988,500,"TN",100,"Quercus","alba","white oak","Plantae","Breaking leaf buds",2025-04-20,110,2025-04-28,8,12
248368,371,18,"2026-01-01","2026-12-31",2026-04-11,101,2026-04-04,7,1,9342,35.644516,-83.68988,500,"TN",100,"Quercus","alba","white oak","Plantae","Breaking leaf buds",2026-04-23,113,2026-05-03,10,12
248368,501,15,"2023-01-01","2023-12-31",2023-04-19,109,2023-04-13,6,1,9342,35.644516,-83.68988,500,"TN",100,"Quercus","alba","white oak","Plantae","Open flowers",2023-04-19,109,2023-04-25,6,0
248368,501,16,"2024-01-01","2024-12-31",2024-04-23,114,2024-04-18,5,1,9342,35.644516,-83.68988,500,"TN",100,"Quercus","alba","white oak","Plantae","Open flowers",2024-04-23,114,2024-05-02,9,0
248368,501,17,"2025-01-01","2025-12-31",2025-04-20,110,2025-04-08,12,1,9342,35.644516,-83.68988,500,"TN",100,"Quercus","alba","white oak","Plantae","Open flowers",2025-04-20,110,2025-04-28,8,0
249132,371,14,"2022-01-01","2022-12-31",2022-03-12,71,2022-03-10,2,1,40616,45.279068,-122.279015,284,"OR",100,"Quercus","alba","white oak","Plantae","Breaking leaf buds",2022-04-07,97,NA,NA,26
249518,371,12,"2020-01-01","2020-12-31",2020-11-03,308,2020-11-02,1,1,40888,42.865818,-78.74865,192,"NY",101,"Quercus","macrocarpa","bur oak","Plantae","Breaking leaf buds",2020-11-09,314,2020-11-16,7,6
250163,371,12,"2020-01-01","2020-12-31",2020-09-13,257,2020-09-06,7,2,41145,38.029823,-84.49897,308,"KY",100,"Quercus","alba","white oak","Plantae","Breaking leaf buds",2020-10-31,305,NA,NA,48
250645,371,15,"2023-01-01","2023-12-31",2023-04-18,108,2023-04-10,8,1,32443,39.90163,-86.175911,242,"IN",101,"Quercus","macrocarpa","bur oak","Plantae","Breaking leaf buds",2023-04-18,108,2024-02-08,296,0
250645,371,16,"2024-01-01","2024-12-31",2024-04-11,102,2024-04-03,8,1,32443,39.90163,-86.175911,242,"IN",101,"Quercus","macrocarpa","bur oak","Plantae","Breaking leaf buds",2024-04-24,115,2025-03-05,315,13
250645,371,17,"2025-01-01","2025-12-31",2025-04-27,117,2025-04-23,4,1,32443,39.90163,-86.175911,242,"IN",101,"Quercus","macrocarpa","bur oak","Plantae","Breaking leaf buds",2025-04-30,120,2026-02-11,287,3
250645,371,18,"2026-01-01","2026-12-31",2026-04-20,110,2026-04-13,7,1,32443,39.90163,-86.175911,242,"IN",101,"Quercus","macrocarpa","bur oak","Plantae","Breaking leaf buds",2026-04-27,117,NA,NA,7
254012,371,13,"2021-01-01","2021-12-31",2021-04-21,111,2021-04-13,8,1,41802,39.910755,-86.424187,287,"IN",100,"Quercus","alba","white oak","Plantae","Breaking leaf buds",2021-05-12,132,2021-05-19,7,21
254012,371,14,"2022-01-01","2022-12-31",2022-05-04,124,2022-04-28,6,1,41802,39.910755,-86.424187,287,"IN",100,"Quercus","alba","white oak","Plantae","Breaking leaf buds",2022-05-11,131,2022-05-19,8,7
254012,371,15,"2023-01-01","2023-12-31",2023-04-25,115,2023-04-12,13,1,41802,39.910755,-86.424187,287,"IN",100,"Quercus","alba","white oak","Plantae","Breaking leaf buds",2023-04-25,115,2023-05-17,22,0
254012,371,16,"2024-01-01","2024-12-31",2024-04-23,114,2024-04-14,9,1,41802,39.910755,-86.424187,287,"IN",100,"Quercus","alba","white oak","Plantae","Breaking leaf buds",2024-04-23,114,NA,NA,0
254164,371,12,"2020-01-01","2020-12-31",2020-09-30,274,2020-09-22,8,1,40276,38.042633,-84.499008,303,"KY",100,"Quercus","alba","white oak","Plantae","Breaking leaf buds",2020-09-30,274,2020-10-07,7,0
254642,371,13,"2021-01-01","2021-12-31",2021-03-24,83,2021-03-13,11,1,41903,34.287571,-86.849609,298,"AL",100,"Quercus","alba","white oak","Plantae","Breaking leaf buds",2021-03-24,83,NA,NA,0
256566,371,13,"2021-01-01","2021-12-31",2021-05-04,124,2021-05-02,2,1,42061,41.717556,-86.245186,218,"IN",100,"Quercus","alba","white oak","Plantae","Breaking leaf buds",2021-05-16,136,2021-05-22,6,12
256566,371,14,"2022-01-01","2022-12-31",2022-05-15,135,2022-04-30,15,1,42061,41.717556,-86.245186,218,"IN",100,"Quercus","alba","white oak","Plantae","Breaking leaf buds",2022-05-15,135,2022-05-21,6,0
256566,501,13,"2021-01-01","2021-12-31",2021-05-22,142,2021-05-16,6,1,42061,41.717556,-86.245186,218,"IN",100,"Quercus","alba","white oak","Plantae","Open flowers",2021-05-22,142,2021-05-30,8,0
256693,371,13,"2021-01-01","2021-12-31",2021-04-08,98,2021-03-23,16,1,42044,41.05518,-86.165627,241,"IN",100,"Quercus","alba","white oak","Plantae","Breaking leaf buds",2021-05-19,139,2021-07-15,57,41
256693,371,14,"2022-01-01","2022-12-31",2022-04-22,112,2022-04-14,8,1,42044,41.05518,-86.165627,241,"IN",100,"Quercus","alba","white oak","Plantae","Breaking leaf buds",2022-05-28,148,2022-06-07,10,36
256693,371,15,"2023-01-01","2023-12-31",2023-04-13,103,2023-04-05,8,2,42044,41.05518,-86.165627,241,"IN",100,"Quercus","alba","white oak","Plantae","Breaking leaf buds",2023-06-22,173,2023-07-06,14,70
256693,371,16,"2024-01-01","2024-12-31",2024-03-29,89,2024-03-23,6,2,42044,41.05518,-86.165627,241,"IN",100,"Quercus","alba","white oak","Plantae","Breaking leaf buds",2024-05-27,148,2024-08-22,87,59
256693,371,17,"2025-01-01","2025-12-31",2025-05-10,130,2025-04-13,27,1,42044,41.05518,-86.165627,241,"IN",100,"Quercus","alba","white oak","Plantae","Breaking leaf buds",2025-05-10,130,NA,NA,0
256971,371,13,"2021-01-01","2021-12-31",2021-04-29,119,2021-04-26,3,1,42061,41.717556,-86.245186,218,"IN",100,"Quercus","alba","white oak","Plantae","Breaking leaf buds",2021-05-16,136,2021-05-22,6,17
256971,371,14,"2022-01-01","2022-12-31",2022-05-15,135,2022-04-30,15,1,42061,41.717556,-86.245186,218,"IN",100,"Quercus","alba","white oak","Plantae","Breaking leaf buds",2022-05-15,135,2022-05-21,6,0
256971,501,13,"2021-01-01","2021-12-31",2021-05-22,142,2021-05-16,6,1,42061,41.717556,-86.245186,218,"IN",100,"Quercus","alba","white oak","Plantae","Open flowers",2021-05-22,142,2021-05-30,8,0
256971,501,14,"2022-01-01","2022-12-31",2022-05-21,141,2022-05-15,6,1,42061,41.717556,-86.245186,218,"IN",100,"Quercus","alba","white oak","Plantae","Open flowers",2022-05-21,141,2022-05-29,8,0
257182,371,13,"2021-01-01","2021-12-31",2021-03-18,77,2021-03-11,7,1,42215,35.968449,-79.999405,270,"NC",100,"Quercus","alba","white oak","Plantae","Breaking leaf buds",2021-04-22,112,2021-04-27,5,35
257182,501,13,"2021-01-01","2021-12-31",2021-04-01,91,2021-03-25,7,2,42215,35.968449,-79.999405,270,"NC",100,"Quercus","alba","white oak","Plantae","Open flowers",2021-04-27,117,NA,NA,26
257438,371,13,"2021-01-01","2021-12-31",2021-04-21,111,2021-04-14,7,1,31139,42.455235,-71.123512,36,"MA",100,"Quercus","alba","white oak","Plantae","Breaking leaf buds",2021-05-05,125,2021-05-12,7,14
257438,371,14,"2022-01-01","2022-12-31",2022-04-22,112,2022-04-15,7,1,31139,42.455235,-71.123512,36,"MA",100,"Quercus","alba","white oak","Plantae","Breaking leaf buds",2022-05-06,126,2022-05-13,7,14
257438,371,15,"2023-01-01","2023-12-31",2023-04-14,104,2023-04-07,7,1,31139,42.455235,-71.123512,36,"MA",100,"Quercus","alba","white oak","Plantae","Breaking leaf buds",2023-05-12,132,2023-05-19,7,28
257438,371,16,"2024-01-01","2024-12-31",2024-04-19,110,2024-04-13,6,2,31139,42.455235,-71.123512,36,"MA",100,"Quercus","alba","white oak","Plantae","Breaking leaf buds",2024-05-10,131,2024-05-17,7,21
257438,371,17,"2025-01-01","2025-12-31",2025-04-25,115,2025-04-18,7,1,31139,42.455235,-71.123512,36,"MA",100,"Quercus","alba","white oak","Plantae","Breaking leaf buds",2025-05-02,122,2025-05-09,7,7
257438,371,18,"2026-01-01","2026-12-31",2026-04-17,107,2026-04-10,7,2,31139,42.455235,-71.123512,36,"MA",100,"Quercus","alba","white oak","Plantae","Breaking leaf buds",2026-05-01,121,2026-05-08,7,14
258542,371,13,"2021-01-01","2021-12-31",2021-04-07,97,2021-04-02,5,2,42296,40.186535,-86.714111,246,"IN",100,"Quercus","alba","white oak","Plantae","Breaking leaf buds",2021-05-10,130,2021-05-26,16,33
258542,371,14,"2022-01-01","2022-12-31",2022-04-26,116,2022-04-12,14,1,42296,40.186535,-86.714111,246,"IN",100,"Quercus","alba","white oak","Plantae","Breaking leaf buds",2022-04-26,116,2022-05-05,9,0
258542,371,15,"2023-01-01","2023-12-31",2023-04-14,104,2023-04-08,6,1,42296,40.186535,-86.714111,246,"IN",100,"Quercus","alba","white oak","Plantae","Breaking leaf buds",2023-05-14,134,2023-06-14,31,30
258542,501,13,"2021-01-01","2021-12-31",2021-04-09,99,2021-04-02,7,1,42296,40.186535,-86.714111,246,"IN",100,"Quercus","alba","white oak","Plantae","Open flowers",2021-05-10,130,2021-06-06,27,31
259782,371,13,"2021-01-01","2021-12-31",2021-03-03,62,2021-02-24,7,1,42645,44.861355,-92.62381,282,"WI",100,"Quercus","alba","white oak","Plantae","Breaking leaf buds",2021-05-05,125,NA,NA,63
259782,501,13,"2021-01-01","2021-12-31",2021-05-05,125,2021-04-28,7,1,42645,44.861355,-92.62381,282,"WI",100,"Quercus","alba","white oak","Plantae","Open flowers",2021-05-05,125,NA,NA,0
260274,371,13,"2021-01-01","2021-12-31",2021-03-30,89,2021-03-21,9,1,42726,35.665653,-82.533623,854,"NC",1212,"Quercus","montana","chestnut oak","Plantae","Breaking leaf buds",2021-04-26,116,NA,NA,27
261370,371,14,"2022-01-01","2022-12-31",2022-04-26,116,2022-04-17,9,1,42060,39.627743,-86.380142,218,"IN",100,"Quercus","alba","white oak","Plantae","Breaking leaf buds",2022-05-03,123,2022-05-14,11,7
261370,501,14,"2022-01-01","2022-12-31",2022-05-03,123,2022-04-26,7,1,42060,39.627743,-86.380142,218,"IN",100,"Quercus","alba","white oak","Plantae","Open flowers",2022-05-22,142,2022-05-30,8,19
264105,371,13,"2021-01-01","2021-12-31",2021-04-16,106,2021-04-09,7,1,43276,41.063885,-73.990829,64,"NY",100,"Quercus","alba","white oak","Plantae","Breaking leaf buds",2021-04-30,120,NA,NA,14
264120,371,13,"2021-01-01","2021-12-31",2021-04-16,106,2021-04-09,7,1,43276,41.063885,-73.990829,64,"NY",100,"Quercus","alba","white oak","Plantae","Breaking leaf buds",2021-04-30,120,NA,NA,14
264199,371,13,"2021-01-01","2021-12-31",2021-05-07,127,2021-04-23,14,1,43283,43.153866,-75.883095,117,"NY",100,"Quercus","alba","white oak","Plantae","Breaking leaf buds",2021-05-07,127,NA,NA,0
264481,371,13,"2021-01-01","2021-12-31",2021-04-26,116,2021-04-08,18,1,42726,35.665653,-82.533623,854,"NC",100,"Quercus","alba","white oak","Plantae","Breaking leaf buds",2021-04-26,116,NA,NA,0
265296,371,13,"2021-01-01","2021-12-31",2021-04-07,97,2021-04-04,3,1,43468,44.59866,-94.047485,300,"MN",101,"Quercus","macrocarpa","bur oak","Plantae","Breaking leaf buds",2021-04-07,97,2021-04-12,5,0
265783,371,13,"2021-01-01","2021-12-31",2021-04-01,91,2021-03-28,4,1,19824,34.836891,-92.405724,123,"AR",100,"Quercus","alba","white oak","Plantae","Breaking leaf buds",2021-08-30,242,2021-09-29,30,151
266305,371,13,"2021-01-01","2021-12-31",2021-04-05,95,2021-03-29,7,2,43327,42.386902,-71.146004,6,"MA",2043,"Quercus","bicolor","swamp white oak","Plantae","Breaking leaf buds",2021-04-26,116,2021-05-03,7,21
266305,371,14,"2022-01-01","2022-12-31",2022-04-18,108,2022-04-11,7,1,43327,42.386902,-71.146004,6,"MA",2043,"Quercus","bicolor","swamp white oak","Plantae","Breaking leaf buds",2022-05-09,129,2022-05-16,7,21
266305,371,15,"2023-01-01","2023-12-31",2023-04-14,104,2023-04-10,4,1,43327,42.386902,-71.146004,6,"MA",2043,"Quercus","bicolor","swamp white oak","Plantae","Breaking leaf buds",2023-05-08,128,2023-05-15,7,24
266305,371,16,"2024-01-01","2024-12-31",2024-04-14,105,2024-04-08,6,1,43327,42.386902,-71.146004,6,"MA",2043,"Quercus","bicolor","swamp white oak","Plantae","Breaking leaf buds",2024-05-06,127,2024-05-13,7,22
266305,371,17,"2025-01-01","2025-12-31",2025-04-14,104,2025-04-07,7,1,43327,42.386902,-71.146004,6,"MA",2043,"Quercus","bicolor","swamp white oak","Plantae","Breaking leaf buds",2025-04-28,118,2025-05-05,7,14
266305,371,18,"2026-01-01","2026-12-31",2026-04-13,103,2026-04-06,7,1,43327,42.386902,-71.146004,6,"MA",2043,"Quercus","bicolor","swamp white oak","Plantae","Breaking leaf buds",2026-05-11,131,2026-05-18,7,28
266305,501,14,"2022-01-01","2022-12-31",2022-05-09,129,2022-05-02,7,1,43327,42.386902,-71.146004,6,"MA",2043,"Quercus","bicolor","swamp white oak","Plantae","Open flowers",2022-05-09,129,2022-05-16,7,0
266305,501,15,"2023-01-01","2023-12-31",2023-05-08,128,2023-04-24,14,1,43327,42.386902,-71.146004,6,"MA",2043,"Quercus","bicolor","swamp white oak","Plantae","Open flowers",2023-05-08,128,2023-05-15,7,0
266305,501,16,"2024-01-01","2024-12-31",2024-04-29,120,2024-04-22,7,1,43327,42.386902,-71.146004,6,"MA",2043,"Quercus","bicolor","swamp white oak","Plantae","Open flowers",2024-05-06,127,2024-05-20,14,7
266305,501,18,"2026-01-01","2026-12-31",2026-04-27,117,2026-04-20,7,1,43327,42.386902,-71.146004,6,"MA",2043,"Quercus","bicolor","swamp white oak","Plantae","Open flowers",2026-05-11,131,2026-05-18,7,14
266823,371,13,"2021-01-01","2021-12-31",2021-04-11,101,2021-04-09,2,1,43781,37.82851,-79.857574,527,"VA",1212,"Quercus","montana","chestnut oak","Plantae","Breaking leaf buds",2021-04-14,104,2021-04-20,6,3
266823,371,14,"2022-01-01","2022-12-31",2022-04-17,107,2022-04-14,3,1,43781,37.82851,-79.857574,527,"VA",1212,"Quercus","montana","chestnut oak","Plantae","Breaking leaf buds",2022-04-17,107,2022-05-02,15,0
266823,371,17,"2025-01-01","2025-12-31",2025-04-01,91,2025-03-29,3,1,43781,37.82851,-79.857574,527,"VA",1212,"Quercus","montana","chestnut oak","Plantae","Breaking leaf buds",2025-04-12,102,2025-04-18,6,11
266823,371,18,"2026-01-01","2026-12-31",2026-04-05,95,2026-03-29,7,1,43781,37.82851,-79.857574,527,"VA",1212,"Quercus","montana","chestnut oak","Plantae","Breaking leaf buds",2026-04-11,101,2026-04-18,7,6
266823,501,14,"2022-01-01","2022-12-31",2022-05-02,122,2022-04-17,15,1,43781,37.82851,-79.857574,527,"VA",1212,"Quercus","montana","chestnut oak","Plantae","Open flowers",2022-05-02,122,2022-06-04,33,0
266905,371,13,"2021-01-01","2021-12-31",2021-04-15,105,2021-04-10,5,2,43800,37.744896,-96.249573,322,"KS",101,"Quercus","macrocarpa","bur oak","Plantae","Breaking leaf buds",2021-04-25,115,NA,NA,10
266913,371,13,"2021-01-01","2021-12-31",2021-04-25,115,2021-04-19,6,1,43801,37.746494,-96.249763,323,"KS",101,"Quercus","macrocarpa","bur oak","Plantae","Breaking leaf buds",2021-04-25,115,NA,NA,0
267142,371,13,"2021-01-01","2021-12-31",2021-04-24,114,2021-04-18,6,1,43829,41.939144,-87.633827,175,"IL",100,"Quercus","alba","white oak","Plantae","Breaking leaf buds",2021-05-09,129,NA,NA,15
269674,371,13,"2021-01-01","2021-12-31",2021-04-30,120,2021-04-22,8,1,43865,35.674778,-82.43631,1206,"NC",100,"Quercus","alba","white oak","Plantae","Breaking leaf buds",2021-05-21,141,2021-06-04,14,21
269681,371,13,"2021-01-01","2021-12-31",2021-04-02,92,2021-03-26,7,1,42660,44.934498,-93.005882,277,"MN",100,"Quercus","alba","white oak","Plantae","Breaking leaf buds",2021-05-04,124,NA,NA,32
269681,501,13,"2021-01-01","2021-12-31",2021-04-16,106,2021-04-09,7,2,42660,44.934498,-93.005882,277,"MN",100,"Quercus","alba","white oak","Plantae","Open flowers",2021-05-04,124,NA,NA,18
269688,371,13,"2021-01-01","2021-12-31",2021-04-30,120,2021-04-16,14,1,44055,44.901894,-93.147064,276,"MN",101,"Quercus","macrocarpa","bur oak","Plantae","Breaking leaf buds",2021-05-17,137,2021-05-25,8,17
269688,371,14,"2022-01-01","2022-12-31",2022-05-10,130,2022-05-02,8,1,44055,44.901894,-93.147064,276,"MN",101,"Quercus","macrocarpa","bur oak","Plantae","Breaking leaf buds",2022-05-27,147,2022-06-01,5,17
269688,371,15,"2023-01-01","2023-12-31",2023-05-12,132,2023-04-14,28,1,44055,44.901894,-93.147064,276,"MN",101,"Quercus","macrocarpa","bur oak","Plantae","Breaking leaf buds",2023-05-19,139,2023-05-26,7,7
269688,371,16,"2024-01-01","2024-12-31",2024-04-26,117,2024-04-18,8,1,44055,44.901894,-93.147064,276,"MN",101,"Quercus","macrocarpa","bur oak","Plantae","Breaking leaf buds",2024-05-03,124,2024-05-10,7,7
269688,371,17,"2025-01-01","2025-12-31",2025-04-18,108,2025-04-11,7,1,44055,44.901894,-93.147064,276,"MN",101,"Quercus","macrocarpa","bur oak","Plantae","Breaking leaf buds",2025-05-02,122,2025-05-09,7,14
269688,371,18,"2026-01-01","2026-12-31",2026-04-25,115,2026-04-17,8,1,44055,44.901894,-93.147064,276,"MN",101,"Quercus","macrocarpa","bur oak","Plantae","Breaking leaf buds",2026-05-01,121,2026-05-09,8,6
269695,371,13,"2021-01-01","2021-12-31",2021-05-07,127,2021-04-16,21,1,44055,44.901894,-93.147064,276,"MN",101,"Quercus","macrocarpa","bur oak","Plantae","Breaking leaf buds",2021-05-17,137,2021-06-08,22,10
269695,371,14,"2022-01-01","2022-12-31",2022-05-27,147,2022-05-10,17,2,44055,44.901894,-93.147064,276,"MN",101,"Quercus","macrocarpa","bur oak","Plantae","Breaking leaf buds",2022-07-27,208,2022-08-01,5,61
269695,371,15,"2023-01-01","2023-12-31",2023-05-12,132,2023-04-14,28,1,44055,44.901894,-93.147064,276,"MN",101,"Quercus","macrocarpa","bur oak","Plantae","Breaking leaf buds",2023-05-19,139,2023-05-26,7,7
269695,371,16,"2024-01-01","2024-12-31",2024-04-26,117,2024-04-18,8,1,44055,44.901894,-93.147064,276,"MN",101,"Quercus","macrocarpa","bur oak","Plantae","Breaking leaf buds",2024-05-03,124,2024-05-10,7,7
269695,371,17,"2025-01-01","2025-12-31",2025-05-02,122,2025-04-25,7,1,44055,44.901894,-93.147064,276,"MN",101,"Quercus","macrocarpa","bur oak","Plantae","Breaking leaf buds",2025-05-09,129,2025-05-15,6,7
269695,371,18,"2026-01-01","2026-12-31",2026-05-01,121,2026-04-25,6,1,44055,44.901894,-93.147064,276,"MN",101,"Quercus","macrocarpa","bur oak","Plantae","Breaking leaf buds",2026-05-09,129,2026-05-15,6,8
269695,501,17,"2025-01-01","2025-12-31",2025-05-15,135,2025-05-09,6,1,44055,44.901894,-93.147064,276,"MN",101,"Quercus","macrocarpa","bur oak","Plantae","Open flowers",2025-05-15,135,2025-05-23,8,0
269719,371,13,"2021-01-01","2021-12-31",2021-04-30,120,2021-04-09,21,1,44055,44.901894,-93.147064,276,"MN",101,"Quercus","macrocarpa","bur oak","Plantae","Breaking leaf buds",2021-05-14,134,2021-05-17,3,14
269719,371,14,"2022-01-01","2022-12-31",2022-05-10,130,2022-05-02,8,1,44055,44.901894,-93.147064,276,"MN",101,"Quercus","macrocarpa","bur oak","Plantae","Breaking leaf buds",2022-05-10,130,2022-05-27,17,0
269719,371,15,"2023-01-01","2023-12-31",2023-05-12,132,2023-04-14,28,1,44055,44.901894,-93.147064,276,"MN",101,"Quercus","macrocarpa","bur oak","Plantae","Breaking leaf buds",2023-05-26,146,2023-06-02,7,14
269719,371,16,"2024-01-01","2024-12-31",2024-05-03,124,2024-04-26,7,1,44055,44.901894,-93.147064,276,"MN",101,"Quercus","macrocarpa","bur oak","Plantae","Breaking leaf buds",2024-05-10,131,2024-05-17,7,7
269719,371,17,"2025-01-01","2025-12-31",2025-05-02,122,2025-04-25,7,1,44055,44.901894,-93.147064,276,"MN",101,"Quercus","macrocarpa","bur oak","Plantae","Breaking leaf buds",2025-05-02,122,2025-05-09,7,0
269719,371,18,"2026-01-01","2026-12-31",2026-04-25,115,2026-04-17,8,1,44055,44.901894,-93.147064,276,"MN",101,"Quercus","macrocarpa","bur oak","Plantae","Breaking leaf buds",2026-05-01,121,2026-05-09,8,6
270049,371,13,"2021-01-01","2021-12-31",2021-04-16,106,2021-04-09,7,1,44254,44.901379,-93.147896,277,"MN",101,"Quercus","macrocarpa","bur oak","Plantae","Breaking leaf buds",2021-05-21,141,2021-06-04,14,35
270049,371,14,"2022-01-01","2022-12-31",2022-05-11,131,2022-05-05,6,1,44254,44.901379,-93.147896,277,"MN",101,"Quercus","macrocarpa","bur oak","Plantae","Breaking leaf buds",2022-05-11,131,2022-06-09,29,0
270049,371,15,"2023-01-01","2023-12-31",2023-06-05,156,2023-05-30,6,1,44254,44.901379,-93.147896,277,"MN",101,"Quercus","macrocarpa","bur oak","Plantae","Breaking leaf buds",2023-06-05,156,2023-06-12,7,0
270049,371,16,"2024-01-01","2024-12-31",2024-04-29,120,2024-04-13,16,2,44254,44.901379,-93.147896,277,"MN",101,"Quercus","macrocarpa","bur oak","Plantae","Breaking leaf buds",2024-05-22,143,2024-05-29,7,23
270049,371,17,"2025-01-01","2025-12-31",2025-04-25,115,2025-04-18,7,1,44254,44.901379,-93.147896,277,"MN",101,"Quercus","macrocarpa","bur oak","Plantae","Breaking leaf buds",2025-05-02,122,2025-05-09,7,7
270049,371,18,"2026-01-01","2026-12-31",2026-04-18,108,2026-04-10,8,1,44254,44.901379,-93.147896,277,"MN",101,"Quercus","macrocarpa","bur oak","Plantae","Breaking leaf buds",2026-05-08,128,2026-05-22,14,20
270055,371,13,"2021-01-01","2021-12-31",2021-04-16,106,2021-04-09,7,1,44254,44.901379,-93.147896,277,"MN",101,"Quercus","macrocarpa","bur oak","Plantae","Breaking leaf buds",2021-05-21,141,2021-06-04,14,35
270055,371,14,"2022-01-01","2022-12-31",2022-05-11,131,2022-05-05,6,1,44254,44.901379,-93.147896,277,"MN",101,"Quercus","macrocarpa","bur oak","Plantae","Breaking leaf buds",2022-05-11,131,2022-06-09,29,0
270055,371,15,"2023-01-01","2023-12-31",2023-06-05,156,2023-05-30,6,1,44254,44.901379,-93.147896,277,"MN",101,"Quercus","macrocarpa","bur oak","Plantae","Breaking leaf buds",2023-06-05,156,2023-06-12,7,0
270055,371,16,"2024-01-01","2024-12-31",2024-04-29,120,2024-04-13,16,2,44254,44.901379,-93.147896,277,"MN",101,"Quercus","macrocarpa","bur oak","Plantae","Breaking leaf buds",2024-05-22,143,2024-05-29,7,23
270055,371,17,"2025-01-01","2025-12-31",2025-04-25,115,2025-04-18,7,1,44254,44.901379,-93.147896,277,"MN",101,"Quercus","macrocarpa","bur oak","Plantae","Breaking leaf buds",2025-05-09,129,2025-05-14,5,14
270055,371,18,"2026-01-01","2026-12-31",2026-04-18,108,2026-04-10,8,1,44254,44.901379,-93.147896,277,"MN",101,"Quercus","macrocarpa","bur oak","Plantae","Breaking leaf buds",2026-05-08,128,2026-05-22,14,20
270061,371,13,"2021-01-01","2021-12-31",2021-04-23,113,2021-04-16,7,1,44254,44.901379,-93.147896,277,"MN",101,"Quercus","macrocarpa","bur oak","Plantae","Breaking leaf buds",2021-05-21,141,2021-06-04,14,28
270061,371,14,"2022-01-01","2022-12-31",2022-05-11,131,2022-05-05,6,1,44254,44.901379,-93.147896,277,"MN",101,"Quercus","macrocarpa","bur oak","Plantae","Breaking leaf buds",2022-05-11,131,2022-06-09,29,0
270061,371,16,"2024-01-01","2024-12-31",2024-04-29,120,2024-04-13,16,2,44254,44.901379,-93.147896,277,"MN",101,"Quercus","macrocarpa","bur oak","Plantae","Breaking leaf buds",2024-05-22,143,2024-05-29,7,23
270061,371,17,"2025-01-01","2025-12-31",2025-05-02,122,2025-04-25,7,1,44254,44.901379,-93.147896,277,"MN",101,"Quercus","macrocarpa","bur oak","Plantae","Breaking leaf buds",2025-05-14,134,2025-05-22,8,12
270061,371,18,"2026-01-01","2026-12-31",2026-04-24,114,2026-04-18,6,1,44254,44.901379,-93.147896,277,"MN",101,"Quercus","macrocarpa","bur oak","Plantae","Breaking leaf buds",2026-05-08,128,2026-05-22,14,14
270062,371,13,"2021-01-01","2021-12-31",2021-04-23,113,2021-04-16,7,1,44255,44.902611,-93.148041,277,"MN",101,"Quercus","macrocarpa","bur oak","Plantae","Breaking leaf buds",2021-05-14,134,2021-05-28,14,21
270062,371,14,"2022-01-01","2022-12-31",2022-05-14,134,2022-05-06,8,1,44255,44.902611,-93.148041,277,"MN",101,"Quercus","macrocarpa","bur oak","Plantae","Breaking leaf buds",2022-05-20,140,2022-05-25,5,6
270062,371,15,"2023-01-01","2023-12-31",2023-05-12,132,2023-04-14,28,1,44255,44.902611,-93.148041,277,"MN",101,"Quercus","macrocarpa","bur oak","Plantae","Breaking leaf buds",2023-05-19,139,2023-05-27,8,7
270062,371,16,"2024-01-01","2024-12-31",2024-04-29,120,2024-04-13,16,3,44255,44.902611,-93.148041,277,"MN",101,"Quercus","macrocarpa","bur oak","Plantae","Breaking leaf buds",2024-07-19,201,2024-07-25,6,81
270062,371,17,"2025-01-01","2025-12-31",2025-05-02,122,2025-04-25,7,1,44255,44.902611,-93.148041,277,"MN",101,"Quercus","macrocarpa","bur oak","Plantae","Breaking leaf buds",2025-05-02,122,2025-05-09,7,0
270062,371,18,"2026-01-01","2026-12-31",2026-04-24,114,2026-04-18,6,1,44255,44.902611,-93.148041,277,"MN",101,"Quercus","macrocarpa","bur oak","Plantae","Breaking leaf buds",2026-05-15,135,2026-05-22,7,21
270068,371,13,"2021-01-01","2021-12-31",2021-05-14,134,2021-05-06,8,1,44255,44.902611,-93.148041,277,"MN",101,"Quercus","macrocarpa","bur oak","Plantae","Breaking leaf buds",2021-05-14,134,2021-05-28,14,0
270068,371,14,"2022-01-01","2022-12-31",2022-05-06,126,2022-04-29,7,1,44255,44.902611,-93.148041,277,"MN",101,"Quercus","macrocarpa","bur oak","Plantae","Breaking leaf buds",2022-05-25,145,2022-06-05,11,19
270068,371,15,"2023-01-01","2023-12-31",2023-04-14,104,2023-04-07,7,1,44255,44.902611,-93.148041,277,"MN",101,"Quercus","macrocarpa","bur oak","Plantae","Breaking leaf buds",2023-05-19,139,2023-05-27,8,35
270068,371,16,"2024-01-01","2024-12-31",2024-04-29,120,2024-04-13,16,1,44255,44.902611,-93.148041,277,"MN",101,"Quercus","macrocarpa","bur oak","Plantae","Breaking leaf buds",2024-05-04,125,2024-05-12,8,5
270068,371,17,"2025-01-01","2025-12-31",2025-05-02,122,2025-04-25,7,1,44255,44.902611,-93.148041,277,"MN",101,"Quercus","macrocarpa","bur oak","Plantae","Breaking leaf buds",2025-05-09,129,2025-05-14,5,7
270068,371,18,"2026-01-01","2026-12-31",2026-04-24,114,2026-04-18,6,1,44255,44.902611,-93.148041,277,"MN",101,"Quercus","macrocarpa","bur oak","Plantae","Breaking leaf buds",2026-05-08,128,2026-05-15,7,14
270079,371,13,"2021-01-01","2021-12-31",2021-04-30,120,2021-04-16,14,1,44255,44.902611,-93.148041,277,"MN",101,"Quercus","macrocarpa","bur oak","Plantae","Breaking leaf buds",2021-04-30,120,2021-05-06,6,0
270079,371,14,"2022-01-01","2022-12-31",2022-05-06,126,2022-04-29,7,1,44255,44.902611,-93.148041,277,"MN",101,"Quercus","macrocarpa","bur oak","Plantae","Breaking leaf buds",2022-05-25,145,2022-06-05,11,19
270079,371,15,"2023-01-01","2023-12-31",2023-04-14,104,2023-04-07,7,1,44255,44.902611,-93.148041,277,"MN",101,"Quercus","macrocarpa","bur oak","Plantae","Breaking leaf buds",2023-05-19,139,2023-05-27,8,35
270079,371,16,"2024-01-01","2024-12-31",2024-04-29,120,2024-04-13,16,2,44255,44.902611,-93.148041,277,"MN",101,"Quercus","macrocarpa","bur oak","Plantae","Breaking leaf buds",2024-07-25,207,2024-07-30,5,87
270079,371,17,"2025-01-01","2025-12-31",2025-04-25,115,2025-04-18,7,1,44255,44.902611,-93.148041,277,"MN",101,"Quercus","macrocarpa","bur oak","Plantae","Breaking leaf buds",2025-05-09,129,2025-05-14,5,14
270079,371,18,"2026-01-01","2026-12-31",2026-04-24,114,2026-04-18,6,1,44255,44.902611,-93.148041,277,"MN",101,"Quercus","macrocarpa","bur oak","Plantae","Breaking leaf buds",2026-05-15,135,2026-05-22,7,21
270679,371,13,"2021-01-01","2021-12-31",2021-04-14,104,2021-04-11,3,1,43781,37.82851,-79.857574,527,"VA",1212,"Quercus","montana","chestnut oak","Plantae","Breaking leaf buds",2021-04-25,115,2021-05-02,7,11
270679,371,14,"2022-01-01","2022-12-31",2022-04-17,107,2022-04-14,3,1,43781,37.82851,-79.857574,527,"VA",1212,"Quercus","montana","chestnut oak","Plantae","Breaking leaf buds",2022-04-17,107,2022-05-02,15,0
270679,501,13,"2021-01-01","2021-12-31",2021-05-02,122,2021-04-25,7,1,43781,37.82851,-79.857574,527,"VA",1212,"Quercus","montana","chestnut oak","Plantae","Open flowers",2021-05-02,122,2021-05-09,7,0
271059,371,13,"2021-01-01","2021-12-31",2021-05-28,148,2021-05-23,5,1,43638,43.379196,-89.867279,373,"WI",100,"Quercus","alba","white oak","Plantae","Breaking leaf buds",2021-05-28,148,NA,NA,0
271059,501,13,"2021-01-01","2021-12-31",2021-05-09,129,2021-05-01,8,1,43638,43.379196,-89.867279,373,"WI",100,"Quercus","alba","white oak","Plantae","Open flowers",2021-05-23,143,NA,NA,14
271065,371,13,"2021-01-01","2021-12-31",2021-05-27,147,2021-05-23,4,1,43638,43.379196,-89.867279,373,"WI",100,"Quercus","alba","white oak","Plantae","Breaking leaf buds",2021-05-27,147,NA,NA,0
271073,371,13,"2021-01-01","2021-12-31",2021-05-28,148,2021-05-23,5,1,43638,43.379196,-89.867279,373,"WI",100,"Quercus","alba","white oak","Plantae","Breaking leaf buds",2021-05-28,148,NA,NA,0
271080,371,13,"2021-01-01","2021-12-31",2021-05-28,148,2021-05-23,5,1,43638,43.379196,-89.867279,373,"WI",100,"Quercus","alba","white oak","Plantae","Breaking leaf buds",2021-05-28,148,NA,NA,0
271087,371,13,"2021-01-01","2021-12-31",2021-05-28,148,2021-05-23,5,1,43638,43.379196,-89.867279,373,"WI",100,"Quercus","alba","white oak","Plantae","Breaking leaf buds",2021-05-28,148,NA,NA,0
271093,371,13,"2021-01-01","2021-12-31",2021-05-28,148,2021-05-23,5,1,43638,43.379196,-89.867279,373,"WI",100,"Quercus","alba","white oak","Plantae","Breaking leaf buds",2021-05-28,148,NA,NA,0
271100,371,13,"2021-01-01","2021-12-31",2021-05-28,148,2021-05-23,5,1,43638,43.379196,-89.867279,373,"WI",100,"Quercus","alba","white oak","Plantae","Breaking leaf buds",2021-05-28,148,NA,NA,0
271119,371,13,"2021-01-01","2021-12-31",2021-05-28,148,2021-05-23,5,1,43638,43.379196,-89.867279,373,"WI",100,"Quercus","alba","white oak","Plantae","Breaking leaf buds",2021-05-28,148,NA,NA,0
271667,371,13,"2021-01-01","2021-12-31",2021-05-22,142,2021-05-21,1,1,44499,39.312363,-94.424652,291,"MO",100,"Quercus","alba","white oak","Plantae","Breaking leaf buds",2021-05-22,142,NA,NA,0
275148,371,14,"2022-01-01","2022-12-31",2022-03-25,84,2022-03-24,1,4,44975,35.798145,-78.689934,135,"NC",100,"Quercus","alba","white oak","Plantae","Breaking leaf buds",2022-04-20,110,2022-09-06,139,26
275148,371,15,"2023-01-01","2023-12-31",2023-03-02,61,2023-02-28,2,1,44975,35.798145,-78.689934,135,"NC",100,"Quercus","alba","white oak","Plantae","Breaking leaf buds",2023-04-11,101,2023-09-05,147,40
275148,371,16,"2024-01-01","2024-12-31",2024-03-18,78,2024-03-04,14,2,44975,35.798145,-78.689934,135,"NC",100,"Quercus","alba","white oak","Plantae","Breaking leaf buds",2024-04-01,92,NA,NA,14
275148,501,14,"2022-01-01","2022-12-31",2022-03-28,87,2022-03-27,1,3,44975,35.798145,-78.689934,135,"NC",100,"Quercus","alba","white oak","Plantae","Open flowers",2022-04-20,110,2022-09-06,139,23
275148,501,16,"2024-01-01","2024-12-31",2024-03-25,85,2024-03-22,3,1,44975,35.798145,-78.689934,135,"NC",100,"Quercus","alba","white oak","Plantae","Open flowers",2024-03-25,85,NA,NA,0
275149,371,14,"2022-01-01","2022-12-31",2022-03-25,84,2022-03-24,1,4,44975,35.798145,-78.689934,135,"NC",100,"Quercus","alba","white oak","Plantae","Breaking leaf buds",2022-04-20,110,2023-02-07,293,26
275149,371,15,"2023-01-01","2023-12-31",2023-03-07,66,2023-02-23,12,1,44975,35.798145,-78.689934,135,"NC",100,"Quercus","alba","white oak","Plantae","Breaking leaf buds",2023-03-21,80,2023-11-01,225,14
275149,371,16,"2024-01-01","2024-12-31",2024-03-18,78,2024-03-01,17,1,44975,35.798145,-78.689934,135,"NC",100,"Quercus","alba","white oak","Plantae","Breaking leaf buds",2024-03-18,78,NA,NA,0
275149,501,14,"2022-01-01","2022-12-31",2022-03-21,80,2022-03-11,10,5,44975,35.798145,-78.689934,135,"NC",100,"Quercus","alba","white oak","Plantae","Open flowers",2022-04-20,110,2023-02-07,293,30
275164,371,14,"2022-01-01","2022-12-31",2022-03-23,82,2022-03-11,12,2,44977,35.79924,-78.68914,134,"NC",100,"Quercus","alba","white oak","Plantae","Breaking leaf buds",2022-04-14,104,NA,NA,22
275164,371,15,"2023-01-01","2023-12-31",2023-02-06,37,2023-02-02,4,1,44977,35.79924,-78.68914,134,"NC",100,"Quercus","alba","white oak","Plantae","Breaking leaf buds",2023-04-06,96,2023-09-05,152,59
275164,501,14,"2022-01-01","2022-12-31",2022-04-05,95,2022-04-02,3,1,44977,35.79924,-78.68914,134,"NC",100,"Quercus","alba","white oak","Plantae","Open flowers",2022-04-14,104,2023-01-24,285,9
275164,501,15,"2023-01-01","2023-12-31",2023-03-21,80,2023-03-09,12,1,44977,35.79924,-78.68914,134,"NC",100,"Quercus","alba","white oak","Plantae","Open flowers",2023-04-06,96,2023-09-05,152,16
275165,371,14,"2022-01-01","2022-12-31",2022-03-23,82,2022-03-11,12,2,44977,35.79924,-78.68914,134,"NC",100,"Quercus","alba","white oak","Plantae","Breaking leaf buds",2022-04-14,104,NA,NA,22
275165,371,15,"2023-01-01","2023-12-31",2023-02-06,37,2023-02-02,4,1,44977,35.79924,-78.68914,134,"NC",100,"Quercus","alba","white oak","Plantae","Breaking leaf buds",2023-04-06,96,2023-09-05,152,59
275165,501,14,"2022-01-01","2022-12-31",2022-04-05,95,2022-04-02,3,1,44977,35.79924,-78.68914,134,"NC",100,"Quercus","alba","white oak","Plantae","Open flowers",2022-04-14,104,2023-01-24,285,9
275165,501,15,"2023-01-01","2023-12-31",2023-03-21,80,2023-03-09,12,1,44977,35.79924,-78.68914,134,"NC",100,"Quercus","alba","white oak","Plantae","Open flowers",2023-04-06,96,2023-09-05,152,16
275166,371,14,"2022-01-01","2022-12-31",2022-03-23,82,2022-03-11,12,1,44977,35.79924,-78.68914,134,"NC",100,"Quercus","alba","white oak","Plantae","Breaking leaf buds",2022-04-14,104,NA,NA,22
275166,371,15,"2023-01-01","2023-12-31",2023-02-06,37,2023-02-02,4,1,44977,35.79924,-78.68914,134,"NC",100,"Quercus","alba","white oak","Plantae","Breaking leaf buds",2023-04-06,96,2023-09-05,152,59
275166,501,14,"2022-01-01","2022-12-31",2022-04-05,95,2022-04-02,3,1,44977,35.79924,-78.68914,134,"NC",100,"Quercus","alba","white oak","Plantae","Open flowers",2022-04-14,104,2023-01-24,285,9
275166,501,15,"2023-01-01","2023-12-31",2023-03-28,87,2023-03-23,5,2,44977,35.79924,-78.68914,134,"NC",100,"Quercus","alba","white oak","Plantae","Open flowers",2023-04-06,96,2023-09-05,152,9
275167,371,14,"2022-01-01","2022-12-31",2022-03-23,82,2022-03-11,12,3,44977,35.79924,-78.68914,134,"NC",100,"Quercus","alba","white oak","Plantae","Breaking leaf buds",2022-04-14,104,NA,NA,22
275167,371,15,"2023-01-01","2023-12-31",2023-02-06,37,2023-02-02,4,1,44977,35.79924,-78.68914,134,"NC",100,"Quercus","alba","white oak","Plantae","Breaking leaf buds",2023-04-06,96,2023-09-05,152,59
275167,501,14,"2022-01-01","2022-12-31",2022-04-05,95,2022-04-02,3,1,44977,35.79924,-78.68914,134,"NC",100,"Quercus","alba","white oak","Plantae","Open flowers",2022-04-14,104,2023-01-24,285,9
275167,501,15,"2023-01-01","2023-12-31",2023-03-21,80,2023-03-09,12,1,44977,35.79924,-78.68914,134,"NC",100,"Quercus","alba","white oak","Plantae","Open flowers",2023-04-06,96,2023-09-05,152,16
275168,371,14,"2022-01-01","2022-12-31",2022-03-23,82,2022-03-11,12,2,44977,35.79924,-78.68914,134,"NC",100,"Quercus","alba","white oak","Plantae","Breaking leaf buds",2022-04-14,104,NA,NA,22
275168,371,15,"2023-01-01","2023-12-31",2023-02-06,37,2023-02-02,4,1,44977,35.79924,-78.68914,134,"NC",100,"Quercus","alba","white oak","Plantae","Breaking leaf buds",2023-04-06,96,2023-09-05,152,59
275168,501,14,"2022-01-01","2022-12-31",2022-04-05,95,2022-04-02,3,1,44977,35.79924,-78.68914,134,"NC",100,"Quercus","alba","white oak","Plantae","Open flowers",2022-04-14,104,2023-01-24,285,9
275168,501,15,"2023-01-01","2023-12-31",2023-03-28,87,2023-03-23,5,2,44977,35.79924,-78.68914,134,"NC",100,"Quercus","alba","white oak","Plantae","Open flowers",2023-04-06,96,2023-09-05,152,9
275180,371,14,"2022-01-01","2022-12-31",2022-02-16,47,2022-02-11,5,3,44979,35.797493,-78.687859,134,"NC",100,"Quercus","alba","white oak","Plantae","Breaking leaf buds",2022-04-12,102,2023-01-26,289,55
275180,371,15,"2023-01-01","2023-12-31",2023-02-16,47,2023-02-14,2,3,44979,35.797493,-78.687859,134,"NC",100,"Quercus","alba","white oak","Plantae","Breaking leaf buds",2023-03-28,87,2023-04-04,7,40
275180,501,14,"2022-01-01","2022-12-31",2022-04-08,98,2022-04-05,3,1,44979,35.797493,-78.687859,134,"NC",100,"Quercus","alba","white oak","Plantae","Open flowers",2022-04-09,99,2022-04-12,3,1
275180,501,15,"2023-01-01","2023-12-31",2023-03-21,80,2023-03-09,12,1,44979,35.797493,-78.687859,134,"NC",100,"Quercus","alba","white oak","Plantae","Open flowers",2023-03-28,87,2023-04-04,7,7
275181,371,14,"2022-01-01","2022-12-31",2022-03-29,88,2022-03-28,1,2,44979,35.797493,-78.687859,134,"NC",100,"Quercus","alba","white oak","Plantae","Breaking leaf buds",2022-04-05,95,2023-01-26,296,7
275181,371,15,"2023-01-01","2023-12-31",2023-02-16,47,2023-02-14,2,4,44979,35.797493,-78.687859,134,"NC",100,"Quercus","alba","white oak","Plantae","Breaking leaf buds",2023-03-28,87,2023-04-04,7,40
275181,501,14,"2022-01-01","2022-12-31",2022-03-29,88,2022-03-28,1,2,44979,35.797493,-78.687859,134,"NC",100,"Quercus","alba","white oak","Plantae","Open flowers",2022-04-09,99,2023-01-26,292,11
275181,501,15,"2023-01-01","2023-12-31",2023-03-21,80,2023-03-09,12,1,44979,35.797493,-78.687859,134,"NC",100,"Quercus","alba","white oak","Plantae","Open flowers",2023-03-28,87,2023-04-04,7,7
275185,371,14,"2022-01-01","2022-12-31",2022-03-23,82,2022-03-11,12,2,44979,35.797493,-78.687859,134,"NC",1755,"Quercus","stellata","post oak","Plantae","Breaking leaf buds",2022-04-12,102,2023-01-26,289,20
275185,371,15,"2023-01-01","2023-12-31",2023-02-23,54,2023-02-21,2,3,44979,35.797493,-78.687859,134,"NC",1755,"Quercus","stellata","post oak","Plantae","Breaking leaf buds",2023-03-28,87,2023-04-12,15,33
275185,501,14,"2022-01-01","2022-12-31",2022-03-23,82,2022-03-11,12,2,44979,35.797493,-78.687859,134,"NC",1755,"Quercus","stellata","post oak","Plantae","Open flowers",2022-04-05,95,2022-04-12,7,13
275185,501,15,"2023-01-01","2023-12-31",2023-03-28,87,2023-03-21,7,1,44979,35.797493,-78.687859,134,"NC",1755,"Quercus","stellata","post oak","Plantae","Open flowers",2023-04-04,94,2023-04-12,8,7
275186,371,14,"2022-01-01","2022-12-31",2022-03-11,70,2022-03-09,2,2,44979,35.797493,-78.687859,134,"NC",1755,"Quercus","stellata","post oak","Plantae","Breaking leaf buds",2022-04-05,95,2022-04-09,4,25
275186,371,15,"2023-01-01","2023-12-31",2023-02-16,47,2023-02-14,2,4,44979,35.797493,-78.687859,134,"NC",1755,"Quercus","stellata","post oak","Plantae","Breaking leaf buds",2023-04-04,94,2023-04-12,8,47
275186,501,14,"2022-01-01","2022-12-31",2022-03-23,82,2022-03-11,12,2,44979,35.797493,-78.687859,134,"NC",1755,"Quercus","stellata","post oak","Plantae","Open flowers",2022-04-05,95,2023-01-26,296,13
275186,501,15,"2023-01-01","2023-12-31",2023-03-28,87,2023-03-21,7,1,44979,35.797493,-78.687859,134,"NC",1755,"Quercus","stellata","post oak","Plantae","Open flowers",2023-04-12,102,NA,NA,15
275187,371,14,"2022-01-01","2022-12-31",2022-03-23,82,2022-03-11,12,2,44979,35.797493,-78.687859,134,"NC",1755,"Quercus","stellata","post oak","Plantae","Breaking leaf buds",2022-04-12,102,2023-01-26,289,20
275187,371,15,"2023-01-01","2023-12-31",2023-02-16,47,2023-02-14,2,4,44979,35.797493,-78.687859,134,"NC",1755,"Quercus","stellata","post oak","Plantae","Breaking leaf buds",2023-04-04,94,2023-04-12,8,47
275187,501,14,"2022-01-01","2022-12-31",2022-04-05,95,2022-03-30,6,1,44979,35.797493,-78.687859,134,"NC",1755,"Quercus","stellata","post oak","Plantae","Open flowers",2022-04-05,95,2023-01-26,296,0
275187,501,15,"2023-01-01","2023-12-31",2023-03-09,68,2023-03-07,2,2,44979,35.797493,-78.687859,134,"NC",1755,"Quercus","stellata","post oak","Plantae","Open flowers",2023-04-12,102,NA,NA,34
275190,371,14,"2022-01-01","2022-12-31",2022-03-09,68,2022-03-07,2,2,44980,35.796516,-78.688103,134,"NC",1755,"Quercus","stellata","post oak","Plantae","Breaking leaf buds",2022-04-16,106,NA,NA,38
275190,501,14,"2022-01-01","2022-12-31",2022-03-07,66,2022-03-05,2,3,44980,35.796516,-78.688103,134,"NC",1755,"Quercus","stellata","post oak","Plantae","Open flowers",2022-04-01,91,NA,NA,25
275191,371,14,"2022-01-01","2022-12-31",2022-03-23,82,2022-03-21,2,1,44980,35.796516,-78.688103,134,"NC",1755,"Quercus","stellata","post oak","Plantae","Breaking leaf buds",2022-04-16,106,NA,NA,24
275191,501,14,"2022-01-01","2022-12-31",2022-03-07,66,2022-03-05,2,3,44980,35.796516,-78.688103,134,"NC",1755,"Quercus","stellata","post oak","Plantae","Open flowers",2022-04-01,91,NA,NA,25
275192,371,14,"2022-01-01","2022-12-31",2022-03-09,68,2022-03-07,2,2,44980,35.796516,-78.688103,134,"NC",1755,"Quercus","stellata","post oak","Plantae","Breaking leaf buds",2022-04-16,106,NA,NA,38
275192,501,14,"2022-01-01","2022-12-31",2022-03-07,66,2022-03-03,4,2,44980,35.796516,-78.688103,134,"NC",1755,"Quercus","stellata","post oak","Plantae","Open flowers",2022-04-01,91,NA,NA,25
275193,371,14,"2022-01-01","2022-12-31",2022-03-09,68,2022-03-07,2,2,44980,35.796516,-78.688103,134,"NC",1755,"Quercus","stellata","post oak","Plantae","Breaking leaf buds",2022-04-16,106,NA,NA,38
275193,501,14,"2022-01-01","2022-12-31",2022-03-21,80,2022-03-11,10,2,44980,35.796516,-78.688103,134,"NC",1755,"Quercus","stellata","post oak","Plantae","Open flowers",2022-04-01,91,NA,NA,11
275194,371,14,"2022-01-01","2022-12-31",2022-03-11,70,2022-03-07,4,2,44980,35.796516,-78.688103,134,"NC",1755,"Quercus","stellata","post oak","Plantae","Breaking leaf buds",2022-04-16,106,NA,NA,36
275194,501,14,"2022-01-01","2022-12-31",2022-03-21,80,2022-03-11,10,2,44980,35.796516,-78.688103,134,"NC",1755,"Quercus","stellata","post oak","Plantae","Open flowers",2022-04-08,98,NA,NA,18
275202,371,14,"2022-01-01","2022-12-31",2022-04-01,91,2022-03-30,2,1,44981,35.796909,-78.688995,135,"NC",1755,"Quercus","stellata","post oak","Plantae","Breaking leaf buds",2022-04-08,98,2022-09-06,151,7
275202,371,15,"2023-01-01","2023-12-31",2023-02-15,46,2023-02-13,2,3,44981,35.796909,-78.688995,135,"NC",1755,"Quercus","stellata","post oak","Plantae","Breaking leaf buds",2023-04-12,102,2023-09-26,167,56
275202,501,14,"2022-01-01","2022-12-31",2022-03-11,70,2022-03-04,7,1,44981,35.796909,-78.688995,135,"NC",1755,"Quercus","stellata","post oak","Plantae","Open flowers",2022-04-08,98,2022-09-06,151,28
275202,501,15,"2023-01-01","2023-12-31",2023-03-06,65,2023-02-27,7,2,44981,35.796909,-78.688995,135,"NC",1755,"Quercus","stellata","post oak","Plantae","Open flowers",2023-04-10,100,2023-04-12,2,35
275203,371,14,"2022-01-01","2022-12-31",2022-04-01,91,2022-03-30,2,1,44981,35.796909,-78.688995,135,"NC",1755,"Quercus","stellata","post oak","Plantae","Breaking leaf buds",2022-04-08,98,2022-09-06,151,7
275203,371,15,"2023-01-01","2023-12-31",2023-02-15,46,2023-02-13,2,3,44981,35.796909,-78.688995,135,"NC",1755,"Quercus","stellata","post oak","Plantae","Breaking leaf buds",2023-04-12,102,2023-09-26,167,56
275203,501,14,"2022-01-01","2022-12-31",2022-03-25,84,2022-03-04,21,1,44981,35.796909,-78.688995,135,"NC",1755,"Quercus","stellata","post oak","Plantae","Open flowers",2022-04-08,98,2022-09-06,151,14
275203,501,15,"2023-01-01","2023-12-31",2023-03-06,65,2023-03-01,5,2,44981,35.796909,-78.688995,135,"NC",1755,"Quercus","stellata","post oak","Plantae","Open flowers",2023-04-10,100,2023-04-12,2,35
275204,371,14,"2022-01-01","2022-12-31",2022-03-30,89,2022-03-25,5,1,44981,35.796909,-78.688995,135,"NC",1755,"Quercus","stellata","post oak","Plantae","Breaking leaf buds",2022-04-08,98,2022-09-06,151,9
275204,371,15,"2023-01-01","2023-12-31",2023-02-15,46,2023-02-13,2,2,44981,35.796909,-78.688995,135,"NC",1755,"Quercus","stellata","post oak","Plantae","Breaking leaf buds",2023-04-12,102,2023-09-26,167,56
275204,501,15,"2023-01-01","2023-12-31",2023-03-06,65,2023-03-01,5,2,44981,35.796909,-78.688995,135,"NC",1755,"Quercus","stellata","post oak","Plantae","Open flowers",2023-04-10,100,2023-04-12,2,35
275205,371,14,"2022-01-01","2022-12-31",2022-04-01,91,2022-03-25,7,1,44981,35.796909,-78.688995,135,"NC",1755,"Quercus","stellata","post oak","Plantae","Breaking leaf buds",2022-04-08,98,2022-09-06,151,7
275205,371,15,"2023-01-01","2023-12-31",2023-02-15,46,2023-02-13,2,3,44981,35.796909,-78.688995,135,"NC",1755,"Quercus","stellata","post oak","Plantae","Breaking leaf buds",2023-04-12,102,2023-09-26,167,56
275205,501,14,"2022-01-01","2022-12-31",2022-03-11,70,2022-03-04,7,1,44981,35.796909,-78.688995,135,"NC",1755,"Quercus","stellata","post oak","Plantae","Open flowers",2022-04-08,98,2022-09-06,151,28
275205,501,15,"2023-01-01","2023-12-31",2023-03-06,65,2023-03-01,5,2,44981,35.796909,-78.688995,135,"NC",1755,"Quercus","stellata","post oak","Plantae","Open flowers",2023-04-10,100,2023-04-12,2,35
275206,371,14,"2022-01-01","2022-12-31",2022-04-08,98,2022-04-01,7,1,44981,35.796909,-78.688995,135,"NC",1755,"Quercus","stellata","post oak","Plantae","Breaking leaf buds",2022-04-08,98,2022-09-06,151,0
275206,371,15,"2023-01-01","2023-12-31",2023-02-15,46,2023-02-13,2,3,44981,35.796909,-78.688995,135,"NC",1755,"Quercus","stellata","post oak","Plantae","Breaking leaf buds",2023-04-12,102,2023-09-26,167,56
275206,501,14,"2022-01-01","2022-12-31",2022-04-01,91,2022-03-25,7,1,44981,35.796909,-78.688995,135,"NC",1755,"Quercus","stellata","post oak","Plantae","Open flowers",2022-04-08,98,2022-09-06,151,7
275206,501,15,"2023-01-01","2023-12-31",2023-02-27,58,2023-02-22,5,2,44981,35.796909,-78.688995,135,"NC",1755,"Quercus","stellata","post oak","Plantae","Open flowers",2023-04-10,100,2023-04-12,2,42
275207,371,14,"2022-01-01","2022-12-31",2022-04-08,98,2022-04-01,7,1,44981,35.796909,-78.688995,135,"NC",1755,"Quercus","stellata","post oak","Plantae","Breaking leaf buds",2022-04-08,98,2022-09-06,151,0
275207,371,15,"2023-01-01","2023-12-31",2023-03-08,67,2023-03-06,2,2,44981,35.796909,-78.688995,135,"NC",1755,"Quercus","stellata","post oak","Plantae","Breaking leaf buds",2023-04-12,102,2023-09-26,167,35
275207,501,15,"2023-01-01","2023-12-31",2023-03-06,65,2023-02-27,7,2,44981,35.796909,-78.688995,135,"NC",1755,"Quercus","stellata","post oak","Plantae","Open flowers",2023-04-10,100,2023-04-12,2,35
275208,371,14,"2022-01-01","2022-12-31",2022-03-07,66,2022-03-04,3,4,44978,35.799301,-78.68824,133,"NC",1755,"Quercus","stellata","post oak","Plantae","Breaking leaf buds",2022-09-21,264,2022-09-22,1,198
275208,371,16,"2024-01-01","2024-12-31",2024-02-23,54,2024-02-22,1,3,44978,35.799301,-78.68824,133,"NC",1755,"Quercus","stellata","post oak","Plantae","Breaking leaf buds",2024-04-11,102,2024-04-12,1,48
275208,501,14,"2022-01-01","2022-12-31",2022-03-04,63,2022-02-28,4,3,44978,35.799301,-78.68824,133,"NC",1755,"Quercus","stellata","post oak","Plantae","Open flowers",2022-04-17,107,2022-04-18,1,44
275208,501,16,"2024-01-01","2024-12-31",2024-02-29,60,2024-02-27,2,1,44978,35.799301,-78.68824,133,"NC",1755,"Quercus","stellata","post oak","Plantae","Open flowers",2024-02-29,60,2024-03-01,1,0
275684,371,14,"2022-01-01","2022-12-31",2022-03-23,82,2022-03-21,2,2,44975,35.798145,-78.689934,135,"NC",1755,"Quercus","stellata","post oak","Plantae","Breaking leaf buds",2022-04-20,110,2022-09-06,139,28
275684,371,15,"2023-01-01","2023-12-31",2023-02-28,59,2023-02-23,5,1,44975,35.798145,-78.689934,135,"NC",1755,"Quercus","stellata","post oak","Plantae","Breaking leaf buds",2023-04-11,101,2023-09-05,147,42
275684,371,16,"2024-01-01","2024-12-31",2024-02-26,57,2024-02-19,7,3,44975,35.798145,-78.689934,135,"NC",1755,"Quercus","stellata","post oak","Plantae","Breaking leaf buds",2024-04-01,92,NA,NA,35
275684,501,14,"2022-01-01","2022-12-31",2022-03-07,66,2022-03-04,3,6,44975,35.798145,-78.689934,135,"NC",1755,"Quercus","stellata","post oak","Plantae","Open flowers",2022-04-20,110,2022-09-06,139,44
275684,501,16,"2024-01-01","2024-12-31",2024-03-18,78,2024-03-04,14,2,44975,35.798145,-78.689934,135,"NC",1755,"Quercus","stellata","post oak","Plantae","Open flowers",2024-04-01,92,NA,NA,14
276061,371,14,"2022-01-01","2022-12-31",2022-03-29,88,2022-03-22,7,1,45193,45.059395,-93.163467,280,"MN",100,"Quercus","alba","white oak","Plantae","Breaking leaf buds",2022-04-21,111,NA,NA,23
276064,371,14,"2022-01-01","2022-12-31",2022-03-29,88,2022-03-22,7,1,45193,45.059395,-93.163467,280,"MN",100,"Quercus","alba","white oak","Plantae","Breaking leaf buds",2022-04-21,111,NA,NA,23
276066,371,14,"2022-01-01","2022-12-31",2022-03-29,88,2022-03-22,7,1,45193,45.059395,-93.163467,280,"MN",100,"Quercus","alba","white oak","Plantae","Breaking leaf buds",2022-04-21,111,NA,NA,23
276068,371,14,"2022-01-01","2022-12-31",2022-03-29,88,2022-03-22,7,1,45193,45.059395,-93.163467,280,"MN",100,"Quercus","alba","white oak","Plantae","Breaking leaf buds",2022-04-21,111,NA,NA,23
277300,371,13,"2021-01-01","2021-12-31",2021-09-30,273,2021-09-29,1,3,45412,37.991146,-81.148392,601,"WV",100,"Quercus","alba","white oak","Plantae","Breaking leaf buds",2021-10-20,293,2021-10-22,2,20
277300,371,14,"2022-01-01","2022-12-31",2022-03-18,77,2022-03-11,7,2,45412,37.991146,-81.148392,601,"WV",100,"Quercus","alba","white oak","Plantae","Breaking leaf buds",2022-05-03,123,NA,NA,46
277300,501,13,"2021-01-01","2021-12-31",2021-10-15,288,2021-10-14,1,1,45412,37.991146,-81.148392,601,"WV",100,"Quercus","alba","white oak","Plantae","Open flowers",2021-10-15,288,2021-10-19,4,0
277817,371,13,"2021-01-01","2021-12-31",2021-11-09,313,2021-11-04,5,1,45473,44.852238,-92.6147,299,"WI",100,"Quercus","alba","white oak","Plantae","Breaking leaf buds",2021-11-16,320,2021-11-30,14,7
278549,371,14,"2022-01-01","2022-12-31",2022-05-17,137,2022-05-10,7,1,45529,41.363132,-85.21489,284,"IN",100,"Quercus","alba","white oak","Plantae","Breaking leaf buds",2022-05-17,137,2022-09-09,115,0
280640,501,14,"2022-01-01","2022-12-31",2022-04-17,107,2022-04-15,2,1,45921,35.565289,-82.489777,665,"NC",1212,"Quercus","montana","chestnut oak","Plantae","Open flowers",2022-04-17,107,NA,NA,0
281562,371,14,"2022-01-01","2022-12-31",2022-04-27,117,2022-04-19,8,1,5431,35.517879,-82.469681,823,"NC",1212,"Quercus","montana","chestnut oak","Plantae","Breaking leaf buds",2022-04-27,117,2022-10-25,181,0
281562,371,15,"2023-01-01","2023-12-31",2023-04-25,115,2023-04-09,16,1,5431,35.517879,-82.469681,823,"NC",1212,"Quercus","montana","chestnut oak","Plantae","Breaking leaf buds",2023-04-25,115,2023-05-04,9,0
281562,501,15,"2023-01-01","2023-12-31",2023-05-09,129,2023-04-09,30,1,5431,35.517879,-82.469681,823,"NC",1212,"Quercus","montana","chestnut oak","Plantae","Open flowers",2023-05-09,129,2023-06-05,27,0
282316,371,14,"2022-01-01","2022-12-31",2022-05-07,127,2022-04-30,7,1,46162,42.027802,-86.533638,193,"MI",101,"Quercus","macrocarpa","bur oak","Plantae","Breaking leaf buds",2022-05-07,127,2022-05-16,9,0
282321,371,14,"2022-01-01","2022-12-31",2022-05-07,127,2022-04-30,7,1,46163,42.027744,-86.533615,193,"MI",101,"Quercus","macrocarpa","bur oak","Plantae","Breaking leaf buds",2022-05-07,127,2022-05-16,9,0
282321,501,14,"2022-01-01","2022-12-31",2022-05-07,127,2022-04-30,7,1,46163,42.027744,-86.533615,193,"MI",101,"Quercus","macrocarpa","bur oak","Plantae","Open flowers",2022-05-16,136,NA,NA,9
285546,371,15,"2023-01-01","2023-12-31",2023-03-30,89,2023-03-28,2,1,46542,39.320232,-86.410049,253,"IN",100,"Quercus","alba","white oak","Plantae","Breaking leaf buds",2023-03-30,89,2023-04-06,7,0
285547,371,15,"2023-01-01","2023-12-31",2023-03-30,89,2023-03-28,2,1,46542,39.320232,-86.410049,253,"IN",100,"Quercus","alba","white oak","Plantae","Breaking leaf buds",2023-03-30,89,2023-04-06,7,0
285548,371,15,"2023-01-01","2023-12-31",2023-03-30,89,2023-03-28,2,1,46542,39.320232,-86.410049,253,"IN",100,"Quercus","alba","white oak","Plantae","Breaking leaf buds",2023-03-30,89,2023-04-06,7,0
285550,371,15,"2023-01-01","2023-12-31",2023-03-30,89,2023-03-28,2,1,46542,39.320232,-86.410049,253,"IN",100,"Quercus","alba","white oak","Plantae","Breaking leaf buds",2023-03-30,89,2023-04-06,7,0
285923,371,14,"2022-01-01","2022-12-31",2022-04-30,120,2022-04-28,2,1,46683,40.494106,-74.515701,30,"NJ",100,"Quercus","alba","white oak","Plantae","Breaking leaf buds",2022-04-30,120,NA,NA,0
285935,371,14,"2022-01-01","2022-12-31",2022-05-04,124,2022-04-28,6,1,41802,39.910755,-86.424187,287,"IN",100,"Quercus","alba","white oak","Plantae","Breaking leaf buds",2022-05-11,131,2022-05-19,8,7
285935,371,15,"2023-01-01","2023-12-31",2023-04-25,115,2023-04-12,13,1,41802,39.910755,-86.424187,287,"IN",100,"Quercus","alba","white oak","Plantae","Breaking leaf buds",2023-04-25,115,2023-05-17,22,0
285935,371,16,"2024-01-01","2024-12-31",2024-04-23,114,2024-04-14,9,1,41802,39.910755,-86.424187,287,"IN",100,"Quercus","alba","white oak","Plantae","Breaking leaf buds",2024-04-23,114,NA,NA,0
286034,371,14,"2022-01-01","2022-12-31",2022-02-03,34,2022-02-01,2,1,46705,27.716299,-82.6903,1,"FL",305,"Quercus","virginiana","live oak","Plantae","Breaking leaf buds",2022-02-12,43,NA,NA,9
286064,371,14,"2022-01-01","2022-12-31",2022-03-11,70,2022-03-08,3,2,46712,33.433224,-79.121429,2,"SC",305,"Quercus","virginiana","live oak","Plantae","Breaking leaf buds",2022-03-27,86,2022-04-11,15,16
286064,501,14,"2022-01-01","2022-12-31",2022-04-11,101,2022-03-27,15,1,46712,33.433224,-79.121429,2,"SC",305,"Quercus","virginiana","live oak","Plantae","Open flowers",2022-04-11,101,2022-04-30,19,0
286065,371,14,"2022-01-01","2022-12-31",2022-03-27,86,2022-03-23,4,1,46712,33.433224,-79.121429,2,"SC",305,"Quercus","virginiana","live oak","Plantae","Breaking leaf buds",2022-04-11,101,2022-04-30,19,15
286065,501,14,"2022-01-01","2022-12-31",2022-04-11,101,2022-03-27,15,1,46712,33.433224,-79.121429,2,"SC",305,"Quercus","virginiana","live oak","Plantae","Open flowers",2022-04-11,101,2022-04-30,19,0
286066,371,14,"2022-01-01","2022-12-31",2022-03-11,70,2022-03-08,3,2,46712,33.433224,-79.121429,2,"SC",305,"Quercus","virginiana","live oak","Plantae","Breaking leaf buds",2022-03-27,86,2022-04-11,15,16
286066,501,14,"2022-01-01","2022-12-31",2022-04-11,101,2022-03-27,15,1,46712,33.433224,-79.121429,2,"SC",305,"Quercus","virginiana","live oak","Plantae","Open flowers",2022-04-11,101,2022-04-30,19,0
286082,371,14,"2022-01-01","2022-12-31",2022-03-23,82,2022-03-16,7,1,46713,33.509758,-79.063377,5,"SC",305,"Quercus","virginiana","live oak","Plantae","Breaking leaf buds",2022-03-30,89,2022-04-06,7,7
286082,501,14,"2022-01-01","2022-12-31",2022-03-30,89,2022-03-23,7,1,46713,33.509758,-79.063377,5,"SC",305,"Quercus","virginiana","live oak","Plantae","Open flowers",2022-04-06,96,2022-05-04,28,7
286083,371,14,"2022-01-01","2022-12-31",2022-03-23,82,2022-03-16,7,1,46713,33.509758,-79.063377,5,"SC",305,"Quercus","virginiana","live oak","Plantae","Breaking leaf buds",2022-03-30,89,2022-04-06,7,7
286083,501,14,"2022-01-01","2022-12-31",2022-03-16,75,2022-03-13,3,2,46713,33.509758,-79.063377,5,"SC",305,"Quercus","virginiana","live oak","Plantae","Open flowers",2022-04-06,96,2022-05-04,28,21
286084,371,14,"2022-01-01","2022-12-31",2022-03-13,72,2022-03-04,9,2,46713,33.509758,-79.063377,5,"SC",305,"Quercus","virginiana","live oak","Plantae","Breaking leaf buds",2022-03-30,89,2022-04-06,7,17
286084,501,14,"2022-01-01","2022-12-31",2022-03-16,75,2022-03-13,3,2,46713,33.509758,-79.063377,5,"SC",305,"Quercus","virginiana","live oak","Plantae","Open flowers",2022-04-06,96,2022-05-04,28,21
286156,371,14,"2022-01-01","2022-12-31",2022-03-09,68,2022-02-25,12,1,46632,35.79995,-78.688179,133,"NC",1755,"Quercus","stellata","post oak","Plantae","Breaking leaf buds",2022-03-28,87,NA,NA,19
286156,501,14,"2022-01-01","2022-12-31",2022-03-28,87,2022-03-03,25,1,46632,35.79995,-78.688179,133,"NC",1755,"Quercus","stellata","post oak","Plantae","Open flowers",2022-03-28,87,NA,NA,0
286157,371,14,"2022-01-01","2022-12-31",2022-03-28,87,2022-03-03,25,1,46632,35.79995,-78.688179,133,"NC",1755,"Quercus","stellata","post oak","Plantae","Breaking leaf buds",2022-03-28,87,NA,NA,0
286157,501,14,"2022-01-01","2022-12-31",2022-03-28,87,2022-03-09,19,1,46632,35.79995,-78.688179,133,"NC",1755,"Quercus","stellata","post oak","Plantae","Open flowers",2022-03-28,87,NA,NA,0
286158,371,14,"2022-01-01","2022-12-31",2022-03-09,68,2022-02-25,12,1,46632,35.79995,-78.688179,133,"NC",1755,"Quercus","stellata","post oak","Plantae","Breaking leaf buds",2022-03-09,68,NA,NA,0
286158,501,14,"2022-01-01","2022-12-31",2022-03-28,87,2022-03-03,25,1,46632,35.79995,-78.688179,133,"NC",1755,"Quercus","stellata","post oak","Plantae","Open flowers",2022-03-28,87,NA,NA,0
286159,371,14,"2022-01-01","2022-12-31",2022-03-09,68,2022-02-25,12,1,46632,35.79995,-78.688179,133,"NC",1755,"Quercus","stellata","post oak","Plantae","Breaking leaf buds",2022-03-09,68,NA,NA,0
286159,501,14,"2022-01-01","2022-12-31",2022-03-28,87,2022-03-03,25,1,46632,35.79995,-78.688179,133,"NC",1755,"Quercus","stellata","post oak","Plantae","Open flowers",2022-03-28,87,NA,NA,0
286164,371,14,"2022-01-01","2022-12-31",2022-04-04,94,2022-03-28,7,1,46593,35.799,-78.6884,133,"NC",1755,"Quercus","stellata","post oak","Plantae","Breaking leaf buds",2022-04-13,103,NA,NA,9
286164,501,14,"2022-01-01","2022-12-31",2022-02-16,47,2022-02-11,5,2,46593,35.799,-78.6884,133,"NC",1755,"Quercus","stellata","post oak","Plantae","Open flowers",2022-04-13,103,NA,NA,56
286165,371,14,"2022-01-01","2022-12-31",2022-02-28,59,2022-02-24,4,2,46593,35.799,-78.6884,133,"NC",1755,"Quercus","stellata","post oak","Plantae","Breaking leaf buds",2022-04-13,103,NA,NA,44
286165,501,14,"2022-01-01","2022-12-31",2022-02-16,47,2022-02-11,5,1,46593,35.799,-78.6884,133,"NC",1755,"Quercus","stellata","post oak","Plantae","Open flowers",2022-04-13,103,NA,NA,56
286166,371,14,"2022-01-01","2022-12-31",2022-04-04,94,2022-03-28,7,1,46593,35.799,-78.6884,133,"NC",1755,"Quercus","stellata","post oak","Plantae","Breaking leaf buds",2022-04-13,103,NA,NA,9
286166,501,14,"2022-01-01","2022-12-31",2022-02-21,52,2022-02-18,3,1,46593,35.799,-78.6884,133,"NC",1755,"Quercus","stellata","post oak","Plantae","Open flowers",2022-04-13,103,NA,NA,51
286167,371,14,"2022-01-01","2022-12-31",2022-04-04,94,2022-03-28,7,1,46593,35.799,-78.6884,133,"NC",1755,"Quercus","stellata","post oak","Plantae","Breaking leaf buds",2022-04-13,103,NA,NA,9
286167,501,14,"2022-01-01","2022-12-31",2022-02-21,52,2022-02-18,3,1,46593,35.799,-78.6884,133,"NC",1755,"Quercus","stellata","post oak","Plantae","Open flowers",2022-04-13,103,NA,NA,51
286168,371,14,"2022-01-01","2022-12-31",2022-02-28,59,2022-02-24,4,2,46593,35.799,-78.6884,133,"NC",1755,"Quercus","stellata","post oak","Plantae","Breaking leaf buds",2022-04-13,103,NA,NA,44
286168,501,14,"2022-01-01","2022-12-31",2022-02-21,52,2022-02-18,3,2,46593,35.799,-78.6884,133,"NC",1755,"Quercus","stellata","post oak","Plantae","Open flowers",2022-04-13,103,NA,NA,51
286169,371,14,"2022-01-01","2022-12-31",2022-02-24,55,2022-02-23,1,2,46593,35.799,-78.6884,133,"NC",1755,"Quercus","stellata","post oak","Plantae","Breaking leaf buds",2022-04-13,103,NA,NA,48
286169,501,14,"2022-01-01","2022-12-31",2022-02-21,52,2022-02-18,3,1,46593,35.799,-78.6884,133,"NC",1755,"Quercus","stellata","post oak","Plantae","Open flowers",2022-04-13,103,NA,NA,51
286508,371,15,"2023-01-01","2023-12-31",2023-04-04,94,2023-03-30,5,1,46541,39.148186,-86.393646,175,"IN",100,"Quercus","alba","white oak","Plantae","Breaking leaf buds",2023-04-04,94,2023-04-06,2,0
286543,371,15,"2023-01-01","2023-12-31",2023-04-04,94,2023-03-30,5,1,46541,39.148186,-86.393646,175,"IN",100,"Quercus","alba","white oak","Plantae","Breaking leaf buds",2023-04-04,94,2023-04-06,2,0
287228,371,14,"2022-01-01","2022-12-31",2022-03-29,88,2022-03-14,15,1,46715,33.352726,-79.195641,16,"SC",305,"Quercus","virginiana","live oak","Plantae","Breaking leaf buds",2022-05-04,124,NA,NA,36
287229,371,14,"2022-01-01","2022-12-31",2022-03-29,88,2022-03-14,15,1,46715,33.352726,-79.195641,16,"SC",305,"Quercus","virginiana","live oak","Plantae","Breaking leaf buds",2022-04-13,103,2022-05-04,21,15
287230,371,14,"2022-01-01","2022-12-31",2022-03-04,63,2022-02-25,7,1,46715,33.352726,-79.195641,16,"SC",305,"Quercus","virginiana","live oak","Plantae","Breaking leaf buds",2022-04-13,103,2022-05-04,21,40
287283,371,14,"2022-01-01","2022-12-31",2022-04-03,93,2022-03-20,14,1,46539,32.221619,-110.95723,738,"AZ",305,"Quercus","virginiana","live oak","Plantae","Breaking leaf buds",2022-04-03,93,2022-04-10,7,0
287624,371,14,"2022-01-01","2022-12-31",2022-03-02,61,2022-02-28,2,1,46931,35.79995,-78.688179,133,"NC",1755,"Quercus","stellata","post oak","Plantae","Breaking leaf buds",2022-04-08,98,NA,NA,37
287624,501,14,"2022-01-01","2022-12-31",2022-03-12,71,2022-03-02,10,1,46931,35.79995,-78.688179,133,"NC",1755,"Quercus","stellata","post oak","Plantae","Open flowers",2022-04-08,98,NA,NA,27
287633,371,14,"2022-01-01","2022-12-31",2022-03-02,61,2022-02-28,2,1,46931,35.79995,-78.688179,133,"NC",100,"Quercus","alba","white oak","Plantae","Breaking leaf buds",2022-04-08,98,NA,NA,37
287633,501,14,"2022-01-01","2022-12-31",2022-03-12,71,2022-03-02,10,1,46931,35.79995,-78.688179,133,"NC",100,"Quercus","alba","white oak","Plantae","Open flowers",2022-04-08,98,NA,NA,27
287819,371,14,"2022-01-01","2022-12-31",2022-04-08,98,2022-03-30,9,2,46829,37.221249,-80.416122,647,"VA",100,"Quercus","alba","white oak","Plantae","Breaking leaf buds",2022-05-05,125,2024-03-14,679,27
287819,371,16,"2024-01-01","2024-12-31",2024-04-04,95,2024-03-22,13,2,46829,37.221249,-80.416122,647,"VA",100,"Quercus","alba","white oak","Plantae","Breaking leaf buds",2024-04-28,119,2025-03-07,313,24
287819,371,17,"2025-01-01","2025-12-31",2025-04-18,108,2025-04-08,10,2,46829,37.221249,-80.416122,647,"VA",100,"Quercus","alba","white oak","Plantae","Breaking leaf buds",2025-05-02,122,2025-05-03,1,14
287819,371,18,"2026-01-01","2026-12-31",2026-03-28,87,2026-03-26,2,3,46829,37.221249,-80.416122,647,"VA",100,"Quercus","alba","white oak","Plantae","Breaking leaf buds",2026-05-08,128,NA,NA,41
287819,501,14,"2022-01-01","2022-12-31",2022-04-25,115,2022-04-13,12,1,46829,37.221249,-80.416122,647,"VA",100,"Quercus","alba","white oak","Plantae","Open flowers",2022-04-25,115,2022-04-27,2,0
287820,371,14,"2022-01-01","2022-12-31",2022-04-27,117,2022-04-13,14,1,46829,37.221249,-80.416122,647,"VA",100,"Quercus","alba","white oak","Plantae","Breaking leaf buds",2022-05-05,125,2024-03-13,678,8
287820,371,16,"2024-01-01","2024-12-31",2024-04-04,95,2024-03-22,13,2,46829,37.221249,-80.416122,647,"VA",100,"Quercus","alba","white oak","Plantae","Breaking leaf buds",2024-04-28,119,2025-03-07,313,24
287820,371,17,"2025-01-01","2025-12-31",2025-04-18,108,2025-04-08,10,2,46829,37.221249,-80.416122,647,"VA",100,"Quercus","alba","white oak","Plantae","Breaking leaf buds",2025-05-02,122,2025-05-03,1,14
287820,371,18,"2026-01-01","2026-12-31",2026-03-28,87,2026-03-26,2,3,46829,37.221249,-80.416122,647,"VA",100,"Quercus","alba","white oak","Plantae","Breaking leaf buds",2026-04-16,106,2026-04-23,7,19
287820,501,18,"2026-01-01","2026-12-31",2026-04-30,120,2026-04-29,1,1,46829,37.221249,-80.416122,647,"VA",100,"Quercus","alba","white oak","Plantae","Open flowers",2026-04-30,120,2026-05-08,8,0
287821,371,14,"2022-01-01","2022-12-31",2022-04-27,117,2022-04-13,14,1,46829,37.221249,-80.416122,647,"VA",100,"Quercus","alba","white oak","Plantae","Breaking leaf buds",2022-05-05,125,2024-03-14,679,8
287821,371,16,"2024-01-01","2024-12-31",2024-03-15,75,2024-03-14,1,2,46829,37.221249,-80.416122,647,"VA",100,"Quercus","alba","white oak","Plantae","Breaking leaf buds",2024-04-28,119,2025-03-07,313,44
287821,371,17,"2025-01-01","2025-12-31",2025-04-02,92,2025-03-27,6,2,46829,37.221249,-80.416122,647,"VA",100,"Quercus","alba","white oak","Plantae","Breaking leaf buds",2025-05-02,122,2025-05-03,1,30
287821,371,18,"2026-01-01","2026-12-31",2026-03-28,87,2026-03-26,2,2,46829,37.221249,-80.416122,647,"VA",100,"Quercus","alba","white oak","Plantae","Breaking leaf buds",2026-04-15,105,2026-04-16,1,18
287821,501,18,"2026-01-01","2026-12-31",2026-04-16,106,2026-04-09,7,2,46829,37.221249,-80.416122,647,"VA",100,"Quercus","alba","white oak","Plantae","Open flowers",2026-04-30,120,2026-05-08,8,14
287822,371,14,"2022-01-01","2022-12-31",2022-04-27,117,2022-04-08,19,1,46829,37.221249,-80.416122,647,"VA",100,"Quercus","alba","white oak","Plantae","Breaking leaf buds",2022-05-05,125,2024-03-13,678,8
287822,371,16,"2024-01-01","2024-12-31",2024-04-28,119,2024-04-27,1,1,46829,37.221249,-80.416122,647,"VA",100,"Quercus","alba","white oak","Plantae","Breaking leaf buds",2024-04-28,119,2025-03-07,313,0
287822,371,17,"2025-01-01","2025-12-31",2025-04-08,98,2025-04-04,4,3,46829,37.221249,-80.416122,647,"VA",100,"Quercus","alba","white oak","Plantae","Breaking leaf buds",2025-05-02,122,2025-05-03,1,24
287822,371,18,"2026-01-01","2026-12-31",2026-03-28,87,2026-03-26,2,2,46829,37.221249,-80.416122,647,"VA",100,"Quercus","alba","white oak","Plantae","Breaking leaf buds",2026-04-03,93,2026-04-09,6,6
287823,371,14,"2022-01-01","2022-12-31",2022-04-27,117,2022-04-13,14,1,46829,37.221249,-80.416122,647,"VA",100,"Quercus","alba","white oak","Plantae","Breaking leaf buds",2022-05-05,125,2024-03-13,678,8
287823,371,16,"2024-01-01","2024-12-31",2024-04-20,111,2024-04-12,8,1,46829,37.221249,-80.416122,647,"VA",100,"Quercus","alba","white oak","Plantae","Breaking leaf buds",2024-04-28,119,2025-03-07,313,8
287823,371,18,"2026-01-01","2026-12-31",2026-03-28,87,2026-03-26,2,2,46829,37.221249,-80.416122,647,"VA",100,"Quercus","alba","white oak","Plantae","Breaking leaf buds",2026-04-15,105,2026-04-16,1,18
287823,501,16,"2024-01-01","2024-12-31",2024-04-20,111,2024-04-12,8,1,46829,37.221249,-80.416122,647,"VA",100,"Quercus","alba","white oak","Plantae","Open flowers",2024-04-20,111,2024-04-27,7,0
287824,371,14,"2022-01-01","2022-12-31",2022-03-13,72,2022-03-03,10,2,46829,37.221249,-80.416122,647,"VA",100,"Quercus","alba","white oak","Plantae","Breaking leaf buds",2022-05-05,125,2024-03-13,678,53
287824,371,16,"2024-01-01","2024-12-31",2024-04-20,111,2024-04-12,8,1,46829,37.221249,-80.416122,647,"VA",100,"Quercus","alba","white oak","Plantae","Breaking leaf buds",2024-04-28,119,2025-03-07,313,8
287824,371,17,"2025-01-01","2025-12-31",2025-04-24,114,2025-04-18,6,1,46829,37.221249,-80.416122,647,"VA",100,"Quercus","alba","white oak","Plantae","Breaking leaf buds",2025-04-25,115,2025-04-26,1,1
287824,371,18,"2026-01-01","2026-12-31",2026-03-28,87,2026-03-26,2,3,46829,37.221249,-80.416122,647,"VA",100,"Quercus","alba","white oak","Plantae","Breaking leaf buds",2026-04-30,120,2026-05-08,8,33
287825,371,14,"2022-01-01","2022-12-31",2022-04-27,117,2022-04-13,14,1,46829,37.221249,-80.416122,647,"VA",100,"Quercus","alba","white oak","Plantae","Breaking leaf buds",2022-05-05,125,2024-03-13,678,8
287825,371,16,"2024-01-01","2024-12-31",2024-03-15,75,2024-03-13,2,2,46829,37.221249,-80.416122,647,"VA",100,"Quercus","alba","white oak","Plantae","Breaking leaf buds",2024-04-28,119,2025-03-07,313,44
287825,371,17,"2025-01-01","2025-12-31",2025-04-24,114,2025-04-18,6,1,46829,37.221249,-80.416122,647,"VA",100,"Quercus","alba","white oak","Plantae","Breaking leaf buds",2025-04-24,114,2025-04-25,1,0
287825,371,18,"2026-01-01","2026-12-31",2026-03-28,87,2026-03-26,2,2,46829,37.221249,-80.416122,647,"VA",100,"Quercus","alba","white oak","Plantae","Breaking leaf buds",2026-04-15,105,2026-04-16,1,18
287825,501,16,"2024-01-01","2024-12-31",2024-04-20,111,2024-04-12,8,1,46829,37.221249,-80.416122,647,"VA",100,"Quercus","alba","white oak","Plantae","Open flowers",2024-04-20,111,2024-04-27,7,0
287825,501,18,"2026-01-01","2026-12-31",2026-04-30,120,2026-04-29,1,1,46829,37.221249,-80.416122,647,"VA",100,"Quercus","alba","white oak","Plantae","Open flowers",2026-04-30,120,2026-05-08,8,0
287826,371,14,"2022-01-01","2022-12-31",2022-04-27,117,2022-04-13,14,1,46829,37.221249,-80.416122,647,"VA",100,"Quercus","alba","white oak","Plantae","Breaking leaf buds",2022-05-05,125,2024-03-13,678,8
287826,371,16,"2024-01-01","2024-12-31",2024-04-04,95,2024-03-22,13,2,46829,37.221249,-80.416122,647,"VA",100,"Quercus","alba","white oak","Plantae","Breaking leaf buds",2024-04-28,119,2025-03-07,313,24
287826,371,17,"2025-01-01","2025-12-31",2025-04-24,114,2025-04-18,6,2,46829,37.221249,-80.416122,647,"VA",100,"Quercus","alba","white oak","Plantae","Breaking leaf buds",2025-05-02,122,2025-05-03,1,8
287826,371,18,"2026-01-01","2026-12-31",2026-03-28,87,2026-03-26,2,4,46829,37.221249,-80.416122,647,"VA",100,"Quercus","alba","white oak","Plantae","Breaking leaf buds",2026-04-30,120,2026-05-08,8,33
287827,371,14,"2022-01-01","2022-12-31",2022-04-27,117,2022-04-13,14,1,46829,37.221249,-80.416122,647,"VA",100,"Quercus","alba","white oak","Plantae","Breaking leaf buds",2022-05-05,125,2024-03-13,678,8
287827,371,16,"2024-01-01","2024-12-31",2024-03-22,82,2024-03-15,7,2,46829,37.221249,-80.416122,647,"VA",100,"Quercus","alba","white oak","Plantae","Breaking leaf buds",2024-04-28,119,2025-03-07,313,37
287827,371,17,"2025-01-01","2025-12-31",2025-05-02,122,2025-04-29,3,1,46829,37.221249,-80.416122,647,"VA",100,"Quercus","alba","white oak","Plantae","Breaking leaf buds",2025-05-02,122,2025-05-03,1,0
287827,371,18,"2026-01-01","2026-12-31",2026-03-28,87,2026-03-26,2,3,46829,37.221249,-80.416122,647,"VA",100,"Quercus","alba","white oak","Plantae","Breaking leaf buds",2026-04-23,113,2026-04-25,2,26
287827,501,16,"2024-01-01","2024-12-31",2024-04-20,111,2024-04-12,8,1,46829,37.221249,-80.416122,647,"VA",100,"Quercus","alba","white oak","Plantae","Open flowers",2024-04-20,111,2024-04-27,7,0
287827,501,17,"2025-01-01","2025-12-31",2025-04-24,114,2025-04-18,6,1,46829,37.221249,-80.416122,647,"VA",100,"Quercus","alba","white oak","Plantae","Open flowers",2025-04-24,114,2025-04-25,1,0
287827,501,18,"2026-01-01","2026-12-31",2026-03-28,87,2026-03-26,2,3,46829,37.221249,-80.416122,647,"VA",100,"Quercus","alba","white oak","Plantae","Open flowers",2026-04-30,120,2026-05-08,8,33
287828,371,14,"2022-01-01","2022-12-31",2022-04-27,117,2022-04-13,14,1,46829,37.221249,-80.416122,647,"VA",100,"Quercus","alba","white oak","Plantae","Breaking leaf buds",2022-05-05,125,2024-03-14,679,8
287828,371,16,"2024-01-01","2024-12-31",2024-03-22,82,2024-03-15,7,3,46829,37.221249,-80.416122,647,"VA",100,"Quercus","alba","white oak","Plantae","Breaking leaf buds",2024-04-28,119,2025-03-07,313,37
287828,371,17,"2025-01-01","2025-12-31",2025-04-24,114,2025-04-18,6,2,46829,37.221249,-80.416122,647,"VA",100,"Quercus","alba","white oak","Plantae","Breaking leaf buds",2025-05-02,122,2025-05-03,1,8
287828,371,18,"2026-01-01","2026-12-31",2026-04-03,93,2026-03-31,3,3,46829,37.221249,-80.416122,647,"VA",100,"Quercus","alba","white oak","Plantae","Breaking leaf buds",2026-05-08,128,NA,NA,35
288479,371,14,"2022-01-01","2022-12-31",2022-03-28,87,2022-03-20,8,1,47018,35.899311,-78.720772,145,"NC",100,"Quercus","alba","white oak","Plantae","Breaking leaf buds",2022-03-28,87,NA,NA,0
288480,371,14,"2022-01-01","2022-12-31",2022-03-18,77,2022-03-11,7,1,47018,35.899311,-78.720772,145,"NC",100,"Quercus","alba","white oak","Plantae","Breaking leaf buds",2022-03-28,87,NA,NA,10
288481,371,14,"2022-01-01","2022-12-31",2022-03-19,78,2022-03-18,1,1,47018,35.899311,-78.720772,145,"NC",100,"Quercus","alba","white oak","Plantae","Breaking leaf buds",2022-03-28,87,NA,NA,9
288482,371,14,"2022-01-01","2022-12-31",2022-03-20,79,2022-03-19,1,1,47018,35.899311,-78.720772,145,"NC",100,"Quercus","alba","white oak","Plantae","Breaking leaf buds",2022-03-28,87,NA,NA,8
288483,371,14,"2022-01-01","2022-12-31",2022-03-19,78,2022-03-18,1,1,47018,35.899311,-78.720772,145,"NC",100,"Quercus","alba","white oak","Plantae","Breaking leaf buds",2022-03-28,87,NA,NA,9
288724,371,14,"2022-01-01","2022-12-31",2022-03-02,61,2022-02-28,2,1,47030,35.79995,-78.688179,133,"NC",1755,"Quercus","stellata","post oak","Plantae","Breaking leaf buds",2022-04-08,98,NA,NA,37
288724,501,14,"2022-01-01","2022-12-31",2022-03-09,68,2022-03-02,7,1,47030,35.79995,-78.688179,133,"NC",1755,"Quercus","stellata","post oak","Plantae","Open flowers",2022-04-08,98,NA,NA,30
288725,371,14,"2022-01-01","2022-12-31",2022-03-02,61,2022-02-28,2,1,47030,35.79995,-78.688179,133,"NC",1755,"Quercus","stellata","post oak","Plantae","Breaking leaf buds",2022-04-08,98,NA,NA,37
288725,501,14,"2022-01-01","2022-12-31",2022-03-09,68,2022-03-02,7,1,47030,35.79995,-78.688179,133,"NC",1755,"Quercus","stellata","post oak","Plantae","Open flowers",2022-04-08,98,NA,NA,30
288726,371,14,"2022-01-01","2022-12-31",2022-03-02,61,2022-02-28,2,1,47030,35.79995,-78.688179,133,"NC",1755,"Quercus","stellata","post oak","Plantae","Breaking leaf buds",2022-04-08,98,NA,NA,37
288726,501,14,"2022-01-01","2022-12-31",2022-03-09,68,2022-03-02,7,1,47030,35.79995,-78.688179,133,"NC",1755,"Quercus","stellata","post oak","Plantae","Open flowers",2022-04-08,98,NA,NA,30
288727,371,14,"2022-01-01","2022-12-31",2022-03-02,61,2022-02-28,2,1,47030,35.79995,-78.688179,133,"NC",1755,"Quercus","stellata","post oak","Plantae","Breaking leaf buds",2022-04-08,98,NA,NA,37
288727,501,14,"2022-01-01","2022-12-31",2022-03-09,68,2022-03-02,7,1,47030,35.79995,-78.688179,133,"NC",1755,"Quercus","stellata","post oak","Plantae","Open flowers",2022-04-08,98,NA,NA,30
288730,371,14,"2022-01-01","2022-12-31",2022-03-02,61,2022-02-28,2,1,47030,35.79995,-78.688179,133,"NC",1755,"Quercus","stellata","post oak","Plantae","Breaking leaf buds",2022-04-08,98,NA,NA,37
288730,501,14,"2022-01-01","2022-12-31",2022-03-12,71,2022-03-09,3,1,47030,35.79995,-78.688179,133,"NC",1755,"Quercus","stellata","post oak","Plantae","Open flowers",2022-04-08,98,NA,NA,27
288732,371,14,"2022-01-01","2022-12-31",2022-03-02,61,2022-02-28,2,1,47030,35.79995,-78.688179,133,"NC",1755,"Quercus","stellata","post oak","Plantae","Breaking leaf buds",2022-04-08,98,NA,NA,37
288732,501,14,"2022-01-01","2022-12-31",2022-03-09,68,2022-03-02,7,1,47030,35.79995,-78.688179,133,"NC",1755,"Quercus","stellata","post oak","Plantae","Open flowers",2022-04-08,98,NA,NA,30
288733,371,14,"2022-01-01","2022-12-31",2022-03-02,61,2022-02-28,2,1,47030,35.79995,-78.688179,133,"NC",100,"Quercus","alba","white oak","Plantae","Breaking leaf buds",2022-04-08,98,NA,NA,37
288733,501,14,"2022-01-01","2022-12-31",2022-03-09,68,2022-03-02,7,1,47030,35.79995,-78.688179,133,"NC",100,"Quercus","alba","white oak","Plantae","Open flowers",2022-04-08,98,NA,NA,30
288755,371,14,"2022-01-01","2022-12-31",2022-05-01,121,2022-04-29,2,1,47050,40.736946,-73.161842,11,"NY",101,"Quercus","macrocarpa","bur oak","Plantae","Breaking leaf buds",2022-05-23,143,2023-04-09,321,22
288755,371,15,"2023-01-01","2023-12-31",2023-04-19,109,2023-04-17,2,1,47050,40.736946,-73.161842,11,"NY",101,"Quercus","macrocarpa","bur oak","Plantae","Breaking leaf buds",2023-04-30,120,2023-05-03,3,11
288755,501,14,"2022-01-01","2022-12-31",2022-05-15,135,2022-05-13,2,1,47050,40.736946,-73.161842,11,"NY",101,"Quercus","macrocarpa","bur oak","Plantae","Open flowers",2022-05-23,143,2023-04-09,321,8
288781,371,14,"2022-01-01","2022-12-31",2022-05-01,121,2022-04-27,4,1,22580,42.077522,-72.558563,48,"MA",100,"Quercus","alba","white oak","Plantae","Breaking leaf buds",2022-05-15,135,2022-05-21,6,14
288781,371,15,"2023-01-01","2023-12-31",2023-04-16,106,2023-04-15,1,1,22580,42.077522,-72.558563,48,"MA",100,"Quercus","alba","white oak","Plantae","Breaking leaf buds",2023-04-22,112,2023-04-27,5,6
288781,371,16,"2024-01-01","2024-12-31",2024-04-27,118,2024-04-24,3,1,22580,42.077522,-72.558563,48,"MA",100,"Quercus","alba","white oak","Plantae","Breaking leaf buds",2024-05-07,128,2024-05-11,4,10
288781,371,17,"2025-01-01","2025-12-31",2025-04-25,115,2025-04-23,2,1,22580,42.077522,-72.558563,48,"MA",100,"Quercus","alba","white oak","Plantae","Breaking leaf buds",2025-04-30,120,2025-05-03,3,5
288781,371,18,"2026-01-01","2026-12-31",2026-04-18,108,2026-04-11,7,1,22580,42.077522,-72.558563,48,"MA",100,"Quercus","alba","white oak","Plantae","Breaking leaf buds",2026-05-06,126,2026-05-13,7,18
288781,501,14,"2022-01-01","2022-12-31",2022-05-15,135,2022-05-05,10,2,22580,42.077522,-72.558563,48,"MA",100,"Quercus","alba","white oak","Plantae","Open flowers",2022-05-27,147,2022-06-03,7,12
288781,501,15,"2023-01-01","2023-12-31",2023-04-27,117,2023-04-22,5,1,22580,42.077522,-72.558563,48,"MA",100,"Quercus","alba","white oak","Plantae","Open flowers",2023-05-13,133,2023-05-20,7,16
288781,501,16,"2024-01-01","2024-12-31",2024-05-07,128,2024-05-04,3,2,22580,42.077522,-72.558563,48,"MA",100,"Quercus","alba","white oak","Plantae","Open flowers",2024-05-29,150,2024-06-01,3,22
288781,501,17,"2025-01-01","2025-12-31",2025-05-07,127,2025-05-03,4,1,22580,42.077522,-72.558563,48,"MA",100,"Quercus","alba","white oak","Plantae","Open flowers",2025-05-21,141,2025-05-24,3,14
288781,501,18,"2026-01-01","2026-12-31",2026-05-06,126,2026-05-02,4,1,22580,42.077522,-72.558563,48,"MA",100,"Quercus","alba","white oak","Plantae","Open flowers",2026-06-03,154,2026-06-06,3,28
288782,371,14,"2022-01-01","2022-12-31",2022-05-01,121,2022-04-27,4,1,22580,42.077522,-72.558563,48,"MA",100,"Quercus","alba","white oak","Plantae","Breaking leaf buds",2022-05-05,125,2022-05-15,10,4
288782,371,15,"2023-01-01","2023-12-31",2023-04-16,106,2023-04-15,1,1,22580,42.077522,-72.558563,48,"MA",100,"Quercus","alba","white oak","Plantae","Breaking leaf buds",2023-04-19,109,2023-04-22,3,3
288783,371,14,"2022-01-01","2022-12-31",2022-05-01,121,2022-04-27,4,1,22580,42.077522,-72.558563,48,"MA",100,"Quercus","alba","white oak","Plantae","Breaking leaf buds",2022-05-05,125,2022-05-15,10,4
288783,371,15,"2023-01-01","2023-12-31",2023-04-16,106,2023-04-15,1,1,22580,42.077522,-72.558563,48,"MA",100,"Quercus","alba","white oak","Plantae","Breaking leaf buds",2023-04-19,109,2023-04-22,3,3
288837,371,16,"2024-01-01","2024-12-31",2024-05-02,123,2024-04-11,21,1,47109,39.134617,-77.671898,163,"VA",100,"Quercus","alba","white oak","Plantae","Breaking leaf buds",2024-05-02,123,2024-05-04,2,0
288837,501,16,"2024-01-01","2024-12-31",2024-05-02,123,2024-04-11,21,1,47109,39.134617,-77.671898,163,"VA",100,"Quercus","alba","white oak","Plantae","Open flowers",2024-05-02,123,2024-05-04,2,0
288872,371,14,"2022-01-01","2022-12-31",2022-05-09,129,2022-05-02,7,1,47136,42.432171,-71.10672,19,"MA",100,"Quercus","alba","white oak","Plantae","Breaking leaf buds",2022-05-09,129,NA,NA,0
288914,371,14,"2022-01-01","2022-12-31",2022-04-29,119,2022-04-22,7,1,31289,42.454601,-71.12426,35,"MA",100,"Quercus","alba","white oak","Plantae","Breaking leaf buds",2022-05-13,133,2022-05-20,7,14
288914,371,15,"2023-01-01","2023-12-31",2023-04-21,111,2023-04-14,7,1,31289,42.454601,-71.12426,35,"MA",100,"Quercus","alba","white oak","Plantae","Breaking leaf buds",2023-05-05,125,2023-05-12,7,14
288914,371,16,"2024-01-01","2024-12-31",2024-04-19,110,2024-04-13,6,1,31289,42.454601,-71.12426,35,"MA",100,"Quercus","alba","white oak","Plantae","Breaking leaf buds",2024-05-03,124,2024-05-10,7,14
288914,371,17,"2025-01-01","2025-12-31",2025-04-25,115,2025-04-18,7,1,31289,42.454601,-71.12426,35,"MA",100,"Quercus","alba","white oak","Plantae","Breaking leaf buds",2025-04-25,115,2025-05-02,7,0
288914,371,18,"2026-01-01","2026-12-31",2026-04-24,114,2026-04-17,7,1,31289,42.454601,-71.12426,35,"MA",100,"Quercus","alba","white oak","Plantae","Breaking leaf buds",2026-05-01,121,2026-05-08,7,7
288914,501,15,"2023-01-01","2023-12-31",2023-05-12,132,2023-05-05,7,1,31289,42.454601,-71.12426,35,"MA",100,"Quercus","alba","white oak","Plantae","Open flowers",2023-05-26,146,2023-06-02,7,14
288914,501,16,"2024-01-01","2024-12-31",2024-05-17,138,2024-05-10,7,1,31289,42.454601,-71.12426,35,"MA",100,"Quercus","alba","white oak","Plantae","Open flowers",2024-05-24,145,2024-05-31,7,7
288914,501,17,"2025-01-01","2025-12-31",2025-05-16,136,2025-05-02,14,1,31289,42.454601,-71.12426,35,"MA",100,"Quercus","alba","white oak","Plantae","Open flowers",2025-05-16,136,2025-05-23,7,0
288914,501,18,"2026-01-01","2026-12-31",2026-05-08,128,2026-05-01,7,1,31289,42.454601,-71.12426,35,"MA",100,"Quercus","alba","white oak","Plantae","Open flowers",2026-05-29,149,2026-06-05,7,21
288920,371,15,"2023-01-01","2023-12-31",2023-04-21,111,2023-04-14,7,1,31139,42.455235,-71.123512,36,"MA",100,"Quercus","alba","white oak","Plantae","Breaking leaf buds",2023-05-12,132,2023-05-19,7,21
288920,371,16,"2024-01-01","2024-12-31",2024-04-26,117,2024-04-19,7,1,31139,42.455235,-71.123512,36,"MA",100,"Quercus","alba","white oak","Plantae","Breaking leaf buds",2024-05-10,131,2024-05-17,7,14
288920,371,17,"2025-01-01","2025-12-31",2025-04-25,115,2025-04-18,7,1,31139,42.455235,-71.123512,36,"MA",100,"Quercus","alba","white oak","Plantae","Breaking leaf buds",2025-04-25,115,2025-05-02,7,0
288920,371,18,"2026-01-01","2026-12-31",2026-04-24,114,2026-04-17,7,1,31139,42.455235,-71.123512,36,"MA",100,"Quercus","alba","white oak","Plantae","Breaking leaf buds",2026-05-08,128,2026-05-15,7,14
288920,501,14,"2022-01-01","2022-12-31",2022-05-20,140,2022-05-13,7,1,31139,42.455235,-71.123512,36,"MA",100,"Quercus","alba","white oak","Plantae","Open flowers",2022-05-20,140,2022-05-27,7,0
288920,501,15,"2023-01-01","2023-12-31",2023-05-12,132,2023-05-05,7,1,31139,42.455235,-71.123512,36,"MA",100,"Quercus","alba","white oak","Plantae","Open flowers",2023-05-19,139,2023-05-26,7,7
288920,501,16,"2024-01-01","2024-12-31",2024-05-17,138,2024-05-10,7,1,31139,42.455235,-71.123512,36,"MA",100,"Quercus","alba","white oak","Plantae","Open flowers",2024-05-17,138,2024-05-24,7,0
288920,501,17,"2025-01-01","2025-12-31",2025-05-09,129,2025-05-02,7,1,31139,42.455235,-71.123512,36,"MA",100,"Quercus","alba","white oak","Plantae","Open flowers",2025-05-16,136,2025-05-23,7,7
288920,501,18,"2026-01-01","2026-12-31",2026-05-15,135,2026-05-08,7,1,31139,42.455235,-71.123512,36,"MA",100,"Quercus","alba","white oak","Plantae","Open flowers",2026-05-22,142,2026-05-29,7,7
288950,371,14,"2022-01-01","2022-12-31",2022-04-30,120,2022-04-21,9,1,46583,38.911377,-77.10849,31,"VA",100,"Quercus","alba","white oak","Plantae","Breaking leaf buds",2022-04-30,120,2022-05-11,11,0
288950,371,16,"2024-01-01","2024-12-31",2024-03-15,75,2024-03-07,8,2,46583,38.911377,-77.10849,31,"VA",100,"Quercus","alba","white oak","Plantae","Breaking leaf buds",2024-04-13,104,2024-04-20,7,29
288950,371,17,"2025-01-01","2025-12-31",2025-03-29,88,2025-03-19,10,1,46583,38.911377,-77.10849,31,"VA",100,"Quercus","alba","white oak","Plantae","Breaking leaf buds",2025-04-17,107,2025-04-30,13,19
288950,371,18,"2026-01-01","2026-12-31",2026-03-26,85,2026-03-24,2,1,46583,38.911377,-77.10849,31,"VA",100,"Quercus","alba","white oak","Plantae","Breaking leaf buds",2026-04-07,97,2026-04-13,6,12
288950,501,17,"2025-01-01","2025-12-31",2025-04-02,92,2025-03-29,4,1,46583,38.911377,-77.10849,31,"VA",100,"Quercus","alba","white oak","Plantae","Open flowers",2025-04-17,107,2025-04-30,13,15
288950,501,18,"2026-01-01","2026-12-31",2026-04-07,97,2026-04-04,3,1,46583,38.911377,-77.10849,31,"VA",100,"Quercus","alba","white oak","Plantae","Open flowers",2026-04-13,103,2026-04-23,10,6
288953,371,14,"2022-01-01","2022-12-31",2022-05-20,140,2022-05-19,1,1,47073,49.858315,-97.108627,231,"MB",101,"Quercus","macrocarpa","bur oak","Plantae","Breaking leaf buds",2022-05-28,148,2022-05-31,3,8
288953,501,14,"2022-01-01","2022-12-31",2022-05-28,148,2022-05-27,1,1,47073,49.858315,-97.108627,231,"MB",101,"Quercus","macrocarpa","bur oak","Plantae","Open flowers",2022-06-11,162,2022-06-13,2,14
288963,371,14,"2022-01-01","2022-12-31",2022-04-12,102,2022-04-09,3,1,47078,36.3727,-80.1483,245,"NC",100,"Quercus","alba","white oak","Plantae","Breaking leaf buds",2022-04-16,106,2022-04-23,7,4
288963,371,15,"2023-01-01","2023-12-31",2023-03-08,67,2023-02-26,10,2,47078,36.3727,-80.1483,245,"NC",100,"Quercus","alba","white oak","Plantae","Breaking leaf buds",2023-04-09,99,2023-04-15,6,32
288963,371,17,"2025-01-01","2025-12-31",2025-03-30,89,2025-03-24,6,1,47078,36.3727,-80.1483,245,"NC",100,"Quercus","alba","white oak","Plantae","Breaking leaf buds",2025-04-12,102,2026-03-24,346,13
288963,371,18,"2026-01-01","2026-12-31",2026-04-14,104,2026-04-05,9,1,47078,36.3727,-80.1483,245,"NC",100,"Quercus","alba","white oak","Plantae","Breaking leaf buds",2026-04-14,104,NA,NA,0
288963,501,14,"2022-01-01","2022-12-31",2022-04-12,102,2022-04-09,3,1,47078,36.3727,-80.1483,245,"NC",100,"Quercus","alba","white oak","Plantae","Open flowers",2022-04-23,113,2022-04-27,4,11
288963,501,15,"2023-01-01","2023-12-31",2023-04-15,105,2023-04-04,11,1,47078,36.3727,-80.1483,245,"NC",100,"Quercus","alba","white oak","Plantae","Open flowers",2023-04-15,105,2023-04-26,11,0
288963,501,17,"2025-01-01","2025-12-31",2025-03-30,89,2025-03-24,6,1,47078,36.3727,-80.1483,245,"NC",100,"Quercus","alba","white oak","Plantae","Open flowers",2025-04-12,102,2025-04-28,16,13
288963,501,18,"2026-01-01","2026-12-31",2026-04-05,95,2026-03-24,12,1,47078,36.3727,-80.1483,245,"NC",100,"Quercus","alba","white oak","Plantae","Open flowers",2026-04-14,104,NA,NA,9
288964,371,14,"2022-01-01","2022-12-31",2022-04-16,106,2022-04-12,4,1,47078,36.3727,-80.1483,245,"NC",1212,"Quercus","montana","chestnut oak","Plantae","Breaking leaf buds",2022-04-16,106,2022-04-23,7,0
288964,371,15,"2023-01-01","2023-12-31",2023-04-09,99,2023-04-04,5,1,47078,36.3727,-80.1483,245,"NC",1212,"Quercus","montana","chestnut oak","Plantae","Breaking leaf buds",2023-04-15,105,2023-04-26,11,6
288964,371,17,"2025-01-01","2025-12-31",2025-04-12,102,2025-03-30,13,1,47078,36.3727,-80.1483,245,"NC",1212,"Quercus","montana","chestnut oak","Plantae","Breaking leaf buds",2025-04-28,118,2026-03-24,330,16
288964,371,18,"2026-01-01","2026-12-31",2026-04-14,104,2026-04-05,9,1,47078,36.3727,-80.1483,245,"NC",1212,"Quercus","montana","chestnut oak","Plantae","Breaking leaf buds",2026-04-14,104,NA,NA,0
288964,501,14,"2022-01-01","2022-12-31",2022-04-16,106,2022-04-12,4,1,47078,36.3727,-80.1483,245,"NC",1212,"Quercus","montana","chestnut oak","Plantae","Open flowers",2022-04-27,117,2023-02-26,305,11
288964,501,15,"2023-01-01","2023-12-31",2023-04-15,105,2023-04-04,11,1,47078,36.3727,-80.1483,245,"NC",1212,"Quercus","montana","chestnut oak","Plantae","Open flowers",2023-04-15,105,2023-04-26,11,0
288964,501,17,"2025-01-01","2025-12-31",2025-04-12,102,2025-03-30,13,1,47078,36.3727,-80.1483,245,"NC",1212,"Quercus","montana","chestnut oak","Plantae","Open flowers",2025-04-28,118,2026-03-24,330,16
288964,501,18,"2026-01-01","2026-12-31",2026-04-05,95,2026-03-24,12,1,47078,36.3727,-80.1483,245,"NC",1212,"Quercus","montana","chestnut oak","Plantae","Open flowers",2026-04-14,104,NA,NA,9
289005,371,14,"2022-01-01","2022-12-31",2022-05-05,125,2022-05-04,1,1,47162,40.741177,-73.160126,11,"NY",100,"Quercus","alba","white oak","Plantae","Breaking leaf buds",2022-05-23,143,2023-04-09,321,18
289005,371,15,"2023-01-01","2023-12-31",2023-04-23,113,2023-04-20,3,2,47162,40.741177,-73.160126,11,"NY",100,"Quercus","alba","white oak","Plantae","Breaking leaf buds",2023-05-10,130,NA,NA,17
289005,501,14,"2022-01-01","2022-12-31",2022-05-20,140,2022-05-19,1,1,47162,40.741177,-73.160126,11,"NY",100,"Quercus","alba","white oak","Plantae","Open flowers",2022-05-23,143,2023-04-09,321,3
289006,371,14,"2022-01-01","2022-12-31",2022-05-08,128,2022-05-07,1,1,47162,40.741177,-73.160126,11,"NY",100,"Quercus","alba","white oak","Plantae","Breaking leaf buds",2022-05-23,143,2023-04-09,321,15
289006,371,15,"2023-01-01","2023-12-31",2023-04-23,113,2023-04-20,3,2,47162,40.741177,-73.160126,11,"NY",100,"Quercus","alba","white oak","Plantae","Breaking leaf buds",2023-05-10,130,NA,NA,17
289006,501,14,"2022-01-01","2022-12-31",2022-05-22,142,2022-05-20,2,1,47162,40.741177,-73.160126,11,"NY",100,"Quercus","alba","white oak","Plantae","Open flowers",2022-05-23,143,2023-04-09,321,1
289007,371,14,"2022-01-01","2022-12-31",2022-05-09,129,2022-05-08,1,1,47162,40.741177,-73.160126,11,"NY",100,"Quercus","alba","white oak","Plantae","Breaking leaf buds",2022-05-23,143,2023-04-09,321,14
289007,371,15,"2023-01-01","2023-12-31",2023-05-03,123,2023-04-23,10,1,47162,40.741177,-73.160126,11,"NY",100,"Quercus","alba","white oak","Plantae","Breaking leaf buds",2023-05-10,130,NA,NA,7
289007,501,14,"2022-01-01","2022-12-31",2022-05-22,142,2022-05-20,2,1,47162,40.741177,-73.160126,11,"NY",100,"Quercus","alba","white oak","Plantae","Open flowers",2022-05-23,143,2023-04-09,321,1
289008,371,14,"2022-01-01","2022-12-31",2022-05-08,128,2022-05-07,1,1,47162,40.741177,-73.160126,11,"NY",100,"Quercus","alba","white oak","Plantae","Breaking leaf buds",2022-05-23,143,2023-04-09,321,15
289008,371,15,"2023-01-01","2023-12-31",2023-05-03,123,2023-04-23,10,1,47162,40.741177,-73.160126,11,"NY",100,"Quercus","alba","white oak","Plantae","Breaking leaf buds",2023-05-10,130,NA,NA,7
289008,501,14,"2022-01-01","2022-12-31",2022-05-20,140,2022-05-19,1,1,47162,40.741177,-73.160126,11,"NY",100,"Quercus","alba","white oak","Plantae","Open flowers",2022-05-23,143,2023-04-09,321,3
289022,371,16,"2024-01-01","2024-12-31",2024-04-07,98,2024-04-06,1,1,47108,39.13485,-77.66407,160,"VA",100,"Quercus","alba","white oak","Plantae","Breaking leaf buds",2024-04-11,102,2024-05-02,21,4
289024,371,14,"2022-01-01","2022-12-31",2022-03-31,90,2022-03-21,10,1,47108,39.13485,-77.66407,160,"VA",100,"Quercus","alba","white oak","Plantae","Breaking leaf buds",2022-05-08,128,2022-05-18,10,38
289024,371,16,"2024-01-01","2024-12-31",2024-04-11,102,2024-04-07,4,1,47108,39.13485,-77.66407,160,"VA",100,"Quercus","alba","white oak","Plantae","Breaking leaf buds",2024-04-11,102,2024-05-02,21,0
289179,371,14,"2022-01-01","2022-12-31",2022-05-19,139,2022-05-11,8,2,47073,49.858315,-97.108627,231,"MB",101,"Quercus","macrocarpa","bur oak","Plantae","Breaking leaf buds",2022-05-27,147,2022-05-28,1,8
289179,501,14,"2022-01-01","2022-12-31",2022-05-28,148,2022-05-27,1,2,47073,49.858315,-97.108627,231,"MB",101,"Quercus","macrocarpa","bur oak","Plantae","Open flowers",2022-06-05,156,2022-06-09,4,8
289191,371,14,"2022-01-01","2022-12-31",2022-03-31,90,2022-03-22,9,1,47242,36.04776,-83.935112,325,"TN",100,"Quercus","alba","white oak","Plantae","Breaking leaf buds",2022-04-11,101,2022-04-14,3,11
289191,501,14,"2022-01-01","2022-12-31",2022-04-14,104,2022-04-11,3,1,47242,36.04776,-83.935112,325,"TN",100,"Quercus","alba","white oak","Plantae","Open flowers",2022-04-22,112,2022-04-29,7,8
289192,371,14,"2022-01-01","2022-12-31",2022-03-31,90,2022-03-22,9,1,47242,36.04776,-83.935112,325,"TN",100,"Quercus","alba","white oak","Plantae","Breaking leaf buds",2022-04-11,101,2022-04-14,3,11
289192,501,14,"2022-01-01","2022-12-31",2022-04-11,101,2022-04-05,6,1,47242,36.04776,-83.935112,325,"TN",100,"Quercus","alba","white oak","Plantae","Open flowers",2022-04-14,104,2022-04-22,8,3
289204,371,14,"2022-01-01","2022-12-31",2022-05-02,122,2022-04-25,7,1,43327,42.386902,-71.146004,6,"MA",2043,"Quercus","bicolor","swamp white oak","Plantae","Breaking leaf buds",2022-05-09,129,2022-05-16,7,7
289204,371,15,"2023-01-01","2023-12-31",2023-04-19,109,2023-04-10,9,1,43327,42.386902,-71.146004,6,"MA",2043,"Quercus","bicolor","swamp white oak","Plantae","Breaking leaf buds",2023-05-08,128,2023-05-15,7,19
289204,371,16,"2024-01-01","2024-12-31",2024-04-21,112,2024-04-15,6,2,43327,42.386902,-71.146004,6,"MA",2043,"Quercus","bicolor","swamp white oak","Plantae","Breaking leaf buds",2024-05-06,127,2024-05-13,7,15
289204,371,17,"2025-01-01","2025-12-31",2025-04-21,111,2025-04-14,7,1,43327,42.386902,-71.146004,6,"MA",2043,"Quercus","bicolor","swamp white oak","Plantae","Breaking leaf buds",2025-04-28,118,2025-05-05,7,7
289204,371,18,"2026-01-01","2026-12-31",2026-04-20,110,2026-04-13,7,1,43327,42.386902,-71.146004,6,"MA",2043,"Quercus","bicolor","swamp white oak","Plantae","Breaking leaf buds",2026-05-04,124,2026-05-11,7,14
289204,501,16,"2024-01-01","2024-12-31",2024-04-29,120,2024-04-22,7,1,43327,42.386902,-71.146004,6,"MA",2043,"Quercus","bicolor","swamp white oak","Plantae","Open flowers",2024-05-13,134,2024-05-20,7,14
289204,501,18,"2026-01-01","2026-12-31",2026-05-04,124,2026-04-27,7,1,43327,42.386902,-71.146004,6,"MA",2043,"Quercus","bicolor","swamp white oak","Plantae","Open flowers",2026-05-11,131,2026-05-18,7,7
289256,371,14,"2022-01-01","2022-12-31",2022-05-06,126,2022-04-29,7,1,36700,42.455666,-71.124626,50,"MA",100,"Quercus","alba","white oak","Plantae","Breaking leaf buds",2022-05-13,133,2022-05-20,7,7
289256,371,15,"2023-01-01","2023-12-31",2023-04-14,104,2023-04-07,7,1,36700,42.455666,-71.124626,50,"MA",100,"Quercus","alba","white oak","Plantae","Breaking leaf buds",2023-05-12,132,2023-05-19,7,28
289256,371,16,"2024-01-01","2024-12-31",2024-04-26,117,2024-04-19,7,1,36700,42.455666,-71.124626,50,"MA",100,"Quercus","alba","white oak","Plantae","Breaking leaf buds",2024-05-03,124,2024-05-10,7,7
289256,371,17,"2025-01-01","2025-12-31",2025-04-25,115,2025-04-18,7,1,36700,42.455666,-71.124626,50,"MA",100,"Quercus","alba","white oak","Plantae","Breaking leaf buds",2025-04-25,115,2025-04-29,4,0
289256,371,18,"2026-01-01","2026-12-31",2026-05-01,121,2026-04-24,7,1,36700,42.455666,-71.124626,50,"MA",100,"Quercus","alba","white oak","Plantae","Breaking leaf buds",2026-05-01,121,2026-05-08,7,0
289256,501,15,"2023-01-01","2023-12-31",2023-05-19,139,2023-05-12,7,1,36700,42.455666,-71.124626,50,"MA",100,"Quercus","alba","white oak","Plantae","Open flowers",2023-05-19,139,2023-05-26,7,0
289256,501,17,"2025-01-01","2025-12-31",2025-05-16,136,2025-05-09,7,1,36700,42.455666,-71.124626,50,"MA",100,"Quercus","alba","white oak","Plantae","Open flowers",2025-05-16,136,2025-05-23,7,0
289279,371,14,"2022-01-01","2022-12-31",2022-04-16,106,2022-04-08,8,1,47198,42.396446,-71.135941,13,"MA",2043,"Quercus","bicolor","swamp white oak","Plantae","Breaking leaf buds",2022-04-25,115,NA,NA,9
289345,371,14,"2022-01-01","2022-12-31",2022-04-03,93,2022-03-25,9,2,16337,42.04314,-87.687683,184,"IL",2050,"Quercus","muehlenbergii","chinquapin oak","Plantae","Breaking leaf buds",2022-05-11,131,2022-05-12,1,38
289345,371,15,"2023-01-01","2023-12-31",2023-04-15,105,2023-04-10,5,1,16337,42.04314,-87.687683,184,"IL",2050,"Quercus","muehlenbergii","chinquapin oak","Plantae","Breaking leaf buds",2023-05-07,127,2023-05-14,7,22
289356,371,15,"2023-01-01","2023-12-31",2023-03-25,84,2023-03-17,8,1,47286,35.949524,-78.82518,119,"NC",100,"Quercus","alba","white oak","Plantae","Breaking leaf buds",2023-04-07,97,2023-04-14,7,13
289356,371,16,"2024-01-01","2024-12-31",2024-04-05,96,2024-03-24,12,1,47286,35.949524,-78.82518,119,"NC",100,"Quercus","alba","white oak","Plantae","Breaking leaf buds",2024-04-05,96,2024-04-20,15,0
289356,371,17,"2025-01-01","2025-12-31",2025-04-04,94,2025-03-28,7,1,47286,35.949524,-78.82518,119,"NC",100,"Quercus","alba","white oak","Plantae","Breaking leaf buds",2025-04-11,101,2025-04-19,8,7
289356,371,18,"2026-01-01","2026-12-31",2026-04-04,94,2026-03-28,7,1,47286,35.949524,-78.82518,119,"NC",100,"Quercus","alba","white oak","Plantae","Breaking leaf buds",2026-04-04,94,2026-04-10,6,0
289356,501,14,"2022-01-01","2022-12-31",2022-04-23,113,2022-04-17,6,1,47286,35.949524,-78.82518,119,"NC",100,"Quercus","alba","white oak","Plantae","Open flowers",2022-04-23,113,2022-05-03,10,0
289356,501,16,"2024-01-01","2024-12-31",2024-04-20,111,2024-04-05,15,1,47286,35.949524,-78.82518,119,"NC",100,"Quercus","alba","white oak","Plantae","Open flowers",2024-04-28,119,2024-05-06,8,8
289356,501,17,"2025-01-01","2025-12-31",2025-03-28,87,2025-03-23,5,2,47286,35.949524,-78.82518,119,"NC",100,"Quercus","alba","white oak","Plantae","Open flowers",2025-04-19,109,2025-04-26,7,22
289356,501,18,"2026-01-01","2026-12-31",2026-04-04,94,2026-03-28,7,1,47286,35.949524,-78.82518,119,"NC",100,"Quercus","alba","white oak","Plantae","Open flowers",2026-04-10,100,2026-04-17,7,6
289357,371,14,"2022-01-01","2022-12-31",2022-05-05,125,2022-05-04,1,1,47288,44.924088,-93.195183,258,"MN",2043,"Quercus","bicolor","swamp white oak","Plantae","Breaking leaf buds",2022-05-20,140,2022-05-25,5,15
289357,371,15,"2023-01-01","2023-12-31",2023-04-17,107,2023-04-15,2,1,47288,44.924088,-93.195183,258,"MN",2043,"Quercus","bicolor","swamp white oak","Plantae","Breaking leaf buds",2023-05-05,125,NA,NA,18
289367,371,14,"2022-01-01","2022-12-31",2022-04-27,117,2022-04-23,4,1,16337,42.04314,-87.687683,184,"IL",2043,"Quercus","bicolor","swamp white oak","Plantae","Breaking leaf buds",2022-05-12,132,2022-05-14,2,15
289367,371,15,"2023-01-01","2023-12-31",2023-04-15,105,2023-04-10,5,1,16337,42.04314,-87.687683,184,"IL",2043,"Quercus","bicolor","swamp white oak","Plantae","Breaking leaf buds",2023-05-07,127,2023-05-14,7,22
289367,501,14,"2022-01-01","2022-12-31",2022-05-18,138,2022-05-10,8,1,16337,42.04314,-87.687683,184,"IL",2043,"Quercus","bicolor","swamp white oak","Plantae","Open flowers",2022-05-18,138,2022-09-10,115,0
289367,501,15,"2023-01-01","2023-12-31",2023-04-30,120,2023-04-24,6,2,16337,42.04314,-87.687683,184,"IL",2043,"Quercus","bicolor","swamp white oak","Plantae","Open flowers",2023-05-14,134,NA,NA,14
289368,371,14,"2022-01-01","2022-12-31",2022-04-23,113,2022-04-09,14,1,16337,42.04314,-87.687683,184,"IL",2043,"Quercus","bicolor","swamp white oak","Plantae","Breaking leaf buds",2022-05-10,130,2022-05-11,1,17
289368,371,15,"2023-01-01","2023-12-31",2023-04-15,105,2023-04-10,5,1,16337,42.04314,-87.687683,184,"IL",2043,"Quercus","bicolor","swamp white oak","Plantae","Breaking leaf buds",2023-05-07,127,2023-05-14,7,22
289369,371,14,"2022-01-01","2022-12-31",2022-04-23,113,2022-04-09,14,1,16337,42.04314,-87.687683,184,"IL",2043,"Quercus","bicolor","swamp white oak","Plantae","Breaking leaf buds",2022-05-10,130,2022-05-11,1,17
289369,371,15,"2023-01-01","2023-12-31",2023-04-15,105,2023-04-10,5,1,16337,42.04314,-87.687683,184,"IL",2043,"Quercus","bicolor","swamp white oak","Plantae","Breaking leaf buds",2023-05-07,127,NA,NA,22
289369,501,15,"2023-01-01","2023-12-31",2023-05-07,127,2023-05-05,2,1,16337,42.04314,-87.687683,184,"IL",2043,"Quercus","bicolor","swamp white oak","Plantae","Open flowers",2023-05-14,134,NA,NA,7
289371,371,14,"2022-01-01","2022-12-31",2022-04-27,117,2022-04-23,4,1,16337,42.04314,-87.687683,184,"IL",2050,"Quercus","muehlenbergii","chinquapin oak","Plantae","Breaking leaf buds",2022-05-12,132,2022-05-14,2,15
289371,371,15,"2023-01-01","2023-12-31",2023-04-15,105,2023-04-10,5,1,16337,42.04314,-87.687683,184,"IL",2050,"Quercus","muehlenbergii","chinquapin oak","Plantae","Breaking leaf buds",2023-05-05,125,NA,NA,20
289371,501,14,"2022-01-01","2022-12-31",2022-05-18,138,2022-05-09,9,1,16337,42.04314,-87.687683,184,"IL",2050,"Quercus","muehlenbergii","chinquapin oak","Plantae","Open flowers",2022-05-18,138,2022-09-10,115,0
289371,501,15,"2023-01-01","2023-12-31",2023-05-07,127,2023-05-05,2,1,16337,42.04314,-87.687683,184,"IL",2050,"Quercus","muehlenbergii","chinquapin oak","Plantae","Open flowers",2023-05-07,127,NA,NA,0
289454,371,15,"2023-01-01","2023-12-31",2023-04-17,107,2023-03-26,22,1,47313,39.125767,-77.677895,147,"VA",100,"Quercus","alba","white oak","Plantae","Breaking leaf buds",2023-04-17,107,2024-02-27,316,0
289456,501,14,"2022-01-01","2022-12-31",2022-05-18,138,2022-05-08,10,1,47313,39.125767,-77.677895,147,"VA",100,"Quercus","alba","white oak","Plantae","Open flowers",2022-05-18,138,2022-06-08,21,0
289638,371,14,"2022-01-01","2022-12-31",2022-05-01,121,2022-04-24,7,1,47320,43.304134,-78.860298,85,"NY",100,"Quercus","alba","white oak","Plantae","Breaking leaf buds",2022-05-14,134,2022-05-29,15,13
289638,371,15,"2023-01-01","2023-12-31",2023-04-16,106,2023-04-12,4,1,47320,43.304134,-78.860298,85,"NY",100,"Quercus","alba","white oak","Plantae","Breaking leaf buds",2023-05-11,131,2023-05-16,5,25
289638,371,16,"2024-01-01","2024-12-31",2024-04-12,103,2024-04-04,8,1,47320,43.304134,-78.860298,85,"NY",100,"Quercus","alba","white oak","Plantae","Breaking leaf buds",2024-05-07,128,NA,NA,25
289725,371,14,"2022-01-01","2022-12-31",2022-05-23,143,2022-05-20,3,1,47344,44.702324,-68.611954,101,"ME",100,"Quercus","alba","white oak","Plantae","Breaking leaf buds",2022-05-31,151,2022-06-04,4,8
289725,371,15,"2023-01-01","2023-12-31",2023-05-16,136,2023-05-12,4,1,47344,44.702324,-68.611954,101,"ME",100,"Quercus","alba","white oak","Plantae","Breaking leaf buds",2023-05-24,144,2023-05-28,4,8
289725,371,16,"2024-01-01","2024-12-31",2024-05-19,140,2024-05-16,3,1,47344,44.702324,-68.611954,101,"ME",100,"Quercus","alba","white oak","Plantae","Breaking leaf buds",2024-05-22,143,2024-05-26,4,3
289725,371,17,"2025-01-01","2025-12-31",2025-05-26,146,2025-05-21,5,1,47344,44.702324,-68.611954,101,"ME",100,"Quercus","alba","white oak","Plantae","Breaking leaf buds",2025-05-30,150,2025-06-04,5,4
289726,371,14,"2022-01-01","2022-12-31",2022-05-06,126,2022-05-05,1,1,47344,44.702324,-68.611954,101,"ME",101,"Quercus","macrocarpa","bur oak","Plantae","Breaking leaf buds",2022-05-20,140,2022-05-23,3,14
289726,371,15,"2023-01-01","2023-12-31",2023-04-30,120,2023-04-26,4,1,47344,44.702324,-68.611954,101,"ME",101,"Quercus","macrocarpa","bur oak","Plantae","Breaking leaf buds",2023-05-08,128,2023-05-12,4,8
289726,371,16,"2024-01-01","2024-12-31",2024-05-06,127,2024-05-02,4,1,47344,44.702324,-68.611954,101,"ME",101,"Quercus","macrocarpa","bur oak","Plantae","Breaking leaf buds",2024-05-16,137,2024-05-19,3,10
289726,371,17,"2025-01-01","2025-12-31",2025-05-06,126,2025-04-30,6,1,47344,44.702324,-68.611954,101,"ME",101,"Quercus","macrocarpa","bur oak","Plantae","Breaking leaf buds",2025-05-17,137,2025-05-21,4,11
289726,501,14,"2022-01-01","2022-12-31",2022-05-23,143,2022-05-20,3,1,47344,44.702324,-68.611954,101,"ME",101,"Quercus","macrocarpa","bur oak","Plantae","Open flowers",2022-05-27,147,2022-06-04,8,4
289726,501,15,"2023-01-01","2023-12-31",2023-05-20,140,2023-05-16,4,1,47344,44.702324,-68.611954,101,"ME",101,"Quercus","macrocarpa","bur oak","Plantae","Open flowers",2023-05-28,148,2023-06-02,5,8
289726,501,17,"2025-01-01","2025-12-31",2025-05-26,146,2025-05-21,5,1,47344,44.702324,-68.611954,101,"ME",101,"Quercus","macrocarpa","bur oak","Plantae","Open flowers",2025-05-30,150,2025-06-04,5,4
289727,371,14,"2022-01-01","2022-12-31",2022-05-09,129,2022-05-06,3,1,47344,44.702324,-68.611954,101,"ME",2043,"Quercus","bicolor","swamp white oak","Plantae","Breaking leaf buds",2022-05-23,143,2022-05-27,4,14
289727,371,15,"2023-01-01","2023-12-31",2023-05-04,124,2023-04-30,4,1,47344,44.702324,-68.611954,101,"ME",2043,"Quercus","bicolor","swamp white oak","Plantae","Breaking leaf buds",2023-05-12,132,2023-05-16,4,8
289727,371,16,"2024-01-01","2024-12-31",2024-05-13,134,2024-05-12,1,1,47344,44.702324,-68.611954,101,"ME",2043,"Quercus","bicolor","swamp white oak","Plantae","Breaking leaf buds",2024-05-19,140,2024-05-22,3,6
289727,371,17,"2025-01-01","2025-12-31",2025-05-11,131,2025-05-06,5,1,47344,44.702324,-68.611954,101,"ME",2043,"Quercus","bicolor","swamp white oak","Plantae","Breaking leaf buds",2025-05-17,137,2025-05-21,4,6
289727,501,14,"2022-01-01","2022-12-31",2022-05-27,147,2022-05-20,7,1,47344,44.702324,-68.611954,101,"ME",2043,"Quercus","bicolor","swamp white oak","Plantae","Open flowers",2022-05-27,147,2022-06-04,8,0
289727,501,15,"2023-01-01","2023-12-31",2023-05-24,144,2023-05-20,4,1,47344,44.702324,-68.611954,101,"ME",2043,"Quercus","bicolor","swamp white oak","Plantae","Open flowers",2023-05-28,148,2023-06-02,5,4
289727,501,17,"2025-01-01","2025-12-31",2025-05-30,150,2025-05-26,4,1,47344,44.702324,-68.611954,101,"ME",2043,"Quercus","bicolor","swamp white oak","Plantae","Open flowers",2025-05-30,150,2025-06-04,5,0
289728,371,14,"2022-01-01","2022-12-31",2022-05-10,130,2022-05-09,1,1,47344,44.702324,-68.611954,101,"ME",1212,"Quercus","montana","chestnut oak","Plantae","Breaking leaf buds",2022-05-23,143,2022-05-27,4,13
289728,371,15,"2023-01-01","2023-12-31",2023-05-08,128,2023-05-04,4,1,47344,44.702324,-68.611954,101,"ME",1212,"Quercus","montana","chestnut oak","Plantae","Breaking leaf buds",2023-05-12,132,2023-05-16,4,4
289728,371,16,"2024-01-01","2024-12-31",2024-05-06,127,2024-05-02,4,1,47344,44.702324,-68.611954,101,"ME",1212,"Quercus","montana","chestnut oak","Plantae","Breaking leaf buds",2024-05-16,137,2024-05-19,3,10
289728,371,17,"2025-01-01","2025-12-31",2025-05-11,131,2025-05-06,5,1,47344,44.702324,-68.611954,101,"ME",1212,"Quercus","montana","chestnut oak","Plantae","Breaking leaf buds",2025-05-17,137,2025-05-21,4,6
289728,501,14,"2022-01-01","2022-12-31",2022-05-27,147,2022-05-23,4,1,47344,44.702324,-68.611954,101,"ME",1212,"Quercus","montana","chestnut oak","Plantae","Open flowers",2022-05-27,147,2022-06-04,8,0
289728,501,15,"2023-01-01","2023-12-31",2023-05-24,144,2023-05-16,8,1,47344,44.702324,-68.611954,101,"ME",1212,"Quercus","montana","chestnut oak","Plantae","Open flowers",2023-05-28,148,2023-06-02,5,4
289728,501,17,"2025-01-01","2025-12-31",2025-05-26,146,2025-05-21,5,1,47344,44.702324,-68.611954,101,"ME",1212,"Quercus","montana","chestnut oak","Plantae","Open flowers",2025-05-30,150,2025-06-04,5,4
289729,371,14,"2022-01-01","2022-12-31",2022-05-12,132,2022-05-11,1,1,47344,44.702324,-68.611954,101,"ME",100,"Quercus","alba","white oak","Plantae","Breaking leaf buds",2022-05-23,143,2022-05-27,4,11
289729,371,15,"2023-01-01","2023-12-31",2023-05-04,124,2023-04-30,4,1,47344,44.702324,-68.611954,101,"ME",100,"Quercus","alba","white oak","Plantae","Breaking leaf buds",2023-05-12,132,2023-05-16,4,8
289729,371,16,"2024-01-01","2024-12-31",2024-05-13,134,2024-05-12,1,1,47344,44.702324,-68.611954,101,"ME",100,"Quercus","alba","white oak","Plantae","Breaking leaf buds",2024-05-19,140,2024-05-22,3,6
289729,371,17,"2025-01-01","2025-12-31",2025-05-17,137,2025-05-13,4,1,47344,44.702324,-68.611954,101,"ME",100,"Quercus","alba","white oak","Plantae","Breaking leaf buds",2025-05-21,141,2025-05-26,5,4
289730,371,14,"2022-01-01","2022-12-31",2022-05-06,126,2022-05-05,1,1,47344,44.702324,-68.611954,101,"ME",101,"Quercus","macrocarpa","bur oak","Plantae","Breaking leaf buds",2022-05-20,140,2022-05-23,3,14
289730,371,15,"2023-01-01","2023-12-31",2023-04-30,120,2023-04-26,4,1,47344,44.702324,-68.611954,101,"ME",101,"Quercus","macrocarpa","bur oak","Plantae","Breaking leaf buds",2023-05-08,128,2023-05-12,4,8
289730,371,16,"2024-01-01","2024-12-31",2024-05-06,127,2024-05-02,4,1,47344,44.702324,-68.611954,101,"ME",101,"Quercus","macrocarpa","bur oak","Plantae","Breaking leaf buds",2024-05-13,134,2024-05-16,3,7
289730,371,17,"2025-01-01","2025-12-31",2025-05-06,126,2025-04-30,6,1,47344,44.702324,-68.611954,101,"ME",101,"Quercus","macrocarpa","bur oak","Plantae","Breaking leaf buds",2025-05-17,137,2025-05-21,4,11
289730,501,14,"2022-01-01","2022-12-31",2022-05-27,147,2022-05-20,7,1,47344,44.702324,-68.611954,101,"ME",101,"Quercus","macrocarpa","bur oak","Plantae","Open flowers",2022-05-27,147,2022-06-04,8,0
289730,501,15,"2023-01-01","2023-12-31",2023-05-24,144,2023-05-16,8,1,47344,44.702324,-68.611954,101,"ME",101,"Quercus","macrocarpa","bur oak","Plantae","Open flowers",2023-05-24,144,2023-06-02,9,0
289730,501,17,"2025-01-01","2025-12-31",2025-05-26,146,2025-05-21,5,1,47344,44.702324,-68.611954,101,"ME",101,"Quercus","macrocarpa","bur oak","Plantae","Open flowers",2025-05-30,150,2025-06-04,5,4
289731,371,14,"2022-01-01","2022-12-31",2022-05-06,126,2022-05-05,1,1,47344,44.702324,-68.611954,101,"ME",2043,"Quercus","bicolor","swamp white oak","Plantae","Breaking leaf buds",2022-05-20,140,2022-05-23,3,14
289731,371,15,"2023-01-01","2023-12-31",2023-04-26,116,2023-04-22,4,1,47344,44.702324,-68.611954,101,"ME",2043,"Quercus","bicolor","swamp white oak","Plantae","Breaking leaf buds",2023-05-12,132,2023-05-16,4,16
289731,371,16,"2024-01-01","2024-12-31",2024-05-06,127,2024-05-02,4,1,47344,44.702324,-68.611954,101,"ME",2043,"Quercus","bicolor","swamp white oak","Plantae","Breaking leaf buds",2024-05-16,137,2024-05-19,3,10
289731,371,17,"2025-01-01","2025-12-31",2025-05-06,126,2025-04-30,6,1,47344,44.702324,-68.611954,101,"ME",2043,"Quercus","bicolor","swamp white oak","Plantae","Breaking leaf buds",2025-05-17,137,2025-05-21,4,11
289731,501,14,"2022-01-01","2022-12-31",2022-05-27,147,2022-05-23,4,1,47344,44.702324,-68.611954,101,"ME",2043,"Quercus","bicolor","swamp white oak","Plantae","Open flowers",2022-05-27,147,2022-06-04,8,0
289731,501,15,"2023-01-01","2023-12-31",2023-05-20,140,2023-05-16,4,1,47344,44.702324,-68.611954,101,"ME",2043,"Quercus","bicolor","swamp white oak","Plantae","Open flowers",2023-05-28,148,2023-06-02,5,8
289732,371,14,"2022-01-01","2022-12-31",2022-05-12,132,2022-05-11,1,1,47344,44.702324,-68.611954,101,"ME",1212,"Quercus","montana","chestnut oak","Plantae","Breaking leaf buds",2022-05-23,143,2022-05-27,4,11
289732,371,15,"2023-01-01","2023-12-31",2023-05-08,128,2023-05-04,4,1,47344,44.702324,-68.611954,101,"ME",1212,"Quercus","montana","chestnut oak","Plantae","Breaking leaf buds",2023-05-12,132,2023-05-16,4,4
289732,371,16,"2024-01-01","2024-12-31",2024-05-13,134,2024-05-12,1,1,47344,44.702324,-68.611954,101,"ME",1212,"Quercus","montana","chestnut oak","Plantae","Breaking leaf buds",2024-05-16,137,2024-05-19,3,3
289732,371,17,"2025-01-01","2025-12-31",2025-05-11,131,2025-05-06,5,1,47344,44.702324,-68.611954,101,"ME",1212,"Quercus","montana","chestnut oak","Plantae","Breaking leaf buds",2025-05-17,137,2025-05-21,4,6
289732,501,15,"2023-01-01","2023-12-31",2023-05-24,144,2023-05-16,8,1,47344,44.702324,-68.611954,101,"ME",1212,"Quercus","montana","chestnut oak","Plantae","Open flowers",2023-05-28,148,2023-06-02,5,4
289732,501,17,"2025-01-01","2025-12-31",2025-05-26,146,2025-05-21,5,1,47344,44.702324,-68.611954,101,"ME",1212,"Quercus","montana","chestnut oak","Plantae","Open flowers",2025-05-30,150,2025-06-04,5,4
289882,371,14,"2022-01-01","2022-12-31",2022-05-12,132,2022-05-11,1,1,47344,44.702324,-68.611954,101,"ME",100,"Quercus","alba","white oak","Plantae","Breaking leaf buds",2022-05-23,143,2022-05-27,4,11
289882,371,15,"2023-01-01","2023-12-31",2023-05-08,128,2023-05-04,4,1,47344,44.702324,-68.611954,101,"ME",100,"Quercus","alba","white oak","Plantae","Breaking leaf buds",2023-05-12,132,2023-05-16,4,4
289882,371,16,"2024-01-01","2024-12-31",2024-05-12,133,2024-05-10,2,1,47344,44.702324,-68.611954,101,"ME",100,"Quercus","alba","white oak","Plantae","Breaking leaf buds",2024-05-16,137,2024-05-19,3,4
289882,371,17,"2025-01-01","2025-12-31",2025-05-13,133,2025-05-11,2,1,47344,44.702324,-68.611954,101,"ME",100,"Quercus","alba","white oak","Plantae","Breaking leaf buds",2025-05-17,137,2025-05-21,4,4
291397,371,14,"2022-01-01","2022-12-31",2022-05-11,131,2022-05-07,4,1,47398,43.060757,-89.418594,274,"WI",100,"Quercus","alba","white oak","Plantae","Breaking leaf buds",2022-05-11,131,2022-05-14,3,0
291398,371,14,"2022-01-01","2022-12-31",2022-05-11,131,2022-05-07,4,1,47398,43.060757,-89.418594,274,"WI",100,"Quercus","alba","white oak","Plantae","Breaking leaf buds",2022-05-11,131,2022-05-14,3,0
291399,371,14,"2022-01-01","2022-12-31",2022-05-11,131,2022-05-07,4,2,47398,43.060757,-89.418594,274,"WI",100,"Quercus","alba","white oak","Plantae","Breaking leaf buds",2022-10-07,280,2022-10-26,19,149
291503,371,14,"2022-01-01","2022-12-31",2022-04-06,96,2022-04-03,3,2,47142,38.557934,-81.441483,286,"WV",100,"Quercus","alba","white oak","Plantae","Breaking leaf buds",2022-04-23,113,2022-04-25,2,17
291503,371,15,"2023-01-01","2023-12-31",2023-04-12,102,2023-04-04,8,1,47142,38.557934,-81.441483,286,"WV",100,"Quercus","alba","white oak","Plantae","Breaking leaf buds",2023-04-12,102,2023-04-26,14,0
291503,371,16,"2024-01-01","2024-12-31",2024-04-18,109,2024-04-10,8,1,47142,38.557934,-81.441483,286,"WV",100,"Quercus","alba","white oak","Plantae","Breaking leaf buds",2024-04-18,109,2024-04-25,7,0
291503,371,17,"2025-01-01","2025-12-31",2025-04-19,109,2025-04-04,15,1,47142,38.557934,-81.441483,286,"WV",100,"Quercus","alba","white oak","Plantae","Breaking leaf buds",2025-04-19,109,2025-05-23,34,0
291503,501,14,"2022-01-01","2022-12-31",2022-04-23,113,2022-04-20,3,1,47142,38.557934,-81.441483,286,"WV",100,"Quercus","alba","white oak","Plantae","Open flowers",2022-05-03,123,2022-05-10,7,10
291503,501,15,"2023-01-01","2023-12-31",2023-04-12,102,2023-04-04,8,1,47142,38.557934,-81.441483,286,"WV",100,"Quercus","alba","white oak","Plantae","Open flowers",2023-04-26,116,2023-05-03,7,14
291503,501,16,"2024-01-01","2024-12-31",2024-04-25,116,2024-04-10,15,1,47142,38.557934,-81.441483,286,"WV",100,"Quercus","alba","white oak","Plantae","Open flowers",2024-05-01,122,2024-05-22,21,6
291503,501,17,"2025-01-01","2025-12-31",2025-04-19,109,2025-04-04,15,1,47142,38.557934,-81.441483,286,"WV",100,"Quercus","alba","white oak","Plantae","Open flowers",2025-04-19,109,2025-05-23,34,0
291789,371,14,"2022-01-01","2022-12-31",2022-04-19,109,2022-04-11,8,1,32789,40.73082,-73.99733,7,"NY",2043,"Quercus","bicolor","swamp white oak","Plantae","Breaking leaf buds",2022-05-20,140,2022-06-08,19,31
291789,371,15,"2023-01-01","2023-12-31",2023-04-02,92,2023-03-20,13,2,32789,40.73082,-73.99733,7,"NY",2043,"Quercus","bicolor","swamp white oak","Plantae","Breaking leaf buds",2023-06-12,163,2023-08-28,77,71
291789,371,16,"2024-01-01","2024-12-31",2024-04-07,98,2024-03-29,9,1,32789,40.73082,-73.99733,7,"NY",2043,"Quercus","bicolor","swamp white oak","Plantae","Breaking leaf buds",2024-06-20,172,2024-07-01,11,74
291789,371,17,"2025-01-01","2025-12-31",2025-04-02,92,2025-03-30,3,3,32789,40.73082,-73.99733,7,"NY",2043,"Quercus","bicolor","swamp white oak","Plantae","Breaking leaf buds",2025-04-29,119,2025-05-08,9,27
291789,371,18,"2026-01-01","2026-12-31",2026-04-07,97,2026-03-20,18,1,32789,40.73082,-73.99733,7,"NY",2043,"Quercus","bicolor","swamp white oak","Plantae","Breaking leaf buds",2026-04-30,120,2026-06-04,35,23
291789,501,14,"2022-01-01","2022-12-31",2022-04-19,109,2022-04-11,8,1,32789,40.73082,-73.99733,7,"NY",2043,"Quercus","bicolor","swamp white oak","Plantae","Open flowers",2022-04-19,109,2022-04-28,9,0
291789,501,15,"2023-01-01","2023-12-31",2023-04-17,107,2023-04-04,13,1,32789,40.73082,-73.99733,7,"NY",2043,"Quercus","bicolor","swamp white oak","Plantae","Open flowers",2023-04-18,108,2023-04-25,7,1
291789,501,16,"2024-01-01","2024-12-31",2024-04-29,120,2024-04-17,12,1,32789,40.73082,-73.99733,7,"NY",2043,"Quercus","bicolor","swamp white oak","Plantae","Open flowers",2024-04-30,121,2024-05-14,14,1
291789,501,17,"2025-01-01","2025-12-31",2025-04-26,116,2025-04-23,3,1,32789,40.73082,-73.99733,7,"NY",2043,"Quercus","bicolor","swamp white oak","Plantae","Open flowers",2025-04-26,116,2025-04-29,3,0
291799,371,14,"2022-01-01","2022-12-31",2022-05-19,139,2022-05-11,8,1,47073,49.858315,-97.108627,231,"MB",101,"Quercus","macrocarpa","bur oak","Plantae","Breaking leaf buds",2022-05-26,146,2022-05-27,1,7
291960,371,14,"2022-01-01","2022-12-31",2022-05-04,124,2022-05-01,3,2,47543,42.883919,-97.411652,376,"SD",2043,"Quercus","bicolor","swamp white oak","Plantae","Breaking leaf buds",2022-06-05,156,NA,NA,32
292123,371,14,"2022-01-01","2022-12-31",2022-04-25,115,2022-04-24,1,1,47543,42.883919,-97.411652,376,"SD",2050,"Quercus","muehlenbergii","chinquapin oak","Plantae","Breaking leaf buds",2022-04-25,115,2022-04-27,2,0
292128,371,14,"2022-01-01","2022-12-31",2022-05-01,121,2022-04-27,4,1,47543,42.883919,-97.411652,376,"SD",101,"Quercus","macrocarpa","bur oak","Plantae","Breaking leaf buds",2022-05-04,124,2022-05-23,19,3
292128,501,14,"2022-01-01","2022-12-31",2022-05-13,133,2022-05-04,9,2,47543,42.883919,-97.411652,376,"SD",101,"Quercus","macrocarpa","bur oak","Plantae","Open flowers",2022-06-05,156,NA,NA,23
292197,371,14,"2022-01-01","2022-12-31",2022-04-07,97,2022-04-05,2,1,47588,29.994877,-90.067543,0,"LA",305,"Quercus","virginiana","live oak","Plantae","Breaking leaf buds",2022-04-09,99,NA,NA,2
292351,371,14,"2022-01-01","2022-12-31",2022-04-25,115,2022-04-16,9,1,47198,42.396446,-71.135941,13,"MA",2043,"Quercus","bicolor","swamp white oak","Plantae","Breaking leaf buds",2022-04-25,115,NA,NA,0
292609,371,14,"2022-01-01","2022-12-31",2022-04-12,102,2022-04-03,9,1,47697,41.506199,-91.507301,189,"IA",101,"Quercus","macrocarpa","bur oak","Plantae","Breaking leaf buds",2022-05-18,138,2022-05-22,4,36
292610,371,14,"2022-01-01","2022-12-31",2022-04-12,102,2022-04-03,9,1,47697,41.506199,-91.507301,189,"IA",101,"Quercus","macrocarpa","bur oak","Plantae","Breaking leaf buds",2022-05-09,129,2022-05-18,9,27
292677,371,14,"2022-01-01","2022-12-31",2022-04-21,111,2022-04-16,5,1,47756,40.90255,-73.126343,46,"NY",100,"Quercus","alba","white oak","Plantae","Breaking leaf buds",2022-05-08,128,2022-05-14,6,17
292677,371,15,"2023-01-01","2023-12-31",2023-04-14,104,2023-04-11,3,1,47756,40.90255,-73.126343,46,"NY",100,"Quercus","alba","white oak","Plantae","Breaking leaf buds",2023-04-20,110,2023-04-25,5,6
292677,371,16,"2024-01-01","2024-12-31",2024-04-22,113,2024-04-15,7,1,47756,40.90255,-73.126343,46,"NY",100,"Quercus","alba","white oak","Plantae","Breaking leaf buds",2024-04-28,119,2024-05-07,9,6
292677,371,17,"2025-01-01","2025-12-31",2025-04-23,113,2025-04-19,4,2,47756,40.90255,-73.126343,46,"NY",100,"Quercus","alba","white oak","Plantae","Breaking leaf buds",2025-09-11,254,2025-09-29,18,141
292678,371,14,"2022-01-01","2022-12-31",2022-04-21,111,2022-04-16,5,1,47756,40.90255,-73.126343,46,"NY",100,"Quercus","alba","white oak","Plantae","Breaking leaf buds",2022-05-08,128,2022-05-14,6,17
292678,371,15,"2023-01-01","2023-12-31",2023-04-14,104,2023-04-11,3,1,47756,40.90255,-73.126343,46,"NY",100,"Quercus","alba","white oak","Plantae","Breaking leaf buds",2023-04-14,104,2023-04-20,6,0
292678,371,16,"2024-01-01","2024-12-31",2024-04-15,106,2024-04-09,6,1,47756,40.90255,-73.126343,46,"NY",100,"Quercus","alba","white oak","Plantae","Breaking leaf buds",2024-04-28,119,2024-05-07,9,13
292678,371,17,"2025-01-01","2025-12-31",2025-04-23,113,2025-04-19,4,1,47756,40.90255,-73.126343,46,"NY",100,"Quercus","alba","white oak","Plantae","Breaking leaf buds",2025-04-23,113,2025-04-30,7,0
292678,501,14,"2022-01-01","2022-12-31",2022-05-14,134,2022-05-11,3,1,47756,40.90255,-73.126343,46,"NY",100,"Quercus","alba","white oak","Plantae","Open flowers",2022-05-17,137,2022-07-14,58,3
292678,501,15,"2023-01-01","2023-12-31",2023-04-25,115,2023-04-20,5,1,47756,40.90255,-73.126343,46,"NY",100,"Quercus","alba","white oak","Plantae","Open flowers",2023-05-01,121,2023-05-07,6,6
292678,501,16,"2024-01-01","2024-12-31",2024-04-28,119,2024-04-22,6,1,47756,40.90255,-73.126343,46,"NY",100,"Quercus","alba","white oak","Plantae","Open flowers",2024-05-13,134,2024-06-11,29,15
292678,501,17,"2025-01-01","2025-12-31",2025-04-23,113,2025-04-19,4,1,47756,40.90255,-73.126343,46,"NY",100,"Quercus","alba","white oak","Plantae","Open flowers",2025-04-30,120,2025-05-18,18,7
292749,371,14,"2022-01-01","2022-12-31",2022-05-04,124,2022-05-02,2,1,47633,41.5033,-91.507301,188,"IA",101,"Quercus","macrocarpa","bur oak","Plantae","Breaking leaf buds",2022-05-22,142,2023-03-27,309,18
292749,371,15,"2023-01-01","2023-12-31",2023-04-21,111,2023-03-27,25,1,47633,41.5033,-91.507301,188,"IA",101,"Quercus","macrocarpa","bur oak","Plantae","Breaking leaf buds",2023-05-04,124,2023-06-07,34,13
292749,371,16,"2024-01-01","2024-12-31",2024-04-12,103,2024-03-27,16,1,47633,41.5033,-91.507301,188,"IA",101,"Quercus","macrocarpa","bur oak","Plantae","Breaking leaf buds",2024-05-14,135,2024-05-22,8,32
292749,371,17,"2025-01-01","2025-12-31",2025-04-24,114,2025-04-16,8,1,47633,41.5033,-91.507301,188,"IA",101,"Quercus","macrocarpa","bur oak","Plantae","Breaking leaf buds",2025-05-06,126,2025-05-17,11,12
292750,371,14,"2022-01-01","2022-12-31",2022-05-06,126,2022-05-04,2,1,47633,41.5033,-91.507301,188,"IA",101,"Quercus","macrocarpa","bur oak","Plantae","Breaking leaf buds",2022-05-22,142,2023-03-27,309,16
292750,371,15,"2023-01-01","2023-12-31",2023-04-21,111,2023-03-27,25,1,47633,41.5033,-91.507301,188,"IA",101,"Quercus","macrocarpa","bur oak","Plantae","Breaking leaf buds",2023-05-04,124,2023-06-07,34,13
292750,371,16,"2024-01-01","2024-12-31",2024-04-12,103,2024-03-27,16,2,47633,41.5033,-91.507301,188,"IA",101,"Quercus","macrocarpa","bur oak","Plantae","Breaking leaf buds",2024-06-16,168,2024-06-26,10,65
292750,371,17,"2025-01-01","2025-12-31",2025-04-24,114,2025-04-16,8,1,47633,41.5033,-91.507301,188,"IA",101,"Quercus","macrocarpa","bur oak","Plantae","Breaking leaf buds",2025-05-06,126,2025-05-17,11,12
292750,501,15,"2023-01-01","2023-12-31",2023-11-02,306,2023-10-12,21,1,47633,41.5033,-91.507301,188,"IA",101,"Quercus","macrocarpa","bur oak","Plantae","Open flowers",2023-11-02,306,2024-02-29,119,0
292750,501,16,"2024-01-01","2024-12-31",2024-08-15,228,2024-07-26,20,1,47633,41.5033,-91.507301,188,"IA",101,"Quercus","macrocarpa","bur oak","Plantae","Open flowers",2024-08-15,228,2025-03-14,211,0
292751,371,14,"2022-01-01","2022-12-31",2022-05-14,134,2022-05-06,8,1,47633,41.5033,-91.507301,188,"IA",101,"Quercus","macrocarpa","bur oak","Plantae","Breaking leaf buds",2022-05-22,142,2023-03-27,309,8
292751,371,15,"2023-01-01","2023-12-31",2023-04-21,111,2023-03-27,25,1,47633,41.5033,-91.507301,188,"IA",101,"Quercus","macrocarpa","bur oak","Plantae","Breaking leaf buds",2023-06-07,158,2023-10-12,127,47
292751,371,16,"2024-01-01","2024-12-31",2024-04-12,103,2024-03-27,16,2,47633,41.5033,-91.507301,188,"IA",101,"Quercus","macrocarpa","bur oak","Plantae","Breaking leaf buds",2024-07-26,208,2024-08-15,20,105
292751,371,17,"2025-01-01","2025-12-31",2025-04-24,114,2025-04-16,8,1,47633,41.5033,-91.507301,188,"IA",101,"Quercus","macrocarpa","bur oak","Plantae","Breaking leaf buds",2025-05-06,126,2025-05-17,11,12
292751,501,16,"2024-01-01","2024-12-31",2024-07-26,208,2024-07-19,7,1,47633,41.5033,-91.507301,188,"IA",101,"Quercus","macrocarpa","bur oak","Plantae","Open flowers",2024-08-15,228,2025-03-14,211,20
292751,501,17,"2025-01-01","2025-12-31",2025-06-19,170,2025-05-28,22,1,47633,41.5033,-91.507301,188,"IA",101,"Quercus","macrocarpa","bur oak","Plantae","Open flowers",2025-06-19,170,2025-09-26,99,0
292819,371,14,"2022-01-01","2022-12-31",2022-04-15,105,2022-04-09,6,1,47803,44.5238,-109.042175,1551,"WY",101,"Quercus","macrocarpa","bur oak","Plantae","Breaking leaf buds",2022-04-15,105,NA,NA,0
292981,371,14,"2022-01-01","2022-12-31",2022-05-02,122,2022-05-01,1,1,47050,40.736946,-73.161842,11,"NY",2043,"Quercus","bicolor","swamp white oak","Plantae","Breaking leaf buds",2022-05-23,143,2023-04-09,321,21
292981,371,15,"2023-01-01","2023-12-31",2023-04-19,109,2023-04-17,2,2,47050,40.736946,-73.161842,11,"NY",2043,"Quercus","bicolor","swamp white oak","Plantae","Breaking leaf buds",2023-05-10,130,NA,NA,21
292981,501,14,"2022-01-01","2022-12-31",2022-05-13,133,2022-05-12,1,1,47050,40.736946,-73.161842,11,"NY",2043,"Quercus","bicolor","swamp white oak","Plantae","Open flowers",2022-05-23,143,2023-04-09,321,10
292982,371,14,"2022-01-01","2022-12-31",2022-05-02,122,2022-05-01,1,1,47050,40.736946,-73.161842,11,"NY",2043,"Quercus","bicolor","swamp white oak","Plantae","Breaking leaf buds",2022-05-23,143,2023-04-09,321,21
292982,371,15,"2023-01-01","2023-12-31",2023-04-19,109,2023-04-17,2,1,47050,40.736946,-73.161842,11,"NY",2043,"Quercus","bicolor","swamp white oak","Plantae","Breaking leaf buds",2023-05-10,130,NA,NA,21
292982,501,14,"2022-01-01","2022-12-31",2022-05-15,135,2022-05-13,2,1,47050,40.736946,-73.161842,11,"NY",2043,"Quercus","bicolor","swamp white oak","Plantae","Open flowers",2022-05-23,143,2023-04-09,321,8
292983,371,14,"2022-01-01","2022-12-31",2022-05-04,124,2022-05-02,2,1,47050,40.736946,-73.161842,11,"NY",2043,"Quercus","bicolor","swamp white oak","Plantae","Breaking leaf buds",2022-05-23,143,2023-04-09,321,19
292983,371,15,"2023-01-01","2023-12-31",2023-04-23,113,2023-04-20,3,1,47050,40.736946,-73.161842,11,"NY",2043,"Quercus","bicolor","swamp white oak","Plantae","Breaking leaf buds",2023-05-10,130,NA,NA,17
292983,501,14,"2022-01-01","2022-12-31",2022-05-20,140,2022-05-19,1,1,47050,40.736946,-73.161842,11,"NY",2043,"Quercus","bicolor","swamp white oak","Plantae","Open flowers",2022-05-23,143,2023-04-09,321,3
293008,371,14,"2022-01-01","2022-12-31",2022-04-27,117,2022-04-22,5,1,47882,42.455154,-71.124077,51,"MA",100,"Quercus","alba","white oak","Plantae","Breaking leaf buds",2022-05-06,126,2022-05-13,7,9
293009,371,14,"2022-01-01","2022-12-31",2022-04-22,112,2022-04-15,7,2,47882,42.455154,-71.124077,51,"MA",100,"Quercus","alba","white oak","Plantae","Breaking leaf buds",2022-05-06,126,2022-05-13,7,14
293010,371,14,"2022-01-01","2022-12-31",2022-05-06,126,2022-04-27,9,1,47882,42.455154,-71.124077,51,"MA",100,"Quercus","alba","white oak","Plantae","Breaking leaf buds",2022-05-13,133,2022-05-18,5,7
293011,371,14,"2022-01-01","2022-12-31",2022-04-27,117,2022-04-22,5,1,47882,42.455154,-71.124077,51,"MA",100,"Quercus","alba","white oak","Plantae","Breaking leaf buds",2022-05-06,126,2022-05-13,7,9
293012,371,14,"2022-01-01","2022-12-31",2022-05-06,126,2022-04-27,9,1,47882,42.455154,-71.124077,51,"MA",100,"Quercus","alba","white oak","Plantae","Breaking leaf buds",2022-05-06,126,2022-05-13,7,0
293111,371,14,"2022-01-01","2022-12-31",2022-04-21,111,2022-04-16,5,1,47756,40.90255,-73.126343,46,"NY",100,"Quercus","alba","white oak","Plantae","Breaking leaf buds",2022-05-11,131,2022-05-14,3,20
293111,371,15,"2023-01-01","2023-12-31",2023-04-14,104,2023-04-11,3,1,47756,40.90255,-73.126343,46,"NY",100,"Quercus","alba","white oak","Plantae","Breaking leaf buds",2023-04-20,110,2023-04-25,5,6
293111,371,16,"2024-01-01","2024-12-31",2024-04-15,106,2024-04-09,6,1,47756,40.90255,-73.126343,46,"NY",100,"Quercus","alba","white oak","Plantae","Breaking leaf buds",2024-04-28,119,2024-05-07,9,13
293111,371,17,"2025-01-01","2025-12-31",2025-04-23,113,2025-04-19,4,1,47756,40.90255,-73.126343,46,"NY",100,"Quercus","alba","white oak","Plantae","Breaking leaf buds",2025-04-23,113,2025-04-30,7,0
293111,501,14,"2022-01-01","2022-12-31",2022-05-14,134,2022-05-11,3,1,47756,40.90255,-73.126343,46,"NY",100,"Quercus","alba","white oak","Plantae","Open flowers",2022-05-20,140,2022-07-14,55,6
293111,501,15,"2023-01-01","2023-12-31",2023-04-25,115,2023-04-20,5,1,47756,40.90255,-73.126343,46,"NY",100,"Quercus","alba","white oak","Plantae","Open flowers",2023-05-01,121,2023-05-07,6,6
293111,501,16,"2024-01-01","2024-12-31",2024-04-28,119,2024-04-22,6,1,47756,40.90255,-73.126343,46,"NY",100,"Quercus","alba","white oak","Plantae","Open flowers",2024-05-13,134,2024-06-11,29,15
293111,501,17,"2025-01-01","2025-12-31",2025-04-23,113,2025-04-19,4,1,47756,40.90255,-73.126343,46,"NY",100,"Quercus","alba","white oak","Plantae","Open flowers",2025-04-30,120,2025-05-18,18,7
293366,371,15,"2023-01-01","2023-12-31",2023-04-14,104,2023-04-11,3,1,47756,40.90255,-73.126343,46,"NY",1212,"Quercus","montana","chestnut oak","Plantae","Breaking leaf buds",2023-04-14,104,2023-04-20,6,0
293366,371,16,"2024-01-01","2024-12-31",2024-04-28,119,2024-04-22,6,1,47756,40.90255,-73.126343,46,"NY",1212,"Quercus","montana","chestnut oak","Plantae","Breaking leaf buds",2024-04-28,119,2024-05-07,9,0
293366,371,17,"2025-01-01","2025-12-31",2025-04-19,109,2025-04-10,9,1,47756,40.90255,-73.126343,46,"NY",1212,"Quercus","montana","chestnut oak","Plantae","Breaking leaf buds",2025-04-19,109,2025-04-23,4,0
293366,501,14,"2022-01-01","2022-12-31",2022-05-05,125,2022-05-03,2,1,47756,40.90255,-73.126343,46,"NY",1212,"Quercus","montana","chestnut oak","Plantae","Open flowers",2022-05-20,140,2022-07-14,55,15
293366,501,15,"2023-01-01","2023-12-31",2023-04-20,110,2023-04-14,6,1,47756,40.90255,-73.126343,46,"NY",1212,"Quercus","montana","chestnut oak","Plantae","Open flowers",2023-04-25,115,2023-05-01,6,5
293366,501,16,"2024-01-01","2024-12-31",2024-04-28,119,2024-04-22,6,1,47756,40.90255,-73.126343,46,"NY",1212,"Quercus","montana","chestnut oak","Plantae","Open flowers",2024-05-13,134,2024-06-11,29,15
293366,501,17,"2025-01-01","2025-12-31",2025-04-23,113,2025-04-19,4,1,47756,40.90255,-73.126343,46,"NY",1212,"Quercus","montana","chestnut oak","Plantae","Open flowers",2025-04-30,120,2025-05-18,18,7
293367,371,14,"2022-01-01","2022-12-31",2022-04-24,114,2022-04-22,2,1,50922,40.901848,-73.12323,42,"NY",1212,"Quercus","montana","chestnut oak","Plantae","Breaking leaf buds",2022-05-11,131,2022-05-14,3,17
293367,371,15,"2023-01-01","2023-12-31",2023-04-14,104,2023-04-11,3,1,50922,40.901848,-73.12323,42,"NY",1212,"Quercus","montana","chestnut oak","Plantae","Breaking leaf buds",2023-04-14,104,2023-04-20,6,0
293367,371,16,"2024-01-01","2024-12-31",2024-04-28,119,2024-04-22,6,1,50922,40.901848,-73.12323,42,"NY",1212,"Quercus","montana","chestnut oak","Plantae","Breaking leaf buds",2024-04-28,119,2024-05-07,9,0
293367,371,17,"2025-01-01","2025-12-31",2025-04-23,113,2025-04-19,4,1,50922,40.901848,-73.12323,42,"NY",1212,"Quercus","montana","chestnut oak","Plantae","Breaking leaf buds",2025-04-23,113,2025-04-30,7,0
293367,501,14,"2022-01-01","2022-12-31",2022-05-20,140,2022-05-17,3,1,50922,40.901848,-73.12323,42,"NY",1212,"Quercus","montana","chestnut oak","Plantae","Open flowers",2022-05-20,140,2022-07-14,55,0
293367,501,15,"2023-01-01","2023-12-31",2023-04-25,115,2023-04-20,5,1,50922,40.901848,-73.12323,42,"NY",1212,"Quercus","montana","chestnut oak","Plantae","Open flowers",2023-04-25,115,2023-05-01,6,0
293367,501,16,"2024-01-01","2024-12-31",2024-05-13,134,2024-05-07,6,1,50922,40.901848,-73.12323,42,"NY",1212,"Quercus","montana","chestnut oak","Plantae","Open flowers",2024-05-13,134,2024-06-11,29,0
293367,501,17,"2025-01-01","2025-12-31",2025-04-30,120,2025-04-23,7,1,50922,40.901848,-73.12323,42,"NY",1212,"Quercus","montana","chestnut oak","Plantae","Open flowers",2025-04-30,120,2025-05-18,18,0
293368,371,15,"2023-01-01","2023-12-31",2023-04-14,104,2023-04-11,3,1,50922,40.901848,-73.12323,42,"NY",100,"Quercus","alba","white oak","Plantae","Breaking leaf buds",2023-04-20,110,2023-04-25,5,6
293368,371,16,"2024-01-01","2024-12-31",2024-04-22,113,2024-04-15,7,1,50922,40.901848,-73.12323,42,"NY",100,"Quercus","alba","white oak","Plantae","Breaking leaf buds",2024-04-28,119,2024-05-07,9,6
293368,371,17,"2025-01-01","2025-12-31",2025-04-23,113,2025-04-19,4,1,50922,40.901848,-73.12323,42,"NY",100,"Quercus","alba","white oak","Plantae","Breaking leaf buds",2025-04-23,113,2025-04-30,7,0
293368,501,14,"2022-01-01","2022-12-31",2022-05-01,121,2022-04-29,2,1,50922,40.901848,-73.12323,42,"NY",100,"Quercus","alba","white oak","Plantae","Open flowers",2022-05-20,140,2022-07-14,55,19
293368,501,15,"2023-01-01","2023-12-31",2023-04-20,110,2023-04-14,6,1,50922,40.901848,-73.12323,42,"NY",100,"Quercus","alba","white oak","Plantae","Open flowers",2023-05-07,127,2023-05-18,11,17
293368,501,16,"2024-01-01","2024-12-31",2024-04-28,119,2024-04-22,6,1,50922,40.901848,-73.12323,42,"NY",100,"Quercus","alba","white oak","Plantae","Open flowers",2024-05-07,128,2024-05-13,6,9
293368,501,17,"2025-01-01","2025-12-31",2025-04-23,113,2025-04-19,4,1,50922,40.901848,-73.12323,42,"NY",100,"Quercus","alba","white oak","Plantae","Open flowers",2025-04-30,120,2025-05-18,18,7
293780,371,14,"2022-01-01","2022-12-31",2022-04-30,120,2022-04-28,2,1,46683,40.494106,-74.515701,30,"NJ",100,"Quercus","alba","white oak","Plantae","Breaking leaf buds",2022-04-30,120,NA,NA,0
294143,371,15,"2023-01-01","2023-12-31",2023-03-11,70,2023-03-06,5,2,32443,39.90163,-86.175911,242,"IN",2053,"Quercus","prinoides","dwarf chinquapin oak","Plantae","Breaking leaf buds",2023-04-26,116,2024-02-08,288,46
294143,371,16,"2024-01-01","2024-12-31",2024-04-17,108,2024-04-11,6,1,32443,39.90163,-86.175911,242,"IN",2053,"Quercus","prinoides","dwarf chinquapin oak","Plantae","Breaking leaf buds",2024-04-24,115,2025-03-05,315,7
294143,371,17,"2025-01-01","2025-12-31",2025-04-27,117,2025-04-23,4,1,32443,39.90163,-86.175911,242,"IN",2053,"Quercus","prinoides","dwarf chinquapin oak","Plantae","Breaking leaf buds",2025-04-30,120,2026-02-11,287,3
294143,371,18,"2026-01-01","2026-12-31",2026-04-27,117,2026-04-20,7,1,32443,39.90163,-86.175911,242,"IN",2053,"Quercus","prinoides","dwarf chinquapin oak","Plantae","Breaking leaf buds",2026-05-08,128,NA,NA,11
295379,371,14,"2022-01-01","2022-12-31",2022-05-06,126,2022-05-01,5,1,48055,42.31424,-72.648468,45,"MA",100,"Quercus","alba","white oak","Plantae","Breaking leaf buds",2022-05-13,133,2022-05-15,2,7
295379,501,14,"2022-01-01","2022-12-31",2022-05-15,135,2022-05-13,2,1,48055,42.31424,-72.648468,45,"MA",100,"Quercus","alba","white oak","Plantae","Open flowers",2022-05-15,135,NA,NA,0
295380,371,14,"2022-01-01","2022-12-31",2022-05-06,126,2022-05-01,5,1,48056,42.314152,-72.649925,47,"MA",100,"Quercus","alba","white oak","Plantae","Breaking leaf buds",2022-05-13,133,2022-05-15,2,7
295380,501,14,"2022-01-01","2022-12-31",2022-05-15,135,2022-05-13,2,1,48056,42.314152,-72.649925,47,"MA",100,"Quercus","alba","white oak","Plantae","Open flowers",2022-05-15,135,NA,NA,0
297583,371,15,"2023-01-01","2023-12-31",2023-03-13,72,2023-03-06,7,1,48690,35.775093,-78.816956,129,"NC",100,"Quercus","alba","white oak","Plantae","Breaking leaf buds",2023-04-02,92,2023-04-19,17,20
297583,501,15,"2023-01-01","2023-12-31",2023-04-02,92,2023-03-19,14,1,48690,35.775093,-78.816956,129,"NC",100,"Quercus","alba","white oak","Plantae","Open flowers",2023-04-02,92,2023-04-19,17,0
297669,371,15,"2023-01-01","2023-12-31",2023-04-14,104,2023-04-13,1,2,43308,42.375237,-71.144234,4,"MA",100,"Quercus","alba","white oak","Plantae","Breaking leaf buds",2023-05-06,126,2023-05-08,2,22
297669,371,16,"2024-01-01","2024-12-31",2024-04-25,116,2024-04-19,6,2,43308,42.375237,-71.144234,4,"MA",100,"Quercus","alba","white oak","Plantae","Breaking leaf buds",2024-05-05,126,2024-05-08,3,10
297669,371,17,"2025-01-01","2025-12-31",2025-04-22,112,2025-04-17,5,1,43308,42.375237,-71.144234,4,"MA",100,"Quercus","alba","white oak","Plantae","Breaking leaf buds",2025-04-28,118,2025-05-02,4,6
297669,371,18,"2026-01-01","2026-12-31",2026-04-14,104,2026-04-08,6,3,43308,42.375237,-71.144234,4,"MA",100,"Quercus","alba","white oak","Plantae","Breaking leaf buds",2026-05-05,125,2026-05-12,7,21
297669,501,15,"2023-01-01","2023-12-31",2023-04-20,110,2023-04-19,1,5,43308,42.375237,-71.144234,4,"MA",100,"Quercus","alba","white oak","Plantae","Open flowers",2023-06-09,160,2023-06-11,2,50
297669,501,16,"2024-01-01","2024-12-31",2024-05-08,129,2024-05-05,3,4,43308,42.375237,-71.144234,4,"MA",100,"Quercus","alba","white oak","Plantae","Open flowers",2024-06-05,157,2024-06-14,9,28
297669,501,17,"2025-01-01","2025-12-31",2025-05-02,122,2025-04-28,4,4,43308,42.375237,-71.144234,4,"MA",100,"Quercus","alba","white oak","Plantae","Open flowers",2025-06-13,164,2025-06-16,3,42
297669,501,18,"2026-01-01","2026-12-31",2026-05-05,125,2026-04-28,7,2,43308,42.375237,-71.144234,4,"MA",100,"Quercus","alba","white oak","Plantae","Open flowers",2026-06-02,153,2026-06-16,14,28
297670,371,15,"2023-01-01","2023-12-31",2023-04-13,103,2023-04-12,1,1,43308,42.375237,-71.144234,4,"MA",100,"Quercus","alba","white oak","Plantae","Breaking leaf buds",2023-05-06,126,2023-05-08,2,23
297670,371,16,"2024-01-01","2024-12-31",2024-04-13,104,2024-04-12,1,4,43308,42.375237,-71.144234,4,"MA",100,"Quercus","alba","white oak","Plantae","Breaking leaf buds",2024-05-12,133,2024-05-13,1,29
297670,371,17,"2025-01-01","2025-12-31",2025-04-14,104,2025-04-09,5,3,43308,42.375237,-71.144234,4,"MA",100,"Quercus","alba","white oak","Plantae","Breaking leaf buds",2025-04-25,115,2025-04-28,3,11
297670,371,18,"2026-01-01","2026-12-31",2026-04-06,96,2026-04-01,5,2,43308,42.375237,-71.144234,4,"MA",100,"Quercus","alba","white oak","Plantae","Breaking leaf buds",2026-04-28,118,2026-05-05,7,22
297670,501,15,"2023-01-01","2023-12-31",2023-04-20,110,2023-04-19,1,5,43308,42.375237,-71.144234,4,"MA",100,"Quercus","alba","white oak","Plantae","Open flowers",2023-05-24,144,2023-05-30,6,34
297670,501,16,"2024-01-01","2024-12-31",2024-05-08,129,2024-05-04,4,3,43308,42.375237,-71.144234,4,"MA",100,"Quercus","alba","white oak","Plantae","Open flowers",2024-05-29,150,2024-06-04,6,21
297670,501,17,"2025-01-01","2025-12-31",2025-04-28,118,2025-04-25,3,3,43308,42.375237,-71.144234,4,"MA",100,"Quercus","alba","white oak","Plantae","Open flowers",2025-05-28,148,2025-05-29,1,30
297670,501,18,"2026-01-01","2026-12-31",2026-04-28,118,2026-04-27,1,1,43308,42.375237,-71.144234,4,"MA",100,"Quercus","alba","white oak","Plantae","Open flowers",2026-05-19,139,2026-05-26,7,21
297690,371,15,"2023-01-01","2023-12-31",2023-04-14,104,2023-04-13,1,4,48749,42.373653,-71.143356,4,"MA",100,"Quercus","alba","white oak","Plantae","Breaking leaf buds",2023-05-09,129,2023-05-11,2,25
297690,371,16,"2024-01-01","2024-12-31",2024-04-19,110,2024-04-16,3,1,48749,42.373653,-71.143356,4,"MA",100,"Quercus","alba","white oak","Plantae","Breaking leaf buds",2024-05-05,126,2024-05-10,5,16
297690,371,17,"2025-01-01","2025-12-31",2025-04-19,109,2025-04-17,2,2,48749,42.373653,-71.143356,4,"MA",100,"Quercus","alba","white oak","Plantae","Breaking leaf buds",2025-06-03,154,2025-06-12,9,45
297690,371,18,"2026-01-01","2026-12-31",2026-04-16,106,2026-04-14,2,1,48749,42.373653,-71.143356,4,"MA",100,"Quercus","alba","white oak","Plantae","Breaking leaf buds",2026-05-05,125,2026-05-12,7,19
297690,501,15,"2023-01-01","2023-12-31",2023-05-09,129,2023-05-07,2,2,48749,42.373653,-71.143356,4,"MA",100,"Quercus","alba","white oak","Plantae","Open flowers",2023-05-20,140,2023-05-23,3,11
297690,501,16,"2024-01-01","2024-12-31",2024-05-10,131,2024-05-03,7,1,48749,42.373653,-71.143356,4,"MA",100,"Quercus","alba","white oak","Plantae","Open flowers",2024-05-26,147,2024-05-28,2,16
297690,501,17,"2025-01-01","2025-12-31",2025-05-06,126,2025-04-30,6,1,48749,42.373653,-71.143356,4,"MA",100,"Quercus","alba","white oak","Plantae","Open flowers",2025-05-13,133,2025-05-16,3,7
297690,501,18,"2026-01-01","2026-12-31",2026-05-13,133,2026-05-12,1,1,48749,42.373653,-71.143356,4,"MA",100,"Quercus","alba","white oak","Plantae","Open flowers",2026-06-08,159,2026-06-15,7,26
297691,371,15,"2023-01-01","2023-12-31",2023-04-17,107,2023-04-15,2,2,48749,42.373653,-71.143356,4,"MA",100,"Quercus","alba","white oak","Plantae","Breaking leaf buds",2023-05-07,127,2023-05-08,1,20
297691,371,16,"2024-01-01","2024-12-31",2024-04-19,110,2024-04-16,3,1,48749,42.373653,-71.143356,4,"MA",100,"Quercus","alba","white oak","Plantae","Breaking leaf buds",2024-05-05,126,2024-05-10,5,16
297691,371,17,"2025-01-01","2025-12-31",2025-04-19,109,2025-04-17,2,1,48749,42.373653,-71.143356,4,"MA",100,"Quercus","alba","white oak","Plantae","Breaking leaf buds",2025-04-30,120,2025-05-06,6,11
297691,371,18,"2026-01-01","2026-12-31",2026-04-21,111,2026-04-14,7,1,48749,42.373653,-71.143356,4,"MA",100,"Quercus","alba","white oak","Plantae","Breaking leaf buds",2026-05-05,125,2026-05-12,7,14
297691,501,15,"2023-01-01","2023-12-31",2023-05-02,122,2023-05-01,1,3,48749,42.373653,-71.143356,4,"MA",100,"Quercus","alba","white oak","Plantae","Open flowers",2023-05-17,137,2023-05-18,1,15
297691,501,16,"2024-01-01","2024-12-31",2024-05-03,124,2024-05-02,1,1,48749,42.373653,-71.143356,4,"MA",100,"Quercus","alba","white oak","Plantae","Open flowers",2024-05-26,147,2024-05-28,2,23
297691,501,17,"2025-01-01","2025-12-31",2025-04-30,120,2025-04-22,8,1,48749,42.373653,-71.143356,4,"MA",100,"Quercus","alba","white oak","Plantae","Open flowers",2025-05-13,133,2025-05-16,3,13
297691,501,18,"2026-01-01","2026-12-31",2026-05-05,125,2026-04-28,7,1,48749,42.373653,-71.143356,4,"MA",100,"Quercus","alba","white oak","Plantae","Open flowers",2026-06-01,152,2026-06-02,1,27
297736,371,15,"2023-01-01","2023-12-31",2023-04-13,103,2023-04-12,1,3,48749,42.373653,-71.143356,4,"MA",100,"Quercus","alba","white oak","Plantae","Breaking leaf buds",2023-09-17,260,2023-09-24,7,157
297736,371,16,"2024-01-01","2024-12-31",2024-04-11,102,2024-04-02,9,3,48749,42.373653,-71.143356,4,"MA",100,"Quercus","alba","white oak","Plantae","Breaking leaf buds",2024-05-13,134,2024-05-19,6,32
297736,371,17,"2025-01-01","2025-12-31",2025-04-19,109,2025-04-15,4,1,48749,42.373653,-71.143356,4,"MA",100,"Quercus","alba","white oak","Plantae","Breaking leaf buds",2025-04-30,120,2025-05-06,6,11
297736,371,18,"2026-01-01","2026-12-31",2026-04-07,97,2026-04-01,6,2,48749,42.373653,-71.143356,4,"MA",100,"Quercus","alba","white oak","Plantae","Breaking leaf buds",2026-05-05,125,2026-05-12,7,28
297736,501,15,"2023-01-01","2023-12-31",2023-05-02,122,2023-05-01,1,3,48749,42.373653,-71.143356,4,"MA",100,"Quercus","alba","white oak","Plantae","Open flowers",2023-05-20,140,2023-05-23,3,18
297736,501,16,"2024-01-01","2024-12-31",2024-05-12,133,2024-05-10,2,2,48749,42.373653,-71.143356,4,"MA",100,"Quercus","alba","white oak","Plantae","Open flowers",2024-05-26,147,2024-05-28,2,14
297736,501,17,"2025-01-01","2025-12-31",2025-04-25,115,2025-04-22,3,1,48749,42.373653,-71.143356,4,"MA",100,"Quercus","alba","white oak","Plantae","Open flowers",2025-05-13,133,2025-05-16,3,18
297736,501,18,"2026-01-01","2026-12-31",2026-05-05,125,2026-05-04,1,1,48749,42.373653,-71.143356,4,"MA",100,"Quercus","alba","white oak","Plantae","Open flowers",2026-06-08,159,2026-06-15,7,34
297741,371,15,"2023-01-01","2023-12-31",2023-04-13,103,2023-04-09,4,1,48750,42.374542,-71.146736,4,"MA",100,"Quercus","alba","white oak","Plantae","Breaking leaf buds",2023-05-02,122,2023-05-04,2,19
297741,371,16,"2024-01-01","2024-12-31",2024-04-14,105,2024-04-11,3,1,48750,42.374542,-71.146736,4,"MA",100,"Quercus","alba","white oak","Plantae","Breaking leaf buds",2024-05-10,131,2024-05-12,2,26
297741,371,17,"2025-01-01","2025-12-31",2025-03-20,79,2025-03-18,2,3,48750,42.374542,-71.146736,4,"MA",100,"Quercus","alba","white oak","Plantae","Breaking leaf buds",2025-04-28,118,2025-05-06,8,39
297741,371,18,"2026-01-01","2026-12-31",2026-04-13,103,2026-04-09,4,2,48750,42.374542,-71.146736,4,"MA",100,"Quercus","alba","white oak","Plantae","Breaking leaf buds",2026-04-28,118,2026-05-04,6,15
297741,501,15,"2023-01-01","2023-12-31",2023-04-25,115,2023-04-24,1,3,48750,42.374542,-71.146736,4,"MA",100,"Quercus","alba","white oak","Plantae","Open flowers",2023-05-21,141,2023-05-23,2,26
297741,501,16,"2024-01-01","2024-12-31",2024-05-05,126,2024-04-28,7,1,48750,42.374542,-71.146736,4,"MA",100,"Quercus","alba","white oak","Plantae","Open flowers",2024-05-12,133,2024-05-19,7,7
297741,501,17,"2025-01-01","2025-12-31",2025-04-28,118,2025-04-23,5,1,48750,42.374542,-71.146736,4,"MA",100,"Quercus","alba","white oak","Plantae","Open flowers",2025-05-13,133,2025-05-20,7,15
297741,501,18,"2026-01-01","2026-12-31",2026-05-05,125,2026-04-28,7,1,48750,42.374542,-71.146736,4,"MA",100,"Quercus","alba","white oak","Plantae","Open flowers",2026-05-19,139,2026-05-21,2,14
297746,371,15,"2023-01-01","2023-12-31",2023-04-14,104,2023-04-13,1,1,48750,42.374542,-71.146736,4,"MA",100,"Quercus","alba","white oak","Plantae","Breaking leaf buds",2023-05-07,127,2023-05-08,1,23
297746,371,16,"2024-01-01","2024-12-31",2024-04-19,110,2024-04-14,5,1,48750,42.374542,-71.146736,4,"MA",100,"Quercus","alba","white oak","Plantae","Breaking leaf buds",2024-05-05,126,2024-05-10,5,16
297746,371,17,"2025-01-01","2025-12-31",2025-04-22,112,2025-04-15,7,1,48750,42.374542,-71.146736,4,"MA",100,"Quercus","alba","white oak","Plantae","Breaking leaf buds",2025-04-28,118,2025-05-06,8,6
297746,371,18,"2026-01-01","2026-12-31",2026-04-21,111,2026-04-14,7,1,48750,42.374542,-71.146736,4,"MA",100,"Quercus","alba","white oak","Plantae","Breaking leaf buds",2026-05-05,125,2026-05-12,7,14
297746,501,15,"2023-01-01","2023-12-31",2023-05-04,124,2023-05-02,2,2,48750,42.374542,-71.146736,4,"MA",100,"Quercus","alba","white oak","Plantae","Open flowers",2023-05-16,136,2023-05-19,3,12
297746,501,16,"2024-01-01","2024-12-31",2024-05-05,126,2024-04-28,7,1,48750,42.374542,-71.146736,4,"MA",100,"Quercus","alba","white oak","Plantae","Open flowers",2024-05-05,126,2024-05-12,7,0
297746,501,17,"2025-01-01","2025-12-31",2025-04-22,112,2025-04-15,7,2,48750,42.374542,-71.146736,4,"MA",100,"Quercus","alba","white oak","Plantae","Open flowers",2025-05-13,133,2025-05-20,7,21
297746,501,18,"2026-01-01","2026-12-31",2026-05-12,132,2026-05-05,7,2,48750,42.374542,-71.146736,4,"MA",100,"Quercus","alba","white oak","Plantae","Open flowers",2026-05-26,146,2026-06-02,7,14
297748,371,15,"2023-01-01","2023-12-31",2023-04-13,103,2023-04-09,4,1,48750,42.374542,-71.146736,4,"MA",100,"Quercus","alba","white oak","Plantae","Breaking leaf buds",2023-04-27,117,2023-05-01,4,14
297748,371,16,"2024-01-01","2024-12-31",2024-04-09,100,2024-03-31,9,1,48750,42.374542,-71.146736,4,"MA",100,"Quercus","alba","white oak","Plantae","Breaking leaf buds",2024-05-05,126,2024-05-10,5,26
297748,371,17,"2025-01-01","2025-12-31",2025-03-20,79,2025-02-18,30,3,48750,42.374542,-71.146736,4,"MA",100,"Quercus","alba","white oak","Plantae","Breaking leaf buds",2025-04-23,113,2025-04-28,5,34
297748,371,18,"2026-01-01","2026-12-31",2026-04-08,98,2026-04-01,7,3,48750,42.374542,-71.146736,4,"MA",100,"Quercus","alba","white oak","Plantae","Breaking leaf buds",2026-04-28,118,2026-05-04,6,20
297748,501,15,"2023-01-01","2023-12-31",2023-04-25,115,2023-04-24,1,2,48750,42.374542,-71.146736,4,"MA",100,"Quercus","alba","white oak","Plantae","Open flowers",2023-05-19,139,2023-05-21,2,24
297748,501,16,"2024-01-01","2024-12-31",2024-04-19,110,2024-04-14,5,2,48750,42.374542,-71.146736,4,"MA",100,"Quercus","alba","white oak","Plantae","Open flowers",2024-05-19,140,2024-05-26,7,30
297748,501,17,"2025-01-01","2025-12-31",2025-04-28,118,2025-04-23,5,1,48750,42.374542,-71.146736,4,"MA",100,"Quercus","alba","white oak","Plantae","Open flowers",2025-05-13,133,2025-05-20,7,15
297748,501,18,"2026-01-01","2026-12-31",2026-04-24,114,2026-04-23,1,3,48750,42.374542,-71.146736,4,"MA",100,"Quercus","alba","white oak","Plantae","Open flowers",2026-05-26,146,2026-06-02,7,32
297753,371,15,"2023-01-01","2023-12-31",2023-04-13,103,2023-04-09,4,2,48750,42.374542,-71.146736,4,"MA",100,"Quercus","alba","white oak","Plantae","Breaking leaf buds",2023-05-09,129,2023-05-15,6,26
297753,371,16,"2024-01-01","2024-12-31",2024-04-19,110,2024-04-14,5,1,48750,42.374542,-71.146736,4,"MA",100,"Quercus","alba","white oak","Plantae","Breaking leaf buds",2024-05-05,126,2024-05-10,5,16
297753,371,17,"2025-01-01","2025-12-31",2025-04-22,112,2025-04-15,7,1,48750,42.374542,-71.146736,4,"MA",100,"Quercus","alba","white oak","Plantae","Breaking leaf buds",2025-04-28,118,2025-05-06,8,6
297753,371,18,"2026-01-01","2026-12-31",2026-04-13,103,2026-04-09,4,2,48750,42.374542,-71.146736,4,"MA",100,"Quercus","alba","white oak","Plantae","Breaking leaf buds",2026-05-05,125,2026-05-12,7,22
297753,501,15,"2023-01-01","2023-12-31",2023-05-09,129,2023-05-08,1,1,48750,42.374542,-71.146736,4,"MA",100,"Quercus","alba","white oak","Plantae","Open flowers",2023-05-19,139,2023-05-21,2,10
297753,501,16,"2024-01-01","2024-12-31",2024-05-05,126,2024-04-28,7,1,48750,42.374542,-71.146736,4,"MA",100,"Quercus","alba","white oak","Plantae","Open flowers",2024-05-26,147,2024-06-04,9,21
297753,501,17,"2025-01-01","2025-12-31",2025-05-06,126,2025-04-23,13,1,48750,42.374542,-71.146736,4,"MA",100,"Quercus","alba","white oak","Plantae","Open flowers",2025-05-13,133,2025-05-20,7,7
297753,501,18,"2026-01-01","2026-12-31",2026-05-05,125,2026-04-28,7,1,48750,42.374542,-71.146736,4,"MA",100,"Quercus","alba","white oak","Plantae","Open flowers",2026-05-26,146,2026-06-02,7,21
297759,371,15,"2023-01-01","2023-12-31",2023-04-18,108,2023-04-14,4,1,48750,42.374542,-71.146736,4,"MA",100,"Quercus","alba","white oak","Plantae","Breaking leaf buds",2023-05-04,124,2023-05-07,3,16
297759,371,16,"2024-01-01","2024-12-31",2024-04-14,105,2024-04-11,3,1,48750,42.374542,-71.146736,4,"MA",100,"Quercus","alba","white oak","Plantae","Breaking leaf buds",2024-05-05,126,2024-05-10,5,21
297759,371,17,"2025-01-01","2025-12-31",2025-03-30,89,2025-03-28,2,3,48750,42.374542,-71.146736,4,"MA",100,"Quercus","alba","white oak","Plantae","Breaking leaf buds",2025-04-28,118,2025-05-06,8,29
297759,371,18,"2026-01-01","2026-12-31",2026-04-08,98,2026-04-01,7,3,48750,42.374542,-71.146736,4,"MA",100,"Quercus","alba","white oak","Plantae","Breaking leaf buds",2026-05-05,125,2026-05-12,7,27
297759,501,15,"2023-01-01","2023-12-31",2023-05-08,128,2023-05-07,1,1,48750,42.374542,-71.146736,4,"MA",100,"Quercus","alba","white oak","Plantae","Open flowers",2023-05-19,139,2023-05-21,2,11
297759,501,16,"2024-01-01","2024-12-31",2024-05-05,126,2024-04-28,7,2,48750,42.374542,-71.146736,4,"MA",100,"Quercus","alba","white oak","Plantae","Open flowers",2024-11-11,316,2024-11-26,15,190
297759,501,17,"2025-01-01","2025-12-31",2025-05-06,126,2025-04-23,13,1,48750,42.374542,-71.146736,4,"MA",100,"Quercus","alba","white oak","Plantae","Open flowers",2025-05-13,133,2025-05-20,7,7
297759,501,18,"2026-01-01","2026-12-31",2026-05-05,125,2026-04-28,7,1,48750,42.374542,-71.146736,4,"MA",100,"Quercus","alba","white oak","Plantae","Open flowers",2026-05-26,146,2026-06-02,7,21
299359,371,14,"2022-01-01","2022-12-31",2022-10-09,282,2022-09-25,14,1,48917,38.030155,-84.49897,306,"KY",100,"Quercus","alba","white oak","Plantae","Breaking leaf buds",2022-10-09,282,NA,NA,0
301397,371,14,"2022-01-01","2022-12-31",2022-11-09,313,2022-11-04,5,1,49426,37.992432,-81.148293,603,"WV",100,"Quercus","alba","white oak","Plantae","Breaking leaf buds",2022-11-09,313,2023-02-09,92,0
301397,371,15,"2023-01-01","2023-12-31",2023-03-23,82,2023-03-01,22,4,49426,37.992432,-81.148293,603,"WV",100,"Quercus","alba","white oak","Plantae","Breaking leaf buds",2023-11-08,312,2024-03-14,127,230
301397,501,14,"2022-01-01","2022-12-31",2022-11-09,313,2022-11-04,5,1,49426,37.992432,-81.148293,603,"WV",100,"Quercus","alba","white oak","Plantae","Open flowers",2022-11-09,313,2023-02-09,92,0
301397,501,15,"2023-01-01","2023-12-31",2023-04-26,116,2023-04-20,6,3,49426,37.992432,-81.148293,603,"WV",100,"Quercus","alba","white oak","Plantae","Open flowers",2023-10-06,279,2023-10-26,20,163
301407,371,15,"2023-01-01","2023-12-31",2023-03-23,82,2023-03-01,22,2,49426,37.992432,-81.148293,603,"WV",100,"Quercus","alba","white oak","Plantae","Breaking leaf buds",2023-05-05,125,2023-09-14,132,43
303056,371,14,"2022-01-01","2022-12-31",2022-12-09,343,2022-12-02,7,1,49815,35.922417,-78.964714,72,"NC",100,"Quercus","alba","white oak","Plantae","Breaking leaf buds",2022-12-09,343,2023-02-08,61,0
303056,371,15,"2023-01-01","2023-12-31",2023-02-24,55,2023-02-08,16,1,49815,35.922417,-78.964714,72,"NC",100,"Quercus","alba","white oak","Plantae","Breaking leaf buds",2023-02-24,55,2023-03-07,11,0
303108,371,15,"2023-01-01","2023-12-31",2023-01-26,26,2023-01-19,7,1,45924,35.005711,-80.673264,185,"NC",100,"Quercus","alba","white oak","Plantae","Breaking leaf buds",2023-04-06,96,2023-04-19,13,70
303109,371,14,"2022-01-01","2022-12-31",2022-11-14,318,2022-11-03,11,1,45924,35.005711,-80.673264,185,"NC",100,"Quercus","alba","white oak","Plantae","Breaking leaf buds",2022-12-05,339,2022-12-12,7,21
303109,371,15,"2023-01-01","2023-12-31",2023-03-06,65,2023-02-28,6,1,45924,35.005711,-80.673264,185,"NC",100,"Quercus","alba","white oak","Plantae","Breaking leaf buds",2023-05-15,135,NA,NA,70
305774,371,16,"2024-01-01","2024-12-31",2024-04-15,106,2024-04-08,7,1,42060,39.627743,-86.380142,218,"IN",2050,"Quercus","muehlenbergii","chinquapin oak","Plantae","Breaking leaf buds",2024-04-29,120,2024-05-06,7,14
305774,501,16,"2024-01-01","2024-12-31",2024-04-22,113,2024-04-15,7,1,42060,39.627743,-86.380142,218,"IN",2050,"Quercus","muehlenbergii","chinquapin oak","Plantae","Open flowers",2024-05-06,127,2024-05-13,7,14
306306,371,15,"2023-01-01","2023-12-31",2023-03-07,66,2023-02-18,17,1,50331,30.430586,-88.833366,7,"MS",305,"Quercus","virginiana","live oak","Plantae","Breaking leaf buds",2023-03-28,87,2023-05-01,34,21
306306,371,16,"2024-01-01","2024-12-31",2024-03-11,71,2024-03-05,6,1,50331,30.430586,-88.833366,7,"MS",305,"Quercus","virginiana","live oak","Plantae","Breaking leaf buds",2024-03-26,86,2024-04-01,6,15
306306,371,17,"2025-01-01","2025-12-31",2025-03-27,86,2025-03-18,9,1,50331,30.430586,-88.833366,7,"MS",305,"Quercus","virginiana","live oak","Plantae","Breaking leaf buds",2025-03-28,87,2025-05-05,38,1
306310,371,16,"2024-01-01","2024-12-31",2024-03-11,71,2024-03-05,6,2,50331,30.430586,-88.833366,7,"MS",305,"Quercus","virginiana","live oak","Plantae","Breaking leaf buds",2024-04-18,109,2024-04-22,4,38
306310,371,17,"2025-01-01","2025-12-31",2025-03-27,86,2025-03-18,9,1,50331,30.430586,-88.833366,7,"MS",305,"Quercus","virginiana","live oak","Plantae","Breaking leaf buds",2025-03-28,87,2025-04-16,19,1
306310,501,16,"2024-01-01","2024-12-31",2024-10-07,281,2024-10-01,6,1,50331,30.430586,-88.833366,7,"MS",305,"Quercus","virginiana","live oak","Plantae","Open flowers",2024-10-08,282,2024-10-14,6,1
306342,371,15,"2023-01-01","2023-12-31",2023-05-09,129,2023-05-08,1,1,50344,43.220783,-85.310768,260,"MI",100,"Quercus","alba","white oak","Plantae","Breaking leaf buds",2023-05-27,147,2023-05-28,1,18
306765,371,16,"2024-01-01","2024-12-31",2024-03-08,68,2024-02-29,8,2,50056,30.353901,-89.136078,3,"MS",305,"Quercus","virginiana","live oak","Plantae","Breaking leaf buds",2024-05-02,123,2024-05-13,11,55
306765,371,17,"2025-01-01","2025-12-31",2025-03-20,79,2025-03-06,14,1,50056,30.353901,-89.136078,3,"MS",305,"Quercus","virginiana","live oak","Plantae","Breaking leaf buds",2025-03-28,87,2025-04-08,11,8
306765,371,18,"2026-01-01","2026-12-31",2026-03-10,69,2026-03-02,8,1,50056,30.353901,-89.136078,3,"MS",305,"Quercus","virginiana","live oak","Plantae","Breaking leaf buds",2026-03-16,75,2026-03-26,10,6
306765,501,16,"2024-01-01","2024-12-31",2024-03-21,81,2024-03-15,6,1,50056,30.353901,-89.136078,3,"MS",305,"Quercus","virginiana","live oak","Plantae","Open flowers",2024-03-28,88,2024-04-12,15,7
306765,501,17,"2025-01-01","2025-12-31",2025-03-28,87,2025-03-20,8,1,50056,30.353901,-89.136078,3,"MS",305,"Quercus","virginiana","live oak","Plantae","Open flowers",2025-03-28,87,2025-04-08,11,0
307033,371,15,"2023-01-01","2023-12-31",2023-02-24,55,2023-02-21,3,2,50497,34.80901,-80.157257,94,"SC",100,"Quercus","alba","white oak","Plantae","Breaking leaf buds",2023-03-31,90,2023-04-07,7,35
307034,371,15,"2023-01-01","2023-12-31",2023-03-10,69,2023-02-21,17,1,50497,34.80901,-80.157257,94,"SC",1755,"Quercus","stellata","post oak","Plantae","Breaking leaf buds",2023-03-10,69,2023-03-17,7,0
307034,501,15,"2023-01-01","2023-12-31",2023-03-17,76,2023-03-10,7,1,50497,34.80901,-80.157257,94,"SC",1755,"Quercus","stellata","post oak","Plantae","Open flowers",2023-03-23,82,2023-03-31,8,6
307213,371,15,"2023-01-01","2023-12-31",2023-02-20,51,2023-02-09,11,1,50516,27.710093,-82.687538,1,"FL",305,"Quercus","virginiana","live oak","Plantae","Breaking leaf buds",2023-05-07,127,NA,NA,76
307213,501,15,"2023-01-01","2023-12-31",2023-03-12,71,2023-03-09,3,1,50516,27.710093,-82.687538,1,"FL",305,"Quercus","virginiana","live oak","Plantae","Open flowers",2023-05-07,127,NA,NA,56
307325,371,15,"2023-01-01","2023-12-31",2023-04-18,108,2023-04-15,3,1,25424,42.286526,-72.653793,51,"MA",100,"Quercus","alba","white oak","Plantae","Breaking leaf buds",2023-05-02,122,2023-05-07,5,14
307326,371,15,"2023-01-01","2023-12-31",2023-04-06,96,2023-03-31,6,1,50545,38.4725,-90.803551,191,"MO",101,"Quercus","macrocarpa","bur oak","Plantae","Breaking leaf buds",2023-04-11,101,2023-05-10,29,5
307327,371,15,"2023-01-01","2023-12-31",2023-02-20,51,2023-02-09,11,1,50516,27.710093,-82.687538,1,"FL",305,"Quercus","virginiana","live oak","Plantae","Breaking leaf buds",2023-05-07,127,NA,NA,76
307452,371,15,"2023-01-01","2023-12-31",2023-03-10,69,2023-02-21,17,1,50473,34.808964,-80.154732,95,"SC",100,"Quercus","alba","white oak","Plantae","Breaking leaf buds",2023-03-13,72,2023-03-31,18,3
307631,371,16,"2024-01-01","2024-12-31",2024-04-21,112,2024-04-16,5,1,33477,45.568214,-94.16539,316,"MN",101,"Quercus","macrocarpa","bur oak","Plantae","Breaking leaf buds",2024-05-06,127,2024-05-13,7,15
307631,501,16,"2024-01-01","2024-12-31",2024-05-06,127,2024-04-21,15,1,33477,45.568214,-94.16539,316,"MN",101,"Quercus","macrocarpa","bur oak","Plantae","Open flowers",2024-05-13,134,NA,NA,7
307632,371,16,"2024-01-01","2024-12-31",2024-04-21,112,2024-04-16,5,1,33477,45.568214,-94.16539,316,"MN",101,"Quercus","macrocarpa","bur oak","Plantae","Breaking leaf buds",2024-05-06,127,2024-05-13,7,15
307632,501,16,"2024-01-01","2024-12-31",2024-05-06,127,2024-04-21,15,1,33477,45.568214,-94.16539,316,"MN",101,"Quercus","macrocarpa","bur oak","Plantae","Open flowers",2024-05-13,134,NA,NA,7
308073,371,15,"2023-01-01","2023-12-31",2023-05-13,133,2023-05-05,8,1,26037,46.928711,-95.051582,440,"MN",101,"Quercus","macrocarpa","bur oak","Plantae","Breaking leaf buds",2023-05-13,133,2024-03-19,311,0
308075,371,15,"2023-01-01","2023-12-31",2023-04-16,106,2023-04-11,5,1,50761,41.684296,-83.654434,191,"OH",100,"Quercus","alba","white oak","Plantae","Breaking leaf buds",2023-05-15,135,2023-05-20,5,29
308077,371,15,"2023-01-01","2023-12-31",2023-04-03,93,2023-03-30,4,1,50762,35.99559,-92.007629,202,"AR",100,"Quercus","alba","white oak","Plantae","Breaking leaf buds",2023-04-10,100,2023-04-13,3,7
308077,371,16,"2024-01-01","2024-12-31",2024-03-30,90,2024-03-24,6,1,50762,35.99559,-92.007629,202,"AR",100,"Quercus","alba","white oak","Plantae","Breaking leaf buds",2024-04-06,97,2024-04-11,5,7
308077,501,15,"2023-01-01","2023-12-31",2023-04-13,103,2023-04-10,3,1,50762,35.99559,-92.007629,202,"AR",100,"Quercus","alba","white oak","Plantae","Open flowers",2023-04-22,112,2023-04-26,4,9
308077,501,16,"2024-01-01","2024-12-31",2024-04-02,93,2024-03-30,3,1,50762,35.99559,-92.007629,202,"AR",100,"Quercus","alba","white oak","Plantae","Open flowers",2024-04-11,102,2024-04-14,3,9
308078,371,15,"2023-01-01","2023-12-31",2023-04-03,93,2023-03-30,4,1,50762,35.99559,-92.007629,202,"AR",1755,"Quercus","stellata","post oak","Plantae","Breaking leaf buds",2023-04-13,103,2023-04-16,3,10
308078,371,16,"2024-01-01","2024-12-31",2024-03-30,90,2024-03-24,6,1,50762,35.99559,-92.007629,202,"AR",1755,"Quercus","stellata","post oak","Plantae","Breaking leaf buds",2024-04-14,105,2024-04-21,7,15
308078,501,15,"2023-01-01","2023-12-31",2023-04-16,106,2023-04-13,3,1,50762,35.99559,-92.007629,202,"AR",1755,"Quercus","stellata","post oak","Plantae","Open flowers",2023-05-03,123,2023-05-17,14,17
308078,501,16,"2024-01-01","2024-12-31",2024-04-14,105,2024-04-11,3,1,50762,35.99559,-92.007629,202,"AR",1755,"Quercus","stellata","post oak","Plantae","Open flowers",2024-04-21,112,2024-05-04,13,7
308079,371,15,"2023-01-01","2023-12-31",2023-03-26,85,2023-03-22,4,1,50762,35.99559,-92.007629,202,"AR",2050,"Quercus","muehlenbergii","chinquapin oak","Plantae","Breaking leaf buds",2023-04-10,100,2023-04-13,3,15
308079,371,16,"2024-01-01","2024-12-31",2024-03-30,90,2024-03-24,6,1,50762,35.99559,-92.007629,202,"AR",2050,"Quercus","muehlenbergii","chinquapin oak","Plantae","Breaking leaf buds",2024-04-14,105,2024-04-21,7,15
308079,501,15,"2023-01-01","2023-12-31",2023-04-16,106,2023-04-13,3,1,50762,35.99559,-92.007629,202,"AR",2050,"Quercus","muehlenbergii","chinquapin oak","Plantae","Open flowers",2023-04-22,112,2023-04-26,4,6
308079,501,16,"2024-01-01","2024-12-31",2024-04-11,102,2024-04-06,5,1,50762,35.99559,-92.007629,202,"AR",2050,"Quercus","muehlenbergii","chinquapin oak","Plantae","Open flowers",2024-04-14,105,2024-04-21,7,3
308143,371,15,"2023-01-01","2023-12-31",2023-03-08,67,2023-03-01,7,2,50781,42.976318,-87.898743,202,"WI",101,"Quercus","macrocarpa","bur oak","Plantae","Breaking leaf buds",2023-04-26,116,NA,NA,49
308143,501,15,"2023-01-01","2023-12-31",2023-03-08,67,2023-03-01,7,1,50781,42.976318,-87.898743,202,"WI",101,"Quercus","macrocarpa","bur oak","Plantae","Open flowers",2023-03-08,67,2023-03-19,11,0
308232,371,15,"2023-01-01","2023-12-31",2023-04-07,97,2023-03-27,11,1,50794,38.159595,-78.425621,164,"VA",100,"Quercus","alba","white oak","Plantae","Breaking leaf buds",2023-04-11,101,2023-04-19,8,4
308238,371,17,"2025-01-01","2025-12-31",2025-04-01,91,2025-03-25,7,1,42101,41.368465,-81.844765,241,"OH",101,"Quercus","macrocarpa","bur oak","Plantae","Breaking leaf buds",2025-04-29,119,NA,NA,28
308338,371,18,"2026-01-01","2026-12-31",2026-04-09,99,2026-04-03,6,2,28614,42.287708,-85.617592,276,"MI",100,"Quercus","alba","white oak","Plantae","Breaking leaf buds",2026-04-20,110,NA,NA,11
308454,371,15,"2023-01-01","2023-12-31",2023-03-02,61,2023-03-01,1,1,19824,34.836891,-92.405724,123,"AR",100,"Quercus","alba","white oak","Plantae","Breaking leaf buds",2023-10-24,297,2024-03-06,134,236
308454,371,16,"2024-01-01","2024-12-31",2024-03-20,80,2024-03-11,9,1,19824,34.836891,-92.405724,123,"AR",100,"Quercus","alba","white oak","Plantae","Breaking leaf buds",2024-06-29,181,NA,NA,101
308721,371,15,"2023-01-01","2023-12-31",2023-04-12,102,2023-04-07,5,1,50291,42.002438,-87.78643,191,"IL",101,"Quercus","macrocarpa","bur oak","Plantae","Breaking leaf buds",2023-06-18,169,2023-06-26,8,67
308721,501,15,"2023-01-01","2023-12-31",2023-04-27,117,2023-04-19,8,1,50291,42.002438,-87.78643,191,"IL",101,"Quercus","macrocarpa","bur oak","Plantae","Open flowers",2023-04-27,117,2023-05-06,9,0
308722,371,15,"2023-01-01","2023-12-31",2023-04-12,102,2023-04-07,5,2,50926,42.00824,-87.79097,190,"IL",100,"Quercus","alba","white oak","Plantae","Breaking leaf buds",2023-06-18,169,2023-06-26,8,67
308722,501,15,"2023-01-01","2023-12-31",2023-05-18,138,2023-05-14,4,1,50926,42.00824,-87.79097,190,"IL",100,"Quercus","alba","white oak","Plantae","Open flowers",2023-05-18,138,2023-05-26,8,0
308740,371,15,"2023-01-01","2023-12-31",2023-05-03,123,2023-04-28,5,2,39847,44.936382,-93.208626,246,"MN",100,"Quercus","alba","white oak","Plantae","Breaking leaf buds",2023-06-21,172,2023-06-24,3,49
308740,371,17,"2025-01-01","2025-12-31",2025-04-16,106,2025-04-09,7,1,39847,44.936382,-93.208626,246,"MN",100,"Quercus","alba","white oak","Plantae","Breaking leaf buds",2025-05-07,127,2025-05-12,5,21
308740,371,18,"2026-01-01","2026-12-31",2026-04-19,109,2026-04-16,3,1,39847,44.936382,-93.208626,246,"MN",100,"Quercus","alba","white oak","Plantae","Breaking leaf buds",2026-04-28,118,2026-05-06,8,9
308740,501,15,"2023-01-01","2023-12-31",2023-05-13,133,2023-05-10,3,1,39847,44.936382,-93.208626,246,"MN",100,"Quercus","alba","white oak","Plantae","Open flowers",2023-06-24,175,2023-07-08,14,42
308740,501,16,"2024-01-01","2024-12-31",2024-05-22,143,2024-05-15,7,1,39847,44.936382,-93.208626,246,"MN",100,"Quercus","alba","white oak","Plantae","Open flowers",2024-06-06,158,2024-06-18,12,15
308740,501,17,"2025-01-01","2025-12-31",2025-05-12,132,2025-05-07,5,1,39847,44.936382,-93.208626,246,"MN",100,"Quercus","alba","white oak","Plantae","Open flowers",2025-05-18,138,2025-05-26,8,6
308740,501,18,"2026-01-01","2026-12-31",2026-05-13,133,2026-05-06,7,1,39847,44.936382,-93.208626,246,"MN",100,"Quercus","alba","white oak","Plantae","Open flowers",2026-06-06,157,2026-06-10,4,24
308766,371,15,"2023-01-01","2023-12-31",2023-04-16,106,2023-04-11,5,1,50761,41.684296,-83.654434,191,"OH",100,"Quercus","alba","white oak","Plantae","Breaking leaf buds",2023-05-11,131,2023-05-15,4,25
308767,371,15,"2023-01-01","2023-12-31",2023-04-16,106,2023-04-11,5,1,50761,41.684296,-83.654434,191,"OH",100,"Quercus","alba","white oak","Plantae","Breaking leaf buds",2023-05-15,135,2023-05-20,5,29
308768,371,15,"2023-01-01","2023-12-31",2023-04-16,106,2023-04-11,5,1,50761,41.684296,-83.654434,191,"OH",100,"Quercus","alba","white oak","Plantae","Breaking leaf buds",2023-05-15,135,2023-05-20,5,29
309640,371,16,"2024-01-01","2024-12-31",2024-05-08,129,2024-05-01,7,1,33757,43.230736,-70.757347,38,"ME",100,"Quercus","alba","white oak","Plantae","Breaking leaf buds",2024-05-08,129,2025-03-13,309,0
309643,371,15,"2023-01-01","2023-12-31",2023-04-16,106,2023-04-11,5,1,50761,41.684296,-83.654434,191,"OH",100,"Quercus","alba","white oak","Plantae","Breaking leaf buds",2023-05-11,131,2023-05-15,4,25
309644,371,15,"2023-01-01","2023-12-31",2023-04-16,106,2023-04-11,5,1,50761,41.684296,-83.654434,191,"OH",100,"Quercus","alba","white oak","Plantae","Breaking leaf buds",2023-05-15,135,2023-05-20,5,29
309666,371,15,"2023-01-01","2023-12-31",2023-04-16,106,2023-04-11,5,1,51003,40.474838,-79.957184,315,"PA",100,"Quercus","alba","white oak","Plantae","Breaking leaf buds",2023-04-18,108,2023-04-22,4,2
309666,501,15,"2023-01-01","2023-12-31",2023-04-29,119,2023-04-07,22,1,51003,40.474838,-79.957184,315,"PA",100,"Quercus","alba","white oak","Plantae","Open flowers",2023-05-05,125,2023-06-16,42,6
310120,371,15,"2023-01-01","2023-12-31",2023-05-06,126,2023-04-28,8,1,50991,43.089485,-89.291893,282,"WI",101,"Quercus","macrocarpa","bur oak","Plantae","Breaking leaf buds",2023-05-09,129,2023-05-12,3,3
310120,371,16,"2024-01-01","2024-12-31",2024-04-25,116,2024-04-19,6,1,50991,43.089485,-89.291893,282,"WI",101,"Quercus","macrocarpa","bur oak","Plantae","Breaking leaf buds",2024-05-03,124,2024-05-04,1,8
310120,371,17,"2025-01-01","2025-12-31",2025-05-04,124,2025-04-27,7,1,50991,43.089485,-89.291893,282,"WI",101,"Quercus","macrocarpa","bur oak","Plantae","Breaking leaf buds",2025-05-11,131,2025-05-18,7,7
310120,371,18,"2026-01-01","2026-12-31",2026-05-01,121,2026-04-24,7,2,50991,43.089485,-89.291893,282,"WI",101,"Quercus","macrocarpa","bur oak","Plantae","Breaking leaf buds",2026-05-18,138,2026-05-22,4,17
310120,501,17,"2025-01-01","2025-12-31",2025-05-18,138,2025-05-11,7,1,50991,43.089485,-89.291893,282,"WI",101,"Quercus","macrocarpa","bur oak","Plantae","Open flowers",2025-05-18,138,2025-05-27,9,0
310120,501,18,"2026-01-01","2026-12-31",2026-05-18,138,2026-05-14,4,1,50991,43.089485,-89.291893,282,"WI",101,"Quercus","macrocarpa","bur oak","Plantae","Open flowers",2026-05-22,142,2026-05-29,7,4
310125,371,15,"2023-01-01","2023-12-31",2023-04-18,108,2023-04-11,7,1,51027,41.814728,-88.089294,213,"IL",101,"Quercus","macrocarpa","bur oak","Plantae","Breaking leaf buds",2023-05-02,122,2023-05-09,7,14
310126,371,15,"2023-01-01","2023-12-31",2023-04-18,108,2023-03-28,21,1,51027,41.814728,-88.089294,213,"IL",101,"Quercus","macrocarpa","bur oak","Plantae","Breaking leaf buds",2023-05-02,122,2023-05-09,7,14
310126,501,15,"2023-01-01","2023-12-31",2023-04-25,115,2023-04-18,7,2,51027,41.814728,-88.089294,213,"IL",101,"Quercus","macrocarpa","bur oak","Plantae","Open flowers",2023-05-09,129,2023-05-17,8,14
310127,371,15,"2023-01-01","2023-12-31",2023-04-18,108,2023-04-11,7,1,51027,41.814728,-88.089294,213,"IL",101,"Quercus","macrocarpa","bur oak","Plantae","Breaking leaf buds",2023-05-02,122,2023-05-09,7,14
310127,501,15,"2023-01-01","2023-12-31",2023-04-25,115,2023-04-18,7,2,51027,41.814728,-88.089294,213,"IL",101,"Quercus","macrocarpa","bur oak","Plantae","Open flowers",2023-05-09,129,2023-05-17,8,14
310128,371,15,"2023-01-01","2023-12-31",2023-04-18,108,2023-04-11,7,1,51027,41.814728,-88.089294,213,"IL",101,"Quercus","macrocarpa","bur oak","Plantae","Breaking leaf buds",2023-05-02,122,2023-05-09,7,14
310128,501,15,"2023-01-01","2023-12-31",2023-04-25,115,2023-04-18,7,2,51027,41.814728,-88.089294,213,"IL",101,"Quercus","macrocarpa","bur oak","Plantae","Open flowers",2023-05-09,129,2023-05-17,8,14
310129,371,15,"2023-01-01","2023-12-31",2023-04-18,108,2023-03-28,21,1,51027,41.814728,-88.089294,213,"IL",101,"Quercus","macrocarpa","bur oak","Plantae","Breaking leaf buds",2023-05-02,122,2023-05-09,7,14
310130,371,15,"2023-01-01","2023-12-31",2023-04-11,101,2023-03-28,14,1,51027,41.814728,-88.089294,213,"IL",101,"Quercus","macrocarpa","bur oak","Plantae","Breaking leaf buds",2023-05-02,122,2023-05-09,7,21
310131,371,15,"2023-01-01","2023-12-31",2023-04-18,108,2023-04-11,7,2,51027,41.814728,-88.089294,213,"IL",101,"Quercus","macrocarpa","bur oak","Plantae","Breaking leaf buds",2023-05-02,122,2023-05-09,7,14
310132,371,15,"2023-01-01","2023-12-31",2023-04-18,108,2023-04-11,7,1,51027,41.814728,-88.089294,213,"IL",101,"Quercus","macrocarpa","bur oak","Plantae","Breaking leaf buds",2023-05-02,122,2023-05-09,7,14
310133,371,15,"2023-01-01","2023-12-31",2023-04-18,108,2023-04-11,7,1,51027,41.814728,-88.089294,213,"IL",101,"Quercus","macrocarpa","bur oak","Plantae","Breaking leaf buds",2023-05-02,122,2023-05-09,7,14
310134,371,15,"2023-01-01","2023-12-31",2023-04-18,108,2023-04-11,7,1,51027,41.814728,-88.089294,213,"IL",101,"Quercus","macrocarpa","bur oak","Plantae","Breaking leaf buds",2023-04-27,117,2023-05-02,5,9
310134,501,15,"2023-01-01","2023-12-31",2023-05-09,129,2023-04-27,12,1,51027,41.814728,-88.089294,213,"IL",101,"Quercus","macrocarpa","bur oak","Plantae","Open flowers",2023-05-09,129,2023-05-17,8,0
310135,371,15,"2023-01-01","2023-12-31",2023-04-25,115,2023-04-18,7,1,51027,41.814728,-88.089294,213,"IL",101,"Quercus","macrocarpa","bur oak","Plantae","Breaking leaf buds",2023-04-27,117,2023-05-02,5,2
310136,371,15,"2023-01-01","2023-12-31",2023-04-18,108,2023-04-11,7,1,51027,41.814728,-88.089294,213,"IL",101,"Quercus","macrocarpa","bur oak","Plantae","Breaking leaf buds",2023-04-27,117,2023-05-02,5,9
310137,371,15,"2023-01-01","2023-12-31",2023-04-18,108,2023-04-10,8,1,51028,41.816444,-88.082512,215,"IL",101,"Quercus","macrocarpa","bur oak","Plantae","Breaking leaf buds",2023-05-02,122,2023-05-16,14,14
310137,501,15,"2023-01-01","2023-12-31",2023-05-02,122,2023-04-25,7,1,51028,41.816444,-88.082512,215,"IL",101,"Quercus","macrocarpa","bur oak","Plantae","Open flowers",2023-05-30,150,2023-06-06,7,28
310138,371,15,"2023-01-01","2023-12-31",2023-04-18,108,2023-04-10,8,1,51028,41.816444,-88.082512,215,"IL",101,"Quercus","macrocarpa","bur oak","Plantae","Breaking leaf buds",2023-05-09,129,2023-05-16,7,21
310138,501,15,"2023-01-01","2023-12-31",2023-05-02,122,2023-04-25,7,1,51028,41.816444,-88.082512,215,"IL",101,"Quercus","macrocarpa","bur oak","Plantae","Open flowers",2023-05-30,150,2023-06-06,7,28
310139,371,15,"2023-01-01","2023-12-31",2023-04-18,108,2023-04-10,8,1,51028,41.816444,-88.082512,215,"IL",101,"Quercus","macrocarpa","bur oak","Plantae","Breaking leaf buds",2023-05-02,122,2023-05-09,7,14
310139,501,15,"2023-01-01","2023-12-31",2023-05-02,122,2023-04-25,7,1,51028,41.816444,-88.082512,215,"IL",101,"Quercus","macrocarpa","bur oak","Plantae","Open flowers",2023-05-30,150,2023-06-06,7,28
310140,371,15,"2023-01-01","2023-12-31",2023-04-18,108,2023-04-10,8,1,51028,41.816444,-88.082512,215,"IL",101,"Quercus","macrocarpa","bur oak","Plantae","Breaking leaf buds",2023-05-02,122,2023-05-09,7,14
310140,501,15,"2023-01-01","2023-12-31",2023-05-02,122,2023-04-25,7,1,51028,41.816444,-88.082512,215,"IL",101,"Quercus","macrocarpa","bur oak","Plantae","Open flowers",2023-05-30,150,2023-06-06,7,28
310141,371,15,"2023-01-01","2023-12-31",2023-04-18,108,2023-04-10,8,1,51028,41.816444,-88.082512,215,"IL",101,"Quercus","macrocarpa","bur oak","Plantae","Breaking leaf buds",2023-05-09,129,2023-05-16,7,21
310141,501,15,"2023-01-01","2023-12-31",2023-05-09,129,2023-05-02,7,1,51028,41.816444,-88.082512,215,"IL",101,"Quercus","macrocarpa","bur oak","Plantae","Open flowers",2023-05-30,150,2023-06-06,7,21
310142,371,15,"2023-01-01","2023-12-31",2023-04-18,108,2023-04-10,8,1,51028,41.816444,-88.082512,215,"IL",101,"Quercus","macrocarpa","bur oak","Plantae","Breaking leaf buds",2023-05-02,122,2023-05-09,7,14
310142,501,15,"2023-01-01","2023-12-31",2023-05-02,122,2023-04-25,7,1,51028,41.816444,-88.082512,215,"IL",101,"Quercus","macrocarpa","bur oak","Plantae","Open flowers",2023-05-30,150,2023-06-06,7,28
310143,371,15,"2023-01-01","2023-12-31",2023-04-18,108,2023-04-10,8,1,51028,41.816444,-88.082512,215,"IL",101,"Quercus","macrocarpa","bur oak","Plantae","Breaking leaf buds",2023-05-09,129,2023-05-16,7,21
310143,501,15,"2023-01-01","2023-12-31",2023-05-02,122,2023-04-25,7,2,51028,41.816444,-88.082512,215,"IL",101,"Quercus","macrocarpa","bur oak","Plantae","Open flowers",2023-05-30,150,2023-06-06,7,28
310144,371,15,"2023-01-01","2023-12-31",2023-04-18,108,2023-04-10,8,1,51028,41.816444,-88.082512,215,"IL",101,"Quercus","macrocarpa","bur oak","Plantae","Breaking leaf buds",2023-05-09,129,2023-05-16,7,21
310144,501,15,"2023-01-01","2023-12-31",2023-05-09,129,2023-05-02,7,1,51028,41.816444,-88.082512,215,"IL",101,"Quercus","macrocarpa","bur oak","Plantae","Open flowers",2023-05-16,136,2023-05-25,9,7
310145,371,15,"2023-01-01","2023-12-31",2023-04-18,108,2023-04-10,8,1,51028,41.816444,-88.082512,215,"IL",101,"Quercus","macrocarpa","bur oak","Plantae","Breaking leaf buds",2023-05-09,129,2023-05-16,7,21
310145,501,15,"2023-01-01","2023-12-31",2023-05-02,122,2023-04-25,7,1,51028,41.816444,-88.082512,215,"IL",101,"Quercus","macrocarpa","bur oak","Plantae","Open flowers",2023-05-16,136,2023-05-25,9,14
310146,371,15,"2023-01-01","2023-12-31",2023-04-18,108,2023-04-10,8,1,51028,41.816444,-88.082512,215,"IL",101,"Quercus","macrocarpa","bur oak","Plantae","Breaking leaf buds",2023-05-09,129,2023-05-16,7,21
310146,501,15,"2023-01-01","2023-12-31",2023-05-09,129,2023-05-02,7,1,51028,41.816444,-88.082512,215,"IL",101,"Quercus","macrocarpa","bur oak","Plantae","Open flowers",2023-05-16,136,2023-05-25,9,7
310147,371,15,"2023-01-01","2023-12-31",2023-04-18,108,2023-04-10,8,1,51028,41.816444,-88.082512,215,"IL",101,"Quercus","macrocarpa","bur oak","Plantae","Breaking leaf buds",2023-05-09,129,2023-05-16,7,21
310147,501,15,"2023-01-01","2023-12-31",2023-05-09,129,2023-05-02,7,1,51028,41.816444,-88.082512,215,"IL",101,"Quercus","macrocarpa","bur oak","Plantae","Open flowers",2023-05-16,136,2023-05-25,9,7
310148,371,15,"2023-01-01","2023-12-31",2023-04-18,108,2023-04-10,8,1,51028,41.816444,-88.082512,215,"IL",101,"Quercus","macrocarpa","bur oak","Plantae","Breaking leaf buds",2023-05-09,129,2023-05-16,7,21
310148,501,15,"2023-01-01","2023-12-31",2023-05-09,129,2023-05-02,7,2,51028,41.816444,-88.082512,215,"IL",101,"Quercus","macrocarpa","bur oak","Plantae","Open flowers",2023-05-30,150,2023-06-06,7,21
310149,371,15,"2023-01-01","2023-12-31",2023-04-18,108,2023-04-10,8,1,51028,41.816444,-88.082512,215,"IL",101,"Quercus","macrocarpa","bur oak","Plantae","Breaking leaf buds",2023-05-09,129,2023-05-16,7,21
310149,501,15,"2023-01-01","2023-12-31",2023-05-02,122,2023-04-25,7,2,51028,41.816444,-88.082512,215,"IL",101,"Quercus","macrocarpa","bur oak","Plantae","Open flowers",2023-05-30,150,2023-06-06,7,28
310150,371,15,"2023-01-01","2023-12-31",2023-04-18,108,2023-04-10,8,1,51028,41.816444,-88.082512,215,"IL",101,"Quercus","macrocarpa","bur oak","Plantae","Breaking leaf buds",2023-05-09,129,2023-05-16,7,21
310150,501,15,"2023-01-01","2023-12-31",2023-05-02,122,2023-04-25,7,2,51028,41.816444,-88.082512,215,"IL",101,"Quercus","macrocarpa","bur oak","Plantae","Open flowers",2023-05-30,150,2023-06-06,7,28
310152,371,15,"2023-01-01","2023-12-31",2023-06-10,161,2023-05-26,15,1,51029,45.73185,-108.621147,981,"MT",101,"Quercus","macrocarpa","bur oak","Plantae","Breaking leaf buds",2023-06-10,161,2023-07-14,34,0
310358,371,15,"2023-01-01","2023-12-31",2023-04-16,106,2023-04-13,3,1,50928,42.593834,-86.220787,217,"MI",2043,"Quercus","bicolor","swamp white oak","Plantae","Breaking leaf buds",2023-04-23,113,NA,NA,7
310794,371,15,"2023-01-01","2023-12-31",2023-04-13,103,2023-04-11,2,1,37329,42.279087,-85.613754,278,"MI",100,"Quercus","alba","white oak","Plantae","Breaking leaf buds",2023-04-18,108,NA,NA,5
310795,371,15,"2023-01-01","2023-12-31",2023-04-13,103,2023-04-11,2,1,37329,42.279087,-85.613754,278,"MI",100,"Quercus","alba","white oak","Plantae","Breaking leaf buds",2023-04-18,108,NA,NA,5
310796,371,15,"2023-01-01","2023-12-31",2023-04-13,103,2023-04-11,2,1,37329,42.279087,-85.613754,278,"MI",100,"Quercus","alba","white oak","Plantae","Breaking leaf buds",2023-04-18,108,NA,NA,5
310797,371,15,"2023-01-01","2023-12-31",2023-04-18,108,2023-04-11,7,1,37329,42.279087,-85.613754,278,"MI",100,"Quercus","alba","white oak","Plantae","Breaking leaf buds",2023-04-18,108,NA,NA,0
310869,501,15,"2023-01-01","2023-12-31",2023-04-06,96,2023-03-22,15,1,20257,33.455692,-86.80159,270,"AL",1212,"Quercus","montana","chestnut oak","Plantae","Open flowers",2023-04-06,96,2023-04-12,6,0
311100,371,15,"2023-01-01","2023-12-31",2023-04-14,104,2023-04-02,12,1,46728,38.932724,-76.492966,3,"MD",100,"Quercus","alba","white oak","Plantae","Breaking leaf buds",2023-04-14,104,2023-05-30,46,0
311142,371,15,"2023-01-01","2023-12-31",2023-04-13,103,2023-04-10,3,1,51198,40.437691,-86.824371,189,"IN",2050,"Quercus","muehlenbergii","chinquapin oak","Plantae","Breaking leaf buds",2023-04-23,113,2023-05-03,10,10
311142,371,18,"2026-01-01","2026-12-31",2026-04-20,110,2026-04-14,6,1,51198,40.437691,-86.824371,189,"IN",2050,"Quercus","muehlenbergii","chinquapin oak","Plantae","Breaking leaf buds",2026-04-23,113,2026-04-25,2,3
311231,371,15,"2023-01-01","2023-12-31",2023-04-12,102,2023-04-07,5,2,50926,42.00824,-87.79097,190,"IL",100,"Quercus","alba","white oak","Plantae","Breaking leaf buds",2023-05-26,146,2023-06-26,31,44
311231,501,15,"2023-01-01","2023-12-31",2023-05-18,138,2023-05-14,4,2,50926,42.00824,-87.79097,190,"IL",100,"Quercus","alba","white oak","Plantae","Open flowers",2023-06-18,169,2023-06-26,8,31
311256,371,15,"2023-01-01","2023-12-31",2023-05-03,123,2023-04-10,23,1,50883,41.559566,-93.743469,268,"IA",101,"Quercus","macrocarpa","bur oak","Plantae","Breaking leaf buds",2023-05-03,123,NA,NA,0
311302,371,15,"2023-01-01","2023-12-31",2023-04-13,103,2023-04-11,2,1,51244,43.477028,-96.594315,412,"SD",101,"Quercus","macrocarpa","bur oak","Plantae","Breaking leaf buds",2023-05-04,124,2023-05-09,5,21
311302,371,16,"2024-01-01","2024-12-31",2024-04-17,108,2024-04-09,8,1,51244,43.477028,-96.594315,412,"SD",101,"Quercus","macrocarpa","bur oak","Plantae","Breaking leaf buds",2024-05-04,125,2024-05-07,3,17
311302,371,17,"2025-01-01","2025-12-31",2025-04-22,112,2025-04-18,4,1,51244,43.477028,-96.594315,412,"SD",101,"Quercus","macrocarpa","bur oak","Plantae","Breaking leaf buds",2025-04-30,120,2025-05-04,4,8
311302,371,18,"2026-01-01","2026-12-31",2026-04-15,105,2026-04-07,8,1,51244,43.477028,-96.594315,412,"SD",101,"Quercus","macrocarpa","bur oak","Plantae","Breaking leaf buds",2026-05-05,125,2026-05-26,21,20
311302,501,15,"2023-01-01","2023-12-31",2023-05-11,131,2023-05-07,4,1,51244,43.477028,-96.594315,412,"SD",101,"Quercus","macrocarpa","bur oak","Plantae","Open flowers",2023-05-16,136,2023-05-23,7,5
311302,501,16,"2024-01-01","2024-12-31",2024-05-07,128,2024-05-04,3,1,51244,43.477028,-96.594315,412,"SD",101,"Quercus","macrocarpa","bur oak","Plantae","Open flowers",2024-05-14,135,2024-05-22,8,7
311302,501,17,"2025-01-01","2025-12-31",2025-05-04,124,2025-04-30,4,1,51244,43.477028,-96.594315,412,"SD",101,"Quercus","macrocarpa","bur oak","Plantae","Open flowers",2025-05-13,133,2025-05-17,4,9
311327,371,15,"2023-01-01","2023-12-31",2023-04-13,103,2023-04-11,2,1,51244,43.477028,-96.594315,412,"SD",101,"Quercus","macrocarpa","bur oak","Plantae","Breaking leaf buds",2023-05-09,129,2023-05-11,2,26
311327,371,16,"2024-01-01","2024-12-31",2024-04-17,108,2024-04-09,8,1,51244,43.477028,-96.594315,412,"SD",101,"Quercus","macrocarpa","bur oak","Plantae","Breaking leaf buds",2024-05-04,125,2024-05-07,3,17
311327,371,17,"2025-01-01","2025-12-31",2025-04-18,108,2025-04-16,2,1,51244,43.477028,-96.594315,412,"SD",101,"Quercus","macrocarpa","bur oak","Plantae","Breaking leaf buds",2025-04-30,120,2025-05-04,4,12
311327,371,18,"2026-01-01","2026-12-31",2026-04-15,105,2026-04-07,8,1,51244,43.477028,-96.594315,412,"SD",101,"Quercus","macrocarpa","bur oak","Plantae","Breaking leaf buds",2026-05-05,125,2026-05-26,21,20
311327,501,15,"2023-01-01","2023-12-31",2023-05-09,129,2023-05-07,2,1,51244,43.477028,-96.594315,412,"SD",101,"Quercus","macrocarpa","bur oak","Plantae","Open flowers",2023-05-16,136,2023-05-23,7,7
311327,501,16,"2024-01-01","2024-12-31",2024-04-30,121,2024-04-24,6,1,51244,43.477028,-96.594315,412,"SD",101,"Quercus","macrocarpa","bur oak","Plantae","Open flowers",2024-05-14,135,2024-05-22,8,14
311327,501,17,"2025-01-01","2025-12-31",2025-05-04,124,2025-04-30,4,1,51244,43.477028,-96.594315,412,"SD",101,"Quercus","macrocarpa","bur oak","Plantae","Open flowers",2025-05-13,133,2025-05-17,4,9
311327,501,18,"2026-01-01","2026-12-31",2026-05-05,125,2026-04-28,7,1,51244,43.477028,-96.594315,412,"SD",101,"Quercus","macrocarpa","bur oak","Plantae","Open flowers",2026-05-05,125,2026-05-26,21,0
312293,371,15,"2023-01-01","2023-12-31",2023-03-31,90,2023-03-24,7,1,51052,37.590611,-81.108292,965,"WV",100,"Quercus","alba","white oak","Plantae","Breaking leaf buds",2023-04-09,99,NA,NA,9
312294,371,15,"2023-01-01","2023-12-31",2023-03-31,90,2023-03-24,7,1,51052,37.590611,-81.108292,965,"WV",2043,"Quercus","bicolor","swamp white oak","Plantae","Breaking leaf buds",2023-04-09,99,NA,NA,9
312295,371,15,"2023-01-01","2023-12-31",2023-03-31,90,2023-03-24,7,1,51052,37.590611,-81.108292,965,"WV",1755,"Quercus","stellata","post oak","Plantae","Breaking leaf buds",2023-04-09,99,NA,NA,9
312551,371,15,"2023-01-01","2023-12-31",2023-04-21,111,2023-03-31,21,1,24473,35.502415,-82.526787,690,"NC",100,"Quercus","alba","white oak","Plantae","Breaking leaf buds",2023-05-09,129,NA,NA,18
312551,501,15,"2023-01-01","2023-12-31",2023-04-21,111,2023-03-31,21,1,24473,35.502415,-82.526787,690,"NC",100,"Quercus","alba","white oak","Plantae","Open flowers",2023-05-09,129,NA,NA,18
312635,371,15,"2023-01-01","2023-12-31",2023-04-16,106,2023-04-11,5,1,51003,40.474838,-79.957184,315,"PA",100,"Quercus","alba","white oak","Plantae","Breaking leaf buds",2023-04-29,119,2023-05-05,6,13
312635,501,15,"2023-01-01","2023-12-31",2023-04-29,119,2023-04-11,18,1,51003,40.474838,-79.957184,315,"PA",100,"Quercus","alba","white oak","Plantae","Open flowers",2023-05-05,125,2023-06-16,42,6
312636,371,15,"2023-01-01","2023-12-31",2023-04-11,101,2023-04-07,4,1,51003,40.474838,-79.957184,315,"PA",1212,"Quercus","montana","chestnut oak","Plantae","Breaking leaf buds",2023-04-11,101,2023-04-18,7,0
312636,501,15,"2023-01-01","2023-12-31",2023-04-18,108,2023-04-11,7,1,51003,40.474838,-79.957184,315,"PA",1212,"Quercus","montana","chestnut oak","Plantae","Open flowers",2023-05-16,136,2023-06-16,31,28
312668,371,15,"2023-01-01","2023-12-31",2023-04-14,104,2023-04-10,4,1,51489,40.237244,-89.785156,165,"IL",2043,"Quercus","bicolor","swamp white oak","Plantae","Breaking leaf buds",2023-05-23,143,NA,NA,39
312668,501,15,"2023-01-01","2023-12-31",2023-05-23,143,2023-05-18,5,1,51489,40.237244,-89.785156,165,"IL",2043,"Quercus","bicolor","swamp white oak","Plantae","Open flowers",2023-05-23,143,2023-08-26,95,0
312669,371,15,"2023-01-01","2023-12-31",2023-04-10,100,2023-04-05,5,1,51489,40.237244,-89.785156,165,"IL",2053,"Quercus","prinoides","dwarf chinquapin oak","Plantae","Breaking leaf buds",2023-05-24,144,2023-08-26,94,44
312967,371,15,"2023-01-01","2023-12-31",2023-04-18,108,2023-04-02,16,1,51570,38.937336,-74.969345,-1,"NJ",100,"Quercus","alba","white oak","Plantae","Breaking leaf buds",2023-04-25,115,2023-05-08,13,7
313884,371,15,"2023-01-01","2023-12-31",2023-04-21,111,2023-04-15,6,1,51489,40.237244,-89.785156,165,"IL",2050,"Quercus","muehlenbergii","chinquapin oak","Plantae","Breaking leaf buds",2023-05-24,144,2023-08-26,94,33
313995,371,16,"2024-01-01","2024-12-31",2024-04-21,112,2024-04-05,16,1,49869,44.0261,-92.525398,335,"MN",101,"Quercus","macrocarpa","bur oak","Plantae","Breaking leaf buds",2024-04-21,112,2024-05-13,22,0
314231,371,15,"2023-01-01","2023-12-31",2023-05-01,121,2023-04-17,14,1,51678,42.925606,-88.037041,231,"WI",100,"Quercus","alba","white oak","Plantae","Breaking leaf buds",2023-05-01,121,NA,NA,0
314362,371,15,"2023-01-01","2023-12-31",2023-05-08,128,2023-05-06,2,1,43357,45.330055,-92.927711,277,"MN",101,"Quercus","macrocarpa","bur oak","Plantae","Breaking leaf buds",2023-05-08,128,2023-05-10,2,0
314362,371,18,"2026-01-01","2026-12-31",2026-04-17,107,2026-04-02,15,1,43357,45.330055,-92.927711,277,"MN",101,"Quercus","macrocarpa","bur oak","Plantae","Breaking leaf buds",2026-04-28,118,NA,NA,11
314362,501,15,"2023-01-01","2023-12-31",2023-05-10,130,2023-05-08,2,1,43357,45.330055,-92.927711,277,"MN",101,"Quercus","macrocarpa","bur oak","Plantae","Open flowers",2023-05-12,132,2023-05-30,18,2
314381,371,15,"2023-01-01","2023-12-31",2023-04-20,110,2023-04-13,7,1,51732,46.729553,-94.685898,441,"MN",101,"Quercus","macrocarpa","bur oak","Plantae","Breaking leaf buds",2023-04-27,117,NA,NA,7
314382,371,15,"2023-01-01","2023-12-31",2023-04-20,110,2023-04-13,7,1,51735,44.968876,-93.282776,264,"MN",101,"Quercus","macrocarpa","bur oak","Plantae","Breaking leaf buds",2023-04-27,117,NA,NA,7
314383,371,15,"2023-01-01","2023-12-31",2023-04-20,110,2023-04-13,7,1,51736,44.969128,-93.287895,264,"MN",101,"Quercus","macrocarpa","bur oak","Plantae","Breaking leaf buds",2023-05-04,124,NA,NA,14
314385,371,15,"2023-01-01","2023-12-31",2023-04-20,110,2023-04-13,7,1,51734,44.9701,-93.2836,264,"MN",101,"Quercus","macrocarpa","bur oak","Plantae","Breaking leaf buds",2023-05-04,124,NA,NA,14
314385,501,15,"2023-01-01","2023-12-31",2023-05-04,124,2023-04-27,7,1,51734,44.9701,-93.2836,264,"MN",101,"Quercus","macrocarpa","bur oak","Plantae","Open flowers",2023-05-04,124,NA,NA,0
314388,371,15,"2023-01-01","2023-12-31",2023-04-13,103,2023-04-06,7,1,51737,44.968346,-93.28331,264,"MN",101,"Quercus","macrocarpa","bur oak","Plantae","Breaking leaf buds",2023-04-13,103,NA,NA,0
315518,371,15,"2023-01-01","2023-12-31",2023-04-21,111,2023-03-31,21,1,47095,41.503468,-91.505867,188,"IA",101,"Quercus","macrocarpa","bur oak","Plantae","Breaking leaf buds",2023-05-04,124,2023-05-31,27,13
315518,371,16,"2024-01-01","2024-12-31",2024-04-16,107,2024-04-12,4,1,47095,41.503468,-91.505867,188,"IA",101,"Quercus","macrocarpa","bur oak","Plantae","Breaking leaf buds",2024-05-14,135,2024-05-22,8,28
315518,371,17,"2025-01-01","2025-12-31",2025-04-24,114,2025-04-16,8,1,47095,41.503468,-91.505867,188,"IA",101,"Quercus","macrocarpa","bur oak","Plantae","Breaking leaf buds",2025-05-06,126,2025-05-17,11,12
315734,371,15,"2023-01-01","2023-12-31",2023-04-13,103,2023-03-23,21,1,51953,44.972717,-93.28463,264,"MN",101,"Quercus","macrocarpa","bur oak","Plantae","Breaking leaf buds",2023-04-27,117,NA,NA,14
315734,501,15,"2023-01-01","2023-12-31",2023-04-27,117,2023-04-13,14,1,51953,44.972717,-93.28463,264,"MN",101,"Quercus","macrocarpa","bur oak","Plantae","Open flowers",2023-04-27,117,NA,NA,0
316079,371,15,"2023-01-01","2023-12-31",2023-04-20,110,2023-04-13,7,1,51976,44.968346,-93.28331,264,"MN",101,"Quercus","macrocarpa","bur oak","Plantae","Breaking leaf buds",2023-04-27,117,NA,NA,7
316724,371,15,"2023-01-01","2023-12-31",2023-06-07,158,2023-05-31,7,1,52059,46.579838,-90.87455,213,"WI",101,"Quercus","macrocarpa","bur oak","Plantae","Breaking leaf buds",2023-08-21,233,2023-08-29,8,75
316725,371,15,"2023-01-01","2023-12-31",2023-06-07,158,2023-05-31,7,3,52059,46.579838,-90.87455,213,"WI",101,"Quercus","macrocarpa","bur oak","Plantae","Breaking leaf buds",2023-09-19,262,2023-09-26,7,104
316745,371,15,"2023-01-01","2023-12-31",2023-05-04,124,2023-05-03,1,1,52064,39.2873,-94.432701,308,"MO",2043,"Quercus","bicolor","swamp white oak","Plantae","Breaking leaf buds",2023-05-04,124,NA,NA,0
316829,371,16,"2024-01-01","2024-12-31",2024-04-23,114,2024-04-05,18,1,11999,35.603413,-83.782997,648,"TN",100,"Quercus","alba","white oak","Plantae","Breaking leaf buds",2024-04-28,119,2024-05-01,3,5
316829,371,17,"2025-01-01","2025-12-31",2025-04-27,117,2025-04-15,12,1,11999,35.603413,-83.782997,648,"TN",100,"Quercus","alba","white oak","Plantae","Breaking leaf buds",2025-05-06,126,2025-05-10,4,9
316829,371,18,"2026-01-01","2026-12-31",2026-04-12,102,2026-04-07,5,2,11999,35.603413,-83.782997,648,"TN",100,"Quercus","alba","white oak","Plantae","Breaking leaf buds",2026-04-24,114,2026-05-01,7,12
316833,371,16,"2024-01-01","2024-12-31",2024-04-23,114,2024-04-05,18,1,11999,35.603413,-83.782997,648,"TN",100,"Quercus","alba","white oak","Plantae","Breaking leaf buds",2024-04-26,117,2024-04-28,2,3
316833,371,17,"2025-01-01","2025-12-31",2025-04-27,117,2025-04-15,12,1,11999,35.603413,-83.782997,648,"TN",100,"Quercus","alba","white oak","Plantae","Breaking leaf buds",2025-04-28,118,2025-05-06,8,1
316833,371,18,"2026-01-01","2026-12-31",2026-04-24,114,2026-04-14,10,1,11999,35.603413,-83.782997,648,"TN",100,"Quercus","alba","white oak","Plantae","Breaking leaf buds",2026-04-24,114,2026-05-01,7,0
317073,501,15,"2023-01-01","2023-12-31",2023-05-23,143,2023-05-11,12,1,23501,47.490433,-95.121841,432,"MN",101,"Quercus","macrocarpa","bur oak","Plantae","Open flowers",2023-05-23,143,NA,NA,0
317076,501,15,"2023-01-01","2023-12-31",2023-03-14,73,2023-03-09,5,1,52142,27.710093,-82.687538,1,"FL",305,"Quercus","virginiana","live oak","Plantae","Open flowers",2023-04-23,113,NA,NA,40
317078,501,15,"2023-01-01","2023-12-31",2023-03-14,73,2023-03-09,5,1,52142,27.710093,-82.687538,1,"FL",305,"Quercus","virginiana","live oak","Plantae","Open flowers",2023-04-23,113,NA,NA,40
318215,371,15,"2023-01-01","2023-12-31",2023-04-07,97,2023-03-31,7,1,52308,40.508602,-88.991196,246,"IL",101,"Quercus","macrocarpa","bur oak","Plantae","Breaking leaf buds",2023-04-12,102,2023-04-20,8,5
318215,501,15,"2023-01-01","2023-12-31",2023-04-27,117,2023-04-20,7,3,52308,40.508602,-88.991196,246,"IL",101,"Quercus","macrocarpa","bur oak","Plantae","Open flowers",2023-07-06,187,2023-07-14,8,70
318219,371,15,"2023-01-01","2023-12-31",2023-04-12,102,2023-04-07,5,1,52308,40.508602,-88.991196,246,"IL",101,"Quercus","macrocarpa","bur oak","Plantae","Breaking leaf buds",2023-04-20,110,2023-04-27,7,8
318219,501,15,"2023-01-01","2023-12-31",2023-05-02,122,2023-04-27,5,2,52308,40.508602,-88.991196,246,"IL",101,"Quercus","macrocarpa","bur oak","Plantae","Open flowers",2023-06-07,158,2023-06-14,7,36
318220,371,15,"2023-01-01","2023-12-31",2023-04-11,101,2023-04-07,4,1,52308,40.508602,-88.991196,246,"IL",101,"Quercus","macrocarpa","bur oak","Plantae","Breaking leaf buds",2023-04-12,102,2023-04-20,8,1
318220,501,15,"2023-01-01","2023-12-31",2023-05-02,122,2023-04-27,5,2,52308,40.508602,-88.991196,246,"IL",101,"Quercus","macrocarpa","bur oak","Plantae","Open flowers",2023-07-06,187,2023-07-14,8,65
318221,371,15,"2023-01-01","2023-12-31",2023-04-13,103,2023-04-12,1,1,52308,40.508602,-88.991196,246,"IL",101,"Quercus","macrocarpa","bur oak","Plantae","Breaking leaf buds",2023-04-20,110,2023-04-27,7,7
318221,501,15,"2023-01-01","2023-12-31",2023-04-27,117,2023-04-20,7,2,52308,40.508602,-88.991196,246,"IL",101,"Quercus","macrocarpa","bur oak","Plantae","Open flowers",2023-06-22,173,2023-06-30,8,56
318222,501,15,"2023-01-01","2023-12-31",2023-05-02,122,2023-04-27,5,3,52308,40.508602,-88.991196,246,"IL",101,"Quercus","macrocarpa","bur oak","Plantae","Open flowers",2023-06-20,171,2023-06-22,2,49
318223,371,15,"2023-01-01","2023-12-31",2023-04-20,110,2023-04-07,13,1,52308,40.508602,-88.991196,246,"IL",2043,"Quercus","bicolor","swamp white oak","Plantae","Breaking leaf buds",2023-04-20,110,2023-04-27,7,0
318223,501,15,"2023-01-01","2023-12-31",2023-04-27,117,2023-04-20,7,1,52308,40.508602,-88.991196,246,"IL",2043,"Quercus","bicolor","swamp white oak","Plantae","Open flowers",2023-05-09,129,2023-05-16,7,12
318224,371,15,"2023-01-01","2023-12-31",2023-04-11,101,2023-04-07,4,1,52308,40.508602,-88.991196,246,"IL",2043,"Quercus","bicolor","swamp white oak","Plantae","Breaking leaf buds",2023-04-12,102,2023-04-20,8,1
318224,501,15,"2023-01-01","2023-12-31",2023-04-27,117,2023-04-20,7,2,52308,40.508602,-88.991196,246,"IL",2043,"Quercus","bicolor","swamp white oak","Plantae","Open flowers",2023-06-22,173,2023-06-30,8,56
318225,371,15,"2023-01-01","2023-12-31",2023-04-11,101,2023-04-07,4,1,52308,40.508602,-88.991196,246,"IL",2043,"Quercus","bicolor","swamp white oak","Plantae","Breaking leaf buds",2023-04-12,102,2023-04-20,8,1
318225,501,15,"2023-01-01","2023-12-31",2023-05-02,122,2023-04-20,12,2,52308,40.508602,-88.991196,246,"IL",2043,"Quercus","bicolor","swamp white oak","Plantae","Open flowers",2023-06-20,171,2023-06-22,2,49
318226,371,15,"2023-01-01","2023-12-31",2023-04-20,110,2023-04-12,8,1,52308,40.508602,-88.991196,246,"IL",2043,"Quercus","bicolor","swamp white oak","Plantae","Breaking leaf buds",2023-04-27,117,2023-05-02,5,7
318226,501,15,"2023-01-01","2023-12-31",2023-05-09,129,2023-05-02,7,1,52308,40.508602,-88.991196,246,"IL",2043,"Quercus","bicolor","swamp white oak","Plantae","Open flowers",2023-06-22,173,2023-06-30,8,44
318227,371,15,"2023-01-01","2023-12-31",2023-04-12,102,2023-04-07,5,1,52308,40.508602,-88.991196,246,"IL",2043,"Quercus","bicolor","swamp white oak","Plantae","Breaking leaf buds",2023-04-19,109,2023-04-20,1,7
318227,501,15,"2023-01-01","2023-12-31",2023-05-02,122,2023-04-27,5,1,52308,40.508602,-88.991196,246,"IL",2043,"Quercus","bicolor","swamp white oak","Plantae","Open flowers",2023-06-22,173,2023-06-30,8,51
318228,371,15,"2023-01-01","2023-12-31",2023-04-12,102,2023-04-07,5,1,52308,40.508602,-88.991196,246,"IL",2043,"Quercus","bicolor","swamp white oak","Plantae","Breaking leaf buds",2023-04-12,102,2023-04-20,8,0
318228,501,15,"2023-01-01","2023-12-31",2023-05-02,122,2023-04-27,5,1,52308,40.508602,-88.991196,246,"IL",2043,"Quercus","bicolor","swamp white oak","Plantae","Open flowers",2023-06-22,173,2023-06-30,8,51
318229,501,15,"2023-01-01","2023-12-31",2023-05-02,122,2023-04-20,12,2,52308,40.508602,-88.991196,246,"IL",2043,"Quercus","bicolor","swamp white oak","Plantae","Open flowers",2023-06-07,158,2023-06-14,7,36
318236,371,16,"2024-01-01","2024-12-31",2024-04-16,107,2024-04-05,11,1,49869,44.0261,-92.525398,335,"MN",101,"Quercus","macrocarpa","bur oak","Plantae","Breaking leaf buds",2024-04-25,116,2024-05-10,15,9
318236,501,16,"2024-01-01","2024-12-31",2024-05-10,131,2024-04-25,15,1,49869,44.0261,-92.525398,335,"MN",101,"Quercus","macrocarpa","bur oak","Plantae","Open flowers",2024-05-13,134,2024-06-21,39,3
318244,371,15,"2023-01-01","2023-12-31",2023-04-11,101,2023-04-07,4,1,52308,40.508602,-88.991196,246,"IL",2050,"Quercus","muehlenbergii","chinquapin oak","Plantae","Breaking leaf buds",2023-04-12,102,2023-04-20,8,1
318244,501,15,"2023-01-01","2023-12-31",2023-05-01,121,2023-04-27,4,1,52308,40.508602,-88.991196,246,"IL",2050,"Quercus","muehlenbergii","chinquapin oak","Plantae","Open flowers",2023-05-16,136,2023-05-24,8,15
318245,371,15,"2023-01-01","2023-12-31",2023-04-11,101,2023-04-07,4,1,52308,40.508602,-88.991196,246,"IL",2050,"Quercus","muehlenbergii","chinquapin oak","Plantae","Breaking leaf buds",2023-04-12,102,2023-04-20,8,1
318245,501,15,"2023-01-01","2023-12-31",2023-05-02,122,2023-04-27,5,1,52308,40.508602,-88.991196,246,"IL",2050,"Quercus","muehlenbergii","chinquapin oak","Plantae","Open flowers",2023-05-02,122,2023-05-09,7,0
318246,501,15,"2023-01-01","2023-12-31",2023-04-27,117,2023-04-20,7,1,52308,40.508602,-88.991196,246,"IL",2050,"Quercus","muehlenbergii","chinquapin oak","Plantae","Open flowers",2023-05-24,144,2023-05-31,7,27
318247,501,15,"2023-01-01","2023-12-31",2023-04-27,117,2023-04-20,7,1,52308,40.508602,-88.991196,246,"IL",2050,"Quercus","muehlenbergii","chinquapin oak","Plantae","Open flowers",2023-05-16,136,2023-05-24,8,19
318249,371,15,"2023-01-01","2023-12-31",2023-04-11,101,2023-04-07,4,1,52308,40.508602,-88.991196,246,"IL",2050,"Quercus","muehlenbergii","chinquapin oak","Plantae","Breaking leaf buds",2023-04-20,110,2023-04-27,7,9
318249,501,15,"2023-01-01","2023-12-31",2023-05-02,122,2023-04-27,5,1,52308,40.508602,-88.991196,246,"IL",2050,"Quercus","muehlenbergii","chinquapin oak","Plantae","Open flowers",2023-05-16,136,2023-05-24,8,14
319140,371,13,"2021-01-01","2021-12-31",2021-04-16,106,2021-04-09,7,1,44055,44.901894,-93.147064,276,"MN",2043,"Quercus","bicolor","swamp white oak","Plantae","Breaking leaf buds",2021-05-28,148,2023-03-24,665,42
319140,371,15,"2023-01-01","2023-12-31",2023-05-12,132,2023-04-15,27,1,44055,44.901894,-93.147064,276,"MN",2043,"Quercus","bicolor","swamp white oak","Plantae","Breaking leaf buds",2023-05-26,146,2023-06-05,10,14
319140,371,16,"2024-01-01","2024-12-31",2024-04-18,109,2024-04-12,6,3,44055,44.901894,-93.147064,276,"MN",2043,"Quercus","bicolor","swamp white oak","Plantae","Breaking leaf buds",2024-12-25,360,2025-03-22,87,251
319140,371,17,"2025-01-01","2025-12-31",2025-04-18,108,2025-04-11,7,1,44055,44.901894,-93.147064,276,"MN",2043,"Quercus","bicolor","swamp white oak","Plantae","Breaking leaf buds",2025-05-09,129,2025-05-15,6,21
319140,371,18,"2026-01-01","2026-12-31",2026-04-25,115,2026-04-17,8,1,44055,44.901894,-93.147064,276,"MN",2043,"Quercus","bicolor","swamp white oak","Plantae","Breaking leaf buds",2026-05-01,121,2026-05-09,8,6
319140,501,16,"2024-01-01","2024-12-31",2024-12-25,360,2024-11-30,25,1,44055,44.901894,-93.147064,276,"MN",2043,"Quercus","bicolor","swamp white oak","Plantae","Open flowers",2024-12-25,360,2025-03-22,87,0
319141,371,13,"2021-01-01","2021-12-31",2021-05-14,134,2021-04-16,28,1,44055,44.901894,-93.147064,276,"MN",2043,"Quercus","bicolor","swamp white oak","Plantae","Breaking leaf buds",2021-05-28,148,2023-03-24,665,14
319141,371,15,"2023-01-01","2023-12-31",2023-05-12,132,2023-04-15,27,1,44055,44.901894,-93.147064,276,"MN",2043,"Quercus","bicolor","swamp white oak","Plantae","Breaking leaf buds",2023-05-18,138,2023-05-26,8,6
319141,371,16,"2024-01-01","2024-12-31",2024-04-26,117,2024-04-18,8,3,44055,44.901894,-93.147064,276,"MN",2043,"Quercus","bicolor","swamp white oak","Plantae","Breaking leaf buds",2024-08-02,215,2024-08-08,6,98
319141,371,17,"2025-01-01","2025-12-31",2025-04-18,108,2025-04-11,7,2,44055,44.901894,-93.147064,276,"MN",2043,"Quercus","bicolor","swamp white oak","Plantae","Breaking leaf buds",2025-05-09,129,2025-05-15,6,21
319141,371,18,"2026-01-01","2026-12-31",2026-04-25,115,2026-04-17,8,2,44055,44.901894,-93.147064,276,"MN",2043,"Quercus","bicolor","swamp white oak","Plantae","Breaking leaf buds",2026-05-22,142,2026-05-29,7,27
319142,371,13,"2021-01-01","2021-12-31",2021-05-14,134,2021-04-16,28,1,44055,44.901894,-93.147064,276,"MN",2043,"Quercus","bicolor","swamp white oak","Plantae","Breaking leaf buds",2021-05-28,148,2023-03-24,665,14
319142,371,15,"2023-01-01","2023-12-31",2023-04-15,105,2023-04-07,8,1,44055,44.901894,-93.147064,276,"MN",2043,"Quercus","bicolor","swamp white oak","Plantae","Breaking leaf buds",2023-05-18,138,2023-05-26,8,33
319142,371,16,"2024-01-01","2024-12-31",2024-04-26,117,2024-04-18,8,1,44055,44.901894,-93.147064,276,"MN",2043,"Quercus","bicolor","swamp white oak","Plantae","Breaking leaf buds",2024-05-10,131,2024-05-17,7,14
319142,371,17,"2025-01-01","2025-12-31",2025-04-25,115,2025-04-18,7,1,44055,44.901894,-93.147064,276,"MN",2043,"Quercus","bicolor","swamp white oak","Plantae","Breaking leaf buds",2025-05-02,122,2025-05-09,7,7
319142,371,18,"2026-01-01","2026-12-31",2026-04-25,115,2026-04-17,8,1,44055,44.901894,-93.147064,276,"MN",2043,"Quercus","bicolor","swamp white oak","Plantae","Breaking leaf buds",2026-05-09,129,2026-05-15,6,14
319142,501,18,"2026-01-01","2026-12-31",2026-06-19,170,2026-06-12,7,1,44055,44.901894,-93.147064,276,"MN",2043,"Quercus","bicolor","swamp white oak","Plantae","Open flowers",2026-06-19,170,2026-06-26,7,0
319143,371,13,"2021-01-01","2021-12-31",2021-05-14,134,2021-04-16,28,1,44254,44.901379,-93.147896,277,"MN",2043,"Quercus","bicolor","swamp white oak","Plantae","Breaking leaf buds",2021-05-28,148,2021-06-04,7,14
319143,371,16,"2024-01-01","2024-12-31",2024-04-29,120,2024-04-13,16,2,44254,44.901379,-93.147896,277,"MN",2043,"Quercus","bicolor","swamp white oak","Plantae","Breaking leaf buds",2024-05-22,143,2024-05-29,7,23
319143,371,17,"2025-01-01","2025-12-31",2025-04-18,108,2025-04-11,7,1,44254,44.901379,-93.147896,277,"MN",2043,"Quercus","bicolor","swamp white oak","Plantae","Breaking leaf buds",2025-05-14,134,2025-05-22,8,26
319143,371,18,"2026-01-01","2026-12-31",2026-04-18,108,2026-04-10,8,1,44254,44.901379,-93.147896,277,"MN",2043,"Quercus","bicolor","swamp white oak","Plantae","Breaking leaf buds",2026-05-08,128,2026-05-22,14,20
319144,371,13,"2021-01-01","2021-12-31",2021-04-16,106,2021-04-09,7,1,44254,44.901379,-93.147896,277,"MN",2043,"Quercus","bicolor","swamp white oak","Plantae","Breaking leaf buds",2021-05-21,141,2021-05-28,7,35
319144,371,15,"2023-01-01","2023-12-31",2023-05-12,132,2023-04-15,27,1,44254,44.901379,-93.147896,277,"MN",2043,"Quercus","bicolor","swamp white oak","Plantae","Breaking leaf buds",2023-05-25,145,2023-06-02,8,13
319144,371,16,"2024-01-01","2024-12-31",2024-04-29,120,2024-04-13,16,3,44254,44.901379,-93.147896,277,"MN",2043,"Quercus","bicolor","swamp white oak","Plantae","Breaking leaf buds",2024-08-29,242,2024-09-05,7,122
319144,371,17,"2025-01-01","2025-12-31",2025-04-18,108,2025-04-11,7,1,44254,44.901379,-93.147896,277,"MN",2043,"Quercus","bicolor","swamp white oak","Plantae","Breaking leaf buds",2025-05-09,129,2025-05-14,5,21
319144,371,18,"2026-01-01","2026-12-31",2026-04-18,108,2026-04-10,8,2,44254,44.901379,-93.147896,277,"MN",2043,"Quercus","bicolor","swamp white oak","Plantae","Breaking leaf buds",2026-05-08,128,2026-05-22,14,20
319145,371,13,"2021-01-01","2021-12-31",2021-04-16,106,2021-04-09,7,1,44254,44.901379,-93.147896,277,"MN",2043,"Quercus","bicolor","swamp white oak","Plantae","Breaking leaf buds",2021-05-21,141,2021-05-28,7,35
319145,371,15,"2023-01-01","2023-12-31",2023-05-12,132,2023-04-15,27,1,44254,44.901379,-93.147896,277,"MN",2043,"Quercus","bicolor","swamp white oak","Plantae","Breaking leaf buds",2023-05-25,145,2023-06-02,8,13
319145,371,16,"2024-01-01","2024-12-31",2024-04-29,120,2024-04-13,16,2,44254,44.901379,-93.147896,277,"MN",2043,"Quercus","bicolor","swamp white oak","Plantae","Breaking leaf buds",2024-05-22,143,2024-05-29,7,23
319145,371,17,"2025-01-01","2025-12-31",2025-04-25,115,2025-04-18,7,1,44254,44.901379,-93.147896,277,"MN",2043,"Quercus","bicolor","swamp white oak","Plantae","Breaking leaf buds",2025-05-14,134,2025-05-22,8,19
319145,371,18,"2026-01-01","2026-12-31",2026-04-18,108,2026-04-10,8,1,44254,44.901379,-93.147896,277,"MN",2043,"Quercus","bicolor","swamp white oak","Plantae","Breaking leaf buds",2026-05-08,128,2026-05-22,14,20
319148,371,13,"2021-01-01","2021-12-31",2021-04-16,106,2021-04-09,7,1,44254,44.901379,-93.147896,277,"MN",2043,"Quercus","bicolor","swamp white oak","Plantae","Breaking leaf buds",2021-05-28,148,2021-06-04,7,42
319148,371,15,"2023-01-01","2023-12-31",2023-04-15,105,2023-04-07,8,1,44254,44.901379,-93.147896,277,"MN",2043,"Quercus","bicolor","swamp white oak","Plantae","Breaking leaf buds",2023-05-25,145,2023-06-02,8,40
319148,371,16,"2024-01-01","2024-12-31",2024-04-29,120,2024-04-13,16,2,44254,44.901379,-93.147896,277,"MN",2043,"Quercus","bicolor","swamp white oak","Plantae","Breaking leaf buds",2024-05-22,143,2024-05-29,7,23
319148,371,17,"2025-01-01","2025-12-31",2025-04-25,115,2025-04-18,7,1,44254,44.901379,-93.147896,277,"MN",2043,"Quercus","bicolor","swamp white oak","Plantae","Breaking leaf buds",2025-05-02,122,2025-05-09,7,7
319148,371,18,"2026-01-01","2026-12-31",2026-04-18,108,2026-04-10,8,1,44254,44.901379,-93.147896,277,"MN",2043,"Quercus","bicolor","swamp white oak","Plantae","Breaking leaf buds",2026-05-08,128,2026-05-22,14,20
319149,371,13,"2021-01-01","2021-12-31",2021-05-14,134,2021-04-16,28,1,44255,44.902611,-93.148041,277,"MN",2043,"Quercus","bicolor","swamp white oak","Plantae","Breaking leaf buds",2021-05-28,148,2021-08-27,91,14
319149,371,15,"2023-01-01","2023-12-31",2023-05-12,132,2023-04-15,27,1,44255,44.902611,-93.148041,277,"MN",2043,"Quercus","bicolor","swamp white oak","Plantae","Breaking leaf buds",2023-05-18,138,2023-05-26,8,6
319149,371,16,"2024-01-01","2024-12-31",2024-04-29,120,2024-04-13,16,3,44255,44.902611,-93.148041,277,"MN",2043,"Quercus","bicolor","swamp white oak","Plantae","Breaking leaf buds",2024-07-25,207,2024-08-09,15,87
319149,371,17,"2025-01-01","2025-12-31",2025-04-25,115,2025-04-18,7,1,44255,44.902611,-93.148041,277,"MN",2043,"Quercus","bicolor","swamp white oak","Plantae","Breaking leaf buds",2025-05-09,129,2025-05-14,5,14
319149,371,18,"2026-01-01","2026-12-31",2026-04-18,108,2026-04-10,8,1,44255,44.902611,-93.148041,277,"MN",2043,"Quercus","bicolor","swamp white oak","Plantae","Breaking leaf buds",2026-05-08,128,2026-05-15,7,20
319150,371,13,"2021-01-01","2021-12-31",2021-05-14,134,2021-04-16,28,1,44255,44.902611,-93.148041,277,"MN",2043,"Quercus","bicolor","swamp white oak","Plantae","Breaking leaf buds",2021-05-28,148,2021-08-27,91,14
319150,371,15,"2023-01-01","2023-12-31",2023-05-12,132,2023-04-15,27,1,44255,44.902611,-93.148041,277,"MN",2043,"Quercus","bicolor","swamp white oak","Plantae","Breaking leaf buds",2023-05-26,146,2023-06-02,7,14
319150,371,16,"2024-01-01","2024-12-31",2024-04-29,120,2024-04-13,16,2,44255,44.902611,-93.148041,277,"MN",2043,"Quercus","bicolor","swamp white oak","Plantae","Breaking leaf buds",2024-05-22,143,2024-05-29,7,23
319150,371,17,"2025-01-01","2025-12-31",2025-05-02,122,2025-04-25,7,1,44255,44.902611,-93.148041,277,"MN",2043,"Quercus","bicolor","swamp white oak","Plantae","Breaking leaf buds",2025-05-02,122,2025-05-09,7,0
319150,371,18,"2026-01-01","2026-12-31",2026-04-24,114,2026-04-18,6,1,44255,44.902611,-93.148041,277,"MN",2043,"Quercus","bicolor","swamp white oak","Plantae","Breaking leaf buds",2026-05-15,135,2026-05-22,7,21
319151,371,13,"2021-01-01","2021-12-31",2021-05-14,134,2021-04-16,28,1,44255,44.902611,-93.148041,277,"MN",2043,"Quercus","bicolor","swamp white oak","Plantae","Breaking leaf buds",2021-05-28,148,2021-08-27,91,14
319151,371,15,"2023-01-01","2023-12-31",2023-05-12,132,2023-04-15,27,1,44255,44.902611,-93.148041,277,"MN",2043,"Quercus","bicolor","swamp white oak","Plantae","Breaking leaf buds",2023-06-02,153,2023-06-08,6,21
319151,371,16,"2024-01-01","2024-12-31",2024-04-29,120,2024-04-13,16,2,44255,44.902611,-93.148041,277,"MN",2043,"Quercus","bicolor","swamp white oak","Plantae","Breaking leaf buds",2024-05-22,143,2024-05-29,7,23
319151,371,17,"2025-01-01","2025-12-31",2025-05-02,122,2025-04-25,7,1,44255,44.902611,-93.148041,277,"MN",2043,"Quercus","bicolor","swamp white oak","Plantae","Breaking leaf buds",2025-05-09,129,2025-05-14,5,7
319151,371,18,"2026-01-01","2026-12-31",2026-04-24,114,2026-04-18,6,1,44255,44.902611,-93.148041,277,"MN",2043,"Quercus","bicolor","swamp white oak","Plantae","Breaking leaf buds",2026-05-15,135,2026-05-22,7,21
319152,371,13,"2021-01-01","2021-12-31",2021-04-16,106,2021-04-09,7,1,44255,44.902611,-93.148041,277,"MN",2043,"Quercus","bicolor","swamp white oak","Plantae","Breaking leaf buds",2021-05-28,148,2021-08-27,91,42
319152,371,15,"2023-01-01","2023-12-31",2023-05-12,132,2023-04-15,27,2,44255,44.902611,-93.148041,277,"MN",2043,"Quercus","bicolor","swamp white oak","Plantae","Breaking leaf buds",2023-05-26,146,2023-06-02,7,14
319152,371,16,"2024-01-01","2024-12-31",2024-04-29,120,2024-04-13,16,2,44255,44.902611,-93.148041,277,"MN",2043,"Quercus","bicolor","swamp white oak","Plantae","Breaking leaf buds",2024-05-22,143,2024-05-29,7,23
319152,371,17,"2025-01-01","2025-12-31",2025-05-02,122,2025-04-25,7,1,44255,44.902611,-93.148041,277,"MN",2043,"Quercus","bicolor","swamp white oak","Plantae","Breaking leaf buds",2025-05-02,122,2025-05-09,7,0
319152,371,18,"2026-01-01","2026-12-31",2026-05-01,121,2026-04-24,7,1,44255,44.902611,-93.148041,277,"MN",2043,"Quercus","bicolor","swamp white oak","Plantae","Breaking leaf buds",2026-05-08,128,2026-05-15,7,7
319153,371,13,"2021-01-01","2021-12-31",2021-05-14,134,2021-04-16,28,1,44241,44.90081,-93.150246,277,"MN",2043,"Quercus","bicolor","swamp white oak","Plantae","Breaking leaf buds",2021-05-28,148,2023-03-24,665,14
319153,371,15,"2023-01-01","2023-12-31",2023-04-15,105,2023-04-07,8,2,44241,44.90081,-93.150246,277,"MN",2043,"Quercus","bicolor","swamp white oak","Plantae","Breaking leaf buds",2023-06-02,153,2023-06-08,6,48
319153,371,16,"2024-01-01","2024-12-31",2024-04-13,104,2024-04-05,8,3,44241,44.90081,-93.150246,277,"MN",2043,"Quercus","bicolor","swamp white oak","Plantae","Breaking leaf buds",2024-07-27,209,2024-08-02,6,105
319153,371,17,"2025-01-01","2025-12-31",2025-05-09,129,2025-05-02,7,1,44241,44.90081,-93.150246,277,"MN",2043,"Quercus","bicolor","swamp white oak","Plantae","Breaking leaf buds",2025-05-09,129,2025-05-16,7,0
319153,371,18,"2026-01-01","2026-12-31",2026-04-24,114,2026-04-18,6,1,44241,44.90081,-93.150246,277,"MN",2043,"Quercus","bicolor","swamp white oak","Plantae","Breaking leaf buds",2026-05-15,135,2026-05-22,7,21
319153,501,16,"2024-01-01","2024-12-31",2024-05-17,138,2024-05-10,7,1,44241,44.90081,-93.150246,277,"MN",2043,"Quercus","bicolor","swamp white oak","Plantae","Open flowers",2024-05-17,138,2024-05-31,14,0
319153,501,18,"2026-01-01","2026-12-31",2026-04-18,108,2026-04-10,8,2,44241,44.90081,-93.150246,277,"MN",2043,"Quercus","bicolor","swamp white oak","Plantae","Open flowers",2026-05-15,135,2026-05-22,7,27
319154,371,13,"2021-01-01","2021-12-31",2021-05-14,134,2021-04-16,28,1,44241,44.90081,-93.150246,277,"MN",2043,"Quercus","bicolor","swamp white oak","Plantae","Breaking leaf buds",2021-05-28,148,2023-03-24,665,14
319154,371,15,"2023-01-01","2023-12-31",2023-05-12,132,2023-04-15,27,1,44241,44.90081,-93.150246,277,"MN",2043,"Quercus","bicolor","swamp white oak","Plantae","Breaking leaf buds",2023-05-18,138,2023-05-26,8,6
319154,371,16,"2024-01-01","2024-12-31",2024-04-12,103,2024-04-05,7,2,44241,44.90081,-93.150246,277,"MN",2043,"Quercus","bicolor","swamp white oak","Plantae","Breaking leaf buds",2024-05-10,131,2024-05-17,7,28
319154,371,17,"2025-01-01","2025-12-31",2025-05-02,122,2025-04-26,6,1,44241,44.90081,-93.150246,277,"MN",2043,"Quercus","bicolor","swamp white oak","Plantae","Breaking leaf buds",2025-05-16,136,2025-05-23,7,14
319154,371,18,"2026-01-01","2026-12-31",2026-04-24,114,2026-04-18,6,1,44241,44.90081,-93.150246,277,"MN",2043,"Quercus","bicolor","swamp white oak","Plantae","Breaking leaf buds",2026-05-15,135,2026-05-22,7,21
319155,371,13,"2021-01-01","2021-12-31",2021-05-14,134,2021-04-16,28,1,44241,44.90081,-93.150246,277,"MN",2043,"Quercus","bicolor","swamp white oak","Plantae","Breaking leaf buds",2021-05-28,148,2023-03-24,665,14
319155,371,15,"2023-01-01","2023-12-31",2023-05-12,132,2023-04-15,27,2,44241,44.90081,-93.150246,277,"MN",2043,"Quercus","bicolor","swamp white oak","Plantae","Breaking leaf buds",2023-06-02,153,2023-06-08,6,21
319155,371,16,"2024-01-01","2024-12-31",2024-05-03,124,2024-04-25,8,1,44241,44.90081,-93.150246,277,"MN",2043,"Quercus","bicolor","swamp white oak","Plantae","Breaking leaf buds",2024-05-17,138,2024-05-23,6,14
319155,371,17,"2025-01-01","2025-12-31",2025-05-02,122,2025-04-26,6,1,44241,44.90081,-93.150246,277,"MN",2043,"Quercus","bicolor","swamp white oak","Plantae","Breaking leaf buds",2025-05-16,136,2025-05-23,7,14
319155,371,18,"2026-01-01","2026-12-31",2026-05-08,128,2026-04-24,14,1,44241,44.90081,-93.150246,277,"MN",2043,"Quercus","bicolor","swamp white oak","Plantae","Breaking leaf buds",2026-05-15,135,2026-05-22,7,7
319155,501,18,"2026-01-01","2026-12-31",2026-05-15,135,2026-05-08,7,1,44241,44.90081,-93.150246,277,"MN",2043,"Quercus","bicolor","swamp white oak","Plantae","Open flowers",2026-05-15,135,2026-05-22,7,0
319156,371,13,"2021-01-01","2021-12-31",2021-05-14,134,2021-04-16,28,1,44076,44.897518,-93.16597,279,"MN",2043,"Quercus","bicolor","swamp white oak","Plantae","Breaking leaf buds",2021-05-28,148,2021-08-27,91,14
319156,371,15,"2023-01-01","2023-12-31",2023-05-12,132,2023-04-15,27,1,44076,44.897518,-93.16597,279,"MN",2043,"Quercus","bicolor","swamp white oak","Plantae","Breaking leaf buds",2023-05-18,138,2023-05-26,8,6
319156,371,16,"2024-01-01","2024-12-31",2024-04-20,111,2024-04-13,7,2,44076,44.897518,-93.16597,279,"MN",2043,"Quercus","bicolor","swamp white oak","Plantae","Breaking leaf buds",2024-05-10,131,2024-05-17,7,20
319156,371,17,"2025-01-01","2025-12-31",2025-04-25,115,2025-04-18,7,1,44076,44.897518,-93.16597,279,"MN",2043,"Quercus","bicolor","swamp white oak","Plantae","Breaking leaf buds",2025-05-09,129,2025-05-14,5,14
319156,371,18,"2026-01-01","2026-12-31",2026-04-24,114,2026-04-18,6,1,44076,44.897518,-93.16597,279,"MN",2043,"Quercus","bicolor","swamp white oak","Plantae","Breaking leaf buds",2026-05-08,128,2026-05-15,7,14
319157,371,13,"2021-01-01","2021-12-31",2021-05-14,134,2021-04-16,28,1,44076,44.897518,-93.16597,279,"MN",2043,"Quercus","bicolor","swamp white oak","Plantae","Breaking leaf buds",2021-05-28,148,2021-08-27,91,14
319157,371,15,"2023-01-01","2023-12-31",2023-05-12,132,2023-04-15,27,1,44076,44.897518,-93.16597,279,"MN",2043,"Quercus","bicolor","swamp white oak","Plantae","Breaking leaf buds",2023-05-18,138,2023-05-26,8,6
319157,371,16,"2024-01-01","2024-12-31",2024-04-20,111,2024-04-13,7,2,44076,44.897518,-93.16597,279,"MN",2043,"Quercus","bicolor","swamp white oak","Plantae","Breaking leaf buds",2024-07-18,200,2024-07-25,7,89
319157,501,16,"2024-01-01","2024-12-31",2024-05-17,138,2024-05-10,7,1,44076,44.897518,-93.16597,279,"MN",2043,"Quercus","bicolor","swamp white oak","Plantae","Open flowers",2024-05-24,145,2024-06-07,14,7
319158,371,13,"2021-01-01","2021-12-31",2021-05-14,134,2021-04-16,28,1,44076,44.897518,-93.16597,279,"MN",2043,"Quercus","bicolor","swamp white oak","Plantae","Breaking leaf buds",2021-05-28,148,2021-08-27,91,14
319158,371,15,"2023-01-01","2023-12-31",2023-05-12,132,2023-04-15,27,1,44076,44.897518,-93.16597,279,"MN",2043,"Quercus","bicolor","swamp white oak","Plantae","Breaking leaf buds",2023-05-26,146,2023-06-02,7,14
319158,371,16,"2024-01-01","2024-12-31",2024-04-20,111,2024-04-13,7,2,44076,44.897518,-93.16597,279,"MN",2043,"Quercus","bicolor","swamp white oak","Plantae","Breaking leaf buds",2024-05-10,131,2024-05-17,7,20
319158,371,17,"2025-01-01","2025-12-31",2025-05-02,122,2025-04-25,7,1,44076,44.897518,-93.16597,279,"MN",2043,"Quercus","bicolor","swamp white oak","Plantae","Breaking leaf buds",2025-05-09,129,2025-05-14,5,7
319158,371,18,"2026-01-01","2026-12-31",2026-04-24,114,2026-04-18,6,1,44076,44.897518,-93.16597,279,"MN",2043,"Quercus","bicolor","swamp white oak","Plantae","Breaking leaf buds",2026-05-08,128,2026-05-15,7,14
319159,371,13,"2021-01-01","2021-12-31",2021-05-14,134,2021-04-16,28,1,44076,44.897518,-93.16597,279,"MN",2043,"Quercus","bicolor","swamp white oak","Plantae","Breaking leaf buds",2021-05-28,148,2021-08-27,91,14
319159,371,15,"2023-01-01","2023-12-31",2023-05-12,132,2023-04-15,27,1,44076,44.897518,-93.16597,279,"MN",2043,"Quercus","bicolor","swamp white oak","Plantae","Breaking leaf buds",2023-05-26,146,2023-06-02,7,14
319159,371,16,"2024-01-01","2024-12-31",2024-04-20,111,2024-04-13,7,2,44076,44.897518,-93.16597,279,"MN",2043,"Quercus","bicolor","swamp white oak","Plantae","Breaking leaf buds",2024-05-10,131,2024-05-17,7,20
319159,371,17,"2025-01-01","2025-12-31",2025-04-25,115,2025-04-18,7,1,44076,44.897518,-93.16597,279,"MN",2043,"Quercus","bicolor","swamp white oak","Plantae","Breaking leaf buds",2025-05-09,129,2025-05-14,5,14
319159,371,18,"2026-01-01","2026-12-31",2026-04-18,108,2026-04-09,9,1,44076,44.897518,-93.16597,279,"MN",2043,"Quercus","bicolor","swamp white oak","Plantae","Breaking leaf buds",2026-05-08,128,2026-05-15,7,20
319160,371,13,"2021-01-01","2021-12-31",2021-05-14,134,2021-04-16,28,1,44076,44.897518,-93.16597,279,"MN",2043,"Quercus","bicolor","swamp white oak","Plantae","Breaking leaf buds",2021-05-28,148,2021-08-27,91,14
319160,371,15,"2023-01-01","2023-12-31",2023-05-12,132,2023-04-15,27,1,44076,44.897518,-93.16597,279,"MN",2043,"Quercus","bicolor","swamp white oak","Plantae","Breaking leaf buds",2023-05-26,146,2023-06-02,7,14
319160,371,16,"2024-01-01","2024-12-31",2024-04-20,111,2024-04-13,7,2,44076,44.897518,-93.16597,279,"MN",2043,"Quercus","bicolor","swamp white oak","Plantae","Breaking leaf buds",2024-05-10,131,2024-05-17,7,20
319160,371,17,"2025-01-01","2025-12-31",2025-05-02,122,2025-04-25,7,1,44076,44.897518,-93.16597,279,"MN",2043,"Quercus","bicolor","swamp white oak","Plantae","Breaking leaf buds",2025-05-09,129,2025-05-14,5,7
319160,371,18,"2026-01-01","2026-12-31",2026-04-24,114,2026-04-18,6,1,44076,44.897518,-93.16597,279,"MN",2043,"Quercus","bicolor","swamp white oak","Plantae","Breaking leaf buds",2026-05-08,128,2026-05-15,7,14
319161,371,13,"2021-01-01","2021-12-31",2021-05-14,134,2021-04-16,28,1,44256,44.90229,-93.148178,277,"MN",2043,"Quercus","bicolor","swamp white oak","Plantae","Breaking leaf buds",2021-05-28,148,2021-08-27,91,14
319161,371,15,"2023-01-01","2023-12-31",2023-05-12,132,2023-04-15,27,1,44256,44.90229,-93.148178,277,"MN",2043,"Quercus","bicolor","swamp white oak","Plantae","Breaking leaf buds",2023-05-26,146,2023-06-02,7,14
319161,371,16,"2024-01-01","2024-12-31",2024-04-28,119,2024-04-12,16,2,44256,44.90229,-93.148178,277,"MN",2043,"Quercus","bicolor","swamp white oak","Plantae","Breaking leaf buds",2024-05-17,138,2024-05-24,7,19
319161,371,17,"2025-01-01","2025-12-31",2025-05-02,122,2025-04-25,7,1,44256,44.90229,-93.148178,277,"MN",2043,"Quercus","bicolor","swamp white oak","Plantae","Breaking leaf buds",2025-05-15,135,2025-05-22,7,13
319161,371,18,"2026-01-01","2026-12-31",2026-04-24,114,2026-04-18,6,1,44256,44.90229,-93.148178,277,"MN",2043,"Quercus","bicolor","swamp white oak","Plantae","Breaking leaf buds",2026-05-08,128,2026-05-15,7,14
319162,371,13,"2021-01-01","2021-12-31",2021-05-14,134,2021-04-16,28,1,44256,44.90229,-93.148178,277,"MN",2043,"Quercus","bicolor","swamp white oak","Plantae","Breaking leaf buds",2021-05-28,148,2021-08-27,91,14
319162,371,15,"2023-01-01","2023-12-31",2023-05-12,132,2023-04-15,27,1,44256,44.90229,-93.148178,277,"MN",2043,"Quercus","bicolor","swamp white oak","Plantae","Breaking leaf buds",2023-05-26,146,2023-06-02,7,14
319162,371,16,"2024-01-01","2024-12-31",2024-04-28,119,2024-04-12,16,1,44256,44.90229,-93.148178,277,"MN",2043,"Quercus","bicolor","swamp white oak","Plantae","Breaking leaf buds",2024-05-24,145,2024-05-30,6,26
319162,371,17,"2025-01-01","2025-12-31",2025-04-25,115,2025-04-18,7,1,44256,44.90229,-93.148178,277,"MN",2043,"Quercus","bicolor","swamp white oak","Plantae","Breaking leaf buds",2025-05-10,130,2025-05-15,5,15
319162,371,18,"2026-01-01","2026-12-31",2026-04-18,108,2026-04-10,8,1,44256,44.90229,-93.148178,277,"MN",2043,"Quercus","bicolor","swamp white oak","Plantae","Breaking leaf buds",2026-05-15,135,2026-05-22,7,27
319163,371,13,"2021-01-01","2021-12-31",2021-05-14,134,2021-04-16,28,1,44256,44.90229,-93.148178,277,"MN",2043,"Quercus","bicolor","swamp white oak","Plantae","Breaking leaf buds",2021-05-28,148,2021-08-27,91,14
319163,371,15,"2023-01-01","2023-12-31",2023-05-12,132,2023-04-15,27,1,44256,44.90229,-93.148178,277,"MN",2043,"Quercus","bicolor","swamp white oak","Plantae","Breaking leaf buds",2023-05-18,138,2023-05-26,8,6
319163,371,16,"2024-01-01","2024-12-31",2024-04-28,119,2024-04-12,16,1,44256,44.90229,-93.148178,277,"MN",2043,"Quercus","bicolor","swamp white oak","Plantae","Breaking leaf buds",2024-05-09,130,2024-05-17,8,11
319163,371,17,"2025-01-01","2025-12-31",2025-04-25,115,2025-04-18,7,1,44256,44.90229,-93.148178,277,"MN",2043,"Quercus","bicolor","swamp white oak","Plantae","Breaking leaf buds",2025-05-10,130,2025-05-15,5,15
319875,371,16,"2024-01-01","2024-12-31",2024-04-28,119,2024-04-23,5,1,52637,42.386539,-71.108429,21,"MA",2043,"Quercus","bicolor","swamp white oak","Plantae","Breaking leaf buds",2024-05-01,122,2024-05-07,6,3
319875,371,17,"2025-01-01","2025-12-31",2025-04-21,111,2025-04-14,7,1,52637,42.386539,-71.108429,21,"MA",2043,"Quercus","bicolor","swamp white oak","Plantae","Breaking leaf buds",2025-04-30,120,2025-05-06,6,9
319875,371,18,"2026-01-01","2026-12-31",2026-04-15,105,2026-04-14,1,1,52637,42.386539,-71.108429,21,"MA",2043,"Quercus","bicolor","swamp white oak","Plantae","Breaking leaf buds",2026-05-10,130,2026-05-14,4,25
319875,501,18,"2026-01-01","2026-12-31",2026-05-14,134,2026-05-10,4,1,52637,42.386539,-71.108429,21,"MA",2043,"Quercus","bicolor","swamp white oak","Plantae","Open flowers",2026-05-17,137,2026-05-20,3,3
319950,371,16,"2024-01-01","2024-12-31",2024-04-16,107,2024-04-12,4,2,47095,41.503468,-91.505867,188,"IA",101,"Quercus","macrocarpa","bur oak","Plantae","Breaking leaf buds",2024-06-16,168,2024-07-27,41,61
319950,371,17,"2025-01-01","2025-12-31",2025-04-24,114,2025-04-16,8,1,47095,41.503468,-91.505867,188,"IA",101,"Quercus","macrocarpa","bur oak","Plantae","Breaking leaf buds",2025-05-06,126,2025-05-17,11,12
320196,371,15,"2023-01-01","2023-12-31",2023-10-02,275,2023-09-28,4,1,52756,38.019615,-84.499451,314,"KY",2050,"Quercus","muehlenbergii","chinquapin oak","Plantae","Breaking leaf buds",2023-11-15,319,NA,NA,44
320239,501,15,"2023-01-01","2023-12-31",2023-09-21,264,2023-09-14,7,1,52756,38.019615,-84.499451,314,"KY",2043,"Quercus","bicolor","swamp white oak","Plantae","Open flowers",2023-09-21,264,2023-09-28,7,0
320279,371,17,"2025-01-01","2025-12-31",2025-10-02,275,2025-09-29,3,2,52605,38.038338,-84.5047,299,"KY",101,"Quercus","macrocarpa","bur oak","Plantae","Breaking leaf buds",2025-11-07,311,2025-11-14,7,36
320284,371,15,"2023-01-01","2023-12-31",2023-09-27,270,2023-09-21,6,1,52605,38.038338,-84.5047,299,"KY",2043,"Quercus","bicolor","swamp white oak","Plantae","Breaking leaf buds",2023-09-27,270,2023-10-04,7,0
321343,371,15,"2023-01-01","2023-12-31",2023-09-27,270,2023-09-20,7,1,52880,44.901722,-93.361977,274,"MN",101,"Quercus","macrocarpa","bur oak","Plantae","Breaking leaf buds",2023-10-18,291,NA,NA,21
321344,371,15,"2023-01-01","2023-12-31",2023-09-27,270,2023-09-20,7,1,52880,44.901722,-93.361977,274,"MN",101,"Quercus","macrocarpa","bur oak","Plantae","Breaking leaf buds",2023-10-31,304,NA,NA,34
322756,371,16,"2024-01-01","2024-12-31",2024-05-09,130,2024-05-01,8,1,53157,44.022049,-70.963837,136,"ME",100,"Quercus","alba","white oak","Plantae","Breaking leaf buds",2024-05-09,130,NA,NA,0
323156,371,16,"2024-01-01","2024-12-31",2024-04-09,100,2024-04-01,8,1,53328,35.5895,-80.461639,244,"NC",1212,"Quercus","montana","chestnut oak","Plantae","Breaking leaf buds",2024-05-01,122,NA,NA,22
324332,371,15,"2023-01-01","2023-12-31",2023-11-13,317,2023-11-12,1,1,52757,38.030651,-84.503967,304,"KY",101,"Quercus","macrocarpa","bur oak","Plantae","Breaking leaf buds",2023-11-13,317,NA,NA,0
326418,371,16,"2024-01-01","2024-12-31",2024-04-15,106,2024-04-01,14,1,53579,40.087463,-76.002052,230,"PA",1212,"Quercus","montana","chestnut oak","Plantae","Breaking leaf buds",2024-04-22,113,2024-04-30,8,7
326418,371,17,"2025-01-01","2025-12-31",2025-04-22,112,2025-04-15,7,1,53579,40.087463,-76.002052,230,"PA",1212,"Quercus","montana","chestnut oak","Plantae","Breaking leaf buds",2025-04-22,112,2025-04-28,6,0
326418,371,18,"2026-01-01","2026-12-31",2026-04-13,103,2026-03-31,13,2,53579,40.087463,-76.002052,230,"PA",1212,"Quercus","montana","chestnut oak","Plantae","Breaking leaf buds",2026-05-15,135,2026-05-20,5,32
326692,371,16,"2024-01-01","2024-12-31",2024-04-13,104,2024-04-04,9,1,53581,39.81358,-76.349991,127,"PA",1212,"Quercus","montana","chestnut oak","Plantae","Breaking leaf buds",2024-04-29,120,2024-05-17,18,16
326692,371,17,"2025-01-01","2025-12-31",2025-04-13,103,2025-03-21,23,1,53581,39.81358,-76.349991,127,"PA",1212,"Quercus","montana","chestnut oak","Plantae","Breaking leaf buds",2025-04-29,119,2025-05-12,13,16
326692,501,17,"2025-01-01","2025-12-31",2025-04-29,119,2025-04-13,16,1,53581,39.81358,-76.349991,127,"PA",1212,"Quercus","montana","chestnut oak","Plantae","Open flowers",2025-04-29,119,2025-05-12,13,0
326726,371,16,"2024-01-01","2024-12-31",2024-04-20,111,2024-04-13,7,1,53581,39.81358,-76.349991,127,"PA",100,"Quercus","alba","white oak","Plantae","Breaking leaf buds",2024-04-29,120,2024-05-17,18,9
326726,371,17,"2025-01-01","2025-12-31",2025-04-18,108,2025-04-13,5,1,53581,39.81358,-76.349991,127,"PA",100,"Quercus","alba","white oak","Plantae","Breaking leaf buds",2025-04-29,119,2025-05-12,13,11
326869,371,16,"2024-01-01","2024-12-31",2024-02-25,56,2024-02-20,5,1,53776,30.450026,-84.262054,43,"FL",305,"Quercus","virginiana","live oak","Plantae","Breaking leaf buds",2024-03-07,67,NA,NA,11
326869,501,16,"2024-01-01","2024-12-31",2024-03-07,67,2024-03-01,6,1,53776,30.450026,-84.262054,43,"FL",305,"Quercus","virginiana","live oak","Plantae","Open flowers",2024-03-07,67,NA,NA,0
326971,501,16,"2024-01-01","2024-12-31",2024-03-22,82,2024-03-15,7,1,50497,34.80901,-80.157257,94,"SC",100,"Quercus","alba","white oak","Plantae","Open flowers",2024-03-26,86,NA,NA,4
327088,371,16,"2024-01-01","2024-12-31",2024-02-09,40,2024-02-02,7,2,53774,30.456919,-84.258575,43,"FL",305,"Quercus","virginiana","live oak","Plantae","Breaking leaf buds",2024-03-18,78,2024-03-26,8,38
327088,501,16,"2024-01-01","2024-12-31",2024-03-11,71,2024-03-06,5,1,53774,30.456919,-84.258575,43,"FL",305,"Quercus","virginiana","live oak","Plantae","Open flowers",2024-03-13,73,2024-03-18,5,2
327277,371,16,"2024-01-01","2024-12-31",2024-03-13,73,2024-03-07,6,1,53859,37.561539,-77.467545,50,"VA",100,"Quercus","alba","white oak","Plantae","Breaking leaf buds",2024-03-26,86,NA,NA,13
327772,371,16,"2024-01-01","2024-12-31",2024-03-01,61,2024-02-27,3,1,53774,30.456919,-84.258575,43,"FL",305,"Quercus","virginiana","live oak","Plantae","Breaking leaf buds",2024-03-18,78,2024-03-26,8,17
327772,501,16,"2024-01-01","2024-12-31",2024-03-11,71,2024-03-06,5,1,53774,30.456919,-84.258575,43,"FL",305,"Quercus","virginiana","live oak","Plantae","Open flowers",2024-03-18,78,2024-03-26,8,7
327774,371,16,"2024-01-01","2024-12-31",2024-03-10,70,2024-03-06,4,1,53866,30.537191,-84.290665,56,"FL",2047,"Quercus","lyrata","overcup oak","Plantae","Breaking leaf buds",2024-03-26,86,2024-04-02,7,16
327774,501,16,"2024-01-01","2024-12-31",2024-03-20,80,2024-03-12,8,1,53866,30.537191,-84.290665,56,"FL",2047,"Quercus","lyrata","overcup oak","Plantae","Open flowers",2024-03-26,86,2024-04-02,7,6
327775,371,16,"2024-01-01","2024-12-31",2024-02-28,59,2024-02-20,8,1,53866,30.537191,-84.290665,56,"FL",305,"Quercus","virginiana","live oak","Plantae","Breaking leaf buds",2024-03-20,80,2024-03-26,6,21
327775,501,16,"2024-01-01","2024-12-31",2024-03-20,80,2024-03-12,8,1,53866,30.537191,-84.290665,56,"FL",305,"Quercus","virginiana","live oak","Plantae","Open flowers",2024-03-20,80,2024-03-26,6,0
327781,371,18,"2026-01-01","2026-12-31",2026-04-15,105,2026-04-01,14,1,53882,39.838814,-84.847878,324,"IN",100,"Quercus","alba","white oak","Plantae","Breaking leaf buds",2026-04-15,105,2026-04-22,7,0
327781,501,16,"2024-01-01","2024-12-31",2024-05-03,124,2024-04-26,7,1,53882,39.838814,-84.847878,324,"IN",100,"Quercus","alba","white oak","Plantae","Open flowers",2024-05-08,129,2024-05-17,9,5
327781,501,18,"2026-01-01","2026-12-31",2026-04-15,105,2026-04-01,14,3,53882,39.838814,-84.847878,324,"IN",100,"Quercus","alba","white oak","Plantae","Open flowers",2026-06-17,168,2026-06-24,7,63
327966,371,16,"2024-01-01","2024-12-31",2024-02-28,59,2024-02-26,2,1,53919,27.714451,-82.681618,1,"FL",305,"Quercus","virginiana","live oak","Plantae","Breaking leaf buds",2024-03-15,75,2024-03-26,11,16
327966,501,16,"2024-01-01","2024-12-31",2024-03-26,86,2024-03-15,11,1,53919,27.714451,-82.681618,1,"FL",305,"Quercus","virginiana","live oak","Plantae","Open flowers",2024-04-22,113,2024-04-30,8,27
328041,371,16,"2024-01-01","2024-12-31",2024-02-29,60,2024-02-21,8,1,53954,30.447708,-84.248077,42,"FL",1755,"Quercus","stellata","post oak","Plantae","Breaking leaf buds",2024-03-19,79,2024-03-24,5,19
328041,501,16,"2024-01-01","2024-12-31",2024-03-07,67,2024-03-02,5,2,53954,30.447708,-84.248077,42,"FL",1755,"Quercus","stellata","post oak","Plantae","Open flowers",2024-03-19,79,2024-03-24,5,12
328127,371,16,"2024-01-01","2024-12-31",2024-03-02,62,2024-02-29,2,1,53954,30.447708,-84.248077,42,"FL",305,"Quercus","virginiana","live oak","Plantae","Breaking leaf buds",2024-04-16,107,2024-04-26,10,45
328127,501,16,"2024-01-01","2024-12-31",2024-03-14,74,2024-03-10,4,1,53954,30.447708,-84.248077,42,"FL",305,"Quercus","virginiana","live oak","Plantae","Open flowers",2024-03-24,84,2024-03-29,5,10
328299,371,16,"2024-01-01","2024-12-31",2024-03-31,91,2024-03-19,12,1,51776,35.075787,-97.331337,339,"OK",101,"Quercus","macrocarpa","bur oak","Plantae","Breaking leaf buds",2024-03-31,91,NA,NA,0
328495,371,16,"2024-01-01","2024-12-31",2024-04-12,103,2024-04-11,1,1,54108,38.771027,-93.758766,226,"MO",1755,"Quercus","stellata","post oak","Plantae","Breaking leaf buds",2024-04-12,103,NA,NA,0
328521,371,16,"2024-01-01","2024-12-31",2024-03-28,88,2024-03-24,4,4,52282,38.014748,-84.50634,316,"KY",100,"Quercus","alba","white oak","Plantae","Breaking leaf buds",2024-04-28,119,2024-05-05,7,31
328521,371,17,"2025-01-01","2025-12-31",2025-03-26,85,2025-03-25,1,4,52282,38.014748,-84.50634,316,"KY",100,"Quercus","alba","white oak","Plantae","Breaking leaf buds",2025-04-28,118,2025-04-29,1,33
328521,371,18,"2026-01-01","2026-12-31",2026-04-09,99,2026-04-07,2,2,52282,38.014748,-84.50634,316,"KY",100,"Quercus","alba","white oak","Plantae","Breaking leaf buds",2026-04-23,113,2026-04-27,4,14
328521,501,16,"2024-01-01","2024-12-31",2024-04-04,95,2024-04-01,3,3,52282,38.014748,-84.50634,316,"KY",100,"Quercus","alba","white oak","Plantae","Open flowers",2024-12-27,362,2025-02-25,60,267
328521,501,17,"2025-01-01","2025-12-31",2025-04-17,107,2025-04-15,2,4,52282,38.014748,-84.50634,316,"KY",100,"Quercus","alba","white oak","Plantae","Open flowers",2025-05-06,126,2025-05-10,4,19
328521,501,18,"2026-01-01","2026-12-31",2026-04-20,110,2026-04-14,6,3,52282,38.014748,-84.50634,316,"KY",100,"Quercus","alba","white oak","Plantae","Open flowers",2026-04-30,120,2026-05-03,3,10
328538,371,16,"2024-01-01","2024-12-31",2024-04-15,106,2024-04-12,3,2,54115,38.015823,-84.504768,315,"KY",100,"Quercus","alba","white oak","Plantae","Breaking leaf buds",2024-05-08,129,2024-05-13,5,23
328538,371,17,"2025-01-01","2025-12-31",2025-04-21,111,2025-04-14,7,1,54115,38.015823,-84.504768,315,"KY",100,"Quercus","alba","white oak","Plantae","Breaking leaf buds",2025-04-21,111,2025-04-28,7,0
328538,501,16,"2024-01-01","2024-12-31",2024-04-26,117,2024-04-22,4,1,54115,38.015823,-84.504768,315,"KY",100,"Quercus","alba","white oak","Plantae","Open flowers",2024-04-29,120,2024-05-06,7,3
328538,501,17,"2025-01-01","2025-12-31",2025-05-05,125,2025-04-28,7,1,54115,38.015823,-84.504768,315,"KY",100,"Quercus","alba","white oak","Plantae","Open flowers",2025-05-05,125,2025-05-08,3,0
328539,371,16,"2024-01-01","2024-12-31",2024-04-15,106,2024-04-08,7,2,54115,38.015823,-84.504768,315,"KY",100,"Quercus","alba","white oak","Plantae","Breaking leaf buds",2024-05-08,129,2024-05-13,5,23
328539,371,17,"2025-01-01","2025-12-31",2025-04-21,111,2025-04-14,7,1,54115,38.015823,-84.504768,315,"KY",100,"Quercus","alba","white oak","Plantae","Breaking leaf buds",2025-04-28,118,2025-05-05,7,7
328539,501,16,"2024-01-01","2024-12-31",2024-04-22,113,2024-04-18,4,1,54115,38.015823,-84.504768,315,"KY",100,"Quercus","alba","white oak","Plantae","Open flowers",2024-04-29,120,2024-05-06,7,7
328539,501,17,"2025-01-01","2025-12-31",2025-04-28,118,2025-04-21,7,1,54115,38.015823,-84.504768,315,"KY",100,"Quercus","alba","white oak","Plantae","Open flowers",2025-04-28,118,2025-05-05,7,0
328552,371,16,"2024-01-01","2024-12-31",2024-03-28,88,2024-03-25,3,2,54116,38.011917,-84.504448,318,"KY",100,"Quercus","alba","white oak","Plantae","Breaking leaf buds",2024-05-13,134,2024-05-20,7,46
328552,371,17,"2025-01-01","2025-12-31",2025-02-22,53,2025-02-20,2,6,54116,38.011917,-84.504448,318,"KY",100,"Quercus","alba","white oak","Plantae","Breaking leaf buds",2025-05-21,141,2025-05-22,1,88
328553,371,16,"2024-01-01","2024-12-31",2024-04-03,94,2024-03-31,3,1,54116,38.011917,-84.504448,318,"KY",100,"Quercus","alba","white oak","Plantae","Breaking leaf buds",2024-05-13,134,2024-05-20,7,40
328553,371,17,"2025-01-01","2025-12-31",2025-04-01,91,2025-03-30,2,4,54116,38.011917,-84.504448,318,"KY",100,"Quercus","alba","white oak","Plantae","Breaking leaf buds",2025-05-02,122,2025-05-05,3,31
328553,371,18,"2026-01-01","2026-12-31",2026-04-04,94,2026-04-02,2,1,54116,38.011917,-84.504448,318,"KY",100,"Quercus","alba","white oak","Plantae","Breaking leaf buds",2026-04-15,105,2026-04-18,3,11
328553,501,16,"2024-01-01","2024-12-31",2024-04-24,115,2024-04-17,7,1,54116,38.011917,-84.504448,318,"KY",100,"Quercus","alba","white oak","Plantae","Open flowers",2024-05-06,127,2024-05-09,3,12
328553,501,17,"2025-01-01","2025-12-31",2025-03-21,80,2025-03-19,2,4,54116,38.011917,-84.504448,318,"KY",100,"Quercus","alba","white oak","Plantae","Open flowers",2025-05-28,148,2025-05-29,1,68
328553,501,18,"2026-01-01","2026-12-31",2026-04-13,103,2026-04-12,1,2,54116,38.011917,-84.504448,318,"KY",100,"Quercus","alba","white oak","Plantae","Open flowers",2026-04-20,110,2026-04-22,2,7
328660,371,16,"2024-01-01","2024-12-31",2024-04-11,102,2024-04-09,2,1,54108,38.771027,-93.758766,226,"MO",100,"Quercus","alba","white oak","Plantae","Breaking leaf buds",2024-04-12,103,NA,NA,1
329006,371,16,"2024-01-01","2024-12-31",2024-03-28,88,2024-03-25,3,1,54244,40.805195,-77.864136,352,"PA",2043,"Quercus","bicolor","swamp white oak","Plantae","Breaking leaf buds",2024-04-19,110,NA,NA,22
329006,501,16,"2024-01-01","2024-12-31",2024-04-16,107,2024-04-12,4,1,54244,40.805195,-77.864136,352,"PA",2043,"Quercus","bicolor","swamp white oak","Plantae","Open flowers",2024-04-19,110,NA,NA,3
329100,371,16,"2024-01-01","2024-12-31",2024-04-10,101,2024-03-31,10,2,43308,42.375237,-71.144234,4,"MA",101,"Quercus","macrocarpa","bur oak","Plantae","Breaking leaf buds",2024-05-02,123,2024-05-03,1,22
329100,371,17,"2025-01-01","2025-12-31",2025-04-14,104,2025-04-09,5,2,43308,42.375237,-71.144234,4,"MA",101,"Quercus","macrocarpa","bur oak","Plantae","Breaking leaf buds",2025-04-25,115,2025-04-28,3,11
329100,371,18,"2026-01-01","2026-12-31",2026-04-01,91,2026-03-24,8,2,43308,42.375237,-71.144234,4,"MA",101,"Quercus","macrocarpa","bur oak","Plantae","Breaking leaf buds",2026-04-28,118,2026-05-05,7,27
329100,501,16,"2024-01-01","2024-12-31",2024-05-08,129,2024-05-04,4,5,43308,42.375237,-71.144234,4,"MA",101,"Quercus","macrocarpa","bur oak","Plantae","Open flowers",2024-06-14,166,2024-06-18,4,37
329100,501,17,"2025-01-01","2025-12-31",2025-05-02,122,2025-04-28,4,4,43308,42.375237,-71.144234,4,"MA",101,"Quercus","macrocarpa","bur oak","Plantae","Open flowers",2025-05-28,148,2025-06-02,5,26
329100,501,18,"2026-01-01","2026-12-31",2026-05-05,125,2026-04-28,7,1,43308,42.375237,-71.144234,4,"MA",101,"Quercus","macrocarpa","bur oak","Plantae","Open flowers",2026-05-19,139,2026-05-26,7,14
329110,371,16,"2024-01-01","2024-12-31",2024-04-11,102,2024-04-02,9,5,48749,42.373653,-71.143356,4,"MA",101,"Quercus","macrocarpa","bur oak","Plantae","Breaking leaf buds",2024-05-13,134,2024-05-19,6,32
329110,371,17,"2025-01-01","2025-12-31",2025-04-19,109,2025-04-17,2,2,48749,42.373653,-71.143356,4,"MA",101,"Quercus","macrocarpa","bur oak","Plantae","Breaking leaf buds",2025-06-03,154,2025-06-12,9,45
329110,371,18,"2026-01-01","2026-12-31",2026-04-07,97,2026-04-01,6,1,48749,42.373653,-71.143356,4,"MA",101,"Quercus","macrocarpa","bur oak","Plantae","Breaking leaf buds",2026-05-05,125,2026-05-12,7,28
329110,501,16,"2024-01-01","2024-12-31",2024-05-05,126,2024-04-28,7,2,48749,42.373653,-71.143356,4,"MA",101,"Quercus","macrocarpa","bur oak","Plantae","Open flowers",2024-05-22,143,2024-05-26,4,17
329110,501,17,"2025-01-01","2025-12-31",2025-04-29,119,2025-04-22,7,1,48749,42.373653,-71.143356,4,"MA",101,"Quercus","macrocarpa","bur oak","Plantae","Open flowers",2025-05-07,127,2025-05-13,6,8
329110,501,18,"2026-01-01","2026-12-31",2026-05-05,125,2026-04-23,12,3,48749,42.373653,-71.143356,4,"MA",101,"Quercus","macrocarpa","bur oak","Plantae","Open flowers",2026-06-08,159,2026-06-15,7,34
329512,371,16,"2024-01-01","2024-12-31",2024-03-28,88,2024-03-25,3,1,54244,40.805195,-77.864136,352,"PA",101,"Quercus","macrocarpa","bur oak","Plantae","Breaking leaf buds",2024-04-19,110,NA,NA,22
329512,501,16,"2024-01-01","2024-12-31",2024-04-19,110,2024-04-12,7,1,54244,40.805195,-77.864136,352,"PA",101,"Quercus","macrocarpa","bur oak","Plantae","Open flowers",2024-04-19,110,NA,NA,0
330473,371,17,"2025-01-01","2025-12-31",2025-04-07,97,2025-03-10,28,1,54311,37.646572,-84.687546,255,"KY",101,"Quercus","macrocarpa","bur oak","Plantae","Breaking leaf buds",2025-04-24,114,NA,NA,17
330539,371,16,"2024-01-01","2024-12-31",2024-04-28,119,2024-04-22,6,1,54312,44.976898,-93.153297,277,"MN",101,"Quercus","macrocarpa","bur oak","Plantae","Breaking leaf buds",2024-05-09,130,2024-05-22,13,11
330539,371,17,"2025-01-01","2025-12-31",2025-05-04,124,2025-04-13,21,1,54312,44.976898,-93.153297,277,"MN",101,"Quercus","macrocarpa","bur oak","Plantae","Breaking leaf buds",2025-05-04,124,NA,NA,0
330539,501,16,"2024-01-01","2024-12-31",2024-05-09,130,2024-05-04,5,1,54312,44.976898,-93.153297,277,"MN",101,"Quercus","macrocarpa","bur oak","Plantae","Open flowers",2024-05-09,130,2024-05-22,13,0
330540,371,16,"2024-01-01","2024-12-31",2024-04-17,108,2024-04-12,5,1,54312,44.976898,-93.153297,277,"MN",101,"Quercus","macrocarpa","bur oak","Plantae","Breaking leaf buds",2024-05-22,143,2024-09-24,125,35
330540,371,17,"2025-01-01","2025-12-31",2025-05-04,124,2025-04-13,21,1,54312,44.976898,-93.153297,277,"MN",101,"Quercus","macrocarpa","bur oak","Plantae","Breaking leaf buds",2025-05-04,124,NA,NA,0
330540,501,16,"2024-01-01","2024-12-31",2024-05-09,130,2024-05-04,5,1,54312,44.976898,-93.153297,277,"MN",101,"Quercus","macrocarpa","bur oak","Plantae","Open flowers",2024-05-09,130,2024-05-22,13,0
330668,371,16,"2024-01-01","2024-12-31",2024-04-22,113,2024-04-19,3,1,54333,42.716141,-88.310501,233,"WI",2043,"Quercus","bicolor","swamp white oak","Plantae","Breaking leaf buds",2024-05-10,131,2024-05-13,3,18
330668,371,17,"2025-01-01","2025-12-31",2025-05-16,136,2025-04-29,17,1,54333,42.716141,-88.310501,233,"WI",2043,"Quercus","bicolor","swamp white oak","Plantae","Breaking leaf buds",2025-06-15,166,2025-06-25,10,30
330668,371,18,"2026-01-01","2026-12-31",2026-04-23,113,2026-04-17,6,1,54333,42.716141,-88.310501,233,"WI",2043,"Quercus","bicolor","swamp white oak","Plantae","Breaking leaf buds",2026-05-13,133,2026-05-22,9,20
330668,501,16,"2024-01-01","2024-12-31",2024-05-06,127,2024-05-02,4,1,54333,42.716141,-88.310501,233,"WI",2043,"Quercus","bicolor","swamp white oak","Plantae","Open flowers",2024-05-13,134,2024-05-21,8,7
330668,501,18,"2026-01-01","2026-12-31",2026-04-30,120,2026-04-23,7,1,54333,42.716141,-88.310501,233,"WI",2043,"Quercus","bicolor","swamp white oak","Plantae","Open flowers",2026-05-13,133,2026-05-22,9,13
330669,371,16,"2024-01-01","2024-12-31",2024-04-01,92,2024-03-30,2,1,38379,38.078102,-85.610085,168,"KY",101,"Quercus","macrocarpa","bur oak","Plantae","Breaking leaf buds",2024-04-15,106,2024-05-05,20,14
330669,501,16,"2024-01-01","2024-12-31",2024-04-15,106,2024-04-06,9,1,38379,38.078102,-85.610085,168,"KY",101,"Quercus","macrocarpa","bur oak","Plantae","Open flowers",2024-05-05,126,2024-06-16,42,20
330678,371,17,"2025-01-01","2025-12-31",2025-04-23,113,2025-04-16,7,1,54344,44.073566,-91.676826,198,"MN",2043,"Quercus","bicolor","swamp white oak","Plantae","Breaking leaf buds",2025-05-08,128,2025-05-14,6,15
330678,371,18,"2026-01-01","2026-12-31",2026-04-15,105,2026-04-06,9,1,54344,44.073566,-91.676826,198,"MN",2043,"Quercus","bicolor","swamp white oak","Plantae","Breaking leaf buds",2026-04-15,105,2026-05-05,20,0
330678,501,17,"2025-01-01","2025-12-31",2025-03-16,75,2025-03-05,11,1,54344,44.073566,-91.676826,198,"MN",2043,"Quercus","bicolor","swamp white oak","Plantae","Open flowers",2025-03-16,75,2025-03-22,6,0
330724,371,16,"2024-01-01","2024-12-31",2024-04-12,103,2024-04-07,5,1,54347,37.261837,-77.55069,91,"VA",100,"Quercus","alba","white oak","Plantae","Breaking leaf buds",2024-04-15,106,NA,NA,3
330753,371,16,"2024-01-01","2024-12-31",2024-04-23,114,2024-04-16,7,1,42341,42.383221,-71.097885,19,"MA",1212,"Quercus","montana","chestnut oak","Plantae","Breaking leaf buds",2024-05-07,128,2024-05-14,7,14
330753,371,17,"2025-01-01","2025-12-31",2025-04-29,119,2025-04-22,7,1,42341,42.383221,-71.097885,19,"MA",1212,"Quercus","montana","chestnut oak","Plantae","Breaking leaf buds",2025-04-29,119,2025-05-06,7,0
330753,371,18,"2026-01-01","2026-12-31",2026-04-28,118,2026-04-21,7,1,42341,42.383221,-71.097885,19,"MA",1212,"Quercus","montana","chestnut oak","Plantae","Breaking leaf buds",2026-05-05,125,2026-05-12,7,7
330753,501,18,"2026-01-01","2026-12-31",2026-05-12,132,2026-05-05,7,1,42341,42.383221,-71.097885,19,"MA",1212,"Quercus","montana","chestnut oak","Plantae","Open flowers",2026-05-12,132,2026-05-19,7,0
330825,371,16,"2024-01-01","2024-12-31",2024-04-16,107,2024-04-09,7,1,54365,44.971355,-93.283714,264,"MN",101,"Quercus","macrocarpa","bur oak","Plantae","Breaking leaf buds",2024-04-23,114,2024-04-30,7,7
330840,371,16,"2024-01-01","2024-12-31",2024-04-26,117,2024-04-08,18,1,54392,33.556099,-101.868202,979,"TX",101,"Quercus","macrocarpa","bur oak","Plantae","Breaking leaf buds",2024-04-26,117,2024-08-07,103,0
330840,371,18,"2026-01-01","2026-12-31",2026-03-23,82,2026-03-12,11,1,54392,33.556099,-101.868202,979,"TX",101,"Quercus","macrocarpa","bur oak","Plantae","Breaking leaf buds",2026-03-23,82,2026-05-13,51,0
330840,501,16,"2024-01-01","2024-12-31",2024-04-06,97,2024-04-01,5,1,54392,33.556099,-101.868202,979,"TX",101,"Quercus","macrocarpa","bur oak","Plantae","Open flowers",2024-04-08,99,2024-04-26,18,2
331377,371,17,"2025-01-01","2025-12-31",2025-04-25,115,2025-04-22,3,1,49688,44.739075,-93.602257,232,"MN",101,"Quercus","macrocarpa","bur oak","Plantae","Breaking leaf buds",2025-05-11,131,2025-05-14,3,16
331408,371,16,"2024-01-01","2024-12-31",2024-04-05,96,2024-04-01,4,1,54517,40.817055,-77.881592,354,"PA",100,"Quercus","alba","white oak","Plantae","Breaking leaf buds",2024-04-19,110,NA,NA,14
331408,501,16,"2024-01-01","2024-12-31",2024-04-19,110,2024-04-12,7,1,54517,40.817055,-77.881592,354,"PA",100,"Quercus","alba","white oak","Plantae","Open flowers",2024-04-19,110,NA,NA,0
331412,371,16,"2024-01-01","2024-12-31",2024-04-10,101,2024-04-03,7,2,33012,42.011364,-93.638145,289,"IA",2043,"Quercus","bicolor","swamp white oak","Plantae","Breaking leaf buds",2024-05-16,137,2024-05-20,4,36
331412,371,17,"2025-01-01","2025-12-31",2025-04-30,120,2025-04-23,7,1,33012,42.011364,-93.638145,289,"IA",2043,"Quercus","bicolor","swamp white oak","Plantae","Breaking leaf buds",2025-04-30,120,2025-05-21,21,0
331412,371,18,"2026-01-01","2026-12-31",2026-04-23,113,2026-04-16,7,1,33012,42.011364,-93.638145,289,"IA",2043,"Quercus","bicolor","swamp white oak","Plantae","Breaking leaf buds",2026-04-23,113,2026-05-27,34,0
331412,501,16,"2024-01-01","2024-12-31",2024-04-23,114,2024-04-17,6,2,33012,42.011364,-93.638145,289,"IA",2043,"Quercus","bicolor","swamp white oak","Plantae","Open flowers",2024-05-08,129,2024-05-16,8,15
331451,371,16,"2024-01-01","2024-12-31",2024-04-11,102,2024-04-09,2,1,48750,42.374542,-71.146736,4,"MA",101,"Quercus","macrocarpa","bur oak","Plantae","Breaking leaf buds",2024-04-25,116,2024-04-28,3,14
331451,371,17,"2025-01-01","2025-12-31",2025-03-30,89,2025-03-28,2,2,48750,42.374542,-71.146736,4,"MA",101,"Quercus","macrocarpa","bur oak","Plantae","Breaking leaf buds",2025-04-23,113,2025-04-28,5,24
331451,371,18,"2026-01-01","2026-12-31",2026-04-08,98,2026-04-01,7,1,48750,42.374542,-71.146736,4,"MA",101,"Quercus","macrocarpa","bur oak","Plantae","Breaking leaf buds",2026-04-28,118,2026-05-05,7,20
331451,501,16,"2024-01-01","2024-12-31",2024-04-28,119,2024-04-25,3,2,48750,42.374542,-71.146736,4,"MA",101,"Quercus","macrocarpa","bur oak","Plantae","Open flowers",2024-05-26,147,2024-06-04,9,28
331451,501,17,"2025-01-01","2025-12-31",2025-04-23,113,2025-04-22,1,1,48750,42.374542,-71.146736,4,"MA",101,"Quercus","macrocarpa","bur oak","Plantae","Open flowers",2025-05-06,126,2025-05-13,7,13
331451,501,18,"2026-01-01","2026-12-31",2026-05-05,125,2026-04-28,7,1,48750,42.374542,-71.146736,4,"MA",101,"Quercus","macrocarpa","bur oak","Plantae","Open flowers",2026-05-19,139,2026-05-26,7,14
331457,371,16,"2024-01-01","2024-12-31",2024-04-18,109,2024-04-08,10,1,54519,42.859356,-88.447823,266,"WI",100,"Quercus","alba","white oak","Plantae","Breaking leaf buds",2024-04-29,120,NA,NA,11
331457,501,16,"2024-01-01","2024-12-31",2024-04-29,120,2024-04-18,11,1,54519,42.859356,-88.447823,266,"WI",100,"Quercus","alba","white oak","Plantae","Open flowers",2024-04-29,120,NA,NA,0
331795,371,16,"2024-01-01","2024-12-31",2024-05-02,123,2024-04-25,7,1,54560,40.901348,-79.730774,382,"PA",100,"Quercus","alba","white oak","Plantae","Breaking leaf buds",2024-05-10,131,2024-05-16,6,8
331795,371,18,"2026-01-01","2026-12-31",2026-05-08,128,2026-05-01,7,1,54560,40.901348,-79.730774,382,"PA",100,"Quercus","alba","white oak","Plantae","Breaking leaf buds",2026-05-22,142,NA,NA,14
332016,371,16,"2024-01-01","2024-12-31",2024-04-19,110,2024-04-12,7,1,54636,43.043701,-89.429665,274,"WI",1212,"Quercus","montana","chestnut oak","Plantae","Breaking leaf buds",2024-04-19,110,2024-05-01,12,0
332016,501,16,"2024-01-01","2024-12-31",2024-05-16,137,2024-05-06,10,1,54636,43.043701,-89.429665,274,"WI",1212,"Quercus","montana","chestnut oak","Plantae","Open flowers",2024-05-16,137,2024-05-24,8,0
332019,371,16,"2024-01-01","2024-12-31",2024-04-19,110,2024-04-12,7,1,54636,43.043701,-89.429665,274,"WI",2050,"Quercus","muehlenbergii","chinquapin oak","Plantae","Breaking leaf buds",2024-05-01,122,2024-05-06,5,12
332019,501,16,"2024-01-01","2024-12-31",2024-05-16,137,2024-05-06,10,1,54636,43.043701,-89.429665,274,"WI",2050,"Quercus","muehlenbergii","chinquapin oak","Plantae","Open flowers",2024-05-16,137,2024-05-24,8,0
332027,371,16,"2024-01-01","2024-12-31",2024-05-01,122,2024-04-25,6,1,54636,43.043701,-89.429665,274,"WI",2050,"Quercus","muehlenbergii","chinquapin oak","Plantae","Breaking leaf buds",2024-05-06,127,2024-05-16,10,5
332027,501,16,"2024-01-01","2024-12-31",2024-05-16,137,2024-05-06,10,1,54636,43.043701,-89.429665,274,"WI",2050,"Quercus","muehlenbergii","chinquapin oak","Plantae","Open flowers",2024-05-16,137,2024-05-24,8,0
332043,501,16,"2024-01-01","2024-12-31",2024-05-06,127,2024-05-01,5,1,54636,43.043701,-89.429665,274,"WI",2053,"Quercus","prinoides","dwarf chinquapin oak","Plantae","Open flowers",2024-05-16,137,2024-05-24,8,10
332114,371,16,"2024-01-01","2024-12-31",2024-04-27,118,2024-04-13,14,1,54017,41.868526,-88.19268,228,"IL",100,"Quercus","alba","white oak","Plantae","Breaking leaf buds",2024-04-27,118,2024-05-11,14,0
332132,371,16,"2024-01-01","2024-12-31",2024-04-21,112,2024-04-14,7,2,37949,42.962578,-90.137413,380,"WI",2050,"Quercus","muehlenbergii","chinquapin oak","Plantae","Breaking leaf buds",2024-08-04,217,2025-03-09,217,105
332132,371,17,"2025-01-01","2025-12-31",2025-05-04,124,2025-04-24,10,1,37949,42.962578,-90.137413,380,"WI",2050,"Quercus","muehlenbergii","chinquapin oak","Plantae","Breaking leaf buds",2025-07-29,210,NA,NA,86
332133,371,16,"2024-01-01","2024-12-31",2024-04-21,112,2024-04-14,7,2,37949,42.962578,-90.137413,380,"WI",2050,"Quercus","muehlenbergii","chinquapin oak","Plantae","Breaking leaf buds",2024-06-23,175,2024-08-04,42,63
332133,371,17,"2025-01-01","2025-12-31",2025-05-04,124,2025-04-24,10,1,37949,42.962578,-90.137413,380,"WI",2050,"Quercus","muehlenbergii","chinquapin oak","Plantae","Breaking leaf buds",2025-07-29,210,NA,NA,86
332134,371,16,"2024-01-01","2024-12-31",2024-04-21,112,2024-04-14,7,2,37949,42.962578,-90.137413,380,"WI",2050,"Quercus","muehlenbergii","chinquapin oak","Plantae","Breaking leaf buds",2024-06-23,175,2024-07-01,8,63
332134,371,17,"2025-01-01","2025-12-31",2025-05-04,124,2025-04-24,10,1,37949,42.962578,-90.137413,380,"WI",2050,"Quercus","muehlenbergii","chinquapin oak","Plantae","Breaking leaf buds",2025-07-11,192,2025-07-29,18,68
332357,501,17,"2025-01-01","2025-12-31",2025-04-04,94,2025-03-15,20,1,54724,29.2988,-94.805199,-1,"TX",305,"Quercus","virginiana","live oak","Plantae","Open flowers",2025-04-04,94,2025-05-01,27,0
332484,371,16,"2024-01-01","2024-12-31",2024-04-16,107,2024-04-09,7,1,54767,44.971436,-93.283966,264,"MN",2043,"Quercus","bicolor","swamp white oak","Plantae","Breaking leaf buds",2024-04-30,121,NA,NA,14
332484,501,16,"2024-01-01","2024-12-31",2024-04-23,114,2024-04-16,7,1,54767,44.971436,-93.283966,264,"MN",2043,"Quercus","bicolor","swamp white oak","Plantae","Open flowers",2024-04-30,121,NA,NA,7
333090,371,16,"2024-01-01","2024-12-31",2024-04-16,107,2024-04-09,7,1,54866,44.9715,-93.283798,264,"MN",101,"Quercus","macrocarpa","bur oak","Plantae","Breaking leaf buds",2024-04-30,121,NA,NA,14
333121,371,17,"2025-01-01","2025-12-31",2025-03-18,77,2025-02-18,28,3,48750,42.374542,-71.146736,4,"MA",101,"Quercus","macrocarpa","bur oak","Plantae","Breaking leaf buds",2025-04-23,113,2025-04-28,5,36
333121,371,18,"2026-01-01","2026-12-31",2026-04-08,98,2026-04-01,7,2,48750,42.374542,-71.146736,4,"MA",101,"Quercus","macrocarpa","bur oak","Plantae","Breaking leaf buds",2026-04-28,118,2026-05-05,7,20
333121,501,16,"2024-01-01","2024-12-31",2024-05-05,126,2024-04-28,7,2,48750,42.374542,-71.146736,4,"MA",101,"Quercus","macrocarpa","bur oak","Plantae","Open flowers",2024-05-26,147,2024-06-04,9,21
333121,501,17,"2025-01-01","2025-12-31",2025-05-06,126,2025-04-28,8,1,48750,42.374542,-71.146736,4,"MA",101,"Quercus","macrocarpa","bur oak","Plantae","Open flowers",2025-05-06,126,2025-05-13,7,0
333121,501,18,"2026-01-01","2026-12-31",2026-05-05,125,2026-04-23,12,1,48750,42.374542,-71.146736,4,"MA",101,"Quercus","macrocarpa","bur oak","Plantae","Open flowers",2026-05-19,139,2026-05-26,7,14
334380,371,16,"2024-01-01","2024-12-31",2024-07-05,187,2024-07-04,1,1,55089,30.310362,-97.823517,265,"TX",305,"Quercus","virginiana","live oak","Plantae","Breaking leaf buds",2024-07-05,187,NA,NA,0
335166,371,17,"2025-01-01","2025-12-31",2025-03-07,66,2025-02-27,8,1,55290,39.060555,-94.581932,282,"MO",100,"Quercus","alba","white oak","Plantae","Breaking leaf buds",2025-05-02,122,NA,NA,56
335166,501,17,"2025-01-01","2025-12-31",2025-03-07,66,2025-02-27,8,2,55290,39.060555,-94.581932,282,"MO",100,"Quercus","alba","white oak","Plantae","Open flowers",2025-05-02,122,NA,NA,56
335180,371,16,"2024-01-01","2024-12-31",2024-09-06,250,2024-09-04,2,1,55363,44.074883,-103.205841,983,"SD",101,"Quercus","macrocarpa","bur oak","Plantae","Breaking leaf buds",2024-09-06,250,2024-09-10,4,0
335537,371,17,"2025-01-01","2025-12-31",2025-10-29,302,2025-10-20,9,1,52756,38.019615,-84.499451,314,"KY",100,"Quercus","alba","white oak","Plantae","Breaking leaf buds",2025-11-24,328,NA,NA,26
335540,371,16,"2024-01-01","2024-12-31",2024-09-29,273,2024-09-26,3,1,52756,38.019615,-84.499451,314,"KY",100,"Quercus","alba","white oak","Plantae","Breaking leaf buds",2024-09-29,273,2024-10-03,4,0
335629,371,17,"2025-01-01","2025-12-31",2025-03-06,65,2025-02-06,28,1,55554,35.873138,-78.923859,87,"NC",100,"Quercus","alba","white oak","Plantae","Breaking leaf buds",2025-04-24,114,2025-04-25,1,49
335772,371,17,"2025-01-01","2025-12-31",2025-04-24,114,2025-04-18,6,2,56657,40.329544,-74.942245,49,NA,100,"Quercus","alba","white oak","Plantae","Breaking leaf buds",2025-05-08,128,2025-05-16,8,14
335772,371,18,"2026-01-01","2026-12-31",2026-04-11,101,2026-04-09,2,6,56657,40.329544,-74.942245,49,NA,100,"Quercus","alba","white oak","Plantae","Breaking leaf buds",2026-07-05,186,2026-07-08,3,85
335825,371,17,"2025-01-01","2025-12-31",2025-02-19,50,2025-02-13,6,2,56657,40.329544,-74.942245,49,NA,1212,"Quercus","montana","chestnut oak","Plantae","Breaking leaf buds",2025-05-01,121,2025-05-07,6,71
335825,371,18,"2026-01-01","2026-12-31",2026-04-16,106,2026-04-11,5,7,56657,40.329544,-74.942245,49,NA,1212,"Quercus","montana","chestnut oak","Plantae","Breaking leaf buds",2026-07-05,186,2026-07-09,4,80
335825,501,18,"2026-01-01","2026-12-31",2026-05-01,121,2026-04-26,5,2,56657,40.329544,-74.942245,49,NA,1212,"Quercus","montana","chestnut oak","Plantae","Open flowers",2026-05-07,127,2026-05-08,1,6
335953,371,18,"2026-01-01","2026-12-31",2026-03-31,90,2026-03-25,6,1,55626,46.939571,-91.896149,296,"MN",101,"Quercus","macrocarpa","bur oak","Plantae","Breaking leaf buds",2026-03-31,90,2026-04-02,2,0
336129,371,17,"2025-01-01","2025-12-31",2025-03-28,87,2025-03-21,7,3,55728,35.27816,-81.090729,222,"NC",100,"Quercus","alba","white oak","Plantae","Breaking leaf buds",2025-05-01,121,2026-03-26,329,34
336129,371,18,"2026-01-01","2026-12-31",2026-04-02,92,2026-03-26,7,2,55728,35.27816,-81.090729,222,"NC",100,"Quercus","alba","white oak","Plantae","Breaking leaf buds",2026-04-21,111,2026-05-19,28,19
336129,501,17,"2025-01-01","2025-12-31",2025-03-28,87,2025-03-21,7,1,55728,35.27816,-81.090729,222,"NC",100,"Quercus","alba","white oak","Plantae","Open flowers",2025-03-28,87,2025-04-03,6,0
336134,371,18,"2026-01-01","2026-12-31",2026-03-27,86,2026-03-05,22,1,55728,35.27816,-81.090729,222,"NC",100,"Quercus","alba","white oak","Plantae","Breaking leaf buds",2026-04-21,111,2026-04-24,3,25
346570,371,17,"2025-01-01","2025-12-31",2025-03-31,90,2025-03-30,1,6,55887,44.477852,-73.196465,61,"VT",100,"Quercus","alba","white oak","Plantae","Breaking leaf buds",2025-04-30,120,2026-03-25,329,30
346570,371,18,"2026-01-01","2026-12-31",2026-03-27,86,2026-03-26,1,9,55887,44.477852,-73.196465,61,"VT",100,"Quercus","alba","white oak","Plantae","Breaking leaf buds",2026-04-30,120,NA,NA,34
346570,501,17,"2025-01-01","2025-12-31",2025-03-27,86,2025-03-26,1,4,55887,44.477852,-73.196465,61,"VT",100,"Quercus","alba","white oak","Plantae","Open flowers",2025-04-28,118,2025-04-29,1,32
347228,371,17,"2025-01-01","2025-12-31",2025-04-18,108,2025-04-01,17,1,55890,30.416599,-88.796501,7,NA,305,"Quercus","virginiana","live oak","Plantae","Breaking leaf buds",2025-04-18,108,2025-12-13,239,0
347402,371,17,"2025-01-01","2025-12-31",2025-03-31,90,2025-03-29,2,1,56111,37.574879,-77.539665,57,"VA",2047,"Quercus","lyrata","overcup oak","Plantae","Breaking leaf buds",2025-04-02,92,2025-04-09,7,2
347403,371,17,"2025-01-01","2025-12-31",2025-03-31,90,2025-03-29,2,1,56111,37.574879,-77.539665,57,"VA",2047,"Quercus","lyrata","overcup oak","Plantae","Breaking leaf buds",2025-04-09,99,NA,NA,9
347404,371,17,"2025-01-01","2025-12-31",2025-03-31,90,2025-03-27,4,1,56111,37.574879,-77.539665,57,"VA",2047,"Quercus","lyrata","overcup oak","Plantae","Breaking leaf buds",2025-04-09,99,NA,NA,9
347405,371,17,"2025-01-01","2025-12-31",2025-03-31,90,2025-03-29,2,1,56111,37.574879,-77.539665,57,"VA",2047,"Quercus","lyrata","overcup oak","Plantae","Breaking leaf buds",2025-04-09,99,NA,NA,9
347406,371,17,"2025-01-01","2025-12-31",2025-03-31,90,2025-03-29,2,1,56111,37.574879,-77.539665,57,"VA",2047,"Quercus","lyrata","overcup oak","Plantae","Breaking leaf buds",2025-04-09,99,NA,NA,9
347407,371,17,"2025-01-01","2025-12-31",2025-03-31,90,2025-03-29,2,1,56111,37.574879,-77.539665,57,"VA",2047,"Quercus","lyrata","overcup oak","Plantae","Breaking leaf buds",2025-04-09,99,NA,NA,9
347408,371,17,"2025-01-01","2025-12-31",2025-03-31,90,2025-03-29,2,1,56111,37.574879,-77.539665,57,"VA",2047,"Quercus","lyrata","overcup oak","Plantae","Breaking leaf buds",2025-04-09,99,NA,NA,9
347409,371,17,"2025-01-01","2025-12-31",2025-03-31,90,2025-03-29,2,1,56111,37.574879,-77.539665,57,"VA",2047,"Quercus","lyrata","overcup oak","Plantae","Breaking leaf buds",2025-04-09,99,NA,NA,9
347671,371,17,"2025-01-01","2025-12-31",2025-04-16,106,2025-04-13,3,1,52757,38.030651,-84.503967,304,"KY",100,"Quercus","alba","white oak","Plantae","Breaking leaf buds",2025-04-26,116,2025-04-30,4,10
347672,371,17,"2025-01-01","2025-12-31",2025-04-16,106,2025-04-13,3,1,52757,38.030651,-84.503967,304,"KY",100,"Quercus","alba","white oak","Plantae","Breaking leaf buds",2025-04-26,116,2025-04-30,4,10
347673,371,17,"2025-01-01","2025-12-31",2025-04-06,96,2025-04-02,4,1,52757,38.030651,-84.503967,304,"KY",100,"Quercus","alba","white oak","Plantae","Breaking leaf buds",2025-04-26,116,2025-04-30,4,20
347674,371,17,"2025-01-01","2025-12-31",2025-04-16,106,2025-04-13,3,1,52757,38.030651,-84.503967,304,"KY",100,"Quercus","alba","white oak","Plantae","Breaking leaf buds",2025-04-26,116,2025-04-30,4,10
347675,371,17,"2025-01-01","2025-12-31",2025-04-16,106,2025-04-13,3,1,52757,38.030651,-84.503967,304,"KY",100,"Quercus","alba","white oak","Plantae","Breaking leaf buds",2025-04-26,116,2025-04-30,4,10
347675,501,17,"2025-01-01","2025-12-31",2025-05-04,124,2025-04-30,4,1,52757,38.030651,-84.503967,304,"KY",100,"Quercus","alba","white oak","Plantae","Open flowers",2025-05-04,124,2025-05-07,3,0
347676,371,17,"2025-01-01","2025-12-31",2025-04-16,106,2025-04-13,3,1,52757,38.030651,-84.503967,304,"KY",100,"Quercus","alba","white oak","Plantae","Breaking leaf buds",2025-04-26,116,2025-04-30,4,10
347677,371,17,"2025-01-01","2025-12-31",2025-04-16,106,2025-04-13,3,1,52757,38.030651,-84.503967,304,"KY",100,"Quercus","alba","white oak","Plantae","Breaking leaf buds",2025-04-26,116,2025-04-30,4,10
347682,371,17,"2025-01-01","2025-12-31",2025-04-16,106,2025-04-01,15,1,56166,39.060528,-94.581902,282,"MO",101,"Quercus","macrocarpa","bur oak","Plantae","Breaking leaf buds",2025-04-16,106,NA,NA,0
347683,371,17,"2025-01-01","2025-12-31",2025-04-09,99,2025-03-26,14,1,56167,39.099728,-94.578568,258,"MO",100,"Quercus","alba","white oak","Plantae","Breaking leaf buds",2025-05-05,125,NA,NA,26
347721,371,18,"2026-01-01","2026-12-31",2026-04-04,94,2026-03-30,5,1,32789,40.73082,-73.99733,7,"NY",100,"Quercus","alba","white oak","Plantae","Breaking leaf buds",2026-04-11,101,2026-06-04,54,7
347721,501,18,"2026-01-01","2026-12-31",2026-04-17,107,2026-04-14,3,1,32789,40.73082,-73.99733,7,"NY",100,"Quercus","alba","white oak","Plantae","Open flowers",2026-04-17,107,2026-04-30,13,0
347864,371,17,"2025-01-01","2025-12-31",2025-03-06,65,2025-02-13,21,1,56218,45.601425,-122.560875,37,"WA",100,"Quercus","alba","white oak","Plantae","Breaking leaf buds",2025-04-17,107,NA,NA,42
347864,501,17,"2025-01-01","2025-12-31",2025-04-05,95,2025-03-21,15,1,56218,45.601425,-122.560875,37,"WA",100,"Quercus","alba","white oak","Plantae","Open flowers",2025-04-17,107,NA,NA,12
347926,371,17,"2025-01-01","2025-12-31",2025-02-24,55,2025-02-22,2,1,56252,30.395105,-84.303589,17,"FL",100,"Quercus","alba","white oak","Plantae","Breaking leaf buds",2025-03-20,79,NA,NA,24
348385,371,17,"2025-01-01","2025-12-31",2025-03-12,71,2025-03-09,3,4,56657,40.329544,-74.942245,49,NA,2043,"Quercus","bicolor","swamp white oak","Plantae","Breaking leaf buds",2025-05-08,128,2025-05-12,4,57
348385,371,18,"2026-01-01","2026-12-31",2026-03-16,75,2026-03-15,1,6,56657,40.329544,-74.942245,49,NA,2043,"Quercus","bicolor","swamp white oak","Plantae","Breaking leaf buds",2026-06-13,164,2026-06-15,2,89
348385,501,17,"2025-01-01","2025-12-31",2025-05-07,127,2025-05-01,6,1,56657,40.329544,-74.942245,49,NA,2043,"Quercus","bicolor","swamp white oak","Plantae","Open flowers",2025-05-07,127,2025-05-08,1,0
348385,501,18,"2026-01-01","2026-12-31",2026-04-17,107,2026-04-13,4,1,56657,40.329544,-74.942245,49,NA,2043,"Quercus","bicolor","swamp white oak","Plantae","Open flowers",2026-04-17,107,2026-04-20,3,0
348508,371,17,"2025-01-01","2025-12-31",2025-03-05,64,2025-02-07,26,1,56219,45.730705,-122.635559,52,"WA",100,"Quercus","alba","white oak","Plantae","Breaking leaf buds",2025-04-18,108,NA,NA,44
348508,501,17,"2025-01-01","2025-12-31",2025-04-12,102,2025-04-04,8,1,56219,45.730705,-122.635559,52,"WA",100,"Quercus","alba","white oak","Plantae","Open flowers",2025-04-18,108,NA,NA,6
348532,501,17,"2025-01-01","2025-12-31",2025-03-04,63,2025-02-28,4,1,56320,27.712273,-82.686874,1,"FL",305,"Quercus","virginiana","live oak","Plantae","Open flowers",2025-03-04,63,NA,NA,0
348597,501,17,"2025-01-01","2025-12-31",2025-03-22,81,2025-03-21,1,1,56325,30.294142,-87.576637,2,NA,305,"Quercus","virginiana","live oak","Plantae","Open flowers",2025-03-22,81,2025-04-03,12,0
348970,371,17,"2025-01-01","2025-12-31",2025-04-26,116,2025-04-18,8,1,56420,42.619869,-87.821167,180,NA,2043,"Quercus","bicolor","swamp white oak","Plantae","Breaking leaf buds",2025-04-26,116,NA,NA,0
348976,371,17,"2025-01-01","2025-12-31",2025-03-12,71,2025-03-02,10,4,56291,29.5406,-95.073448,3,"TX",305,"Quercus","virginiana","live oak","Plantae","Breaking leaf buds",2025-05-10,130,2025-05-14,4,59
348976,501,17,"2025-01-01","2025-12-31",2025-03-18,77,2025-03-12,6,1,56291,29.5406,-95.073448,3,"TX",305,"Quercus","virginiana","live oak","Plantae","Open flowers",2025-03-18,77,2025-03-29,11,0
349543,371,17,"2025-01-01","2025-12-31",2025-04-24,114,2025-04-07,17,1,54311,37.646572,-84.687546,255,"KY",101,"Quercus","macrocarpa","bur oak","Plantae","Breaking leaf buds",2025-04-24,114,NA,NA,0
349665,371,17,"2025-01-01","2025-12-31",2025-04-23,113,2025-04-22,1,4,56563,43.092583,-89.335663,263,"WI",2043,"Quercus","bicolor","swamp white oak","Plantae","Breaking leaf buds",2025-05-24,144,2025-05-25,1,31
349665,371,18,"2026-01-01","2026-12-31",2026-04-17,107,2026-04-14,3,4,56563,43.092583,-89.335663,263,"WI",2043,"Quercus","bicolor","swamp white oak","Plantae","Breaking leaf buds",2026-05-25,145,2026-06-01,7,38
349665,501,17,"2025-01-01","2025-12-31",2025-05-10,130,2025-05-07,3,1,56563,43.092583,-89.335663,263,"WI",2043,"Quercus","bicolor","swamp white oak","Plantae","Open flowers",2025-05-10,130,2025-05-13,3,0
349665,501,18,"2026-01-01","2026-12-31",2026-04-30,120,2026-04-29,1,2,56563,43.092583,-89.335663,263,"WI",2043,"Quercus","bicolor","swamp white oak","Plantae","Open flowers",2026-05-12,132,2026-05-14,2,12
349666,371,17,"2025-01-01","2025-12-31",2025-04-19,109,2025-04-16,3,4,56563,43.092583,-89.335663,263,"WI",2043,"Quercus","bicolor","swamp white oak","Plantae","Breaking leaf buds",2025-06-08,159,2025-06-09,1,50
349666,371,18,"2026-01-01","2026-12-31",2026-04-14,104,2026-04-13,1,5,56563,43.092583,-89.335663,263,"WI",2043,"Quercus","bicolor","swamp white oak","Plantae","Breaking leaf buds",2026-06-03,154,2026-06-04,1,50
349666,501,17,"2025-01-01","2025-12-31",2025-05-10,130,2025-05-07,3,1,56563,43.092583,-89.335663,263,"WI",2043,"Quercus","bicolor","swamp white oak","Plantae","Open flowers",2025-05-17,137,2025-05-18,1,7
349666,501,18,"2026-01-01","2026-12-31",2026-05-02,122,2026-04-30,2,4,56563,43.092583,-89.335663,263,"WI",2043,"Quercus","bicolor","swamp white oak","Plantae","Open flowers",2026-06-12,163,2026-06-13,1,41
349673,371,17,"2025-01-01","2025-12-31",2025-04-19,109,2025-04-16,3,3,56563,43.092583,-89.335663,263,"WI",101,"Quercus","macrocarpa","bur oak","Plantae","Breaking leaf buds",2025-06-08,159,2025-06-09,1,50
349673,371,18,"2026-01-01","2026-12-31",2026-03-30,89,2026-03-28,2,6,56563,43.092583,-89.335663,263,"WI",101,"Quercus","macrocarpa","bur oak","Plantae","Breaking leaf buds",2026-05-23,143,2026-05-25,2,54
349673,501,17,"2025-01-01","2025-12-31",2025-05-06,126,2025-05-03,3,1,56563,43.092583,-89.335663,263,"WI",101,"Quercus","macrocarpa","bur oak","Plantae","Open flowers",2025-05-17,137,2025-05-18,1,11
349673,501,18,"2026-01-01","2026-12-31",2026-04-26,116,2026-04-24,2,4,56563,43.092583,-89.335663,263,"WI",101,"Quercus","macrocarpa","bur oak","Plantae","Open flowers",2026-05-23,143,2026-05-25,2,27
350164,371,17,"2025-01-01","2025-12-31",2025-03-26,85,2025-03-22,4,1,56606,36.634457,-78.771889,130,"VA",100,"Quercus","alba","white oak","Plantae","Breaking leaf buds",2025-04-14,104,2025-04-21,7,19
350164,501,17,"2025-01-01","2025-12-31",2025-04-09,99,2025-04-04,5,1,56606,36.634457,-78.771889,130,"VA",100,"Quercus","alba","white oak","Plantae","Open flowers",2025-04-09,99,2025-04-14,5,0
350167,371,17,"2025-01-01","2025-12-31",2025-03-22,81,2025-03-19,3,2,56606,36.634457,-78.771889,130,"VA",1755,"Quercus","stellata","post oak","Plantae","Breaking leaf buds",2025-04-14,104,2025-04-21,7,23
350167,501,17,"2025-01-01","2025-12-31",2025-04-09,99,2025-04-04,5,1,56606,36.634457,-78.771889,130,"VA",1755,"Quercus","stellata","post oak","Plantae","Open flowers",2025-04-09,99,2025-04-14,5,0
350217,371,17,"2025-01-01","2025-12-31",2025-03-14,73,2025-03-12,2,1,56626,30.134932,-97.421585,138,"TX",305,"Quercus","virginiana","live oak","Plantae","Breaking leaf buds",2025-03-22,81,2025-03-25,3,8
350217,501,17,"2025-01-01","2025-12-31",2025-03-25,84,2025-03-22,3,1,56626,30.134932,-97.421585,138,"TX",305,"Quercus","virginiana","live oak","Plantae","Open flowers",2025-03-29,88,2025-03-31,2,4
350218,371,17,"2025-01-01","2025-12-31",2025-03-22,81,2025-03-18,4,1,56626,30.134932,-97.421585,138,"TX",2050,"Quercus","muehlenbergii","chinquapin oak","Plantae","Breaking leaf buds",2025-03-31,90,NA,NA,9
350218,501,17,"2025-01-01","2025-12-31",2025-03-31,90,2025-03-29,2,1,56626,30.134932,-97.421585,138,"TX",2050,"Quercus","muehlenbergii","chinquapin oak","Plantae","Open flowers",2025-03-31,90,NA,NA,0
350406,371,17,"2025-01-01","2025-12-31",2025-04-26,116,2025-03-28,29,1,56421,42.619869,-87.821167,180,NA,2043,"Quercus","bicolor","swamp white oak","Plantae","Breaking leaf buds",2025-04-26,116,NA,NA,0
350407,371,17,"2025-01-01","2025-12-31",2025-04-26,116,2025-03-28,29,1,56421,42.619869,-87.821167,180,NA,100,"Quercus","alba","white oak","Plantae","Breaking leaf buds",2025-04-26,116,NA,NA,0
350458,371,17,"2025-01-01","2025-12-31",2025-03-14,73,2025-03-11,3,1,55255,31.838547,-81.254349,5,"GA",2049,"Quercus","michauxii","swamp chestnut oak","Plantae","Breaking leaf buds",2025-03-22,81,2025-03-27,5,8
350459,501,17,"2025-01-01","2025-12-31",2025-03-27,86,2025-03-18,9,2,55255,31.838547,-81.254349,5,"GA",305,"Quercus","virginiana","live oak","Plantae","Open flowers",2025-04-26,116,2025-05-01,5,30
350497,371,17,"2025-01-01","2025-12-31",2025-04-24,114,2025-04-16,8,1,47095,41.503468,-91.505867,188,"IA",101,"Quercus","macrocarpa","bur oak","Plantae","Breaking leaf buds",2025-05-02,122,2025-05-06,4,8
351308,371,17,"2025-01-01","2025-12-31",2025-04-06,96,2025-04-02,4,1,56856,40.052708,-75.687523,134,"PA",100,"Quercus","alba","white oak","Plantae","Breaking leaf buds",2025-04-20,110,2025-05-01,11,14
351308,371,18,"2026-01-01","2026-12-31",2026-04-08,98,2026-03-29,10,1,56856,40.052708,-75.687523,134,"PA",100,"Quercus","alba","white oak","Plantae","Breaking leaf buds",2026-04-14,104,2026-04-19,5,6
351402,371,17,"2025-01-01","2025-12-31",2025-03-28,87,2025-02-28,28,1,56434,42.619869,-87.821167,180,NA,100,"Quercus","alba","white oak","Plantae","Breaking leaf buds",2025-04-25,115,NA,NA,28
351642,371,17,"2025-01-01","2025-12-31",2025-04-28,118,2025-04-22,6,1,56091,43.957001,-97.028801,499,NA,101,"Quercus","macrocarpa","bur oak","Plantae","Breaking leaf buds",2025-05-06,126,NA,NA,8
355413,371,13,"2021-01-01","2021-12-31",2021-04-05,95,2021-04-01,4,1,57060,39.099045,-96.565102,387,"KS",2050,"Quercus","muehlenbergii","chinquapin oak","Plantae","Breaking leaf buds",2021-05-10,130,2021-05-13,3,35
355413,371,14,"2022-01-01","2022-12-31",2022-04-25,115,2022-04-20,5,1,57060,39.099045,-96.565102,387,"KS",2050,"Quercus","muehlenbergii","chinquapin oak","Plantae","Breaking leaf buds",2022-05-11,131,2022-05-16,5,16
355413,371,15,"2023-01-01","2023-12-31",2023-04-14,104,2023-04-10,4,1,57060,39.099045,-96.565102,387,"KS",2050,"Quercus","muehlenbergii","chinquapin oak","Plantae","Breaking leaf buds",2023-05-09,129,2023-05-12,3,25
355413,371,16,"2024-01-01","2024-12-31",2024-04-08,99,2024-04-04,4,1,57060,39.099045,-96.565102,387,"KS",2050,"Quercus","muehlenbergii","chinquapin oak","Plantae","Breaking leaf buds",2024-05-23,144,2024-05-31,8,45
355413,371,17,"2025-01-01","2025-12-31",2025-04-17,107,2025-04-14,3,1,57060,39.099045,-96.565102,387,"KS",2050,"Quercus","muehlenbergii","chinquapin oak","Plantae","Breaking leaf buds",2025-05-05,125,2025-07-01,57,18
355413,501,13,"2021-01-01","2021-12-31",2021-04-30,120,2021-04-26,4,1,57060,39.099045,-96.565102,387,"KS",2050,"Quercus","muehlenbergii","chinquapin oak","Plantae","Open flowers",2021-05-18,138,2021-05-24,6,18
355413,501,14,"2022-01-01","2022-12-31",2022-05-02,122,2022-04-28,4,1,57060,39.099045,-96.565102,387,"KS",2050,"Quercus","muehlenbergii","chinquapin oak","Plantae","Open flowers",2022-05-11,131,2022-05-16,5,9
355413,501,15,"2023-01-01","2023-12-31",2023-04-21,111,2023-04-17,4,1,57060,39.099045,-96.565102,387,"KS",2050,"Quercus","muehlenbergii","chinquapin oak","Plantae","Open flowers",2023-05-04,124,2023-05-09,5,13
355413,501,16,"2024-01-01","2024-12-31",2024-04-18,109,2024-04-15,3,1,57060,39.099045,-96.565102,387,"KS",2050,"Quercus","muehlenbergii","chinquapin oak","Plantae","Open flowers",2024-05-02,123,2024-05-06,4,14
355413,501,17,"2025-01-01","2025-12-31",2025-04-17,107,2025-04-14,3,1,57060,39.099045,-96.565102,387,"KS",2050,"Quercus","muehlenbergii","chinquapin oak","Plantae","Open flowers",2025-04-28,118,2025-05-01,3,11
355429,371,13,"2021-01-01","2021-12-31",2021-04-13,103,2021-04-08,5,1,57060,39.099045,-96.565102,387,"KS",2050,"Quercus","muehlenbergii","chinquapin oak","Plantae","Breaking leaf buds",2021-05-10,130,2021-05-13,3,27
355429,371,14,"2022-01-01","2022-12-31",2022-04-25,115,2022-04-20,5,1,57060,39.099045,-96.565102,387,"KS",2050,"Quercus","muehlenbergii","chinquapin oak","Plantae","Breaking leaf buds",2022-05-11,131,2022-05-16,5,16
355429,371,15,"2023-01-01","2023-12-31",2023-04-14,104,2023-04-10,4,1,57060,39.099045,-96.565102,387,"KS",2050,"Quercus","muehlenbergii","chinquapin oak","Plantae","Breaking leaf buds",2023-05-04,124,2023-05-09,5,20
355429,371,16,"2024-01-01","2024-12-31",2024-04-08,99,2024-04-04,4,1,57060,39.099045,-96.565102,387,"KS",2050,"Quercus","muehlenbergii","chinquapin oak","Plantae","Breaking leaf buds",2024-05-09,130,2024-05-14,5,31
355429,371,17,"2025-01-01","2025-12-31",2025-04-17,107,2025-04-14,3,1,57060,39.099045,-96.565102,387,"KS",2050,"Quercus","muehlenbergii","chinquapin oak","Plantae","Breaking leaf buds",2025-04-28,118,2025-05-01,3,11
355429,501,13,"2021-01-01","2021-12-31",2021-04-30,120,2021-04-26,4,1,57060,39.099045,-96.565102,387,"KS",2050,"Quercus","muehlenbergii","chinquapin oak","Plantae","Open flowers",2021-05-18,138,2021-05-24,6,18
355429,501,14,"2022-01-01","2022-12-31",2022-05-02,122,2022-04-28,4,1,57060,39.099045,-96.565102,387,"KS",2050,"Quercus","muehlenbergii","chinquapin oak","Plantae","Open flowers",2022-05-11,131,2022-05-16,5,9
355429,501,15,"2023-01-01","2023-12-31",2023-04-27,117,2023-04-24,3,1,57060,39.099045,-96.565102,387,"KS",2050,"Quercus","muehlenbergii","chinquapin oak","Plantae","Open flowers",2023-05-04,124,2023-05-09,5,7
355429,501,16,"2024-01-01","2024-12-31",2024-04-18,109,2024-04-15,3,1,57060,39.099045,-96.565102,387,"KS",2050,"Quercus","muehlenbergii","chinquapin oak","Plantae","Open flowers",2024-05-02,123,2024-05-06,4,14
355429,501,17,"2025-01-01","2025-12-31",2025-04-21,111,2025-04-17,4,1,57060,39.099045,-96.565102,387,"KS",2050,"Quercus","muehlenbergii","chinquapin oak","Plantae","Open flowers",2025-05-01,121,2025-05-05,4,10
355438,371,13,"2021-01-01","2021-12-31",2021-04-05,95,2021-04-01,4,1,57060,39.099045,-96.565102,387,"KS",2050,"Quercus","muehlenbergii","chinquapin oak","Plantae","Breaking leaf buds",2021-05-10,130,2021-05-13,3,35
355438,371,14,"2022-01-01","2022-12-31",2022-04-25,115,2022-04-20,5,1,57060,39.099045,-96.565102,387,"KS",2050,"Quercus","muehlenbergii","chinquapin oak","Plantae","Breaking leaf buds",2022-05-11,131,2022-05-16,5,16
355438,371,15,"2023-01-01","2023-12-31",2023-04-14,104,2023-04-10,4,1,57060,39.099045,-96.565102,387,"KS",2050,"Quercus","muehlenbergii","chinquapin oak","Plantae","Breaking leaf buds",2023-05-15,135,2023-05-18,3,31
355438,371,16,"2024-01-01","2024-12-31",2024-04-04,95,2024-04-01,3,1,57060,39.099045,-96.565102,387,"KS",2050,"Quercus","muehlenbergii","chinquapin oak","Plantae","Breaking leaf buds",2024-05-09,130,2024-05-14,5,35
355438,371,17,"2025-01-01","2025-12-31",2025-04-10,100,2025-04-07,3,1,57060,39.099045,-96.565102,387,"KS",2050,"Quercus","muehlenbergii","chinquapin oak","Plantae","Breaking leaf buds",2025-04-28,118,2025-05-01,3,18
355438,501,13,"2021-01-01","2021-12-31",2021-04-30,120,2021-04-26,4,1,57060,39.099045,-96.565102,387,"KS",2050,"Quercus","muehlenbergii","chinquapin oak","Plantae","Open flowers",2021-05-10,130,2021-05-13,3,10
355438,501,14,"2022-01-01","2022-12-31",2022-05-02,122,2022-04-28,4,1,57060,39.099045,-96.565102,387,"KS",2050,"Quercus","muehlenbergii","chinquapin oak","Plantae","Open flowers",2022-05-11,131,2022-05-16,5,9
355438,501,15,"2023-01-01","2023-12-31",2023-04-21,111,2023-04-17,4,1,57060,39.099045,-96.565102,387,"KS",2050,"Quercus","muehlenbergii","chinquapin oak","Plantae","Open flowers",2023-05-01,121,2023-05-04,3,10
355438,501,16,"2024-01-01","2024-12-31",2024-04-18,109,2024-04-15,3,1,57060,39.099045,-96.565102,387,"KS",2050,"Quercus","muehlenbergii","chinquapin oak","Plantae","Open flowers",2024-04-29,120,2024-05-02,3,11
355438,501,17,"2025-01-01","2025-12-31",2025-04-14,104,2025-04-10,4,1,57060,39.099045,-96.565102,387,"KS",2050,"Quercus","muehlenbergii","chinquapin oak","Plantae","Open flowers",2025-04-28,118,2025-05-01,3,14
355446,371,13,"2021-01-01","2021-12-31",2021-04-13,103,2021-04-08,5,1,57060,39.099045,-96.565102,387,"KS",2050,"Quercus","muehlenbergii","chinquapin oak","Plantae","Breaking leaf buds",2021-05-10,130,2021-05-13,3,27
355446,371,14,"2022-01-01","2022-12-31",2022-04-25,115,2022-04-20,5,1,57060,39.099045,-96.565102,387,"KS",2050,"Quercus","muehlenbergii","chinquapin oak","Plantae","Breaking leaf buds",2022-05-11,131,2022-05-16,5,16
355446,371,15,"2023-01-01","2023-12-31",2023-04-14,104,2023-04-10,4,1,57060,39.099045,-96.565102,387,"KS",2050,"Quercus","muehlenbergii","chinquapin oak","Plantae","Breaking leaf buds",2023-05-09,129,2023-05-12,3,25
355446,371,16,"2024-01-01","2024-12-31",2024-04-04,95,2024-04-01,3,1,57060,39.099045,-96.565102,387,"KS",2050,"Quercus","muehlenbergii","chinquapin oak","Plantae","Breaking leaf buds",2024-05-09,130,2024-05-14,5,35
355446,371,17,"2025-01-01","2025-12-31",2025-04-14,104,2025-04-10,4,1,57060,39.099045,-96.565102,387,"KS",2050,"Quercus","muehlenbergii","chinquapin oak","Plantae","Breaking leaf buds",2025-05-05,125,2025-07-01,57,21
355446,501,15,"2023-01-01","2023-12-31",2023-04-21,111,2023-04-17,4,1,57060,39.099045,-96.565102,387,"KS",2050,"Quercus","muehlenbergii","chinquapin oak","Plantae","Open flowers",2023-04-24,114,2023-04-27,3,3
355446,501,16,"2024-01-01","2024-12-31",2024-04-18,109,2024-04-15,3,1,57060,39.099045,-96.565102,387,"KS",2050,"Quercus","muehlenbergii","chinquapin oak","Plantae","Open flowers",2024-04-25,116,2024-04-29,4,7
355446,501,17,"2025-01-01","2025-12-31",2025-04-14,104,2025-04-10,4,1,57060,39.099045,-96.565102,387,"KS",2050,"Quercus","muehlenbergii","chinquapin oak","Plantae","Open flowers",2025-04-24,114,2025-04-28,4,10
355449,371,13,"2021-01-01","2021-12-31",2021-04-05,95,2021-04-01,4,1,57060,39.099045,-96.565102,387,"KS",2050,"Quercus","muehlenbergii","chinquapin oak","Plantae","Breaking leaf buds",2021-05-10,130,2021-05-13,3,35
355449,371,14,"2022-01-01","2022-12-31",2022-04-25,115,2022-04-20,5,1,57060,39.099045,-96.565102,387,"KS",2050,"Quercus","muehlenbergii","chinquapin oak","Plantae","Breaking leaf buds",2022-05-11,131,2022-05-16,5,16
355449,371,15,"2023-01-01","2023-12-31",2023-04-14,104,2023-04-10,4,1,57060,39.099045,-96.565102,387,"KS",2050,"Quercus","muehlenbergii","chinquapin oak","Plantae","Breaking leaf buds",2023-05-09,129,2023-05-12,3,25
355449,371,16,"2024-01-01","2024-12-31",2024-04-01,92,2024-03-29,3,1,57060,39.099045,-96.565102,387,"KS",2050,"Quercus","muehlenbergii","chinquapin oak","Plantae","Breaking leaf buds",2024-05-23,144,2024-05-31,8,52
355449,371,17,"2025-01-01","2025-12-31",2025-04-10,100,2025-04-07,3,1,57060,39.099045,-96.565102,387,"KS",2050,"Quercus","muehlenbergii","chinquapin oak","Plantae","Breaking leaf buds",2025-05-05,125,2025-07-01,57,25
355449,501,13,"2021-01-01","2021-12-31",2021-04-30,120,2021-04-26,4,1,57060,39.099045,-96.565102,387,"KS",2050,"Quercus","muehlenbergii","chinquapin oak","Plantae","Open flowers",2021-05-13,133,2021-05-18,5,13
355449,501,14,"2022-01-01","2022-12-31",2022-05-02,122,2022-04-28,4,1,57060,39.099045,-96.565102,387,"KS",2050,"Quercus","muehlenbergii","chinquapin oak","Plantae","Open flowers",2022-05-11,131,2022-05-16,5,9
355449,501,15,"2023-01-01","2023-12-31",2023-04-24,114,2023-04-21,3,1,57060,39.099045,-96.565102,387,"KS",2050,"Quercus","muehlenbergii","chinquapin oak","Plantae","Open flowers",2023-05-04,124,2023-05-09,5,10
355449,501,16,"2024-01-01","2024-12-31",2024-05-02,123,2024-04-29,3,1,57060,39.099045,-96.565102,387,"KS",2050,"Quercus","muehlenbergii","chinquapin oak","Plantae","Open flowers",2024-05-02,123,2024-05-06,4,0
355449,501,17,"2025-01-01","2025-12-31",2025-04-17,107,2025-04-14,3,1,57060,39.099045,-96.565102,387,"KS",2050,"Quercus","muehlenbergii","chinquapin oak","Plantae","Open flowers",2025-05-05,125,2025-07-01,57,18
355594,371,13,"2021-01-01","2021-12-31",2021-04-06,96,2021-03-30,7,1,57064,39.036751,-95.19268,273,"KS",2050,"Quercus","muehlenbergii","chinquapin oak","Plantae","Breaking leaf buds",2021-05-04,124,2021-05-10,6,28
355594,371,14,"2022-01-01","2022-12-31",2022-04-11,101,2022-04-05,6,1,57064,39.036751,-95.19268,273,"KS",2050,"Quercus","muehlenbergii","chinquapin oak","Plantae","Breaking leaf buds",2022-05-05,125,2022-05-10,5,24
355594,371,15,"2023-01-01","2023-12-31",2023-04-11,101,2023-04-04,7,1,57064,39.036751,-95.19268,273,"KS",2050,"Quercus","muehlenbergii","chinquapin oak","Plantae","Breaking leaf buds",2023-04-18,108,2023-04-25,7,7
355594,371,16,"2024-01-01","2024-12-31",2024-03-28,88,2024-03-19,9,1,57064,39.036751,-95.19268,273,"KS",2050,"Quercus","muehlenbergii","chinquapin oak","Plantae","Breaking leaf buds",2024-04-17,108,2024-04-23,6,20
355594,501,14,"2022-01-01","2022-12-31",2022-05-05,125,2022-04-25,10,1,57064,39.036751,-95.19268,273,"KS",2050,"Quercus","muehlenbergii","chinquapin oak","Plantae","Open flowers",2022-05-10,130,2022-05-18,8,5
355594,501,15,"2023-01-01","2023-12-31",2023-04-18,108,2023-04-11,7,1,57064,39.036751,-95.19268,273,"KS",2050,"Quercus","muehlenbergii","chinquapin oak","Plantae","Open flowers",2023-04-25,115,2023-05-02,7,7
355594,501,16,"2024-01-01","2024-12-31",2024-04-17,108,2024-04-09,8,1,57064,39.036751,-95.19268,273,"KS",2050,"Quercus","muehlenbergii","chinquapin oak","Plantae","Open flowers",2024-04-17,108,2024-04-23,6,0
355594,501,17,"2025-01-01","2025-12-31",2025-04-08,98,2025-04-01,7,1,57064,39.036751,-95.19268,273,"KS",2050,"Quercus","muehlenbergii","chinquapin oak","Plantae","Open flowers",2025-04-15,105,2025-07-02,78,7
355604,371,13,"2021-01-01","2021-12-31",2021-03-24,83,2021-03-16,8,1,57064,39.036751,-95.19268,273,"KS",2050,"Quercus","muehlenbergii","chinquapin oak","Plantae","Breaking leaf buds",2021-05-17,137,2021-05-24,7,54
355604,371,14,"2022-01-01","2022-12-31",2022-04-20,110,2022-04-11,9,1,57064,39.036751,-95.19268,273,"KS",2050,"Quercus","muehlenbergii","chinquapin oak","Plantae","Breaking leaf buds",2022-05-10,130,2022-05-18,8,20
355604,371,15,"2023-01-01","2023-12-31",2023-04-18,108,2023-04-11,7,1,57064,39.036751,-95.19268,273,"KS",2050,"Quercus","muehlenbergii","chinquapin oak","Plantae","Breaking leaf buds",2023-05-02,122,2023-05-09,7,14
355604,371,16,"2024-01-01","2024-12-31",2024-04-02,93,2024-03-28,5,1,57064,39.036751,-95.19268,273,"KS",2050,"Quercus","muehlenbergii","chinquapin oak","Plantae","Breaking leaf buds",2024-04-23,114,2024-04-30,7,21
355604,501,14,"2022-01-01","2022-12-31",2022-05-05,125,2022-04-25,10,1,57064,39.036751,-95.19268,273,"KS",2050,"Quercus","muehlenbergii","chinquapin oak","Plantae","Open flowers",2022-05-10,130,2022-05-18,8,5
355604,501,15,"2023-01-01","2023-12-31",2023-04-25,115,2023-04-18,7,1,57064,39.036751,-95.19268,273,"KS",2050,"Quercus","muehlenbergii","chinquapin oak","Plantae","Open flowers",2023-04-25,115,2023-05-02,7,0
355604,501,16,"2024-01-01","2024-12-31",2024-04-17,108,2024-04-09,8,1,57064,39.036751,-95.19268,273,"KS",2050,"Quercus","muehlenbergii","chinquapin oak","Plantae","Open flowers",2024-04-23,114,2024-04-30,7,6
355604,501,17,"2025-01-01","2025-12-31",2025-04-08,98,2025-04-01,7,1,57064,39.036751,-95.19268,273,"KS",2050,"Quercus","muehlenbergii","chinquapin oak","Plantae","Open flowers",2025-04-15,105,2025-07-02,78,7
355615,371,13,"2021-01-01","2021-12-31",2021-04-06,96,2021-03-30,7,1,57064,39.036751,-95.19268,273,"KS",2050,"Quercus","muehlenbergii","chinquapin oak","Plantae","Breaking leaf buds",2021-05-10,130,2021-05-17,7,34
355615,371,14,"2022-01-01","2022-12-31",2022-04-25,115,2022-04-20,5,1,57064,39.036751,-95.19268,273,"KS",2050,"Quercus","muehlenbergii","chinquapin oak","Plantae","Breaking leaf buds",2022-05-10,130,2022-05-18,8,15
355615,371,15,"2023-01-01","2023-12-31",2023-04-18,108,2023-04-11,7,1,57064,39.036751,-95.19268,273,"KS",2050,"Quercus","muehlenbergii","chinquapin oak","Plantae","Breaking leaf buds",2023-05-02,122,2023-05-09,7,14
355615,371,16,"2024-01-01","2024-12-31",2024-04-02,93,2024-03-28,5,1,57064,39.036751,-95.19268,273,"KS",2050,"Quercus","muehlenbergii","chinquapin oak","Plantae","Breaking leaf buds",2024-04-17,108,2024-04-23,6,15
355615,501,13,"2021-01-01","2021-12-31",2021-05-04,124,2021-04-27,7,1,57064,39.036751,-95.19268,273,"KS",2050,"Quercus","muehlenbergii","chinquapin oak","Plantae","Open flowers",2021-05-10,130,2021-05-17,7,6
355615,501,14,"2022-01-01","2022-12-31",2022-05-05,125,2022-04-25,10,1,57064,39.036751,-95.19268,273,"KS",2050,"Quercus","muehlenbergii","chinquapin oak","Plantae","Open flowers",2022-05-10,130,2022-05-18,8,5
355615,501,15,"2023-01-01","2023-12-31",2023-04-25,115,2023-04-18,7,1,57064,39.036751,-95.19268,273,"KS",2050,"Quercus","muehlenbergii","chinquapin oak","Plantae","Open flowers",2023-05-02,122,2023-05-09,7,7
355615,501,16,"2024-01-01","2024-12-31",2024-04-17,108,2024-04-09,8,1,57064,39.036751,-95.19268,273,"KS",2050,"Quercus","muehlenbergii","chinquapin oak","Plantae","Open flowers",2024-04-23,114,2024-04-30,7,6
355615,501,17,"2025-01-01","2025-12-31",2025-04-15,105,2025-04-08,7,1,57064,39.036751,-95.19268,273,"KS",2050,"Quercus","muehlenbergii","chinquapin oak","Plantae","Open flowers",2025-04-15,105,2025-07-02,78,0
355649,371,14,"2022-01-01","2022-12-31",2022-04-25,115,2022-04-20,5,1,57064,39.036751,-95.19268,273,"KS",2050,"Quercus","muehlenbergii","chinquapin oak","Plantae","Breaking leaf buds",2022-05-10,130,2022-05-18,8,15
355649,371,15,"2023-01-01","2023-12-31",2023-04-18,108,2023-04-11,7,1,57064,39.036751,-95.19268,273,"KS",2050,"Quercus","muehlenbergii","chinquapin oak","Plantae","Breaking leaf buds",2023-04-25,115,2023-05-02,7,7
355649,371,16,"2024-01-01","2024-12-31",2024-04-09,100,2024-04-02,7,1,57064,39.036751,-95.19268,273,"KS",2050,"Quercus","muehlenbergii","chinquapin oak","Plantae","Breaking leaf buds",2024-04-17,108,2024-04-23,6,8
355649,371,17,"2025-01-01","2025-12-31",2025-04-15,105,2025-04-08,7,1,57064,39.036751,-95.19268,273,"KS",2050,"Quercus","muehlenbergii","chinquapin oak","Plantae","Breaking leaf buds",2025-04-15,105,2025-07-02,78,0
355649,501,13,"2021-01-01","2021-12-31",2021-05-17,137,2021-05-10,7,1,57064,39.036751,-95.19268,273,"KS",2050,"Quercus","muehlenbergii","chinquapin oak","Plantae","Open flowers",2021-05-17,137,2021-05-24,7,0
355649,501,15,"2023-01-01","2023-12-31",2023-04-25,115,2023-04-18,7,1,57064,39.036751,-95.19268,273,"KS",2050,"Quercus","muehlenbergii","chinquapin oak","Plantae","Open flowers",2023-05-02,122,2023-05-09,7,7
355649,501,16,"2024-01-01","2024-12-31",2024-04-17,108,2024-04-09,8,1,57064,39.036751,-95.19268,273,"KS",2050,"Quercus","muehlenbergii","chinquapin oak","Plantae","Open flowers",2024-04-23,114,2024-04-30,7,6
355651,371,14,"2022-01-01","2022-12-31",2022-04-25,115,2022-04-20,5,1,57064,39.036751,-95.19268,273,"KS",2050,"Quercus","muehlenbergii","chinquapin oak","Plantae","Breaking leaf buds",2022-05-05,125,2022-05-10,5,10
355651,371,15,"2023-01-01","2023-12-31",2023-04-11,101,2023-04-04,7,1,57064,39.036751,-95.19268,273,"KS",2050,"Quercus","muehlenbergii","chinquapin oak","Plantae","Breaking leaf buds",2023-05-02,122,2023-05-09,7,21
355651,371,16,"2024-01-01","2024-12-31",2024-04-09,100,2024-04-02,7,1,57064,39.036751,-95.19268,273,"KS",2050,"Quercus","muehlenbergii","chinquapin oak","Plantae","Breaking leaf buds",2024-04-09,100,2024-04-17,8,0
355651,371,17,"2025-01-01","2025-12-31",2025-04-15,105,2025-04-08,7,1,57064,39.036751,-95.19268,273,"KS",2050,"Quercus","muehlenbergii","chinquapin oak","Plantae","Breaking leaf buds",2025-04-15,105,2025-07-02,78,0
355849,371,13,"2021-01-01","2021-12-31",2021-04-01,91,2021-03-29,3,1,57066,35.685448,-83.503128,675,"TN",1212,"Quercus","montana","chestnut oak","Plantae","Breaking leaf buds",2021-04-26,116,2021-04-29,3,25
355849,371,14,"2022-01-01","2022-12-31",2022-04-04,94,2022-03-28,7,1,57066,35.685448,-83.503128,675,"TN",1212,"Quercus","montana","chestnut oak","Plantae","Breaking leaf buds",2022-04-25,115,2022-04-28,3,21
355849,371,15,"2023-01-01","2023-12-31",2023-03-20,79,2023-03-13,7,2,57066,35.685448,-83.503128,675,"TN",1212,"Quercus","montana","chestnut oak","Plantae","Breaking leaf buds",2023-04-10,100,2023-04-17,7,21
355849,371,16,"2024-01-01","2024-12-31",2024-04-15,106,2024-04-08,7,1,57066,35.685448,-83.503128,675,"TN",1212,"Quercus","montana","chestnut oak","Plantae","Breaking leaf buds",2024-04-22,113,2024-05-06,14,7
355849,501,13,"2021-01-01","2021-12-31",2021-04-15,105,2021-04-12,3,1,57066,35.685448,-83.503128,675,"TN",1212,"Quercus","montana","chestnut oak","Plantae","Open flowers",2021-04-26,116,2021-04-29,3,11
355849,501,14,"2022-01-01","2022-12-31",2022-04-21,111,2022-04-18,3,1,57066,35.685448,-83.503128,675,"TN",1212,"Quercus","montana","chestnut oak","Plantae","Open flowers",2022-04-28,118,2022-05-02,4,7
355849,501,15,"2023-01-01","2023-12-31",2023-04-17,107,2023-04-10,7,1,57066,35.685448,-83.503128,675,"TN",1212,"Quercus","montana","chestnut oak","Plantae","Open flowers",2023-04-17,107,2023-04-24,7,0
355857,371,13,"2021-01-01","2021-12-31",2021-04-08,98,2021-04-05,3,1,57066,35.685448,-83.503128,675,"TN",1212,"Quercus","montana","chestnut oak","Plantae","Breaking leaf buds",2021-04-19,109,2021-04-22,3,11
355857,371,14,"2022-01-01","2022-12-31",2022-04-04,94,2022-03-28,7,1,57066,35.685448,-83.503128,675,"TN",1212,"Quercus","montana","chestnut oak","Plantae","Breaking leaf buds",2022-04-21,111,2022-04-25,4,17
355857,371,15,"2023-01-01","2023-12-31",2023-04-10,100,2023-04-03,7,1,57066,35.685448,-83.503128,675,"TN",1212,"Quercus","montana","chestnut oak","Plantae","Breaking leaf buds",2023-04-10,100,2023-04-17,7,0
355857,371,16,"2024-01-01","2024-12-31",2024-04-08,99,2024-04-01,7,1,57066,35.685448,-83.503128,675,"TN",1212,"Quercus","montana","chestnut oak","Plantae","Breaking leaf buds",2024-04-15,106,2024-04-22,7,7
355857,371,17,"2025-01-01","2025-12-31",2025-04-07,97,2025-04-01,6,1,57066,35.685448,-83.503128,675,"TN",1212,"Quercus","montana","chestnut oak","Plantae","Breaking leaf buds",2025-04-14,104,NA,NA,7
355872,371,13,"2021-01-01","2021-12-31",2021-03-29,88,2021-03-25,4,1,57066,35.685448,-83.503128,675,"TN",1212,"Quercus","montana","chestnut oak","Plantae","Breaking leaf buds",2021-04-26,116,2021-04-29,3,28
355872,371,14,"2022-01-01","2022-12-31",2022-04-14,104,2022-04-11,3,1,57066,35.685448,-83.503128,675,"TN",1212,"Quercus","montana","chestnut oak","Plantae","Breaking leaf buds",2022-04-25,115,2022-04-28,3,11
355872,371,15,"2023-01-01","2023-12-31",2023-04-10,100,2023-04-03,7,1,57066,35.685448,-83.503128,675,"TN",1212,"Quercus","montana","chestnut oak","Plantae","Breaking leaf buds",2023-04-10,100,2023-04-17,7,0
355872,371,16,"2024-01-01","2024-12-31",2024-04-08,99,2024-04-01,7,1,57066,35.685448,-83.503128,675,"TN",1212,"Quercus","montana","chestnut oak","Plantae","Breaking leaf buds",2024-04-22,113,2024-05-06,14,14
355872,371,17,"2025-01-01","2025-12-31",2025-04-07,97,2025-04-01,6,1,57066,35.685448,-83.503128,675,"TN",1212,"Quercus","montana","chestnut oak","Plantae","Breaking leaf buds",2025-04-14,104,NA,NA,7
355872,501,13,"2021-01-01","2021-12-31",2021-04-15,105,2021-04-12,3,1,57066,35.685448,-83.503128,675,"TN",1212,"Quercus","montana","chestnut oak","Plantae","Open flowers",2021-04-26,116,2021-04-29,3,11
355872,501,14,"2022-01-01","2022-12-31",2022-04-25,115,2022-04-21,4,1,57066,35.685448,-83.503128,675,"TN",1212,"Quercus","montana","chestnut oak","Plantae","Open flowers",2022-04-25,115,2022-04-28,3,0
355872,501,15,"2023-01-01","2023-12-31",2023-04-17,107,2023-04-10,7,1,57066,35.685448,-83.503128,675,"TN",1212,"Quercus","montana","chestnut oak","Plantae","Open flowers",2023-04-17,107,2023-04-24,7,0
355877,371,13,"2021-01-01","2021-12-31",2021-03-22,81,2021-03-19,3,1,57066,35.685448,-83.503128,675,"TN",1212,"Quercus","montana","chestnut oak","Plantae","Breaking leaf buds",2021-04-26,116,2021-04-29,3,35
355877,371,14,"2022-01-01","2022-12-31",2022-04-04,94,2022-03-28,7,1,57066,35.685448,-83.503128,675,"TN",1212,"Quercus","montana","chestnut oak","Plantae","Breaking leaf buds",2022-04-21,111,2022-04-25,4,17
355877,371,15,"2023-01-01","2023-12-31",2023-03-20,79,2023-03-13,7,1,57066,35.685448,-83.503128,675,"TN",1212,"Quercus","montana","chestnut oak","Plantae","Breaking leaf buds",2023-04-10,100,2023-04-17,7,21
355877,371,16,"2024-01-01","2024-12-31",2024-04-01,92,2024-03-25,7,1,57066,35.685448,-83.503128,675,"TN",1212,"Quercus","montana","chestnut oak","Plantae","Breaking leaf buds",2024-04-15,106,2024-04-22,7,14
355877,501,13,"2021-01-01","2021-12-31",2021-03-29,88,2021-03-25,4,1,57066,35.685448,-83.503128,675,"TN",1212,"Quercus","montana","chestnut oak","Plantae","Open flowers",2021-04-26,116,2021-04-29,3,28
355877,501,14,"2022-01-01","2022-12-31",2022-04-14,104,2022-04-11,3,1,57066,35.685448,-83.503128,675,"TN",1212,"Quercus","montana","chestnut oak","Plantae","Open flowers",2022-04-28,118,2022-05-02,4,14
355877,501,15,"2023-01-01","2023-12-31",2023-04-17,107,2023-04-10,7,1,57066,35.685448,-83.503128,675,"TN",1212,"Quercus","montana","chestnut oak","Plantae","Open flowers",2023-04-17,107,2023-04-24,7,0
355877,501,16,"2024-01-01","2024-12-31",2024-04-15,106,2024-04-08,7,1,57066,35.685448,-83.503128,675,"TN",1212,"Quercus","montana","chestnut oak","Plantae","Open flowers",2024-04-15,106,2024-04-22,7,0
355882,371,13,"2021-01-01","2021-12-31",2021-03-19,78,2021-03-15,4,1,57066,35.685448,-83.503128,675,"TN",1212,"Quercus","montana","chestnut oak","Plantae","Breaking leaf buds",2021-05-10,130,2021-05-14,4,52
355882,501,13,"2021-01-01","2021-12-31",2021-03-29,88,2021-03-25,4,1,57066,35.685448,-83.503128,675,"TN",1212,"Quercus","montana","chestnut oak","Plantae","Open flowers",2021-04-29,119,2021-05-03,4,31
355901,371,15,"2023-01-01","2023-12-31",2023-04-03,93,2023-03-27,7,1,57066,35.685448,-83.503128,675,"TN",1212,"Quercus","montana","chestnut oak","Plantae","Breaking leaf buds",2023-04-10,100,2023-04-17,7,7
355901,371,16,"2024-01-01","2024-12-31",2024-04-08,99,2024-04-01,7,1,57066,35.685448,-83.503128,675,"TN",1212,"Quercus","montana","chestnut oak","Plantae","Breaking leaf buds",2024-04-22,113,2024-05-06,14,14
355901,371,17,"2025-01-01","2025-12-31",2025-04-07,97,2025-04-01,6,1,57066,35.685448,-83.503128,675,"TN",1212,"Quercus","montana","chestnut oak","Plantae","Breaking leaf buds",2025-04-14,104,NA,NA,7
355901,501,15,"2023-01-01","2023-12-31",2023-04-17,107,2023-04-10,7,1,57066,35.685448,-83.503128,675,"TN",1212,"Quercus","montana","chestnut oak","Plantae","Open flowers",2023-04-17,107,2023-04-24,7,0
355906,371,17,"2025-01-01","2025-12-31",2025-04-07,97,2025-04-01,6,1,57066,35.685448,-83.503128,675,"TN",1212,"Quercus","montana","chestnut oak","Plantae","Breaking leaf buds",2025-04-14,104,NA,NA,7
355908,371,10,"2018-01-01","2018-12-31",2018-05-10,130,2018-05-07,3,1,57068,37.377354,-80.526581,877,"VA",100,"Quercus","alba","white oak","Plantae","Breaking leaf buds",2018-05-24,144,2018-05-29,5,14
355908,371,11,"2019-01-01","2019-12-31",2019-05-01,121,2019-04-29,2,1,57068,37.377354,-80.526581,877,"VA",100,"Quercus","alba","white oak","Plantae","Breaking leaf buds",2019-05-13,133,2019-05-15,2,12
355908,501,10,"2018-01-01","2018-12-31",2018-05-21,141,2018-05-14,7,1,57068,37.377354,-80.526581,877,"VA",100,"Quercus","alba","white oak","Plantae","Open flowers",2018-05-21,141,2018-05-24,3,0
355909,371,10,"2018-01-01","2018-12-31",2018-05-21,141,2018-05-14,7,1,57068,37.377354,-80.526581,877,"VA",100,"Quercus","alba","white oak","Plantae","Breaking leaf buds",2018-05-24,144,2018-05-29,5,3
355909,371,11,"2019-01-01","2019-12-31",2019-05-03,123,2019-05-01,2,1,57068,37.377354,-80.526581,877,"VA",100,"Quercus","alba","white oak","Plantae","Breaking leaf buds",2019-05-22,142,2019-05-24,2,19
355910,371,10,"2018-01-01","2018-12-31",2018-05-14,134,2018-05-10,4,1,57068,37.377354,-80.526581,877,"VA",100,"Quercus","alba","white oak","Plantae","Breaking leaf buds",2018-05-24,144,2018-05-29,5,10
355910,371,11,"2019-01-01","2019-12-31",2019-05-03,123,2019-05-01,2,1,57068,37.377354,-80.526581,877,"VA",100,"Quercus","alba","white oak","Plantae","Breaking leaf buds",2019-05-15,135,2019-05-20,5,12
355915,371,10,"2018-01-01","2018-12-31",2018-05-14,134,2018-05-10,4,1,57068,37.377354,-80.526581,877,"VA",100,"Quercus","alba","white oak","Plantae","Breaking leaf buds",2018-05-24,144,2018-05-29,5,10
355916,371,10,"2018-01-01","2018-12-31",2018-05-14,134,2018-05-10,4,1,57068,37.377354,-80.526581,877,"VA",100,"Quercus","alba","white oak","Plantae","Breaking leaf buds",2018-05-24,144,2018-05-29,5,10
355916,371,11,"2019-01-01","2019-12-31",2019-05-03,123,2019-05-01,2,1,57068,37.377354,-80.526581,877,"VA",100,"Quercus","alba","white oak","Plantae","Breaking leaf buds",2019-05-22,142,2019-05-24,2,19
355918,371,10,"2018-01-01","2018-12-31",2018-05-14,134,2018-05-10,4,1,57068,37.377354,-80.526581,877,"VA",100,"Quercus","alba","white oak","Plantae","Breaking leaf buds",2018-05-21,141,2018-05-24,3,7
355918,371,11,"2019-01-01","2019-12-31",2019-05-03,123,2019-05-01,2,1,57068,37.377354,-80.526581,877,"VA",100,"Quercus","alba","white oak","Plantae","Breaking leaf buds",2019-05-08,128,2019-05-13,5,5
355918,371,13,"2021-01-01","2021-12-31",2021-05-01,121,2021-04-29,2,1,57068,37.377354,-80.526581,877,"VA",100,"Quercus","alba","white oak","Plantae","Breaking leaf buds",2021-05-31,151,2021-06-03,3,30
355923,371,10,"2018-01-01","2018-12-31",2018-05-14,134,2018-05-10,4,1,57068,37.377354,-80.526581,877,"VA",100,"Quercus","alba","white oak","Plantae","Breaking leaf buds",2018-05-24,144,2018-05-29,5,10
355923,371,11,"2019-01-01","2019-12-31",2019-05-06,126,2019-05-03,3,1,57068,37.377354,-80.526581,877,"VA",100,"Quercus","alba","white oak","Plantae","Breaking leaf buds",2019-05-20,140,2019-05-22,2,14
355923,371,13,"2021-01-01","2021-12-31",2021-04-29,119,2021-04-26,3,2,57068,37.377354,-80.526581,877,"VA",100,"Quercus","alba","white oak","Plantae","Breaking leaf buds",2021-05-20,140,2021-05-24,4,21
355923,501,13,"2021-01-01","2021-12-31",2021-05-01,121,2021-04-29,2,2,57068,37.377354,-80.526581,877,"VA",100,"Quercus","alba","white oak","Plantae","Open flowers",2021-06-14,165,2021-06-22,8,44
355928,371,10,"2018-01-01","2018-12-31",2018-05-14,134,2018-05-10,4,1,57068,37.377354,-80.526581,877,"VA",100,"Quercus","alba","white oak","Plantae","Breaking leaf buds",2018-05-24,144,2018-05-29,5,10
355928,371,11,"2019-01-01","2019-12-31",2019-05-06,126,2019-05-03,3,1,57068,37.377354,-80.526581,877,"VA",100,"Quercus","alba","white oak","Plantae","Breaking leaf buds",2019-05-15,135,2019-05-20,5,9
355928,371,13,"2021-01-01","2021-12-31",2021-04-29,119,2021-04-26,3,1,57068,37.377354,-80.526581,877,"VA",100,"Quercus","alba","white oak","Plantae","Breaking leaf buds",2021-05-24,144,2021-05-31,7,25
355928,501,13,"2021-01-01","2021-12-31",2021-05-01,121,2021-04-29,2,2,57068,37.377354,-80.526581,877,"VA",100,"Quercus","alba","white oak","Plantae","Open flowers",2021-06-03,154,2021-06-14,11,33
355929,371,10,"2018-01-01","2018-12-31",2018-05-14,134,2018-05-10,4,1,57068,37.377354,-80.526581,877,"VA",100,"Quercus","alba","white oak","Plantae","Breaking leaf buds",2018-05-24,144,2018-05-29,5,10
355929,371,11,"2019-01-01","2019-12-31",2019-05-03,123,2019-05-01,2,1,57068,37.377354,-80.526581,877,"VA",100,"Quercus","alba","white oak","Plantae","Breaking leaf buds",2019-05-15,135,2019-05-20,5,12
355929,371,13,"2021-01-01","2021-12-31",2021-04-29,119,2021-04-26,3,2,57068,37.377354,-80.526581,877,"VA",100,"Quercus","alba","white oak","Plantae","Breaking leaf buds",2021-05-20,140,2021-05-24,4,21
355929,501,13,"2021-01-01","2021-12-31",2021-05-01,121,2021-04-29,2,2,57068,37.377354,-80.526581,877,"VA",100,"Quercus","alba","white oak","Plantae","Open flowers",2021-06-14,165,2021-06-22,8,44
355938,371,10,"2018-01-01","2018-12-31",2018-05-10,130,2018-05-07,3,1,57068,37.377354,-80.526581,877,"VA",100,"Quercus","alba","white oak","Plantae","Breaking leaf buds",2018-05-24,144,2018-05-29,5,14
355938,371,11,"2019-01-01","2019-12-31",2019-05-01,121,2019-04-29,2,1,57068,37.377354,-80.526581,877,"VA",100,"Quercus","alba","white oak","Plantae","Breaking leaf buds",2019-05-15,135,2019-05-20,5,14
355938,371,13,"2021-01-01","2021-12-31",2021-04-29,119,2021-04-26,3,1,57068,37.377354,-80.526581,877,"VA",100,"Quercus","alba","white oak","Plantae","Breaking leaf buds",2021-05-24,144,2021-05-31,7,25
355938,501,13,"2021-01-01","2021-12-31",2021-05-01,121,2021-04-29,2,1,57068,37.377354,-80.526581,877,"VA",100,"Quercus","alba","white oak","Plantae","Open flowers",2021-05-01,121,2021-05-03,2,0
355940,371,10,"2018-01-01","2018-12-31",2018-05-10,130,2018-05-07,3,1,57068,37.377354,-80.526581,877,"VA",100,"Quercus","alba","white oak","Plantae","Breaking leaf buds",2018-05-24,144,2018-05-29,5,14
355940,371,11,"2019-01-01","2019-12-31",2019-05-01,121,2019-04-29,2,1,57068,37.377354,-80.526581,877,"VA",100,"Quercus","alba","white oak","Plantae","Breaking leaf buds",2019-05-15,135,2019-05-20,5,14
355940,371,13,"2021-01-01","2021-12-31",2021-04-29,119,2021-04-26,3,1,57068,37.377354,-80.526581,877,"VA",100,"Quercus","alba","white oak","Plantae","Breaking leaf buds",2021-05-24,144,2021-05-31,7,25
355940,501,13,"2021-01-01","2021-12-31",2021-05-01,121,2021-04-29,2,2,57068,37.377354,-80.526581,877,"VA",100,"Quercus","alba","white oak","Plantae","Open flowers",2021-06-14,165,2021-06-22,8,44
355941,371,10,"2018-01-01","2018-12-31",2018-05-14,134,2018-05-10,4,1,57068,37.377354,-80.526581,877,"VA",100,"Quercus","alba","white oak","Plantae","Breaking leaf buds",2018-05-24,144,2018-05-29,5,10
355941,371,11,"2019-01-01","2019-12-31",2019-05-01,121,2019-04-29,2,1,57068,37.377354,-80.526581,877,"VA",100,"Quercus","alba","white oak","Plantae","Breaking leaf buds",2019-05-20,140,2019-05-22,2,19
355941,371,13,"2021-01-01","2021-12-31",2021-04-29,119,2021-04-26,3,2,57068,37.377354,-80.526581,877,"VA",100,"Quercus","alba","white oak","Plantae","Breaking leaf buds",2021-05-20,140,2021-05-24,4,21
355941,501,13,"2021-01-01","2021-12-31",2021-05-01,121,2021-04-29,2,2,57068,37.377354,-80.526581,877,"VA",100,"Quercus","alba","white oak","Plantae","Open flowers",2021-05-20,140,2021-05-24,4,19
355948,371,10,"2018-01-01","2018-12-31",2018-05-10,130,2018-05-07,3,1,57068,37.377354,-80.526581,877,"VA",100,"Quercus","alba","white oak","Plantae","Breaking leaf buds",2018-05-24,144,2018-05-29,5,14
355948,371,11,"2019-01-01","2019-12-31",2019-05-01,121,2019-04-29,2,1,57068,37.377354,-80.526581,877,"VA",100,"Quercus","alba","white oak","Plantae","Breaking leaf buds",2019-05-15,135,2019-05-20,5,14
355948,371,13,"2021-01-01","2021-12-31",2021-04-29,119,2021-04-26,3,1,57068,37.377354,-80.526581,877,"VA",100,"Quercus","alba","white oak","Plantae","Breaking leaf buds",2021-05-24,144,2021-05-31,7,25
355948,371,14,"2022-01-01","2022-12-31",2022-04-28,118,2022-04-25,3,1,57068,37.377354,-80.526581,877,"VA",100,"Quercus","alba","white oak","Plantae","Breaking leaf buds",2022-05-19,139,2022-05-23,4,21
355948,371,15,"2023-01-01","2023-12-31",2023-04-25,115,2023-04-17,8,1,57068,37.377354,-80.526581,877,"VA",100,"Quercus","alba","white oak","Plantae","Breaking leaf buds",2023-05-15,135,2023-05-23,8,20
355948,371,16,"2024-01-01","2024-12-31",2024-05-01,122,2024-04-24,7,1,57068,37.377354,-80.526581,877,"VA",100,"Quercus","alba","white oak","Plantae","Breaking leaf buds",2024-05-07,128,2024-05-13,6,6
355948,501,13,"2021-01-01","2021-12-31",2021-05-01,121,2021-04-29,2,2,57068,37.377354,-80.526581,877,"VA",100,"Quercus","alba","white oak","Plantae","Open flowers",2021-06-03,154,2021-06-14,11,33
355948,501,14,"2022-01-01","2022-12-31",2022-05-05,125,2022-05-02,3,2,57068,37.377354,-80.526581,877,"VA",100,"Quercus","alba","white oak","Plantae","Open flowers",2022-05-19,139,2022-05-23,4,14
355948,501,16,"2024-01-01","2024-12-31",2024-05-07,128,2024-05-01,6,1,57068,37.377354,-80.526581,877,"VA",100,"Quercus","alba","white oak","Plantae","Open flowers",2024-05-13,134,2024-05-21,8,6
355953,371,10,"2018-01-01","2018-12-31",2018-05-14,134,2018-05-10,4,1,57068,37.377354,-80.526581,877,"VA",100,"Quercus","alba","white oak","Plantae","Breaking leaf buds",2018-05-24,144,2018-05-29,5,10
355953,371,11,"2019-01-01","2019-12-31",2019-05-01,121,2019-04-29,2,1,57068,37.377354,-80.526581,877,"VA",100,"Quercus","alba","white oak","Plantae","Breaking leaf buds",2019-05-08,128,2019-05-13,5,7
355953,371,13,"2021-01-01","2021-12-31",2021-04-29,119,2021-04-26,3,1,57068,37.377354,-80.526581,877,"VA",100,"Quercus","alba","white oak","Plantae","Breaking leaf buds",2021-05-31,151,2021-06-03,3,32
355953,501,13,"2021-01-01","2021-12-31",2021-05-01,121,2021-04-29,2,2,57068,37.377354,-80.526581,877,"VA",100,"Quercus","alba","white oak","Plantae","Open flowers",2021-06-03,154,2021-06-14,11,33
355954,371,10,"2018-01-01","2018-12-31",2018-05-14,134,2018-05-10,4,1,57068,37.377354,-80.526581,877,"VA",100,"Quercus","alba","white oak","Plantae","Breaking leaf buds",2018-05-24,144,2018-06-04,11,10
355954,371,11,"2019-01-01","2019-12-31",2019-05-01,121,2019-04-29,2,1,57068,37.377354,-80.526581,877,"VA",100,"Quercus","alba","white oak","Plantae","Breaking leaf buds",2019-05-20,140,2019-05-22,2,19
355954,371,13,"2021-01-01","2021-12-31",2021-04-29,119,2021-04-26,3,1,57068,37.377354,-80.526581,877,"VA",100,"Quercus","alba","white oak","Plantae","Breaking leaf buds",2021-05-24,144,2021-05-31,7,25
355954,371,14,"2022-01-01","2022-12-31",2022-05-02,122,2022-04-28,4,1,57068,37.377354,-80.526581,877,"VA",100,"Quercus","alba","white oak","Plantae","Breaking leaf buds",2022-05-26,146,2022-05-30,4,24
355954,371,15,"2023-01-01","2023-12-31",2023-04-25,115,2023-04-17,8,1,57068,37.377354,-80.526581,877,"VA",100,"Quercus","alba","white oak","Plantae","Breaking leaf buds",2023-05-08,128,2023-05-15,7,13
355954,371,16,"2024-01-01","2024-12-31",2024-05-13,134,2024-05-01,12,1,57068,37.377354,-80.526581,877,"VA",100,"Quercus","alba","white oak","Plantae","Breaking leaf buds",2024-05-13,134,2024-05-21,8,0
355954,501,11,"2019-01-01","2019-12-31",2019-05-20,140,2019-05-15,5,1,57068,37.377354,-80.526581,877,"VA",100,"Quercus","alba","white oak","Plantae","Open flowers",2019-05-22,142,2019-05-24,2,2
355954,501,13,"2021-01-01","2021-12-31",2021-05-01,121,2021-04-29,2,2,57068,37.377354,-80.526581,877,"VA",100,"Quercus","alba","white oak","Plantae","Open flowers",2021-06-14,165,2021-06-22,8,44
355954,501,14,"2022-01-01","2022-12-31",2022-05-26,146,2022-05-23,3,1,57068,37.377354,-80.526581,877,"VA",100,"Quercus","alba","white oak","Plantae","Open flowers",2022-05-30,150,2022-06-02,3,4
355954,501,15,"2023-01-01","2023-12-31",2023-05-15,135,2023-05-08,7,1,57068,37.377354,-80.526581,877,"VA",100,"Quercus","alba","white oak","Plantae","Open flowers",2023-05-15,135,2023-05-23,8,0
355954,501,16,"2024-01-01","2024-12-31",2024-05-07,128,2024-05-01,6,1,57068,37.377354,-80.526581,877,"VA",100,"Quercus","alba","white oak","Plantae","Open flowers",2024-05-21,142,2024-05-27,6,14
355958,371,10,"2018-01-01","2018-12-31",2018-05-21,141,2018-05-14,7,1,57068,37.377354,-80.526581,877,"VA",100,"Quercus","alba","white oak","Plantae","Breaking leaf buds",2018-05-24,144,2018-05-29,5,3
355958,371,11,"2019-01-01","2019-12-31",2019-05-06,126,2019-05-03,3,1,57068,37.377354,-80.526581,877,"VA",100,"Quercus","alba","white oak","Plantae","Breaking leaf buds",2019-05-15,135,2019-05-20,5,9
355958,371,13,"2021-01-01","2021-12-31",2021-04-29,119,2021-04-26,3,2,57068,37.377354,-80.526581,877,"VA",100,"Quercus","alba","white oak","Plantae","Breaking leaf buds",2021-05-24,144,2021-05-31,7,25
355958,501,13,"2021-01-01","2021-12-31",2021-05-01,121,2021-04-29,2,2,57068,37.377354,-80.526581,877,"VA",100,"Quercus","alba","white oak","Plantae","Open flowers",2021-06-03,154,2021-06-14,11,33
355959,371,10,"2018-01-01","2018-12-31",2018-05-14,134,2018-05-10,4,2,57068,37.377354,-80.526581,877,"VA",100,"Quercus","alba","white oak","Plantae","Breaking leaf buds",2018-05-24,144,2018-05-29,5,10
355959,371,11,"2019-01-01","2019-12-31",2019-05-01,121,2019-04-29,2,1,57068,37.377354,-80.526581,877,"VA",100,"Quercus","alba","white oak","Plantae","Breaking leaf buds",2019-05-15,135,2019-05-20,5,14
355961,371,10,"2018-01-01","2018-12-31",2018-05-14,134,2018-05-10,4,1,57068,37.377354,-80.526581,877,"VA",100,"Quercus","alba","white oak","Plantae","Breaking leaf buds",2018-05-24,144,2018-05-29,5,10
355961,371,11,"2019-01-01","2019-12-31",2019-05-03,123,2019-05-01,2,1,57068,37.377354,-80.526581,877,"VA",100,"Quercus","alba","white oak","Plantae","Breaking leaf buds",2019-05-15,135,2019-05-20,5,12
355961,371,13,"2021-01-01","2021-12-31",2021-04-29,119,2021-04-26,3,2,57068,37.377354,-80.526581,877,"VA",100,"Quercus","alba","white oak","Plantae","Breaking leaf buds",2021-05-20,140,2021-05-24,4,21
355961,501,13,"2021-01-01","2021-12-31",2021-05-01,121,2021-04-29,2,2,57068,37.377354,-80.526581,877,"VA",100,"Quercus","alba","white oak","Plantae","Open flowers",2021-06-03,154,2021-06-14,11,33
355967,371,10,"2018-01-01","2018-12-31",2018-05-14,134,2018-05-10,4,1,57068,37.377354,-80.526581,877,"VA",100,"Quercus","alba","white oak","Plantae","Breaking leaf buds",2018-05-24,144,2018-05-29,5,10
355967,371,11,"2019-01-01","2019-12-31",2019-05-06,126,2019-05-03,3,1,57068,37.377354,-80.526581,877,"VA",100,"Quercus","alba","white oak","Plantae","Breaking leaf buds",2019-05-22,142,2019-05-24,2,16
355967,371,13,"2021-01-01","2021-12-31",2021-04-29,119,2021-04-26,3,1,57068,37.377354,-80.526581,877,"VA",100,"Quercus","alba","white oak","Plantae","Breaking leaf buds",2021-05-24,144,2021-05-31,7,25
355967,371,14,"2022-01-01","2022-12-31",2022-05-02,122,2022-04-28,4,1,57068,37.377354,-80.526581,877,"VA",100,"Quercus","alba","white oak","Plantae","Breaking leaf buds",2022-05-19,139,2022-05-23,4,17
355967,371,15,"2023-01-01","2023-12-31",2023-05-08,128,2023-05-01,7,1,57068,37.377354,-80.526581,877,"VA",100,"Quercus","alba","white oak","Plantae","Breaking leaf buds",2023-05-23,143,2023-05-29,6,15
355967,371,16,"2024-01-01","2024-12-31",2024-05-07,128,2024-05-01,6,1,57068,37.377354,-80.526581,877,"VA",100,"Quercus","alba","white oak","Plantae","Breaking leaf buds",2024-05-13,134,2024-05-21,8,6
355967,501,13,"2021-01-01","2021-12-31",2021-05-01,121,2021-04-29,2,2,57068,37.377354,-80.526581,877,"VA",100,"Quercus","alba","white oak","Plantae","Open flowers",2021-06-03,154,2021-06-14,11,33
355967,501,14,"2022-01-01","2022-12-31",2022-05-16,136,2022-05-12,4,1,57068,37.377354,-80.526581,877,"VA",100,"Quercus","alba","white oak","Plantae","Open flowers",2022-05-26,146,2022-05-30,4,10
355967,501,16,"2024-01-01","2024-12-31",2024-05-13,134,2024-05-07,6,1,57068,37.377354,-80.526581,877,"VA",100,"Quercus","alba","white oak","Plantae","Open flowers",2024-05-21,142,2024-05-27,6,8
355969,371,10,"2018-01-01","2018-12-31",2018-05-14,134,2018-05-10,4,1,57068,37.377354,-80.526581,877,"VA",100,"Quercus","alba","white oak","Plantae","Breaking leaf buds",2018-05-24,144,2018-05-29,5,10
355969,371,11,"2019-01-01","2019-12-31",2019-05-03,123,2019-05-01,2,1,57068,37.377354,-80.526581,877,"VA",100,"Quercus","alba","white oak","Plantae","Breaking leaf buds",2019-05-20,140,2019-05-22,2,17
355969,371,13,"2021-01-01","2021-12-31",2021-05-01,121,2021-04-29,2,1,57068,37.377354,-80.526581,877,"VA",100,"Quercus","alba","white oak","Plantae","Breaking leaf buds",2021-05-31,151,2021-06-03,3,30
355969,501,13,"2021-01-01","2021-12-31",2021-05-01,121,2021-04-29,2,2,57068,37.377354,-80.526581,877,"VA",100,"Quercus","alba","white oak","Plantae","Open flowers",2021-05-31,151,2021-06-03,3,30
355970,371,10,"2018-01-01","2018-12-31",2018-05-14,134,2018-05-10,4,1,57068,37.377354,-80.526581,877,"VA",100,"Quercus","alba","white oak","Plantae","Breaking leaf buds",2018-05-24,144,2018-05-29,5,10
355970,371,11,"2019-01-01","2019-12-31",2019-05-01,121,2019-04-29,2,1,57068,37.377354,-80.526581,877,"VA",100,"Quercus","alba","white oak","Plantae","Breaking leaf buds",2019-05-15,135,2019-05-20,5,14
355970,371,13,"2021-01-01","2021-12-31",2021-04-29,119,2021-04-26,3,1,57068,37.377354,-80.526581,877,"VA",100,"Quercus","alba","white oak","Plantae","Breaking leaf buds",2021-05-24,144,2021-05-31,7,25
355970,371,14,"2022-01-01","2022-12-31",2022-05-02,122,2022-04-28,4,1,57068,37.377354,-80.526581,877,"VA",100,"Quercus","alba","white oak","Plantae","Breaking leaf buds",2022-05-16,136,2022-05-19,3,14
355970,371,15,"2023-01-01","2023-12-31",2023-04-25,115,2023-04-17,8,1,57068,37.377354,-80.526581,877,"VA",100,"Quercus","alba","white oak","Plantae","Breaking leaf buds",2023-05-08,128,2023-05-15,7,13
355970,371,16,"2024-01-01","2024-12-31",2024-05-01,122,2024-04-24,7,1,57068,37.377354,-80.526581,877,"VA",100,"Quercus","alba","white oak","Plantae","Breaking leaf buds",2024-05-07,128,2024-05-13,6,6
355970,501,13,"2021-01-01","2021-12-31",2021-05-01,121,2021-04-29,2,2,57068,37.377354,-80.526581,877,"VA",100,"Quercus","alba","white oak","Plantae","Open flowers",2021-06-03,154,2021-06-14,11,33
355970,501,14,"2022-01-01","2022-12-31",2022-05-16,136,2022-05-12,4,1,57068,37.377354,-80.526581,877,"VA",100,"Quercus","alba","white oak","Plantae","Open flowers",2022-05-19,139,2022-05-23,4,3
355970,501,16,"2024-01-01","2024-12-31",2024-05-07,128,2024-05-01,6,1,57068,37.377354,-80.526581,877,"VA",100,"Quercus","alba","white oak","Plantae","Open flowers",2024-05-21,142,2024-05-27,6,14
355974,371,10,"2018-01-01","2018-12-31",2018-05-04,124,2018-04-30,4,2,57068,37.377354,-80.526581,877,"VA",100,"Quercus","alba","white oak","Plantae","Breaking leaf buds",2018-05-24,144,2018-05-29,5,20
355974,371,11,"2019-01-01","2019-12-31",2019-05-03,123,2019-05-01,2,1,57068,37.377354,-80.526581,877,"VA",100,"Quercus","alba","white oak","Plantae","Breaking leaf buds",2019-05-15,135,2019-05-20,5,12
355974,371,13,"2021-01-01","2021-12-31",2021-04-29,119,2021-04-26,3,2,57068,37.377354,-80.526581,877,"VA",100,"Quercus","alba","white oak","Plantae","Breaking leaf buds",2021-05-20,140,2021-05-24,4,21
355974,501,13,"2021-01-01","2021-12-31",2021-05-01,121,2021-04-29,2,2,57068,37.377354,-80.526581,877,"VA",100,"Quercus","alba","white oak","Plantae","Open flowers",2021-06-03,154,2021-06-14,11,33
355976,371,10,"2018-01-01","2018-12-31",2018-05-10,130,2018-05-07,3,1,57068,37.377354,-80.526581,877,"VA",100,"Quercus","alba","white oak","Plantae","Breaking leaf buds",2018-05-24,144,2018-05-29,5,14
355976,371,11,"2019-01-01","2019-12-31",2019-05-03,123,2019-05-01,2,1,57068,37.377354,-80.526581,877,"VA",100,"Quercus","alba","white oak","Plantae","Breaking leaf buds",2019-05-08,128,2019-05-13,5,5
355976,371,13,"2021-01-01","2021-12-31",2021-04-29,119,2021-04-26,3,2,57068,37.377354,-80.526581,877,"VA",100,"Quercus","alba","white oak","Plantae","Breaking leaf buds",2021-05-20,140,2021-05-24,4,21
355976,501,13,"2021-01-01","2021-12-31",2021-05-01,121,2021-04-29,2,2,57068,37.377354,-80.526581,877,"VA",100,"Quercus","alba","white oak","Plantae","Open flowers",2021-06-03,154,2021-06-14,11,33
355980,371,10,"2018-01-01","2018-12-31",2018-05-14,134,2018-05-10,4,1,57068,37.377354,-80.526581,877,"VA",100,"Quercus","alba","white oak","Plantae","Breaking leaf buds",2018-05-24,144,2018-05-29,5,10
355980,371,11,"2019-01-01","2019-12-31",2019-05-03,123,2019-05-01,2,1,57068,37.377354,-80.526581,877,"VA",100,"Quercus","alba","white oak","Plantae","Breaking leaf buds",2019-05-22,142,2019-05-24,2,19
355980,371,13,"2021-01-01","2021-12-31",2021-05-03,123,2021-05-01,2,1,57068,37.377354,-80.526581,877,"VA",100,"Quercus","alba","white oak","Plantae","Breaking leaf buds",2021-05-20,140,2021-05-24,4,17
355980,501,13,"2021-01-01","2021-12-31",2021-05-01,121,2021-04-29,2,2,57068,37.377354,-80.526581,877,"VA",100,"Quercus","alba","white oak","Plantae","Open flowers",2021-06-14,165,2021-06-22,8,44
355981,371,10,"2018-01-01","2018-12-31",2018-05-21,141,2018-05-14,7,1,57068,37.377354,-80.526581,877,"VA",100,"Quercus","alba","white oak","Plantae","Breaking leaf buds",2018-05-24,144,2018-05-29,5,3
355981,371,11,"2019-01-01","2019-12-31",2019-05-03,123,2019-05-01,2,1,57068,37.377354,-80.526581,877,"VA",100,"Quercus","alba","white oak","Plantae","Breaking leaf buds",2019-05-13,133,2019-05-15,2,10
355981,371,13,"2021-01-01","2021-12-31",2021-04-29,119,2021-04-26,3,1,57068,37.377354,-80.526581,877,"VA",100,"Quercus","alba","white oak","Plantae","Breaking leaf buds",2021-05-24,144,2021-05-31,7,25
355981,501,11,"2019-01-01","2019-12-31",2019-05-20,140,2019-05-15,5,1,57068,37.377354,-80.526581,877,"VA",100,"Quercus","alba","white oak","Plantae","Open flowers",2019-05-24,144,2019-05-30,6,4
355981,501,13,"2021-01-01","2021-12-31",2021-05-01,121,2021-04-29,2,2,57068,37.377354,-80.526581,877,"VA",100,"Quercus","alba","white oak","Plantae","Open flowers",2021-06-14,165,2021-06-22,8,44
355983,371,10,"2018-01-01","2018-12-31",2018-05-14,134,2018-05-10,4,1,57068,37.377354,-80.526581,877,"VA",100,"Quercus","alba","white oak","Plantae","Breaking leaf buds",2018-05-24,144,2018-05-29,5,10
355983,371,11,"2019-01-01","2019-12-31",2019-05-01,121,2019-04-29,2,1,57068,37.377354,-80.526581,877,"VA",100,"Quercus","alba","white oak","Plantae","Breaking leaf buds",2019-05-15,135,2019-05-20,5,14
355983,371,13,"2021-01-01","2021-12-31",2021-04-29,119,2021-04-26,3,1,57068,37.377354,-80.526581,877,"VA",100,"Quercus","alba","white oak","Plantae","Breaking leaf buds",2021-05-31,151,2021-06-03,3,32
355983,501,13,"2021-01-01","2021-12-31",2021-05-01,121,2021-04-29,2,2,57068,37.377354,-80.526581,877,"VA",100,"Quercus","alba","white oak","Plantae","Open flowers",2021-06-14,165,2021-06-22,8,44
355984,371,10,"2018-01-01","2018-12-31",2018-05-10,130,2018-05-07,3,1,57068,37.377354,-80.526581,877,"VA",100,"Quercus","alba","white oak","Plantae","Breaking leaf buds",2018-05-24,144,2018-05-29,5,14
355984,371,11,"2019-01-01","2019-12-31",2019-05-01,121,2019-04-29,2,1,57068,37.377354,-80.526581,877,"VA",100,"Quercus","alba","white oak","Plantae","Breaking leaf buds",2019-05-15,135,2019-05-20,5,14
355984,371,13,"2021-01-01","2021-12-31",2021-04-29,119,2021-04-26,3,1,57068,37.377354,-80.526581,877,"VA",100,"Quercus","alba","white oak","Plantae","Breaking leaf buds",2021-06-03,154,2021-06-14,11,35
355984,371,14,"2022-01-01","2022-12-31",2022-04-28,118,2022-04-25,3,1,57068,37.377354,-80.526581,877,"VA",100,"Quercus","alba","white oak","Plantae","Breaking leaf buds",2022-05-26,146,2022-05-30,4,28
355984,371,15,"2023-01-01","2023-12-31",2023-04-25,115,2023-04-17,8,1,57068,37.377354,-80.526581,877,"VA",100,"Quercus","alba","white oak","Plantae","Breaking leaf buds",2023-05-23,143,2023-05-29,6,28
355984,371,16,"2024-01-01","2024-12-31",2024-05-01,122,2024-04-24,7,1,57068,37.377354,-80.526581,877,"VA",100,"Quercus","alba","white oak","Plantae","Breaking leaf buds",2024-05-07,128,2024-05-13,6,6
355984,501,13,"2021-01-01","2021-12-31",2021-05-01,121,2021-04-29,2,2,57068,37.377354,-80.526581,877,"VA",100,"Quercus","alba","white oak","Plantae","Open flowers",2021-06-14,165,2021-06-22,8,44
355984,501,14,"2022-01-01","2022-12-31",2022-05-05,125,2022-05-02,3,1,57068,37.377354,-80.526581,877,"VA",100,"Quercus","alba","white oak","Plantae","Open flowers",2022-05-23,143,2022-05-26,3,18
355984,501,15,"2023-01-01","2023-12-31",2023-05-15,135,2023-05-08,7,1,57068,37.377354,-80.526581,877,"VA",100,"Quercus","alba","white oak","Plantae","Open flowers",2023-05-15,135,2023-05-23,8,0
355984,501,16,"2024-01-01","2024-12-31",2024-05-07,128,2024-05-01,6,1,57068,37.377354,-80.526581,877,"VA",100,"Quercus","alba","white oak","Plantae","Open flowers",2024-05-21,142,2024-05-27,6,14
355989,371,10,"2018-01-01","2018-12-31",2018-05-10,130,2018-05-07,3,1,57068,37.377354,-80.526581,877,"VA",100,"Quercus","alba","white oak","Plantae","Breaking leaf buds",2018-05-24,144,2018-05-29,5,14
355989,371,11,"2019-01-01","2019-12-31",2019-05-01,121,2019-04-29,2,2,57068,37.377354,-80.526581,877,"VA",100,"Quercus","alba","white oak","Plantae","Breaking leaf buds",2019-05-15,135,2019-05-20,5,14
355989,371,13,"2021-01-01","2021-12-31",2021-04-29,119,2021-04-26,3,1,57068,37.377354,-80.526581,877,"VA",100,"Quercus","alba","white oak","Plantae","Breaking leaf buds",2021-05-24,144,2021-05-31,7,25
355989,501,13,"2021-01-01","2021-12-31",2021-05-01,121,2021-04-29,2,2,57068,37.377354,-80.526581,877,"VA",100,"Quercus","alba","white oak","Plantae","Open flowers",2021-06-14,165,2021-06-22,8,44
355993,371,10,"2018-01-01","2018-12-31",2018-05-14,134,2018-05-10,4,1,57068,37.377354,-80.526581,877,"VA",100,"Quercus","alba","white oak","Plantae","Breaking leaf buds",2018-05-24,144,2018-05-29,5,10
355993,371,11,"2019-01-01","2019-12-31",2019-05-03,123,2019-05-01,2,1,57068,37.377354,-80.526581,877,"VA",100,"Quercus","alba","white oak","Plantae","Breaking leaf buds",2019-05-15,135,2019-05-20,5,12
355993,371,13,"2021-01-01","2021-12-31",2021-04-29,119,2021-04-26,3,2,57068,37.377354,-80.526581,877,"VA",100,"Quercus","alba","white oak","Plantae","Breaking leaf buds",2021-05-20,140,2021-05-24,4,21
355993,501,13,"2021-01-01","2021-12-31",2021-05-01,121,2021-04-29,2,2,57068,37.377354,-80.526581,877,"VA",100,"Quercus","alba","white oak","Plantae","Open flowers",2021-06-14,165,2021-06-22,8,44
355994,371,10,"2018-01-01","2018-12-31",2018-05-14,134,2018-05-10,4,1,57068,37.377354,-80.526581,877,"VA",100,"Quercus","alba","white oak","Plantae","Breaking leaf buds",2018-05-24,144,2018-05-29,5,10
355994,371,11,"2019-01-01","2019-12-31",2019-05-01,121,2019-04-29,2,1,57068,37.377354,-80.526581,877,"VA",100,"Quercus","alba","white oak","Plantae","Breaking leaf buds",2019-05-15,135,2019-05-20,5,14
355994,371,13,"2021-01-01","2021-12-31",2021-04-29,119,2021-04-26,3,1,57068,37.377354,-80.526581,877,"VA",100,"Quercus","alba","white oak","Plantae","Breaking leaf buds",2021-05-24,144,2021-05-31,7,25
355994,501,13,"2021-01-01","2021-12-31",2021-05-01,121,2021-04-29,2,2,57068,37.377354,-80.526581,877,"VA",100,"Quercus","alba","white oak","Plantae","Open flowers",2021-06-14,165,2021-06-22,8,44
355999,371,13,"2021-01-01","2021-12-31",2021-04-29,119,2021-04-26,3,1,57068,37.377354,-80.526581,877,"VA",100,"Quercus","alba","white oak","Plantae","Breaking leaf buds",2021-05-24,144,2021-05-31,7,25
355999,501,13,"2021-01-01","2021-12-31",2021-05-01,121,2021-04-29,2,2,57068,37.377354,-80.526581,877,"VA",100,"Quercus","alba","white oak","Plantae","Open flowers",2021-06-14,165,2021-06-22,8,44
356094,371,7,"2015-01-01","2015-12-31",2015-03-25,84,2015-03-20,5,1,57069,35.96397,-84.286339,273,"TN",1212,"Quercus","montana","chestnut oak","Plantae","Breaking leaf buds",2015-04-27,117,2015-04-29,2,33
356094,371,8,"2016-01-01","2016-12-31",2016-04-08,99,2016-04-06,2,1,57069,35.96397,-84.286339,273,"TN",1212,"Quercus","montana","chestnut oak","Plantae","Breaking leaf buds",2016-04-22,113,2016-04-25,3,14
356094,371,9,"2017-01-01","2017-12-31",2017-04-07,97,2017-04-04,3,1,57069,35.96397,-84.286339,273,"TN",1212,"Quercus","montana","chestnut oak","Plantae","Breaking leaf buds",2017-04-17,107,2017-04-20,3,10
356094,371,10,"2018-01-01","2018-12-31",2018-04-10,100,2018-04-06,4,1,57069,35.96397,-84.286339,273,"TN",1212,"Quercus","montana","chestnut oak","Plantae","Breaking leaf buds",2018-04-27,117,2018-05-01,4,17
356094,371,11,"2019-01-01","2019-12-31",2019-04-05,95,2019-04-02,3,1,57069,35.96397,-84.286339,273,"TN",1212,"Quercus","montana","chestnut oak","Plantae","Breaking leaf buds",2019-04-12,102,2019-04-16,4,7
356094,501,7,"2015-01-01","2015-12-31",2015-04-13,103,2015-04-10,3,1,57069,35.96397,-84.286339,273,"TN",1212,"Quercus","montana","chestnut oak","Plantae","Open flowers",2015-04-20,110,2015-04-22,2,7
356094,501,8,"2016-01-01","2016-12-31",2016-04-13,104,2016-04-11,2,1,57069,35.96397,-84.286339,273,"TN",1212,"Quercus","montana","chestnut oak","Plantae","Open flowers",2016-04-25,116,2016-04-27,2,12
356094,501,9,"2017-01-01","2017-12-31",2017-04-14,104,2017-04-11,3,1,57069,35.96397,-84.286339,273,"TN",1212,"Quercus","montana","chestnut oak","Plantae","Open flowers",2017-04-17,107,2017-04-20,3,3
356094,501,10,"2018-01-01","2018-12-31",2018-04-27,117,2018-04-24,3,1,57069,35.96397,-84.286339,273,"TN",1212,"Quercus","montana","chestnut oak","Plantae","Open flowers",2018-04-27,117,2018-05-01,4,0
356094,501,11,"2019-01-01","2019-12-31",2019-04-16,106,2019-04-12,4,1,57069,35.96397,-84.286339,273,"TN",1212,"Quercus","montana","chestnut oak","Plantae","Open flowers",2019-04-16,106,2019-04-19,3,0
356095,371,7,"2015-01-01","2015-12-31",2015-03-25,84,2015-03-20,5,1,57069,35.96397,-84.286339,273,"TN",1212,"Quercus","montana","chestnut oak","Plantae","Breaking leaf buds",2015-04-20,110,2015-04-22,2,26
356095,371,8,"2016-01-01","2016-12-31",2016-03-30,90,2016-03-28,2,1,57069,35.96397,-84.286339,273,"TN",1212,"Quercus","montana","chestnut oak","Plantae","Breaking leaf buds",2016-04-22,113,2016-04-25,3,23
356095,371,9,"2017-01-01","2017-12-31",2017-04-04,94,2017-03-31,4,1,57069,35.96397,-84.286339,273,"TN",1212,"Quercus","montana","chestnut oak","Plantae","Breaking leaf buds",2017-04-17,107,2017-04-20,3,13
356095,371,10,"2018-01-01","2018-12-31",2018-04-03,93,2018-03-30,4,1,57069,35.96397,-84.286339,273,"TN",1212,"Quercus","montana","chestnut oak","Plantae","Breaking leaf buds",2018-04-27,117,2018-05-01,4,24
356095,371,11,"2019-01-01","2019-12-31",2019-04-09,99,2019-04-05,4,1,57069,35.96397,-84.286339,273,"TN",1212,"Quercus","montana","chestnut oak","Plantae","Breaking leaf buds",2019-04-12,102,2019-04-16,4,3
356095,501,7,"2015-01-01","2015-12-31",2015-04-10,100,2015-04-08,2,1,57069,35.96397,-84.286339,273,"TN",1212,"Quercus","montana","chestnut oak","Plantae","Open flowers",2015-04-20,110,2015-04-22,2,10
356095,501,8,"2016-01-01","2016-12-31",2016-03-30,90,2016-03-28,2,1,57069,35.96397,-84.286339,273,"TN",1212,"Quercus","montana","chestnut oak","Plantae","Open flowers",2016-04-22,113,2016-04-25,3,23
356095,501,9,"2017-01-01","2017-12-31",2017-04-14,104,2017-04-11,3,1,57069,35.96397,-84.286339,273,"TN",1212,"Quercus","montana","chestnut oak","Plantae","Open flowers",2017-04-17,107,2017-04-20,3,3
356095,501,10,"2018-01-01","2018-12-31",2018-04-27,117,2018-04-24,3,1,57069,35.96397,-84.286339,273,"TN",1212,"Quercus","montana","chestnut oak","Plantae","Open flowers",2018-04-27,117,2018-05-01,4,0
356095,501,11,"2019-01-01","2019-12-31",2019-04-16,106,2019-04-12,4,1,57069,35.96397,-84.286339,273,"TN",1212,"Quercus","montana","chestnut oak","Plantae","Open flowers",2019-04-16,106,2019-04-19,3,0
356100,371,7,"2015-01-01","2015-12-31",2015-03-25,84,2015-03-20,5,1,57069,35.96397,-84.286339,273,"TN",1212,"Quercus","montana","chestnut oak","Plantae","Breaking leaf buds",2015-04-27,117,2015-04-29,2,33
356100,371,8,"2016-01-01","2016-12-31",2016-04-08,99,2016-04-06,2,1,57069,35.96397,-84.286339,273,"TN",1212,"Quercus","montana","chestnut oak","Plantae","Breaking leaf buds",2016-04-22,113,2016-04-25,3,14
356100,371,9,"2017-01-01","2017-12-31",2017-04-14,104,2017-04-11,3,1,57069,35.96397,-84.286339,273,"TN",1212,"Quercus","montana","chestnut oak","Plantae","Breaking leaf buds",2017-04-17,107,2017-04-20,3,3
356100,371,10,"2018-01-01","2018-12-31",2018-04-17,107,2018-04-13,4,1,57069,35.96397,-84.286339,273,"TN",1212,"Quercus","montana","chestnut oak","Plantae","Breaking leaf buds",2018-04-27,117,2018-05-01,4,10
356100,371,11,"2019-01-01","2019-12-31",2019-04-05,95,2019-04-02,3,1,57069,35.96397,-84.286339,273,"TN",1212,"Quercus","montana","chestnut oak","Plantae","Breaking leaf buds",2019-04-16,106,2019-04-19,3,11
356102,371,7,"2015-01-01","2015-12-31",2015-03-25,84,2015-03-20,5,1,57069,35.96397,-84.286339,273,"TN",1212,"Quercus","montana","chestnut oak","Plantae","Breaking leaf buds",2015-04-22,112,2015-04-24,2,28
356102,371,8,"2016-01-01","2016-12-31",2016-04-08,99,2016-04-06,2,1,57069,35.96397,-84.286339,273,"TN",1212,"Quercus","montana","chestnut oak","Plantae","Breaking leaf buds",2016-04-22,113,2016-04-25,3,14
356102,371,9,"2017-01-01","2017-12-31",2017-04-04,94,2017-03-31,4,1,57069,35.96397,-84.286339,273,"TN",1212,"Quercus","montana","chestnut oak","Plantae","Breaking leaf buds",2017-04-14,104,2017-04-17,3,10
356102,371,10,"2018-01-01","2018-12-31",2018-04-10,100,2018-04-06,4,1,57069,35.96397,-84.286339,273,"TN",1212,"Quercus","montana","chestnut oak","Plantae","Breaking leaf buds",2018-04-27,117,2018-05-01,4,17
356102,371,11,"2019-01-01","2019-12-31",2019-04-05,95,2019-04-02,3,1,57069,35.96397,-84.286339,273,"TN",1212,"Quercus","montana","chestnut oak","Plantae","Breaking leaf buds",2019-04-12,102,2019-04-16,4,7
356102,501,7,"2015-01-01","2015-12-31",2015-04-13,103,2015-04-10,3,1,57069,35.96397,-84.286339,273,"TN",1212,"Quercus","montana","chestnut oak","Plantae","Open flowers",2015-04-22,112,2015-04-24,2,9
356102,501,8,"2016-01-01","2016-12-31",2016-04-08,99,2016-04-06,2,1,57069,35.96397,-84.286339,273,"TN",1212,"Quercus","montana","chestnut oak","Plantae","Open flowers",2016-04-25,116,2016-04-27,2,17
356102,501,9,"2017-01-01","2017-12-31",2017-04-14,104,2017-04-11,3,1,57069,35.96397,-84.286339,273,"TN",1212,"Quercus","montana","chestnut oak","Plantae","Open flowers",2017-04-17,107,2017-04-20,3,3
356102,501,10,"2018-01-01","2018-12-31",2018-04-27,117,2018-04-24,3,1,57069,35.96397,-84.286339,273,"TN",1212,"Quercus","montana","chestnut oak","Plantae","Open flowers",2018-04-27,117,2018-05-01,4,0
356102,501,11,"2019-01-01","2019-12-31",2019-04-16,106,2019-04-12,4,1,57069,35.96397,-84.286339,273,"TN",1212,"Quercus","montana","chestnut oak","Plantae","Open flowers",2019-04-19,109,2019-04-23,4,3
356103,371,7,"2015-01-01","2015-12-31",2015-03-25,84,2015-03-20,5,1,57069,35.96397,-84.286339,273,"TN",1212,"Quercus","montana","chestnut oak","Plantae","Breaking leaf buds",2015-04-17,107,2015-04-22,5,23
356103,371,8,"2016-01-01","2016-12-31",2016-03-21,81,2016-03-17,4,1,57069,35.96397,-84.286339,273,"TN",1212,"Quercus","montana","chestnut oak","Plantae","Breaking leaf buds",2016-04-22,113,2016-04-25,3,32
356103,371,9,"2017-01-01","2017-12-31",2017-03-31,90,2017-03-28,3,1,57069,35.96397,-84.286339,273,"TN",1212,"Quercus","montana","chestnut oak","Plantae","Breaking leaf buds",2017-04-17,107,2017-04-20,3,17
356103,371,10,"2018-01-01","2018-12-31",2018-03-30,89,2018-03-27,3,1,57069,35.96397,-84.286339,273,"TN",1212,"Quercus","montana","chestnut oak","Plantae","Breaking leaf buds",2018-04-24,114,2018-04-27,3,25
356103,371,11,"2019-01-01","2019-12-31",2019-04-05,95,2019-04-02,3,1,57069,35.96397,-84.286339,273,"TN",1212,"Quercus","montana","chestnut oak","Plantae","Breaking leaf buds",2019-04-12,102,2019-04-16,4,7
356103,501,7,"2015-01-01","2015-12-31",2015-04-10,100,2015-04-08,2,1,57069,35.96397,-84.286339,273,"TN",1212,"Quercus","montana","chestnut oak","Plantae","Open flowers",2015-04-22,112,2015-04-24,2,12
356103,501,8,"2016-01-01","2016-12-31",2016-03-25,85,2016-03-23,2,1,57069,35.96397,-84.286339,273,"TN",1212,"Quercus","montana","chestnut oak","Plantae","Open flowers",2016-04-13,104,2016-04-15,2,19
356103,501,9,"2017-01-01","2017-12-31",2017-04-14,104,2017-04-11,3,1,57069,35.96397,-84.286339,273,"TN",1212,"Quercus","montana","chestnut oak","Plantae","Open flowers",2017-04-17,107,2017-04-20,3,3
356103,501,11,"2019-01-01","2019-12-31",2019-04-16,106,2019-04-12,4,1,57069,35.96397,-84.286339,273,"TN",1212,"Quercus","montana","chestnut oak","Plantae","Open flowers",2019-04-16,106,2019-04-19,3,0
356107,371,7,"2015-01-01","2015-12-31",2015-03-25,84,2015-03-20,5,1,57069,35.96397,-84.286339,273,"TN",1212,"Quercus","montana","chestnut oak","Plantae","Breaking leaf buds",2015-04-20,110,2015-04-22,2,26
356107,371,8,"2016-01-01","2016-12-31",2016-03-21,81,2016-03-17,4,1,57069,35.96397,-84.286339,273,"TN",1212,"Quercus","montana","chestnut oak","Plantae","Breaking leaf buds",2016-04-20,111,2016-04-22,2,30
356107,371,9,"2017-01-01","2017-12-31",2017-03-31,90,2017-03-28,3,1,57069,35.96397,-84.286339,273,"TN",1212,"Quercus","montana","chestnut oak","Plantae","Breaking leaf buds",2017-04-14,104,2017-04-17,3,14
356107,371,10,"2018-01-01","2018-12-31",2018-04-03,93,2018-03-30,4,1,57069,35.96397,-84.286339,273,"TN",1212,"Quercus","montana","chestnut oak","Plantae","Breaking leaf buds",2018-04-24,114,2018-04-27,3,21
356107,371,11,"2019-01-01","2019-12-31",2019-04-05,95,2019-04-02,3,1,57069,35.96397,-84.286339,273,"TN",1212,"Quercus","montana","chestnut oak","Plantae","Breaking leaf buds",2019-04-16,106,2019-04-19,3,11
356107,371,13,"2021-01-01","2021-12-31",2021-03-26,85,2021-03-23,3,1,57069,35.96397,-84.286339,273,"TN",1212,"Quercus","montana","chestnut oak","Plantae","Breaking leaf buds",2021-04-16,106,2021-04-19,3,21
356107,371,14,"2022-01-01","2022-12-31",2022-03-29,88,2022-03-25,4,1,57069,35.96397,-84.286339,273,"TN",1212,"Quercus","montana","chestnut oak","Plantae","Breaking leaf buds",2022-04-19,109,2022-04-22,3,21
356107,371,15,"2023-01-01","2023-12-31",2023-03-17,76,2023-03-14,3,1,57069,35.96397,-84.286339,273,"TN",1212,"Quercus","montana","chestnut oak","Plantae","Breaking leaf buds",2023-04-14,104,2023-04-18,4,28
356107,371,16,"2024-01-01","2024-12-31",2024-03-29,89,2024-03-27,2,1,57069,35.96397,-84.286339,273,"TN",1212,"Quercus","montana","chestnut oak","Plantae","Breaking leaf buds",2024-04-16,107,2024-04-19,3,18
356107,501,7,"2015-01-01","2015-12-31",2015-04-10,100,2015-04-08,2,1,57069,35.96397,-84.286339,273,"TN",1212,"Quercus","montana","chestnut oak","Plantae","Open flowers",2015-04-22,112,2015-04-24,2,12
356107,501,8,"2016-01-01","2016-12-31",2016-03-28,88,2016-03-25,3,1,57069,35.96397,-84.286339,273,"TN",1212,"Quercus","montana","chestnut oak","Plantae","Open flowers",2016-04-22,113,2016-04-25,3,25
356107,501,9,"2017-01-01","2017-12-31",2017-04-14,104,2017-04-11,3,1,57069,35.96397,-84.286339,273,"TN",1212,"Quercus","montana","chestnut oak","Plantae","Open flowers",2017-04-17,107,2017-04-20,3,3
356107,501,10,"2018-01-01","2018-12-31",2018-04-20,110,2018-04-17,3,1,57069,35.96397,-84.286339,273,"TN",1212,"Quercus","montana","chestnut oak","Plantae","Open flowers",2018-05-07,127,2018-05-11,4,17
356107,501,11,"2019-01-01","2019-12-31",2019-04-12,102,2019-04-09,3,1,57069,35.96397,-84.286339,273,"TN",1212,"Quercus","montana","chestnut oak","Plantae","Open flowers",2019-04-19,109,2019-04-23,4,7
356107,501,13,"2021-01-01","2021-12-31",2021-04-12,102,2021-04-09,3,1,57069,35.96397,-84.286339,273,"TN",1212,"Quercus","montana","chestnut oak","Plantae","Open flowers",2021-04-19,109,2021-04-22,3,7
356107,501,14,"2022-01-01","2022-12-31",2022-04-15,105,2022-04-12,3,1,57069,35.96397,-84.286339,273,"TN",1212,"Quercus","montana","chestnut oak","Plantae","Open flowers",2022-04-22,112,2022-04-26,4,7
356107,501,15,"2023-01-01","2023-12-31",2023-04-11,101,2023-04-07,4,1,57069,35.96397,-84.286339,273,"TN",1212,"Quercus","montana","chestnut oak","Plantae","Open flowers",2023-04-21,111,2023-04-25,4,10
356107,501,16,"2024-01-01","2024-12-31",2024-04-16,107,2024-04-12,4,1,57069,35.96397,-84.286339,273,"TN",1212,"Quercus","montana","chestnut oak","Plantae","Open flowers",2024-04-19,110,2024-04-23,4,3
356107,501,17,"2025-01-01","2025-12-31",2025-04-04,94,2025-04-01,3,1,57069,35.96397,-84.286339,273,"TN",1212,"Quercus","montana","chestnut oak","Plantae","Open flowers",2025-04-11,101,NA,NA,7
356108,371,7,"2015-01-01","2015-12-31",2015-03-25,84,2015-03-20,5,1,57069,35.96397,-84.286339,273,"TN",1212,"Quercus","montana","chestnut oak","Plantae","Breaking leaf buds",2015-04-17,107,2015-04-22,5,23
356108,371,8,"2016-01-01","2016-12-31",2016-03-28,88,2016-03-25,3,1,57069,35.96397,-84.286339,273,"TN",1212,"Quercus","montana","chestnut oak","Plantae","Breaking leaf buds",2016-04-15,106,2016-04-18,3,18
356108,371,9,"2017-01-01","2017-12-31",2017-04-04,94,2017-03-31,4,1,57069,35.96397,-84.286339,273,"TN",1212,"Quercus","montana","chestnut oak","Plantae","Breaking leaf buds",2017-04-14,104,2017-04-17,3,10
356108,371,10,"2018-01-01","2018-12-31",2018-04-06,96,2018-04-03,3,1,57069,35.96397,-84.286339,273,"TN",1212,"Quercus","montana","chestnut oak","Plantae","Breaking leaf buds",2018-04-27,117,2018-05-01,4,21
356108,371,11,"2019-01-01","2019-12-31",2019-04-05,95,2019-04-02,3,1,57069,35.96397,-84.286339,273,"TN",1212,"Quercus","montana","chestnut oak","Plantae","Breaking leaf buds",2019-04-12,102,2019-04-16,4,7
356108,501,7,"2015-01-01","2015-12-31",2015-04-10,100,2015-04-08,2,1,57069,35.96397,-84.286339,273,"TN",1212,"Quercus","montana","chestnut oak","Plantae","Open flowers",2015-04-17,107,2015-04-22,5,7
356108,501,8,"2016-01-01","2016-12-31",2016-03-30,90,2016-03-28,2,1,57069,35.96397,-84.286339,273,"TN",1212,"Quercus","montana","chestnut oak","Plantae","Open flowers",2016-04-22,113,2016-04-25,3,23
356108,501,9,"2017-01-01","2017-12-31",2017-04-14,104,2017-04-11,3,1,57069,35.96397,-84.286339,273,"TN",1212,"Quercus","montana","chestnut oak","Plantae","Open flowers",2017-04-17,107,2017-04-20,3,3
356108,501,10,"2018-01-01","2018-12-31",2018-04-27,117,2018-04-24,3,1,57069,35.96397,-84.286339,273,"TN",1212,"Quercus","montana","chestnut oak","Plantae","Open flowers",2018-04-27,117,2018-05-01,4,0
356108,501,11,"2019-01-01","2019-12-31",2019-04-16,106,2019-04-12,4,1,57069,35.96397,-84.286339,273,"TN",1212,"Quercus","montana","chestnut oak","Plantae","Open flowers",2019-04-19,109,2019-04-23,4,3
356109,371,7,"2015-01-01","2015-12-31",2015-03-25,84,2015-03-20,5,1,57069,35.96397,-84.286339,273,"TN",1212,"Quercus","montana","chestnut oak","Plantae","Breaking leaf buds",2015-04-22,112,2015-04-24,2,28
356109,371,8,"2016-01-01","2016-12-31",2016-03-30,90,2016-03-28,2,1,57069,35.96397,-84.286339,273,"TN",1212,"Quercus","montana","chestnut oak","Plantae","Breaking leaf buds",2016-04-22,113,2016-04-25,3,23
356109,371,9,"2017-01-01","2017-12-31",2017-04-04,94,2017-03-31,4,1,57069,35.96397,-84.286339,273,"TN",1212,"Quercus","montana","chestnut oak","Plantae","Breaking leaf buds",2017-04-17,107,2017-04-20,3,13
356109,371,10,"2018-01-01","2018-12-31",2018-04-03,93,2018-03-30,4,1,57069,35.96397,-84.286339,273,"TN",1212,"Quercus","montana","chestnut oak","Plantae","Breaking leaf buds",2018-04-24,114,2018-04-27,3,21
356109,371,11,"2019-01-01","2019-12-31",2019-04-05,95,2019-04-02,3,1,57069,35.96397,-84.286339,273,"TN",1212,"Quercus","montana","chestnut oak","Plantae","Breaking leaf buds",2019-04-16,106,2019-04-19,3,11
356109,501,7,"2015-01-01","2015-12-31",2015-04-13,103,2015-04-10,3,1,57069,35.96397,-84.286339,273,"TN",1212,"Quercus","montana","chestnut oak","Plantae","Open flowers",2015-04-22,112,2015-04-24,2,9
356109,501,8,"2016-01-01","2016-12-31",2016-04-06,97,2016-04-04,2,1,57069,35.96397,-84.286339,273,"TN",1212,"Quercus","montana","chestnut oak","Plantae","Open flowers",2016-04-22,113,2016-04-25,3,16
356109,501,9,"2017-01-01","2017-12-31",2017-04-14,104,2017-04-11,3,1,57069,35.96397,-84.286339,273,"TN",1212,"Quercus","montana","chestnut oak","Plantae","Open flowers",2017-04-17,107,2017-04-20,3,3
356109,501,10,"2018-01-01","2018-12-31",2018-04-27,117,2018-04-24,3,1,57069,35.96397,-84.286339,273,"TN",1212,"Quercus","montana","chestnut oak","Plantae","Open flowers",2018-04-27,117,2018-05-01,4,0
356109,501,11,"2019-01-01","2019-12-31",2019-04-16,106,2019-04-12,4,1,57069,35.96397,-84.286339,273,"TN",1212,"Quercus","montana","chestnut oak","Plantae","Open flowers",2019-04-16,106,2019-04-19,3,0
356110,371,7,"2015-01-01","2015-12-31",2015-03-20,79,2015-03-02,18,1,57069,35.96397,-84.286339,273,"TN",1212,"Quercus","montana","chestnut oak","Plantae","Breaking leaf buds",2015-04-27,117,2015-04-29,2,38
356110,371,8,"2016-01-01","2016-12-31",2016-03-30,90,2016-03-28,2,1,57069,35.96397,-84.286339,273,"TN",1212,"Quercus","montana","chestnut oak","Plantae","Breaking leaf buds",2016-04-22,113,2016-04-25,3,23
356110,371,9,"2017-01-01","2017-12-31",2017-04-07,97,2017-04-04,3,1,57069,35.96397,-84.286339,273,"TN",1212,"Quercus","montana","chestnut oak","Plantae","Breaking leaf buds",2017-04-17,107,2017-04-20,3,10
356110,371,10,"2018-01-01","2018-12-31",2018-04-17,107,2018-04-13,4,1,57069,35.96397,-84.286339,273,"TN",1212,"Quercus","montana","chestnut oak","Plantae","Breaking leaf buds",2018-04-27,117,2018-05-01,4,10
356110,371,11,"2019-01-01","2019-12-31",2019-04-05,95,2019-04-02,3,1,57069,35.96397,-84.286339,273,"TN",1212,"Quercus","montana","chestnut oak","Plantae","Breaking leaf buds",2019-04-16,106,2019-04-19,3,11
356110,501,7,"2015-01-01","2015-12-31",2015-04-13,103,2015-04-10,3,1,57069,35.96397,-84.286339,273,"TN",1212,"Quercus","montana","chestnut oak","Plantae","Open flowers",2015-04-22,112,2015-04-24,2,9
356110,501,8,"2016-01-01","2016-12-31",2016-04-04,95,2016-04-01,3,1,57069,35.96397,-84.286339,273,"TN",1212,"Quercus","montana","chestnut oak","Plantae","Open flowers",2016-04-25,116,2016-04-27,2,21
356110,501,9,"2017-01-01","2017-12-31",2017-04-14,104,2017-04-11,3,1,57069,35.96397,-84.286339,273,"TN",1212,"Quercus","montana","chestnut oak","Plantae","Open flowers",2017-04-17,107,2017-04-20,3,3
356110,501,11,"2019-01-01","2019-12-31",2019-04-16,106,2019-04-12,4,1,57069,35.96397,-84.286339,273,"TN",1212,"Quercus","montana","chestnut oak","Plantae","Open flowers",2019-04-16,106,2019-04-19,3,0
356111,371,7,"2015-01-01","2015-12-31",2015-03-20,79,2015-03-02,18,1,57069,35.96397,-84.286339,273,"TN",1212,"Quercus","montana","chestnut oak","Plantae","Breaking leaf buds",2015-04-27,117,2015-04-29,2,38
356111,371,8,"2016-01-01","2016-12-31",2016-04-06,97,2016-04-04,2,1,57069,35.96397,-84.286339,273,"TN",1212,"Quercus","montana","chestnut oak","Plantae","Breaking leaf buds",2016-04-22,113,NA,NA,16
356112,371,9,"2017-01-01","2017-12-31",2017-03-31,90,2017-03-28,3,1,57069,35.96397,-84.286339,273,"TN",1212,"Quercus","montana","chestnut oak","Plantae","Breaking leaf buds",2017-04-14,104,2017-04-17,3,14
356112,371,10,"2018-01-01","2018-12-31",2018-03-23,82,2018-03-20,3,1,57069,35.96397,-84.286339,273,"TN",1212,"Quercus","montana","chestnut oak","Plantae","Breaking leaf buds",2018-04-24,114,2018-04-27,3,32
356112,371,11,"2019-01-01","2019-12-31",2019-03-29,88,2019-03-26,3,1,57069,35.96397,-84.286339,273,"TN",1212,"Quercus","montana","chestnut oak","Plantae","Breaking leaf buds",2019-04-09,99,2019-04-12,3,11
356117,371,7,"2015-01-01","2015-12-31",2015-03-25,84,2015-03-20,5,1,57069,35.96397,-84.286339,273,"TN",1212,"Quercus","montana","chestnut oak","Plantae","Breaking leaf buds",2015-04-17,107,2015-04-22,5,23
356117,371,8,"2016-01-01","2016-12-31",2016-03-23,83,2016-03-21,2,1,57069,35.96397,-84.286339,273,"TN",1212,"Quercus","montana","chestnut oak","Plantae","Breaking leaf buds",2016-04-18,109,2016-04-20,2,26
356117,371,9,"2017-01-01","2017-12-31",2017-04-04,94,2017-03-31,4,1,57069,35.96397,-84.286339,273,"TN",1212,"Quercus","montana","chestnut oak","Plantae","Breaking leaf buds",2017-04-17,107,2017-04-20,3,13
356117,371,10,"2018-01-01","2018-12-31",2018-04-03,93,2018-03-30,4,1,57069,35.96397,-84.286339,273,"TN",1212,"Quercus","montana","chestnut oak","Plantae","Breaking leaf buds",2018-04-24,114,2018-04-27,3,21
356117,371,11,"2019-01-01","2019-12-31",2019-04-05,95,2019-04-02,3,1,57069,35.96397,-84.286339,273,"TN",1212,"Quercus","montana","chestnut oak","Plantae","Breaking leaf buds",2019-04-12,102,2019-04-16,4,7
356117,371,12,"2020-01-01","2020-12-31",2020-03-20,80,2020-03-17,3,1,57069,35.96397,-84.286339,273,"TN",1212,"Quercus","montana","chestnut oak","Plantae","Breaking leaf buds",2020-03-20,80,2020-05-27,68,0
356117,501,7,"2015-01-01","2015-12-31",2015-04-10,100,2015-04-08,2,1,57069,35.96397,-84.286339,273,"TN",1212,"Quercus","montana","chestnut oak","Plantae","Open flowers",2015-04-22,112,2015-04-24,2,12
356117,501,8,"2016-01-01","2016-12-31",2016-03-28,88,2016-03-25,3,1,57069,35.96397,-84.286339,273,"TN",1212,"Quercus","montana","chestnut oak","Plantae","Open flowers",2016-04-22,113,2016-04-25,3,25
356117,501,9,"2017-01-01","2017-12-31",2017-04-14,104,2017-04-11,3,1,57069,35.96397,-84.286339,273,"TN",1212,"Quercus","montana","chestnut oak","Plantae","Open flowers",2017-04-17,107,2017-04-20,3,3
356117,501,10,"2018-01-01","2018-12-31",2018-04-24,114,2018-04-20,4,1,57069,35.96397,-84.286339,273,"TN",1212,"Quercus","montana","chestnut oak","Plantae","Open flowers",2018-04-27,117,2018-05-01,4,3
356117,501,11,"2019-01-01","2019-12-31",2019-04-16,106,2019-04-12,4,1,57069,35.96397,-84.286339,273,"TN",1212,"Quercus","montana","chestnut oak","Plantae","Open flowers",2019-04-16,106,2019-04-19,3,0
356118,371,7,"2015-01-01","2015-12-31",2015-03-25,84,2015-03-20,5,1,57069,35.96397,-84.286339,273,"TN",1212,"Quercus","montana","chestnut oak","Plantae","Breaking leaf buds",2015-04-17,107,2015-04-22,5,23
356118,371,8,"2016-01-01","2016-12-31",2016-03-30,90,2016-03-28,2,1,57069,35.96397,-84.286339,273,"TN",1212,"Quercus","montana","chestnut oak","Plantae","Breaking leaf buds",2016-04-22,113,2016-04-25,3,23
356118,371,9,"2017-01-01","2017-12-31",2017-04-04,94,2017-03-31,4,1,57069,35.96397,-84.286339,273,"TN",1212,"Quercus","montana","chestnut oak","Plantae","Breaking leaf buds",2017-04-14,104,2017-04-17,3,10
356118,371,10,"2018-01-01","2018-12-31",2018-04-03,93,2018-03-30,4,1,57069,35.96397,-84.286339,273,"TN",1212,"Quercus","montana","chestnut oak","Plantae","Breaking leaf buds",2018-04-24,114,2018-04-27,3,21
356118,371,11,"2019-01-01","2019-12-31",2019-04-05,95,2019-04-02,3,1,57069,35.96397,-84.286339,273,"TN",1212,"Quercus","montana","chestnut oak","Plantae","Breaking leaf buds",2019-04-12,102,2019-04-16,4,7
356118,501,7,"2015-01-01","2015-12-31",2015-04-10,100,2015-04-08,2,1,57069,35.96397,-84.286339,273,"TN",1212,"Quercus","montana","chestnut oak","Plantae","Open flowers",2015-04-20,110,2015-04-22,2,10
356118,501,8,"2016-01-01","2016-12-31",2016-04-01,92,2016-03-30,2,1,57069,35.96397,-84.286339,273,"TN",1212,"Quercus","montana","chestnut oak","Plantae","Open flowers",2016-04-22,113,2016-04-25,3,21
356118,501,9,"2017-01-01","2017-12-31",2017-04-14,104,2017-04-11,3,1,57069,35.96397,-84.286339,273,"TN",1212,"Quercus","montana","chestnut oak","Plantae","Open flowers",2017-04-17,107,2017-04-20,3,3
356118,501,10,"2018-01-01","2018-12-31",2018-04-27,117,2018-04-24,3,1,57069,35.96397,-84.286339,273,"TN",1212,"Quercus","montana","chestnut oak","Plantae","Open flowers",2018-04-27,117,2018-05-01,4,0
356118,501,11,"2019-01-01","2019-12-31",2019-04-16,106,2019-04-12,4,1,57069,35.96397,-84.286339,273,"TN",1212,"Quercus","montana","chestnut oak","Plantae","Open flowers",2019-04-16,106,2019-04-19,3,0
356119,371,7,"2015-01-01","2015-12-31",2015-03-25,84,2015-03-20,5,1,57069,35.96397,-84.286339,273,"TN",1212,"Quercus","montana","chestnut oak","Plantae","Breaking leaf buds",2015-04-20,110,2015-04-22,2,26
356119,371,8,"2016-01-01","2016-12-31",2016-04-04,95,2016-04-01,3,1,57069,35.96397,-84.286339,273,"TN",1212,"Quercus","montana","chestnut oak","Plantae","Breaking leaf buds",2016-04-22,113,2016-04-25,3,18
356119,371,9,"2017-01-01","2017-12-31",2017-04-04,94,2017-03-31,4,1,57069,35.96397,-84.286339,273,"TN",1212,"Quercus","montana","chestnut oak","Plantae","Breaking leaf buds",2017-04-14,104,2017-04-17,3,10
356119,371,10,"2018-01-01","2018-12-31",2018-04-03,93,2018-03-30,4,1,57069,35.96397,-84.286339,273,"TN",1212,"Quercus","montana","chestnut oak","Plantae","Breaking leaf buds",2018-04-24,114,2018-04-27,3,21
356119,371,11,"2019-01-01","2019-12-31",2019-04-05,95,2019-04-02,3,1,57069,35.96397,-84.286339,273,"TN",1212,"Quercus","montana","chestnut oak","Plantae","Breaking leaf buds",2019-04-09,99,2019-04-12,3,4
356131,371,7,"2015-01-01","2015-12-31",2015-03-25,84,2015-03-20,5,1,57069,35.96397,-84.286339,273,"TN",1212,"Quercus","montana","chestnut oak","Plantae","Breaking leaf buds",2015-04-24,114,2015-04-27,3,30
356131,371,8,"2016-01-01","2016-12-31",2016-04-04,95,2016-04-01,3,1,57069,35.96397,-84.286339,273,"TN",1212,"Quercus","montana","chestnut oak","Plantae","Breaking leaf buds",2016-04-22,113,2016-04-25,3,18
356131,371,9,"2017-01-01","2017-12-31",2017-04-07,97,2017-04-04,3,1,57069,35.96397,-84.286339,273,"TN",1212,"Quercus","montana","chestnut oak","Plantae","Breaking leaf buds",2017-04-20,110,2017-04-25,5,13
356131,371,10,"2018-01-01","2018-12-31",2018-04-10,100,2018-04-06,4,1,57069,35.96397,-84.286339,273,"TN",1212,"Quercus","montana","chestnut oak","Plantae","Breaking leaf buds",2018-05-01,121,2018-05-07,6,21
356131,501,7,"2015-01-01","2015-12-31",2015-04-17,107,2015-04-13,4,1,57069,35.96397,-84.286339,273,"TN",1212,"Quercus","montana","chestnut oak","Plantae","Open flowers",2015-04-22,112,2015-04-24,2,5
356131,501,8,"2016-01-01","2016-12-31",2016-04-18,109,2016-04-15,3,1,57069,35.96397,-84.286339,273,"TN",1212,"Quercus","montana","chestnut oak","Plantae","Open flowers",2016-04-27,118,2016-05-05,8,9
356131,501,9,"2017-01-01","2017-12-31",2017-04-14,104,2017-04-11,3,1,57069,35.96397,-84.286339,273,"TN",1212,"Quercus","montana","chestnut oak","Plantae","Open flowers",2017-04-28,118,2017-05-01,3,14
356131,501,10,"2018-01-01","2018-12-31",2018-04-24,114,2018-04-20,4,1,57069,35.96397,-84.286339,273,"TN",1212,"Quercus","montana","chestnut oak","Plantae","Open flowers",2018-05-07,127,2018-05-11,4,13
356133,371,7,"2015-01-01","2015-12-31",2015-03-27,86,2015-03-25,2,1,57069,35.96397,-84.286339,273,"TN",1212,"Quercus","montana","chestnut oak","Plantae","Breaking leaf buds",2015-04-22,112,2015-04-24,2,26
356133,371,8,"2016-01-01","2016-12-31",2016-04-04,95,2016-04-01,3,1,57069,35.96397,-84.286339,273,"TN",1212,"Quercus","montana","chestnut oak","Plantae","Breaking leaf buds",2016-04-22,113,2016-04-25,3,18
356133,371,9,"2017-01-01","2017-12-31",2017-04-04,94,2017-03-31,4,1,57069,35.96397,-84.286339,273,"TN",1212,"Quercus","montana","chestnut oak","Plantae","Breaking leaf buds",2017-04-14,104,2017-04-17,3,10
356133,371,10,"2018-01-01","2018-12-31",2018-04-13,103,2018-04-10,3,1,57069,35.96397,-84.286339,273,"TN",1212,"Quercus","montana","chestnut oak","Plantae","Breaking leaf buds",2018-04-27,117,2018-05-01,4,14
356133,371,11,"2019-01-01","2019-12-31",2019-04-09,99,2019-04-05,4,1,57069,35.96397,-84.286339,273,"TN",1212,"Quercus","montana","chestnut oak","Plantae","Breaking leaf buds",2019-04-16,106,2019-04-19,3,7
356133,501,7,"2015-01-01","2015-12-31",2015-04-17,107,2015-04-13,4,1,57069,35.96397,-84.286339,273,"TN",1212,"Quercus","montana","chestnut oak","Plantae","Open flowers",2015-04-22,112,2015-04-24,2,5
356133,501,8,"2016-01-01","2016-12-31",2016-04-06,97,2016-04-04,2,1,57069,35.96397,-84.286339,273,"TN",1212,"Quercus","montana","chestnut oak","Plantae","Open flowers",2016-04-25,116,2016-04-27,2,19
356133,501,9,"2017-01-01","2017-12-31",2017-04-14,104,2017-04-11,3,1,57069,35.96397,-84.286339,273,"TN",1212,"Quercus","montana","chestnut oak","Plantae","Open flowers",2017-04-25,115,2017-04-28,3,11
356133,501,11,"2019-01-01","2019-12-31",2019-04-16,106,2019-04-12,4,1,57069,35.96397,-84.286339,273,"TN",1212,"Quercus","montana","chestnut oak","Plantae","Open flowers",2019-04-16,106,2019-04-19,3,0
356141,371,7,"2015-01-01","2015-12-31",2015-03-25,84,2015-03-20,5,1,57069,35.96397,-84.286339,273,"TN",1212,"Quercus","montana","chestnut oak","Plantae","Breaking leaf buds",2015-04-17,107,2015-04-22,5,23
356141,371,8,"2016-01-01","2016-12-31",2016-03-21,81,2016-03-17,4,1,57069,35.96397,-84.286339,273,"TN",1212,"Quercus","montana","chestnut oak","Plantae","Breaking leaf buds",2016-04-15,106,2016-04-18,3,25
356141,371,9,"2017-01-01","2017-12-31",2017-04-04,94,2017-03-31,4,1,57069,35.96397,-84.286339,273,"TN",1212,"Quercus","montana","chestnut oak","Plantae","Breaking leaf buds",2017-04-17,107,2017-04-20,3,13
356141,371,10,"2018-01-01","2018-12-31",2018-04-03,93,2018-03-30,4,1,57069,35.96397,-84.286339,273,"TN",1212,"Quercus","montana","chestnut oak","Plantae","Breaking leaf buds",2018-04-24,114,2018-04-27,3,21
356141,371,11,"2019-01-01","2019-12-31",2019-04-05,95,2019-04-02,3,1,57069,35.96397,-84.286339,273,"TN",1212,"Quercus","montana","chestnut oak","Plantae","Breaking leaf buds",2019-04-12,102,2019-04-16,4,7
356141,501,7,"2015-01-01","2015-12-31",2015-04-10,100,2015-04-08,2,1,57069,35.96397,-84.286339,273,"TN",1212,"Quercus","montana","chestnut oak","Plantae","Open flowers",2015-04-17,107,2015-04-22,5,7
356141,501,8,"2016-01-01","2016-12-31",2016-03-28,88,2016-03-25,3,1,57069,35.96397,-84.286339,273,"TN",1212,"Quercus","montana","chestnut oak","Plantae","Open flowers",2016-04-22,113,2016-04-25,3,25
356141,501,9,"2017-01-01","2017-12-31",2017-04-14,104,2017-04-11,3,1,57069,35.96397,-84.286339,273,"TN",1212,"Quercus","montana","chestnut oak","Plantae","Open flowers",2017-04-17,107,2017-04-20,3,3
356141,501,10,"2018-01-01","2018-12-31",2018-04-27,117,2018-04-24,3,1,57069,35.96397,-84.286339,273,"TN",1212,"Quercus","montana","chestnut oak","Plantae","Open flowers",2018-04-27,117,2018-05-01,4,0
356141,501,11,"2019-01-01","2019-12-31",2019-04-09,99,2019-04-05,4,1,57069,35.96397,-84.286339,273,"TN",1212,"Quercus","montana","chestnut oak","Plantae","Open flowers",2019-04-16,106,2019-04-19,3,7
356144,371,7,"2015-01-01","2015-12-31",2015-03-25,84,2015-03-20,5,1,57069,35.96397,-84.286339,273,"TN",1212,"Quercus","montana","chestnut oak","Plantae","Breaking leaf buds",2015-04-13,103,2015-04-17,4,19
356144,371,8,"2016-01-01","2016-12-31",2016-03-23,83,2016-03-21,2,1,57069,35.96397,-84.286339,273,"TN",1212,"Quercus","montana","chestnut oak","Plantae","Breaking leaf buds",2016-04-11,102,2016-04-13,2,19
356144,371,9,"2017-01-01","2017-12-31",2017-04-04,94,2017-03-31,4,1,57069,35.96397,-84.286339,273,"TN",1212,"Quercus","montana","chestnut oak","Plantae","Breaking leaf buds",2017-04-14,104,2017-04-17,3,10
356144,371,10,"2018-01-01","2018-12-31",2018-04-03,93,2018-03-30,4,1,57069,35.96397,-84.286339,273,"TN",1212,"Quercus","montana","chestnut oak","Plantae","Breaking leaf buds",2018-04-24,114,2018-04-27,3,21
356144,371,11,"2019-01-01","2019-12-31",2019-04-05,95,2019-04-02,3,1,57069,35.96397,-84.286339,273,"TN",1212,"Quercus","montana","chestnut oak","Plantae","Breaking leaf buds",2019-04-09,99,2019-04-12,3,4
356144,501,7,"2015-01-01","2015-12-31",2015-04-10,100,2015-04-08,2,1,57069,35.96397,-84.286339,273,"TN",1212,"Quercus","montana","chestnut oak","Plantae","Open flowers",2015-04-20,110,2015-04-22,2,10
356144,501,8,"2016-01-01","2016-12-31",2016-03-25,85,2016-03-23,2,1,57069,35.96397,-84.286339,273,"TN",1212,"Quercus","montana","chestnut oak","Plantae","Open flowers",2016-04-13,104,2016-04-15,2,19
356144,501,9,"2017-01-01","2017-12-31",2017-04-14,104,2017-04-11,3,1,57069,35.96397,-84.286339,273,"TN",1212,"Quercus","montana","chestnut oak","Plantae","Open flowers",2017-04-17,107,2017-04-20,3,3
356144,501,11,"2019-01-01","2019-12-31",2019-04-16,106,2019-04-12,4,1,57069,35.96397,-84.286339,273,"TN",1212,"Quercus","montana","chestnut oak","Plantae","Open flowers",2019-04-16,106,2019-04-19,3,0
356146,371,7,"2015-01-01","2015-12-31",2015-03-25,84,2015-03-20,5,1,57069,35.96397,-84.286339,273,"TN",1212,"Quercus","montana","chestnut oak","Plantae","Breaking leaf buds",2015-04-17,107,2015-04-22,5,23
356146,371,8,"2016-01-01","2016-12-31",2016-04-04,95,2016-04-01,3,1,57069,35.96397,-84.286339,273,"TN",1212,"Quercus","montana","chestnut oak","Plantae","Breaking leaf buds",2016-04-22,113,2016-04-25,3,18
356146,371,9,"2017-01-01","2017-12-31",2017-04-04,94,2017-03-31,4,1,57069,35.96397,-84.286339,273,"TN",1212,"Quercus","montana","chestnut oak","Plantae","Breaking leaf buds",2017-04-17,107,2017-04-20,3,13
356146,371,10,"2018-01-01","2018-12-31",2018-04-06,96,2018-04-03,3,1,57069,35.96397,-84.286339,273,"TN",1212,"Quercus","montana","chestnut oak","Plantae","Breaking leaf buds",2018-04-27,117,2018-05-01,4,21
356146,371,11,"2019-01-01","2019-12-31",2019-04-05,95,2019-04-02,3,1,57069,35.96397,-84.286339,273,"TN",1212,"Quercus","montana","chestnut oak","Plantae","Breaking leaf buds",2019-04-12,102,2019-04-16,4,7
356146,501,7,"2015-01-01","2015-12-31",2015-04-13,103,2015-04-10,3,1,57069,35.96397,-84.286339,273,"TN",1212,"Quercus","montana","chestnut oak","Plantae","Open flowers",2015-04-20,110,2015-04-22,2,7
356146,501,8,"2016-01-01","2016-12-31",2016-04-06,97,2016-04-04,2,1,57069,35.96397,-84.286339,273,"TN",1212,"Quercus","montana","chestnut oak","Plantae","Open flowers",2016-04-22,113,2016-04-25,3,16
356146,501,9,"2017-01-01","2017-12-31",2017-04-14,104,2017-04-11,3,1,57069,35.96397,-84.286339,273,"TN",1212,"Quercus","montana","chestnut oak","Plantae","Open flowers",2017-04-17,107,2017-04-20,3,3
356146,501,10,"2018-01-01","2018-12-31",2018-04-27,117,2018-04-24,3,1,57069,35.96397,-84.286339,273,"TN",1212,"Quercus","montana","chestnut oak","Plantae","Open flowers",2018-04-27,117,2018-05-01,4,0
356146,501,11,"2019-01-01","2019-12-31",2019-04-16,106,2019-04-12,4,1,57069,35.96397,-84.286339,273,"TN",1212,"Quercus","montana","chestnut oak","Plantae","Open flowers",2019-04-16,106,2019-04-19,3,0
356157,371,7,"2015-01-01","2015-12-31",2015-03-25,84,2015-03-20,5,1,57069,35.96397,-84.286339,273,"TN",1212,"Quercus","montana","chestnut oak","Plantae","Breaking leaf buds",2015-04-22,112,2015-04-24,2,28
356157,371,8,"2016-01-01","2016-12-31",2016-04-08,99,2016-04-06,2,1,57069,35.96397,-84.286339,273,"TN",1212,"Quercus","montana","chestnut oak","Plantae","Breaking leaf buds",2016-04-22,113,2016-04-25,3,14
356157,371,9,"2017-01-01","2017-12-31",2017-04-14,104,2017-04-11,3,1,57069,35.96397,-84.286339,273,"TN",1212,"Quercus","montana","chestnut oak","Plantae","Breaking leaf buds",2017-04-14,104,2017-04-17,3,0
356157,371,10,"2018-01-01","2018-12-31",2018-04-06,96,2018-04-03,3,1,57069,35.96397,-84.286339,273,"TN",1212,"Quercus","montana","chestnut oak","Plantae","Breaking leaf buds",2018-04-27,117,2018-05-01,4,21
356157,371,11,"2019-01-01","2019-12-31",2019-04-09,99,2019-04-05,4,1,57069,35.96397,-84.286339,273,"TN",1212,"Quercus","montana","chestnut oak","Plantae","Breaking leaf buds",2019-04-09,99,2019-04-12,3,0
356160,371,7,"2015-01-01","2015-12-31",2015-03-25,84,2015-03-20,5,1,57069,35.96397,-84.286339,273,"TN",1212,"Quercus","montana","chestnut oak","Plantae","Breaking leaf buds",2015-04-17,107,2015-04-22,5,23
356160,371,8,"2016-01-01","2016-12-31",2016-03-23,83,2016-03-21,2,1,57069,35.96397,-84.286339,273,"TN",1212,"Quercus","montana","chestnut oak","Plantae","Breaking leaf buds",2016-04-22,113,2016-04-25,3,30
356160,371,9,"2017-01-01","2017-12-31",2017-03-31,90,2017-03-28,3,1,57069,35.96397,-84.286339,273,"TN",1212,"Quercus","montana","chestnut oak","Plantae","Breaking leaf buds",2017-04-14,104,2017-04-17,3,14
356160,371,10,"2018-01-01","2018-12-31",2018-04-03,93,2018-03-30,4,1,57069,35.96397,-84.286339,273,"TN",1212,"Quercus","montana","chestnut oak","Plantae","Breaking leaf buds",2018-04-24,114,2018-04-27,3,21
356160,371,11,"2019-01-01","2019-12-31",2019-04-05,95,2019-04-02,3,1,57069,35.96397,-84.286339,273,"TN",1212,"Quercus","montana","chestnut oak","Plantae","Breaking leaf buds",2019-04-09,99,2019-04-12,3,4
356160,501,7,"2015-01-01","2015-12-31",2015-04-10,100,2015-04-08,2,1,57069,35.96397,-84.286339,273,"TN",1212,"Quercus","montana","chestnut oak","Plantae","Open flowers",2015-04-20,110,2015-04-22,2,10
356160,501,8,"2016-01-01","2016-12-31",2016-03-25,85,2016-03-23,2,1,57069,35.96397,-84.286339,273,"TN",1212,"Quercus","montana","chestnut oak","Plantae","Open flowers",2016-04-22,113,2016-04-25,3,28
356160,501,9,"2017-01-01","2017-12-31",2017-04-14,104,2017-04-11,3,1,57069,35.96397,-84.286339,273,"TN",1212,"Quercus","montana","chestnut oak","Plantae","Open flowers",2017-04-14,104,2017-04-17,3,0
356160,501,11,"2019-01-01","2019-12-31",2019-04-09,99,2019-04-05,4,1,57069,35.96397,-84.286339,273,"TN",1212,"Quercus","montana","chestnut oak","Plantae","Open flowers",2019-04-16,106,2019-04-19,3,7
356162,371,7,"2015-01-01","2015-12-31",2015-03-25,84,2015-03-20,5,1,57069,35.96397,-84.286339,273,"TN",1212,"Quercus","montana","chestnut oak","Plantae","Breaking leaf buds",2015-04-17,107,2015-04-22,5,23
356162,371,8,"2016-01-01","2016-12-31",2016-03-28,88,2016-03-25,3,1,57069,35.96397,-84.286339,273,"TN",1212,"Quercus","montana","chestnut oak","Plantae","Breaking leaf buds",2016-04-20,111,2016-04-22,2,23
356162,371,9,"2017-01-01","2017-12-31",2017-03-31,90,2017-03-28,3,1,57069,35.96397,-84.286339,273,"TN",1212,"Quercus","montana","chestnut oak","Plantae","Breaking leaf buds",2017-04-14,104,2017-04-17,3,14
356162,371,10,"2018-01-01","2018-12-31",2018-04-06,96,2018-04-03,3,1,57069,35.96397,-84.286339,273,"TN",1212,"Quercus","montana","chestnut oak","Plantae","Breaking leaf buds",2018-04-27,117,2018-05-01,4,21
356162,371,11,"2019-01-01","2019-12-31",2019-04-05,95,2019-04-02,3,1,57069,35.96397,-84.286339,273,"TN",1212,"Quercus","montana","chestnut oak","Plantae","Breaking leaf buds",2019-04-12,102,2019-04-16,4,7
356162,371,13,"2021-01-01","2021-12-31",2021-04-02,92,2021-03-30,3,1,57069,35.96397,-84.286339,273,"TN",1212,"Quercus","montana","chestnut oak","Plantae","Breaking leaf buds",2021-04-12,102,2021-04-16,4,10
356162,371,14,"2022-01-01","2022-12-31",2022-03-22,81,2022-03-18,4,2,57069,35.96397,-84.286339,273,"TN",1212,"Quercus","montana","chestnut oak","Plantae","Breaking leaf buds",2022-04-22,112,2022-04-26,4,31
356162,371,15,"2023-01-01","2023-12-31",2023-03-31,90,2023-03-24,7,1,57069,35.96397,-84.286339,273,"TN",1212,"Quercus","montana","chestnut oak","Plantae","Breaking leaf buds",2023-04-21,111,2023-04-25,4,21
356162,371,16,"2024-01-01","2024-12-31",2024-03-22,82,2024-03-19,3,1,57069,35.96397,-84.286339,273,"TN",1212,"Quercus","montana","chestnut oak","Plantae","Breaking leaf buds",2024-04-12,103,2024-04-16,4,21
356162,501,7,"2015-01-01","2015-12-31",2015-04-10,100,2015-04-08,2,1,57069,35.96397,-84.286339,273,"TN",1212,"Quercus","montana","chestnut oak","Plantae","Open flowers",2015-04-20,110,2015-04-22,2,10
356162,501,8,"2016-01-01","2016-12-31",2016-03-28,88,2016-03-25,3,1,57069,35.96397,-84.286339,273,"TN",1212,"Quercus","montana","chestnut oak","Plantae","Open flowers",2016-04-22,113,2016-04-25,3,25
356162,501,9,"2017-01-01","2017-12-31",2017-04-14,104,2017-04-11,3,1,57069,35.96397,-84.286339,273,"TN",1212,"Quercus","montana","chestnut oak","Plantae","Open flowers",2017-04-17,107,2017-04-20,3,3
356162,501,10,"2018-01-01","2018-12-31",2018-04-27,117,2018-04-24,3,1,57069,35.96397,-84.286339,273,"TN",1212,"Quercus","montana","chestnut oak","Plantae","Open flowers",2018-04-27,117,2018-05-01,4,0
356162,501,11,"2019-01-01","2019-12-31",2019-04-16,106,2019-04-12,4,1,57069,35.96397,-84.286339,273,"TN",1212,"Quercus","montana","chestnut oak","Plantae","Open flowers",2019-04-16,106,2019-04-19,3,0
356162,501,13,"2021-01-01","2021-12-31",2021-04-09,99,2021-04-06,3,1,57069,35.96397,-84.286339,273,"TN",1212,"Quercus","montana","chestnut oak","Plantae","Open flowers",2021-04-12,102,2021-04-16,4,3
356162,501,14,"2022-01-01","2022-12-31",2022-04-15,105,2022-04-12,3,1,57069,35.96397,-84.286339,273,"TN",1212,"Quercus","montana","chestnut oak","Plantae","Open flowers",2022-04-22,112,2022-04-26,4,7
356162,501,15,"2023-01-01","2023-12-31",2023-03-31,90,2023-03-24,7,1,57069,35.96397,-84.286339,273,"TN",1212,"Quercus","montana","chestnut oak","Plantae","Open flowers",2023-04-03,93,2023-04-07,4,3
356162,501,17,"2025-01-01","2025-12-31",2025-04-04,94,2025-04-01,3,1,57069,35.96397,-84.286339,273,"TN",1212,"Quercus","montana","chestnut oak","Plantae","Open flowers",2025-04-11,101,NA,NA,7
356163,371,7,"2015-01-01","2015-12-31",2015-03-25,84,2015-03-20,5,1,57069,35.96397,-84.286339,273,"TN",1212,"Quercus","montana","chestnut oak","Plantae","Breaking leaf buds",2015-04-20,110,2015-04-22,2,26
356163,371,8,"2016-01-01","2016-12-31",2016-03-28,88,2016-03-25,3,1,57069,35.96397,-84.286339,273,"TN",1212,"Quercus","montana","chestnut oak","Plantae","Breaking leaf buds",2016-04-22,113,2016-04-25,3,25
356163,371,9,"2017-01-01","2017-12-31",2017-04-04,94,2017-03-31,4,1,57069,35.96397,-84.286339,273,"TN",1212,"Quercus","montana","chestnut oak","Plantae","Breaking leaf buds",2017-04-14,104,2017-04-17,3,10
356163,371,10,"2018-01-01","2018-12-31",2018-04-03,93,2018-03-30,4,1,57069,35.96397,-84.286339,273,"TN",1212,"Quercus","montana","chestnut oak","Plantae","Breaking leaf buds",2018-04-24,114,2018-04-27,3,21
356163,371,11,"2019-01-01","2019-12-31",2019-04-05,95,2019-04-02,3,1,57069,35.96397,-84.286339,273,"TN",1212,"Quercus","montana","chestnut oak","Plantae","Breaking leaf buds",2019-04-12,102,2019-04-16,4,7
356163,371,13,"2021-01-01","2021-12-31",2021-03-30,89,2021-03-26,4,1,57069,35.96397,-84.286339,273,"TN",1212,"Quercus","montana","chestnut oak","Plantae","Breaking leaf buds",2021-04-16,106,2021-04-19,3,17
356163,371,14,"2022-01-01","2022-12-31",2022-03-22,81,2022-03-18,4,1,57069,35.96397,-84.286339,273,"TN",1212,"Quercus","montana","chestnut oak","Plantae","Breaking leaf buds",2022-04-22,112,2022-04-26,4,31
356163,371,15,"2023-01-01","2023-12-31",2023-03-31,90,2023-03-24,7,1,57069,35.96397,-84.286339,273,"TN",1212,"Quercus","montana","chestnut oak","Plantae","Breaking leaf buds",2023-04-14,104,2023-04-18,4,14
356163,371,16,"2024-01-01","2024-12-31",2024-03-29,89,2024-03-27,2,1,57069,35.96397,-84.286339,273,"TN",1212,"Quercus","montana","chestnut oak","Plantae","Breaking leaf buds",2024-04-16,107,2024-04-19,3,18
356163,501,7,"2015-01-01","2015-12-31",2015-04-10,100,2015-04-08,2,1,57069,35.96397,-84.286339,273,"TN",1212,"Quercus","montana","chestnut oak","Plantae","Open flowers",2015-04-20,110,2015-04-22,2,10
356163,501,8,"2016-01-01","2016-12-31",2016-03-28,88,2016-03-25,3,1,57069,35.96397,-84.286339,273,"TN",1212,"Quercus","montana","chestnut oak","Plantae","Open flowers",2016-04-22,113,2016-04-25,3,25
356163,501,9,"2017-01-01","2017-12-31",2017-04-14,104,2017-04-11,3,1,57069,35.96397,-84.286339,273,"TN",1212,"Quercus","montana","chestnut oak","Plantae","Open flowers",2017-04-17,107,2017-04-20,3,3
356163,501,10,"2018-01-01","2018-12-31",2018-04-27,117,2018-04-24,3,1,57069,35.96397,-84.286339,273,"TN",1212,"Quercus","montana","chestnut oak","Plantae","Open flowers",2018-04-27,117,2018-05-01,4,0
356163,501,11,"2019-01-01","2019-12-31",2019-04-09,99,2019-04-05,4,1,57069,35.96397,-84.286339,273,"TN",1212,"Quercus","montana","chestnut oak","Plantae","Open flowers",2019-04-16,106,2019-04-19,3,7
356163,501,13,"2021-01-01","2021-12-31",2021-04-09,99,2021-04-06,3,1,57069,35.96397,-84.286339,273,"TN",1212,"Quercus","montana","chestnut oak","Plantae","Open flowers",2021-04-12,102,2021-04-16,4,3
356163,501,14,"2022-01-01","2022-12-31",2022-04-05,95,2022-04-01,4,2,57069,35.96397,-84.286339,273,"TN",1212,"Quercus","montana","chestnut oak","Plantae","Open flowers",2022-04-22,112,2022-04-26,4,17
356163,501,15,"2023-01-01","2023-12-31",2023-04-11,101,2023-04-07,4,1,57069,35.96397,-84.286339,273,"TN",1212,"Quercus","montana","chestnut oak","Plantae","Open flowers",2023-04-18,108,2023-04-21,3,7
356163,501,16,"2024-01-01","2024-12-31",2024-04-19,110,2024-04-16,3,1,57069,35.96397,-84.286339,273,"TN",1212,"Quercus","montana","chestnut oak","Plantae","Open flowers",2024-04-23,114,2024-04-26,3,4
356168,371,7,"2015-01-01","2015-12-31",2015-03-25,84,2015-03-20,5,1,57069,35.96397,-84.286339,273,"TN",1212,"Quercus","montana","chestnut oak","Plantae","Breaking leaf buds",2015-04-17,107,2015-04-22,5,23
356168,371,8,"2016-01-01","2016-12-31",2016-03-23,83,2016-03-21,2,1,57069,35.96397,-84.286339,273,"TN",1212,"Quercus","montana","chestnut oak","Plantae","Breaking leaf buds",2016-04-20,111,2016-04-22,2,28
356168,371,9,"2017-01-01","2017-12-31",2017-04-04,94,2017-03-31,4,1,57069,35.96397,-84.286339,273,"TN",1212,"Quercus","montana","chestnut oak","Plantae","Breaking leaf buds",2017-04-14,104,2017-04-17,3,10
356168,371,10,"2018-01-01","2018-12-31",2018-04-03,93,2018-03-30,4,1,57069,35.96397,-84.286339,273,"TN",1212,"Quercus","montana","chestnut oak","Plantae","Breaking leaf buds",2018-04-27,117,2018-05-01,4,24
356168,371,11,"2019-01-01","2019-12-31",2019-04-05,95,2019-04-02,3,1,57069,35.96397,-84.286339,273,"TN",1212,"Quercus","montana","chestnut oak","Plantae","Breaking leaf buds",2019-04-12,102,2019-04-16,4,7
356168,371,13,"2021-01-01","2021-12-31",2021-03-23,82,2021-03-19,4,1,57069,35.96397,-84.286339,273,"TN",1212,"Quercus","montana","chestnut oak","Plantae","Breaking leaf buds",2021-04-12,102,2021-04-16,4,20
356168,371,14,"2022-01-01","2022-12-31",2022-03-22,81,2022-03-18,4,1,57069,35.96397,-84.286339,273,"TN",1212,"Quercus","montana","chestnut oak","Plantae","Breaking leaf buds",2022-04-12,102,2022-04-15,3,21
356168,371,15,"2023-01-01","2023-12-31",2023-03-31,90,2023-03-24,7,1,57069,35.96397,-84.286339,273,"TN",1212,"Quercus","montana","chestnut oak","Plantae","Breaking leaf buds",2023-04-11,101,2023-04-14,3,11
356168,371,16,"2024-01-01","2024-12-31",2024-03-27,87,2024-03-22,5,1,57069,35.96397,-84.286339,273,"TN",1212,"Quercus","montana","chestnut oak","Plantae","Breaking leaf buds",2024-04-16,107,2024-04-19,3,20
356168,501,7,"2015-01-01","2015-12-31",2015-04-10,100,2015-04-08,2,1,57069,35.96397,-84.286339,273,"TN",1212,"Quercus","montana","chestnut oak","Plantae","Open flowers",2015-04-20,110,2015-04-22,2,10
356168,501,8,"2016-01-01","2016-12-31",2016-03-25,85,2016-03-23,2,1,57069,35.96397,-84.286339,273,"TN",1212,"Quercus","montana","chestnut oak","Plantae","Open flowers",2016-04-22,113,2016-04-25,3,28
356168,501,9,"2017-01-01","2017-12-31",2017-04-14,104,2017-04-11,3,1,57069,35.96397,-84.286339,273,"TN",1212,"Quercus","montana","chestnut oak","Plantae","Open flowers",2017-04-17,107,2017-04-20,3,3
356168,501,11,"2019-01-01","2019-12-31",2019-04-16,106,2019-04-12,4,1,57069,35.96397,-84.286339,273,"TN",1212,"Quercus","montana","chestnut oak","Plantae","Open flowers",2019-04-16,106,2019-04-19,3,0
356168,501,14,"2022-01-01","2022-12-31",2022-04-01,91,2022-03-29,3,1,57069,35.96397,-84.286339,273,"TN",1212,"Quercus","montana","chestnut oak","Plantae","Open flowers",2022-04-19,109,2022-04-22,3,18
356168,501,15,"2023-01-01","2023-12-31",2023-03-31,90,2023-03-24,7,1,57069,35.96397,-84.286339,273,"TN",1212,"Quercus","montana","chestnut oak","Plantae","Open flowers",2023-03-31,90,2023-04-03,3,0
356171,371,7,"2015-01-01","2015-12-31",2015-03-25,84,2015-03-20,5,1,57069,35.96397,-84.286339,273,"TN",1212,"Quercus","montana","chestnut oak","Plantae","Breaking leaf buds",2015-04-17,107,2015-04-22,5,23
356171,371,8,"2016-01-01","2016-12-31",2016-03-17,77,2016-03-14,3,1,57069,35.96397,-84.286339,273,"TN",1212,"Quercus","montana","chestnut oak","Plantae","Breaking leaf buds",2016-04-13,104,2016-04-15,2,27
356171,371,9,"2017-01-01","2017-12-31",2017-03-31,90,2017-03-28,3,1,57069,35.96397,-84.286339,273,"TN",1212,"Quercus","montana","chestnut oak","Plantae","Breaking leaf buds",2017-04-17,107,2017-04-20,3,17
356171,371,10,"2018-01-01","2018-12-31",2018-03-30,89,2018-03-27,3,1,57069,35.96397,-84.286339,273,"TN",1212,"Quercus","montana","chestnut oak","Plantae","Breaking leaf buds",2018-04-27,117,2018-05-01,4,28
356171,371,11,"2019-01-01","2019-12-31",2019-04-05,95,2019-04-02,3,1,57069,35.96397,-84.286339,273,"TN",1212,"Quercus","montana","chestnut oak","Plantae","Breaking leaf buds",2019-04-12,102,2019-04-16,4,7
356171,371,13,"2021-01-01","2021-12-31",2021-03-23,82,2021-03-19,4,1,57069,35.96397,-84.286339,273,"TN",1212,"Quercus","montana","chestnut oak","Plantae","Breaking leaf buds",2021-04-09,99,2021-04-12,3,17
356171,371,14,"2022-01-01","2022-12-31",2022-03-22,81,2022-03-18,4,1,57069,35.96397,-84.286339,273,"TN",1212,"Quercus","montana","chestnut oak","Plantae","Breaking leaf buds",2022-04-26,116,2022-04-29,3,35
356171,371,15,"2023-01-01","2023-12-31",2023-03-07,66,2023-03-02,5,1,57069,35.96397,-84.286339,273,"TN",1212,"Quercus","montana","chestnut oak","Plantae","Breaking leaf buds",2023-05-04,124,2023-05-09,5,58
356171,371,16,"2024-01-01","2024-12-31",2024-03-19,79,2024-03-12,7,1,57069,35.96397,-84.286339,273,"TN",1212,"Quercus","montana","chestnut oak","Plantae","Breaking leaf buds",2024-04-12,103,2024-04-16,4,24
356171,501,7,"2015-01-01","2015-12-31",2015-04-10,100,2015-04-08,2,1,57069,35.96397,-84.286339,273,"TN",1212,"Quercus","montana","chestnut oak","Plantae","Open flowers",2015-04-22,112,2015-04-24,2,12
356171,501,8,"2016-01-01","2016-12-31",2016-03-23,83,2016-03-21,2,1,57069,35.96397,-84.286339,273,"TN",1212,"Quercus","montana","chestnut oak","Plantae","Open flowers",2016-04-13,104,2016-04-15,2,21
356171,501,9,"2017-01-01","2017-12-31",2017-04-14,104,2017-04-11,3,1,57069,35.96397,-84.286339,273,"TN",1212,"Quercus","montana","chestnut oak","Plantae","Open flowers",2017-04-17,107,2017-04-20,3,3
356171,501,10,"2018-01-01","2018-12-31",2018-04-27,117,2018-04-24,3,1,57069,35.96397,-84.286339,273,"TN",1212,"Quercus","montana","chestnut oak","Plantae","Open flowers",2018-04-27,117,2018-05-01,4,0
356171,501,11,"2019-01-01","2019-12-31",2019-04-09,99,2019-04-05,4,1,57069,35.96397,-84.286339,273,"TN",1212,"Quercus","montana","chestnut oak","Plantae","Open flowers",2019-04-16,106,2019-04-19,3,7
356171,501,13,"2021-01-01","2021-12-31",2021-04-02,92,2021-03-30,3,1,57069,35.96397,-84.286339,273,"TN",1212,"Quercus","montana","chestnut oak","Plantae","Open flowers",2021-04-16,106,2021-04-19,3,14
356171,501,14,"2022-01-01","2022-12-31",2022-04-01,91,2022-03-29,3,1,57069,35.96397,-84.286339,273,"TN",1212,"Quercus","montana","chestnut oak","Plantae","Open flowers",2022-04-22,112,2022-04-26,4,21
356171,501,15,"2023-01-01","2023-12-31",2023-03-14,73,2023-03-10,4,2,57069,35.96397,-84.286339,273,"TN",1212,"Quercus","montana","chestnut oak","Plantae","Open flowers",2023-04-18,108,2023-04-21,3,35
356171,501,16,"2024-01-01","2024-12-31",2024-04-08,99,2024-04-05,3,1,57069,35.96397,-84.286339,273,"TN",1212,"Quercus","montana","chestnut oak","Plantae","Open flowers",2024-04-19,110,2024-04-23,4,11
356173,371,7,"2015-01-01","2015-12-31",2015-03-27,86,2015-03-25,2,1,57069,35.96397,-84.286339,273,"TN",1212,"Quercus","montana","chestnut oak","Plantae","Breaking leaf buds",2015-04-17,107,2015-04-22,5,21
356173,371,8,"2016-01-01","2016-12-31",2016-03-28,88,2016-03-25,3,1,57069,35.96397,-84.286339,273,"TN",1212,"Quercus","montana","chestnut oak","Plantae","Breaking leaf buds",2016-04-22,113,2016-04-25,3,25
356173,371,9,"2017-01-01","2017-12-31",2017-04-04,94,2017-03-31,4,1,57069,35.96397,-84.286339,273,"TN",1212,"Quercus","montana","chestnut oak","Plantae","Breaking leaf buds",2017-04-17,107,2017-04-20,3,13
356173,371,10,"2018-01-01","2018-12-31",2018-04-17,107,2018-04-13,4,1,57069,35.96397,-84.286339,273,"TN",1212,"Quercus","montana","chestnut oak","Plantae","Breaking leaf buds",2018-04-27,117,2018-05-01,4,10
356173,371,11,"2019-01-01","2019-12-31",2019-04-09,99,2019-04-05,4,1,57069,35.96397,-84.286339,273,"TN",1212,"Quercus","montana","chestnut oak","Plantae","Breaking leaf buds",2019-04-12,102,2019-04-16,4,3
356173,501,7,"2015-01-01","2015-12-31",2015-04-13,103,2015-04-10,3,1,57069,35.96397,-84.286339,273,"TN",1212,"Quercus","montana","chestnut oak","Plantae","Open flowers",2015-04-22,112,2015-04-24,2,9
356173,501,8,"2016-01-01","2016-12-31",2016-04-06,97,2016-04-04,2,1,57069,35.96397,-84.286339,273,"TN",1212,"Quercus","montana","chestnut oak","Plantae","Open flowers",2016-04-22,113,2016-04-25,3,16
356173,501,9,"2017-01-01","2017-12-31",2017-04-14,104,2017-04-11,3,1,57069,35.96397,-84.286339,273,"TN",1212,"Quercus","montana","chestnut oak","Plantae","Open flowers",2017-04-25,115,2017-04-28,3,11
356173,501,11,"2019-01-01","2019-12-31",2019-04-16,106,2019-04-12,4,1,57069,35.96397,-84.286339,273,"TN",1212,"Quercus","montana","chestnut oak","Plantae","Open flowers",2019-04-19,109,2019-04-23,4,3
356174,371,7,"2015-01-01","2015-12-31",2015-03-25,84,2015-03-20,5,1,57069,35.96397,-84.286339,273,"TN",1212,"Quercus","montana","chestnut oak","Plantae","Breaking leaf buds",2015-04-17,107,2015-04-22,5,23
356174,371,8,"2016-01-01","2016-12-31",2016-03-23,83,2016-03-21,2,1,57069,35.96397,-84.286339,273,"TN",1212,"Quercus","montana","chestnut oak","Plantae","Breaking leaf buds",2016-04-15,106,2016-04-18,3,23
356174,371,9,"2017-01-01","2017-12-31",2017-03-31,90,2017-03-28,3,1,57069,35.96397,-84.286339,273,"TN",1212,"Quercus","montana","chestnut oak","Plantae","Breaking leaf buds",2017-04-14,104,2017-04-17,3,14
356174,371,10,"2018-01-01","2018-12-31",2018-04-03,93,2018-03-30,4,1,57069,35.96397,-84.286339,273,"TN",1212,"Quercus","montana","chestnut oak","Plantae","Breaking leaf buds",2018-04-27,117,2018-05-01,4,24
356174,371,11,"2019-01-01","2019-12-31",2019-04-05,95,2019-04-02,3,1,57069,35.96397,-84.286339,273,"TN",1212,"Quercus","montana","chestnut oak","Plantae","Breaking leaf buds",2019-04-12,102,2019-04-16,4,7
356174,501,7,"2015-01-01","2015-12-31",2015-04-10,100,2015-04-08,2,1,57069,35.96397,-84.286339,273,"TN",1212,"Quercus","montana","chestnut oak","Plantae","Open flowers",2015-04-20,110,2015-04-22,2,10
356174,501,8,"2016-01-01","2016-12-31",2016-03-25,85,2016-03-23,2,1,57069,35.96397,-84.286339,273,"TN",1212,"Quercus","montana","chestnut oak","Plantae","Open flowers",2016-04-22,113,2016-04-25,3,28
356174,501,9,"2017-01-01","2017-12-31",2017-04-14,104,2017-04-11,3,1,57069,35.96397,-84.286339,273,"TN",1212,"Quercus","montana","chestnut oak","Plantae","Open flowers",2017-04-17,107,2017-04-20,3,3
356174,501,10,"2018-01-01","2018-12-31",2018-04-27,117,2018-04-24,3,1,57069,35.96397,-84.286339,273,"TN",1212,"Quercus","montana","chestnut oak","Plantae","Open flowers",2018-04-27,117,2018-05-01,4,0
356174,501,11,"2019-01-01","2019-12-31",2019-04-16,106,2019-04-12,4,1,57069,35.96397,-84.286339,273,"TN",1212,"Quercus","montana","chestnut oak","Plantae","Open flowers",2019-04-16,106,2019-04-19,3,0
356175,371,7,"2015-01-01","2015-12-31",2015-03-25,84,2015-03-20,5,1,57069,35.96397,-84.286339,273,"TN",1212,"Quercus","montana","chestnut oak","Plantae","Breaking leaf buds",2015-04-17,107,2015-04-22,5,23
356175,371,8,"2016-01-01","2016-12-31",2016-03-25,85,2016-03-23,2,1,57069,35.96397,-84.286339,273,"TN",1212,"Quercus","montana","chestnut oak","Plantae","Breaking leaf buds",2016-04-22,113,2016-04-25,3,28
356175,371,9,"2017-01-01","2017-12-31",2017-04-04,94,2017-03-31,4,1,57069,35.96397,-84.286339,273,"TN",1212,"Quercus","montana","chestnut oak","Plantae","Breaking leaf buds",2017-04-17,107,2017-04-20,3,13
356175,371,10,"2018-01-01","2018-12-31",2018-04-03,93,2018-03-30,4,1,57069,35.96397,-84.286339,273,"TN",1212,"Quercus","montana","chestnut oak","Plantae","Breaking leaf buds",2018-04-27,117,2018-05-01,4,24
356175,371,11,"2019-01-01","2019-12-31",2019-04-05,95,2019-04-02,3,1,57069,35.96397,-84.286339,273,"TN",1212,"Quercus","montana","chestnut oak","Plantae","Breaking leaf buds",2019-04-16,106,2019-04-19,3,11
356175,501,7,"2015-01-01","2015-12-31",2015-04-10,100,2015-04-08,2,1,57069,35.96397,-84.286339,273,"TN",1212,"Quercus","montana","chestnut oak","Plantae","Open flowers",2015-04-17,107,2015-04-22,5,7
356175,501,8,"2016-01-01","2016-12-31",2016-03-28,88,2016-03-25,3,1,57069,35.96397,-84.286339,273,"TN",1212,"Quercus","montana","chestnut oak","Plantae","Open flowers",2016-04-22,113,2016-04-25,3,25
356175,501,9,"2017-01-01","2017-12-31",2017-04-14,104,2017-04-11,3,1,57069,35.96397,-84.286339,273,"TN",1212,"Quercus","montana","chestnut oak","Plantae","Open flowers",2017-04-17,107,2017-04-20,3,3
356175,501,11,"2019-01-01","2019-12-31",2019-04-16,106,2019-04-12,4,1,57069,35.96397,-84.286339,273,"TN",1212,"Quercus","montana","chestnut oak","Plantae","Open flowers",2019-04-16,106,2019-04-19,3,0
356182,371,7,"2015-01-01","2015-12-31",2015-03-25,84,2015-03-20,5,1,57069,35.96397,-84.286339,273,"TN",1212,"Quercus","montana","chestnut oak","Plantae","Breaking leaf buds",2015-04-17,107,2015-04-22,5,23
356182,371,8,"2016-01-01","2016-12-31",2016-03-28,88,2016-03-25,3,1,57069,35.96397,-84.286339,273,"TN",1212,"Quercus","montana","chestnut oak","Plantae","Breaking leaf buds",2016-04-22,113,2016-04-25,3,25
356182,371,9,"2017-01-01","2017-12-31",2017-04-04,94,2017-03-31,4,1,57069,35.96397,-84.286339,273,"TN",1212,"Quercus","montana","chestnut oak","Plantae","Breaking leaf buds",2017-04-14,104,2017-04-17,3,10
356182,371,10,"2018-01-01","2018-12-31",2018-04-06,96,2018-04-03,3,1,57069,35.96397,-84.286339,273,"TN",1212,"Quercus","montana","chestnut oak","Plantae","Breaking leaf buds",2018-04-27,117,2018-05-01,4,21
356182,371,11,"2019-01-01","2019-12-31",2019-04-05,95,2019-04-02,3,1,57069,35.96397,-84.286339,273,"TN",1212,"Quercus","montana","chestnut oak","Plantae","Breaking leaf buds",2019-04-12,102,2019-04-16,4,7
356182,501,7,"2015-01-01","2015-12-31",2015-04-10,100,2015-04-08,2,2,57069,35.96397,-84.286339,273,"TN",1212,"Quercus","montana","chestnut oak","Plantae","Open flowers",2015-04-22,112,2015-04-24,2,12
356182,501,8,"2016-01-01","2016-12-31",2016-03-30,90,2016-03-28,2,1,57069,35.96397,-84.286339,273,"TN",1212,"Quercus","montana","chestnut oak","Plantae","Open flowers",2016-04-22,113,2016-04-25,3,23
356182,501,9,"2017-01-01","2017-12-31",2017-04-14,104,2017-04-11,3,1,57069,35.96397,-84.286339,273,"TN",1212,"Quercus","montana","chestnut oak","Plantae","Open flowers",2017-04-17,107,2017-04-20,3,3
356182,501,11,"2019-01-01","2019-12-31",2019-04-16,106,2019-04-12,4,1,57069,35.96397,-84.286339,273,"TN",1212,"Quercus","montana","chestnut oak","Plantae","Open flowers",2019-04-19,109,2019-04-23,4,3
356184,371,7,"2015-01-01","2015-12-31",2015-03-25,84,2015-03-20,5,1,57069,35.96397,-84.286339,273,"TN",1212,"Quercus","montana","chestnut oak","Plantae","Breaking leaf buds",2015-04-17,107,2015-04-22,5,23
356184,371,8,"2016-01-01","2016-12-31",2016-04-04,95,2016-04-01,3,1,57069,35.96397,-84.286339,273,"TN",1212,"Quercus","montana","chestnut oak","Plantae","Breaking leaf buds",2016-04-20,111,2016-04-22,2,16
356184,371,9,"2017-01-01","2017-12-31",2017-04-04,94,2017-03-31,4,1,57069,35.96397,-84.286339,273,"TN",1212,"Quercus","montana","chestnut oak","Plantae","Breaking leaf buds",2017-04-14,104,2017-04-17,3,10
356184,371,10,"2018-01-01","2018-12-31",2018-04-06,96,2018-04-03,3,1,57069,35.96397,-84.286339,273,"TN",1212,"Quercus","montana","chestnut oak","Plantae","Breaking leaf buds",2018-04-27,117,2018-05-01,4,21
356184,371,11,"2019-01-01","2019-12-31",2019-04-05,95,2019-04-02,3,1,57069,35.96397,-84.286339,273,"TN",1212,"Quercus","montana","chestnut oak","Plantae","Breaking leaf buds",2019-04-12,102,2019-04-16,4,7
356184,501,7,"2015-01-01","2015-12-31",2015-04-13,103,2015-04-10,3,1,57069,35.96397,-84.286339,273,"TN",1212,"Quercus","montana","chestnut oak","Plantae","Open flowers",2015-04-20,110,2015-04-22,2,7
356184,501,8,"2016-01-01","2016-12-31",2016-04-01,92,2016-03-30,2,1,57069,35.96397,-84.286339,273,"TN",1212,"Quercus","montana","chestnut oak","Plantae","Open flowers",2016-04-22,113,2016-04-25,3,21
356184,501,9,"2017-01-01","2017-12-31",2017-04-14,104,2017-04-11,3,1,57069,35.96397,-84.286339,273,"TN",1212,"Quercus","montana","chestnut oak","Plantae","Open flowers",2017-04-17,107,2017-04-20,3,3
356184,501,11,"2019-01-01","2019-12-31",2019-04-16,106,2019-04-12,4,1,57069,35.96397,-84.286339,273,"TN",1212,"Quercus","montana","chestnut oak","Plantae","Open flowers",2019-04-16,106,2019-04-19,3,0
356261,371,13,"2021-01-01","2021-12-31",2021-04-02,92,2021-03-30,3,1,57069,35.96397,-84.286339,273,"TN",100,"Quercus","alba","white oak","Plantae","Breaking leaf buds",2021-04-12,102,2021-04-16,4,10
356261,371,14,"2022-01-01","2022-12-31",2022-03-29,88,2022-03-25,4,1,57069,35.96397,-84.286339,273,"TN",100,"Quercus","alba","white oak","Plantae","Breaking leaf buds",2022-04-26,116,2022-04-29,3,28
356261,371,15,"2023-01-01","2023-12-31",2023-03-31,90,2023-03-24,7,1,57069,35.96397,-84.286339,273,"TN",100,"Quercus","alba","white oak","Plantae","Breaking leaf buds",2023-04-21,111,2023-04-25,4,21
356261,371,16,"2024-01-01","2024-12-31",2024-04-08,99,2024-04-05,3,1,57069,35.96397,-84.286339,273,"TN",100,"Quercus","alba","white oak","Plantae","Breaking leaf buds",2024-04-16,107,2024-04-19,3,8
356261,371,17,"2025-01-01","2025-12-31",2025-04-04,94,2025-04-01,3,1,57069,35.96397,-84.286339,273,"TN",100,"Quercus","alba","white oak","Plantae","Breaking leaf buds",2025-04-11,101,NA,NA,7
356261,501,13,"2021-01-01","2021-12-31",2021-04-12,102,2021-04-09,3,1,57069,35.96397,-84.286339,273,"TN",100,"Quercus","alba","white oak","Plantae","Open flowers",2021-04-12,102,2021-04-16,4,0
356261,501,17,"2025-01-01","2025-12-31",2025-04-04,94,2025-04-01,3,1,57069,35.96397,-84.286339,273,"TN",100,"Quercus","alba","white oak","Plantae","Open flowers",2025-04-11,101,NA,NA,7
356266,371,13,"2021-01-01","2021-12-31",2021-03-26,85,2021-03-23,3,1,57069,35.96397,-84.286339,273,"TN",100,"Quercus","alba","white oak","Plantae","Breaking leaf buds",2021-04-16,106,2021-04-19,3,21
356266,371,14,"2022-01-01","2022-12-31",2022-03-22,81,2022-03-18,4,1,57069,35.96397,-84.286339,273,"TN",100,"Quercus","alba","white oak","Plantae","Breaking leaf buds",2022-04-19,109,2022-04-22,3,28
356266,371,15,"2023-01-01","2023-12-31",2023-03-07,66,2023-03-02,5,1,57069,35.96397,-84.286339,273,"TN",100,"Quercus","alba","white oak","Plantae","Breaking leaf buds",2023-04-18,108,2023-04-21,3,42
356266,371,16,"2024-01-01","2024-12-31",2024-03-22,82,2024-03-19,3,1,57069,35.96397,-84.286339,273,"TN",100,"Quercus","alba","white oak","Plantae","Breaking leaf buds",2024-04-05,96,2024-04-08,3,14
356266,501,14,"2022-01-01","2022-12-31",2022-04-01,91,2022-03-29,3,1,57069,35.96397,-84.286339,273,"TN",100,"Quercus","alba","white oak","Plantae","Open flowers",2022-04-08,98,2022-04-12,4,7
356266,501,15,"2023-01-01","2023-12-31",2023-03-17,76,2023-03-14,3,1,57069,35.96397,-84.286339,273,"TN",100,"Quercus","alba","white oak","Plantae","Open flowers",2023-03-31,90,2023-04-03,3,14
356266,501,16,"2024-01-01","2024-12-31",2024-04-08,99,2024-04-05,3,1,57069,35.96397,-84.286339,273,"TN",100,"Quercus","alba","white oak","Plantae","Open flowers",2024-04-08,99,2024-04-12,4,0
356271,371,13,"2021-01-01","2021-12-31",2021-04-06,96,2021-04-02,4,1,57069,35.96397,-84.286339,273,"TN",100,"Quercus","alba","white oak","Plantae","Breaking leaf buds",2021-04-16,106,2021-04-19,3,10
356271,371,14,"2022-01-01","2022-12-31",2022-03-22,81,2022-03-18,4,1,57069,35.96397,-84.286339,273,"TN",100,"Quercus","alba","white oak","Plantae","Breaking leaf buds",2022-04-22,112,2022-04-26,4,31
356271,371,15,"2023-01-01","2023-12-31",2023-04-07,97,2023-04-03,4,2,57069,35.96397,-84.286339,273,"TN",100,"Quercus","alba","white oak","Plantae","Breaking leaf buds",2023-04-25,115,2023-04-28,3,18
356271,371,16,"2024-01-01","2024-12-31",2024-03-29,89,2024-03-27,2,1,57069,35.96397,-84.286339,273,"TN",100,"Quercus","alba","white oak","Plantae","Breaking leaf buds",2024-04-26,117,2024-04-30,4,28
356271,371,17,"2025-01-01","2025-12-31",2025-04-04,94,2025-04-01,3,1,57069,35.96397,-84.286339,273,"TN",100,"Quercus","alba","white oak","Plantae","Breaking leaf buds",2025-04-11,101,NA,NA,7
356271,501,13,"2021-01-01","2021-12-31",2021-04-12,102,2021-04-09,3,1,57069,35.96397,-84.286339,273,"TN",100,"Quercus","alba","white oak","Plantae","Open flowers",2021-04-27,117,2021-04-30,3,15
356271,501,14,"2022-01-01","2022-12-31",2022-04-19,109,2022-04-15,4,1,57069,35.96397,-84.286339,273,"TN",100,"Quercus","alba","white oak","Plantae","Open flowers",2022-05-03,123,2022-05-06,3,14
356271,501,15,"2023-01-01","2023-12-31",2023-04-11,101,2023-04-07,4,1,57069,35.96397,-84.286339,273,"TN",100,"Quercus","alba","white oak","Plantae","Open flowers",2023-05-01,121,2023-05-04,3,20
356271,501,16,"2024-01-01","2024-12-31",2024-04-08,99,2024-04-05,3,1,57069,35.96397,-84.286339,273,"TN",100,"Quercus","alba","white oak","Plantae","Open flowers",2024-05-03,124,2024-05-07,4,25
356271,501,17,"2025-01-01","2025-12-31",2025-04-08,98,2025-04-04,4,1,57069,35.96397,-84.286339,273,"TN",100,"Quercus","alba","white oak","Plantae","Open flowers",2025-04-11,101,NA,NA,3
356273,371,13,"2021-01-01","2021-12-31",2021-04-09,99,2021-04-06,3,1,57069,35.96397,-84.286339,273,"TN",100,"Quercus","alba","white oak","Plantae","Breaking leaf buds",2021-04-30,120,2021-05-07,7,21
356273,371,14,"2022-01-01","2022-12-31",2022-03-29,88,2022-03-25,4,1,57069,35.96397,-84.286339,273,"TN",100,"Quercus","alba","white oak","Plantae","Breaking leaf buds",2022-04-29,119,2022-05-03,4,31
356273,371,15,"2023-01-01","2023-12-31",2023-04-07,97,2023-04-03,4,1,57069,35.96397,-84.286339,273,"TN",100,"Quercus","alba","white oak","Plantae","Breaking leaf buds",2023-04-11,101,2023-04-14,3,4
356273,371,16,"2024-01-01","2024-12-31",2024-04-08,99,2024-04-05,3,1,57069,35.96397,-84.286339,273,"TN",100,"Quercus","alba","white oak","Plantae","Breaking leaf buds",2024-04-26,117,2024-04-30,4,18
356273,371,17,"2025-01-01","2025-12-31",2025-04-08,98,2025-04-04,4,1,57069,35.96397,-84.286339,273,"TN",100,"Quercus","alba","white oak","Plantae","Breaking leaf buds",2025-04-11,101,NA,NA,3
356274,371,13,"2021-01-01","2021-12-31",2021-03-30,89,2021-03-26,4,1,57069,35.96397,-84.286339,273,"TN",100,"Quercus","alba","white oak","Plantae","Breaking leaf buds",2021-04-09,99,2021-04-12,3,10
356274,371,14,"2022-01-01","2022-12-31",2022-03-29,88,2022-03-25,4,1,57069,35.96397,-84.286339,273,"TN",100,"Quercus","alba","white oak","Plantae","Breaking leaf buds",2022-04-22,112,2022-04-26,4,24
356274,371,15,"2023-01-01","2023-12-31",2023-03-21,80,2023-03-17,4,1,57069,35.96397,-84.286339,273,"TN",100,"Quercus","alba","white oak","Plantae","Breaking leaf buds",2023-04-14,104,2023-04-18,4,24
356274,371,16,"2024-01-01","2024-12-31",2024-03-29,89,2024-03-27,2,1,57069,35.96397,-84.286339,273,"TN",100,"Quercus","alba","white oak","Plantae","Breaking leaf buds",2024-04-12,103,2024-04-16,4,14
356274,501,13,"2021-01-01","2021-12-31",2021-04-12,102,2021-04-09,3,1,57069,35.96397,-84.286339,273,"TN",100,"Quercus","alba","white oak","Plantae","Open flowers",2021-04-16,106,2021-04-19,3,4
356274,501,14,"2022-01-01","2022-12-31",2022-04-15,105,2022-04-12,3,1,57069,35.96397,-84.286339,273,"TN",100,"Quercus","alba","white oak","Plantae","Open flowers",2022-04-22,112,2022-04-26,4,7
356274,501,15,"2023-01-01","2023-12-31",2023-04-11,101,2023-04-07,4,1,57069,35.96397,-84.286339,273,"TN",100,"Quercus","alba","white oak","Plantae","Open flowers",2023-04-14,104,2023-04-18,4,3
356274,501,16,"2024-01-01","2024-12-31",2024-04-19,110,2024-04-16,3,1,57069,35.96397,-84.286339,273,"TN",100,"Quercus","alba","white oak","Plantae","Open flowers",2024-04-19,110,2024-04-23,4,0
356398,371,11,"2019-01-01","2019-12-31",2019-04-04,94,2019-03-26,9,1,57073,32.542931,-87.803902,26,"AL",100,"Quercus","alba","white oak","Plantae","Breaking leaf buds",2019-04-04,94,2019-04-11,7,0
356398,371,12,"2020-01-01","2020-12-31",2020-03-11,71,2020-03-03,8,1,57073,32.542931,-87.803902,26,"AL",100,"Quercus","alba","white oak","Plantae","Breaking leaf buds",2020-03-11,71,2020-03-18,7,0
356398,371,13,"2021-01-01","2021-12-31",2021-03-18,77,2021-03-11,7,1,57073,32.542931,-87.803902,26,"AL",100,"Quercus","alba","white oak","Plantae","Breaking leaf buds",2021-03-23,82,2021-04-07,15,5
356398,371,14,"2022-01-01","2022-12-31",2022-03-30,89,2022-03-22,8,1,57073,32.542931,-87.803902,26,"AL",100,"Quercus","alba","white oak","Plantae","Breaking leaf buds",2022-04-14,104,2022-04-28,14,15
356398,371,15,"2023-01-01","2023-12-31",2023-03-01,60,2023-02-01,28,1,57073,32.542931,-87.803902,26,"AL",100,"Quercus","alba","white oak","Plantae","Breaking leaf buds",2023-04-03,93,2023-04-18,15,33
356398,371,16,"2024-01-01","2024-12-31",2024-03-12,72,2024-03-05,7,1,57073,32.542931,-87.803902,26,"AL",100,"Quercus","alba","white oak","Plantae","Breaking leaf buds",2024-03-19,79,2024-05-09,51,7
356398,501,11,"2019-01-01","2019-12-31",2019-03-20,79,2019-03-13,7,2,57073,32.542931,-87.803902,26,"AL",100,"Quercus","alba","white oak","Plantae","Open flowers",2019-04-04,94,2019-04-11,7,15
356398,501,12,"2020-01-01","2020-12-31",2020-03-18,78,2020-03-11,7,1,57073,32.542931,-87.803902,26,"AL",100,"Quercus","alba","white oak","Plantae","Open flowers",2020-03-18,78,2020-05-19,62,0
356398,501,13,"2021-01-01","2021-12-31",2021-03-18,77,2021-03-11,7,1,57073,32.542931,-87.803902,26,"AL",100,"Quercus","alba","white oak","Plantae","Open flowers",2021-04-07,97,2021-04-14,7,20
356398,501,15,"2023-01-01","2023-12-31",2023-03-07,66,2023-03-01,6,1,57073,32.542931,-87.803902,26,"AL",100,"Quercus","alba","white oak","Plantae","Open flowers",2023-03-21,80,2023-03-27,6,14
356398,501,16,"2024-01-01","2024-12-31",2024-03-19,79,2024-03-12,7,1,57073,32.542931,-87.803902,26,"AL",100,"Quercus","alba","white oak","Plantae","Open flowers",2024-03-26,86,2024-05-09,44,7
356400,371,12,"2020-01-01","2020-12-31",2020-03-11,71,2020-03-03,8,1,57073,32.542931,-87.803902,26,"AL",100,"Quercus","alba","white oak","Plantae","Breaking leaf buds",2020-03-11,71,2020-03-18,7,0
356400,371,13,"2021-01-01","2021-12-31",2021-03-11,70,2021-03-03,8,1,57073,32.542931,-87.803902,26,"AL",100,"Quercus","alba","white oak","Plantae","Breaking leaf buds",2021-03-23,82,2021-04-07,15,12
356400,371,14,"2022-01-01","2022-12-31",2022-03-22,81,2022-03-15,7,2,57073,32.542931,-87.803902,26,"AL",100,"Quercus","alba","white oak","Plantae","Breaking leaf buds",2022-04-06,96,2022-04-14,8,15
356400,371,15,"2023-01-01","2023-12-31",2023-03-01,60,2023-02-01,28,1,57073,32.542931,-87.803902,26,"AL",100,"Quercus","alba","white oak","Plantae","Breaking leaf buds",2023-04-03,93,2023-04-18,15,33
356400,371,16,"2024-01-01","2024-12-31",2024-03-05,65,2024-02-27,7,1,57073,32.542931,-87.803902,26,"AL",100,"Quercus","alba","white oak","Plantae","Breaking leaf buds",2024-03-26,86,2024-05-09,44,21
356400,501,13,"2021-01-01","2021-12-31",2021-03-18,77,2021-03-11,7,1,57073,32.542931,-87.803902,26,"AL",100,"Quercus","alba","white oak","Plantae","Open flowers",2021-03-23,82,2021-04-07,15,5
356400,501,15,"2023-01-01","2023-12-31",2023-03-01,60,2023-02-01,28,1,57073,32.542931,-87.803902,26,"AL",100,"Quercus","alba","white oak","Plantae","Open flowers",2023-03-21,80,2023-03-27,6,20
356400,501,16,"2024-01-01","2024-12-31",2024-03-19,79,2024-03-12,7,1,57073,32.542931,-87.803902,26,"AL",100,"Quercus","alba","white oak","Plantae","Open flowers",2024-03-26,86,2024-05-09,44,7
356422,371,13,"2021-01-01","2021-12-31",2021-03-18,77,2021-03-11,7,1,57072,32.542336,-87.806023,26,"AL",100,"Quercus","alba","white oak","Plantae","Breaking leaf buds",2021-03-23,82,2021-04-07,15,5
356422,371,14,"2022-01-01","2022-12-31",2022-03-22,81,2022-03-15,7,1,57072,32.542336,-87.806023,26,"AL",100,"Quercus","alba","white oak","Plantae","Breaking leaf buds",2022-04-06,96,2022-04-14,8,15
356422,371,15,"2023-01-01","2023-12-31",2023-03-01,60,2023-02-01,28,1,57072,32.542336,-87.806023,26,"AL",100,"Quercus","alba","white oak","Plantae","Breaking leaf buds",2023-04-03,93,2023-04-18,15,33
356422,371,16,"2024-01-01","2024-12-31",2024-03-12,72,2024-03-05,7,1,57072,32.542336,-87.806023,26,"AL",100,"Quercus","alba","white oak","Plantae","Breaking leaf buds",2024-03-26,86,2024-05-09,44,14
356422,501,13,"2021-01-01","2021-12-31",2021-03-18,77,2021-03-11,7,2,57072,32.542336,-87.806023,26,"AL",100,"Quercus","alba","white oak","Plantae","Open flowers",2021-04-07,97,2021-04-14,7,20
356422,501,14,"2022-01-01","2022-12-31",2022-04-06,96,2022-03-30,7,1,57072,32.542336,-87.806023,26,"AL",100,"Quercus","alba","white oak","Plantae","Open flowers",2022-04-06,96,2022-04-14,8,0
356422,501,15,"2023-01-01","2023-12-31",2023-03-14,73,2023-03-07,7,1,57072,32.542336,-87.806023,26,"AL",100,"Quercus","alba","white oak","Plantae","Open flowers",2023-03-21,80,2023-03-27,6,7
356426,371,13,"2021-01-01","2021-12-31",2021-03-18,77,2021-03-11,7,1,57072,32.542336,-87.806023,26,"AL",100,"Quercus","alba","white oak","Plantae","Breaking leaf buds",2021-03-23,82,2021-04-07,15,5
356426,371,14,"2022-01-01","2022-12-31",2022-03-03,62,2022-02-23,8,2,57072,32.542336,-87.806023,26,"AL",100,"Quercus","alba","white oak","Plantae","Breaking leaf buds",2022-04-06,96,2022-04-14,8,34
356426,371,15,"2023-01-01","2023-12-31",2023-03-07,66,2023-03-01,6,1,57072,32.542336,-87.806023,26,"AL",100,"Quercus","alba","white oak","Plantae","Breaking leaf buds",2023-03-27,86,2023-04-03,7,20
356426,371,16,"2024-01-01","2024-12-31",2024-03-12,72,2024-03-05,7,1,57072,32.542336,-87.806023,26,"AL",100,"Quercus","alba","white oak","Plantae","Breaking leaf buds",2024-03-26,86,2024-05-09,44,14
356426,501,13,"2021-01-01","2021-12-31",2021-03-23,82,2021-03-18,5,2,57072,32.542336,-87.806023,26,"AL",100,"Quercus","alba","white oak","Plantae","Open flowers",2021-04-14,104,2021-04-20,6,22
356426,501,15,"2023-01-01","2023-12-31",2023-03-07,66,2023-03-01,6,1,57072,32.542336,-87.806023,26,"AL",100,"Quercus","alba","white oak","Plantae","Open flowers",2023-03-21,80,2023-03-27,6,14
356426,501,16,"2024-01-01","2024-12-31",2024-03-12,72,2024-03-05,7,2,57072,32.542336,-87.806023,26,"AL",100,"Quercus","alba","white oak","Plantae","Open flowers",2024-03-26,86,2024-05-09,44,14
356433,371,13,"2021-01-01","2021-12-31",2021-03-18,77,2021-03-11,7,1,57072,32.542336,-87.806023,26,"AL",100,"Quercus","alba","white oak","Plantae","Breaking leaf buds",2021-03-23,82,2021-04-07,15,5
356433,371,14,"2022-01-01","2022-12-31",2022-03-10,69,2022-03-03,7,2,57072,32.542336,-87.806023,26,"AL",100,"Quercus","alba","white oak","Plantae","Breaking leaf buds",2022-04-14,104,2022-04-28,14,35
356433,371,15,"2023-01-01","2023-12-31",2023-03-01,60,2023-02-01,28,1,57072,32.542336,-87.806023,26,"AL",100,"Quercus","alba","white oak","Plantae","Breaking leaf buds",2023-03-21,80,2023-03-27,6,20
356433,371,16,"2024-01-01","2024-12-31",2024-03-12,72,2024-03-05,7,1,57072,32.542336,-87.806023,26,"AL",100,"Quercus","alba","white oak","Plantae","Breaking leaf buds",2024-03-26,86,2024-05-09,44,14
356433,501,13,"2021-01-01","2021-12-31",2021-03-18,77,2021-03-11,7,1,57072,32.542336,-87.806023,26,"AL",100,"Quercus","alba","white oak","Plantae","Open flowers",2021-04-07,97,2021-04-14,7,20
356433,501,14,"2022-01-01","2022-12-31",2022-04-06,96,2022-03-30,7,1,57072,32.542336,-87.806023,26,"AL",100,"Quercus","alba","white oak","Plantae","Open flowers",2022-04-14,104,2022-04-28,14,8
356433,501,15,"2023-01-01","2023-12-31",2023-03-07,66,2023-03-01,6,1,57072,32.542336,-87.806023,26,"AL",100,"Quercus","alba","white oak","Plantae","Open flowers",2023-03-21,80,2023-03-27,6,14
356433,501,16,"2024-01-01","2024-12-31",2024-03-19,79,2024-03-12,7,1,57072,32.542336,-87.806023,26,"AL",100,"Quercus","alba","white oak","Plantae","Open flowers",2024-03-26,86,2024-05-09,44,7
356445,371,13,"2021-01-01","2021-12-31",2021-03-18,77,2021-03-03,15,1,57072,32.542336,-87.806023,26,"AL",100,"Quercus","alba","white oak","Plantae","Breaking leaf buds",2021-03-23,82,2021-04-07,15,5
356445,371,14,"2022-01-01","2022-12-31",2022-02-23,54,2022-02-16,7,2,57072,32.542336,-87.806023,26,"AL",100,"Quercus","alba","white oak","Plantae","Breaking leaf buds",2022-04-06,96,2022-04-14,8,42
356445,371,15,"2023-01-01","2023-12-31",2023-03-14,73,2023-03-07,7,1,57072,32.542336,-87.806023,26,"AL",100,"Quercus","alba","white oak","Plantae","Breaking leaf buds",2023-03-27,86,2023-04-03,7,13
356445,371,16,"2024-01-01","2024-12-31",2024-03-12,72,2024-03-05,7,1,57072,32.542336,-87.806023,26,"AL",100,"Quercus","alba","white oak","Plantae","Breaking leaf buds",2024-03-26,86,2024-05-09,44,14
356445,501,13,"2021-01-01","2021-12-31",2021-03-18,77,2021-03-03,15,1,57072,32.542336,-87.806023,26,"AL",100,"Quercus","alba","white oak","Plantae","Open flowers",2021-04-07,97,2021-04-14,7,20
356445,501,14,"2022-01-01","2022-12-31",2022-04-06,96,2022-03-30,7,1,57072,32.542336,-87.806023,26,"AL",100,"Quercus","alba","white oak","Plantae","Open flowers",2022-04-06,96,2022-04-14,8,0
356445,501,15,"2023-01-01","2023-12-31",2023-03-14,73,2023-03-07,7,1,57072,32.542336,-87.806023,26,"AL",100,"Quercus","alba","white oak","Plantae","Open flowers",2023-03-21,80,2023-03-27,6,7
356445,501,16,"2024-01-01","2024-12-31",2024-03-19,79,2024-03-12,7,1,57072,32.542336,-87.806023,26,"AL",100,"Quercus","alba","white oak","Plantae","Open flowers",2024-03-26,86,2024-05-09,44,7
356448,371,13,"2021-01-01","2021-12-31",2021-03-18,77,2021-03-11,7,1,57072,32.542336,-87.806023,26,"AL",100,"Quercus","alba","white oak","Plantae","Breaking leaf buds",2021-03-23,82,2021-04-07,15,5
356448,371,14,"2022-01-01","2022-12-31",2022-03-30,89,2022-03-22,8,1,57072,32.542336,-87.806023,26,"AL",100,"Quercus","alba","white oak","Plantae","Breaking leaf buds",2022-04-06,96,2022-04-14,8,7
356448,371,15,"2023-01-01","2023-12-31",2023-03-01,60,2023-02-01,28,1,57072,32.542336,-87.806023,26,"AL",100,"Quercus","alba","white oak","Plantae","Breaking leaf buds",2023-03-21,80,2023-03-27,6,20
356448,371,16,"2024-01-01","2024-12-31",2024-03-12,72,2024-02-27,14,1,57072,32.542336,-87.806023,26,"AL",100,"Quercus","alba","white oak","Plantae","Breaking leaf buds",2024-03-26,86,2024-05-09,44,14
356448,501,13,"2021-01-01","2021-12-31",2021-03-18,77,2021-03-11,7,1,57072,32.542336,-87.806023,26,"AL",100,"Quercus","alba","white oak","Plantae","Open flowers",2021-04-07,97,2021-04-14,7,20
356448,501,14,"2022-01-01","2022-12-31",2022-04-06,96,2022-03-30,7,1,57072,32.542336,-87.806023,26,"AL",100,"Quercus","alba","white oak","Plantae","Open flowers",2022-04-06,96,2022-04-14,8,0
356448,501,15,"2023-01-01","2023-12-31",2023-03-14,73,2023-03-07,7,1,57072,32.542336,-87.806023,26,"AL",100,"Quercus","alba","white oak","Plantae","Open flowers",2023-03-21,80,2023-03-27,6,7
356448,501,16,"2024-01-01","2024-12-31",2024-03-19,79,2024-03-12,7,1,57072,32.542336,-87.806023,26,"AL",100,"Quercus","alba","white oak","Plantae","Open flowers",2024-03-26,86,2024-05-09,44,7
356815,371,12,"2020-01-01","2020-12-31",2020-03-17,77,2020-03-11,6,1,57077,32.950741,-87.391136,131,"AL",1212,"Quercus","montana","chestnut oak","Plantae","Breaking leaf buds",2020-03-17,77,2020-03-24,7,0
356815,371,13,"2021-01-01","2021-12-31",2021-03-30,89,2021-03-23,7,1,57077,32.950741,-87.391136,131,"AL",1212,"Quercus","montana","chestnut oak","Plantae","Breaking leaf buds",2021-04-06,96,2021-04-13,7,7
356815,371,14,"2022-01-01","2022-12-31",2022-04-04,94,2022-03-28,7,1,57077,32.950741,-87.391136,131,"AL",1212,"Quercus","montana","chestnut oak","Plantae","Breaking leaf buds",2022-04-13,103,2022-04-19,6,9
356815,371,15,"2023-01-01","2023-12-31",2023-03-14,73,2023-03-08,6,2,57077,32.950741,-87.391136,131,"AL",1212,"Quercus","montana","chestnut oak","Plantae","Breaking leaf buds",2023-04-19,109,2023-04-25,6,36
356815,371,16,"2024-01-01","2024-12-31",2024-03-20,80,2024-03-13,7,1,57077,32.950741,-87.391136,131,"AL",1212,"Quercus","montana","chestnut oak","Plantae","Breaking leaf buds",2024-04-10,101,2024-04-16,6,21
356815,371,17,"2025-01-01","2025-12-31",2025-04-28,118,2025-04-21,7,1,57077,32.950741,-87.391136,131,"AL",1212,"Quercus","montana","chestnut oak","Plantae","Breaking leaf buds",2025-04-28,118,2025-07-03,66,0
356815,501,14,"2022-01-01","2022-12-31",2022-04-13,103,2022-04-04,9,1,57077,32.950741,-87.391136,131,"AL",1212,"Quercus","montana","chestnut oak","Plantae","Open flowers",2022-04-19,109,2022-04-27,8,6
356815,501,15,"2023-01-01","2023-12-31",2023-03-28,87,2023-03-22,6,1,57077,32.950741,-87.391136,131,"AL",1212,"Quercus","montana","chestnut oak","Plantae","Open flowers",2023-03-28,87,2023-04-05,8,0
356818,371,12,"2020-01-01","2020-12-31",2020-03-17,77,2020-03-11,6,1,57077,32.950741,-87.391136,131,"AL",1212,"Quercus","montana","chestnut oak","Plantae","Breaking leaf buds",2020-03-17,77,2020-03-24,7,0
356818,371,13,"2021-01-01","2021-12-31",2021-03-30,89,2021-03-16,14,1,57077,32.950741,-87.391136,131,"AL",1212,"Quercus","montana","chestnut oak","Plantae","Breaking leaf buds",2021-04-06,96,2021-04-13,7,7
356818,371,14,"2022-01-01","2022-12-31",2022-04-04,94,2022-03-28,7,1,57077,32.950741,-87.391136,131,"AL",1212,"Quercus","montana","chestnut oak","Plantae","Breaking leaf buds",2022-04-13,103,2022-04-19,6,9
356818,371,15,"2023-01-01","2023-12-31",2023-03-14,73,2023-03-08,6,1,57077,32.950741,-87.391136,131,"AL",1212,"Quercus","montana","chestnut oak","Plantae","Breaking leaf buds",2023-04-11,101,2023-04-19,8,28
356818,371,16,"2024-01-01","2024-12-31",2024-03-20,80,2024-03-13,7,1,57077,32.950741,-87.391136,131,"AL",1212,"Quercus","montana","chestnut oak","Plantae","Breaking leaf buds",2024-04-03,94,2024-04-10,7,14
356818,501,13,"2021-01-01","2021-12-31",2021-04-13,103,2021-04-06,7,1,57077,32.950741,-87.391136,131,"AL",1212,"Quercus","montana","chestnut oak","Plantae","Open flowers",2021-04-13,103,2021-04-20,7,0
356818,501,14,"2022-01-01","2022-12-31",2022-04-19,109,2022-04-13,6,1,57077,32.950741,-87.391136,131,"AL",1212,"Quercus","montana","chestnut oak","Plantae","Open flowers",2022-04-19,109,2022-04-27,8,0
356818,501,15,"2023-01-01","2023-12-31",2023-04-05,95,2023-03-28,8,1,57077,32.950741,-87.391136,131,"AL",1212,"Quercus","montana","chestnut oak","Plantae","Open flowers",2023-04-19,109,2023-04-25,6,14
356818,501,16,"2024-01-01","2024-12-31",2024-04-10,101,2024-04-03,7,1,57077,32.950741,-87.391136,131,"AL",1212,"Quercus","montana","chestnut oak","Plantae","Open flowers",2024-04-16,107,2024-04-23,7,6
356818,501,17,"2025-01-01","2025-12-31",2025-04-09,99,2025-04-02,7,1,57077,32.950741,-87.391136,131,"AL",1212,"Quercus","montana","chestnut oak","Plantae","Open flowers",2025-04-15,105,2025-04-21,6,6
356822,371,13,"2021-01-01","2021-12-31",2021-03-30,89,2021-03-23,7,1,57076,32.950008,-87.396454,131,"AL",1212,"Quercus","montana","chestnut oak","Plantae","Breaking leaf buds",2021-04-06,96,2021-04-13,7,7
356822,371,14,"2022-01-01","2022-12-31",2022-02-22,53,2022-02-15,7,2,57076,32.950008,-87.396454,131,"AL",1212,"Quercus","montana","chestnut oak","Plantae","Breaking leaf buds",2022-04-13,103,2022-04-19,6,50
356822,371,15,"2023-01-01","2023-12-31",2023-03-28,87,2023-03-22,6,1,57076,32.950008,-87.396454,131,"AL",1212,"Quercus","montana","chestnut oak","Plantae","Breaking leaf buds",2023-04-25,115,2023-05-02,7,28
356822,371,16,"2024-01-01","2024-12-31",2024-03-13,73,2024-03-05,8,2,57076,32.950008,-87.396454,131,"AL",1212,"Quercus","montana","chestnut oak","Plantae","Breaking leaf buds",2024-04-10,101,2024-04-16,6,28
356822,371,17,"2025-01-01","2025-12-31",2025-04-09,99,2025-04-02,7,1,57076,32.950008,-87.396454,131,"AL",1212,"Quercus","montana","chestnut oak","Plantae","Breaking leaf buds",2025-04-21,111,2025-04-28,7,12
356822,501,13,"2021-01-01","2021-12-31",2021-04-13,103,2021-04-06,7,1,57076,32.950008,-87.396454,131,"AL",1212,"Quercus","montana","chestnut oak","Plantae","Open flowers",2021-04-13,103,2021-04-20,7,0
356822,501,14,"2022-01-01","2022-12-31",2022-04-19,109,2022-04-13,6,1,57076,32.950008,-87.396454,131,"AL",1212,"Quercus","montana","chestnut oak","Plantae","Open flowers",2022-04-19,109,2022-04-27,8,0
356822,501,15,"2023-01-01","2023-12-31",2023-04-05,95,2023-03-28,8,1,57076,32.950008,-87.396454,131,"AL",1212,"Quercus","montana","chestnut oak","Plantae","Open flowers",2023-04-11,101,2023-04-19,8,6
356837,371,13,"2021-01-01","2021-12-31",2021-03-30,89,2021-03-23,7,1,57076,32.950008,-87.396454,131,"AL",1212,"Quercus","montana","chestnut oak","Plantae","Breaking leaf buds",2021-04-13,103,2021-04-20,7,14
356837,371,14,"2022-01-01","2022-12-31",2022-04-04,94,2022-03-28,7,1,57076,32.950008,-87.396454,131,"AL",1212,"Quercus","montana","chestnut oak","Plantae","Breaking leaf buds",2022-04-19,109,2022-04-27,8,15
356837,371,15,"2023-01-01","2023-12-31",2023-03-28,87,2023-03-22,6,2,57076,32.950008,-87.396454,131,"AL",1212,"Quercus","montana","chestnut oak","Plantae","Breaking leaf buds",2023-04-19,109,2023-04-25,6,22
356837,371,16,"2024-01-01","2024-12-31",2024-03-20,80,2024-03-13,7,2,57076,32.950008,-87.396454,131,"AL",1212,"Quercus","montana","chestnut oak","Plantae","Breaking leaf buds",2024-04-10,101,2024-04-16,6,21
356837,371,17,"2025-01-01","2025-12-31",2025-01-16,16,2025-01-02,14,2,57076,32.950008,-87.396454,131,"AL",1212,"Quercus","montana","chestnut oak","Plantae","Breaking leaf buds",2025-04-09,99,2025-04-15,6,83
356837,501,13,"2021-01-01","2021-12-31",2021-04-13,103,2021-04-06,7,1,57076,32.950008,-87.396454,131,"AL",1212,"Quercus","montana","chestnut oak","Plantae","Open flowers",2021-04-13,103,2021-04-20,7,0
356837,501,14,"2022-01-01","2022-12-31",2022-04-13,103,2022-04-04,9,1,57076,32.950008,-87.396454,131,"AL",1212,"Quercus","montana","chestnut oak","Plantae","Open flowers",2022-04-27,117,2022-05-04,7,14
356837,501,15,"2023-01-01","2023-12-31",2023-04-11,101,2023-04-05,6,1,57076,32.950008,-87.396454,131,"AL",1212,"Quercus","montana","chestnut oak","Plantae","Open flowers",2023-04-11,101,2023-04-19,8,0
356837,501,17,"2025-01-01","2025-12-31",2025-04-15,105,2025-04-09,6,1,57076,32.950008,-87.396454,131,"AL",1212,"Quercus","montana","chestnut oak","Plantae","Open flowers",2025-04-21,111,2025-04-28,7,6
356863,371,13,"2021-01-01","2021-12-31",2021-03-30,89,2021-03-23,7,1,57076,32.950008,-87.396454,131,"AL",1212,"Quercus","montana","chestnut oak","Plantae","Breaking leaf buds",2021-04-06,96,2021-04-13,7,7
356863,371,14,"2022-01-01","2022-12-31",2022-04-04,94,2022-03-28,7,1,57076,32.950008,-87.396454,131,"AL",1212,"Quercus","montana","chestnut oak","Plantae","Breaking leaf buds",2022-04-13,103,2022-04-19,6,9
356863,371,15,"2023-01-01","2023-12-31",2023-02-28,59,2023-02-22,6,2,57076,32.950008,-87.396454,131,"AL",1212,"Quercus","montana","chestnut oak","Plantae","Breaking leaf buds",2023-04-05,95,2023-04-11,6,36
356863,371,16,"2024-01-01","2024-12-31",2024-03-27,87,2024-03-20,7,1,57076,32.950008,-87.396454,131,"AL",1212,"Quercus","montana","chestnut oak","Plantae","Breaking leaf buds",2024-04-10,101,2024-04-16,6,14
356863,371,17,"2025-01-01","2025-12-31",2025-04-09,99,2025-04-02,7,1,57076,32.950008,-87.396454,131,"AL",1212,"Quercus","montana","chestnut oak","Plantae","Breaking leaf buds",2025-04-15,105,2025-04-21,6,6
356863,501,13,"2021-01-01","2021-12-31",2021-04-13,103,2021-04-06,7,1,57076,32.950008,-87.396454,131,"AL",1212,"Quercus","montana","chestnut oak","Plantae","Open flowers",2021-04-13,103,2021-04-20,7,0
356863,501,14,"2022-01-01","2022-12-31",2022-04-13,103,2022-04-04,9,1,57076,32.950008,-87.396454,131,"AL",1212,"Quercus","montana","chestnut oak","Plantae","Open flowers",2022-04-19,109,2022-04-27,8,6
356863,501,17,"2025-01-01","2025-12-31",2025-04-09,99,2025-04-02,7,1,57076,32.950008,-87.396454,131,"AL",1212,"Quercus","montana","chestnut oak","Plantae","Open flowers",2025-04-09,99,2025-04-15,6,0
356895,371,13,"2021-01-01","2021-12-31",2021-03-30,89,2021-03-23,7,2,57076,32.950008,-87.396454,131,"AL",1212,"Quercus","montana","chestnut oak","Plantae","Breaking leaf buds",2021-04-27,117,2021-05-05,8,28
356895,371,14,"2022-01-01","2022-12-31",2022-04-04,94,2022-03-28,7,2,57076,32.950008,-87.396454,131,"AL",1212,"Quercus","montana","chestnut oak","Plantae","Breaking leaf buds",2022-06-01,152,2022-06-08,7,58
356895,371,15,"2023-01-01","2023-12-31",2023-04-05,95,2023-03-28,8,1,57076,32.950008,-87.396454,131,"AL",1212,"Quercus","montana","chestnut oak","Plantae","Breaking leaf buds",2023-04-19,109,2023-04-25,6,14
356895,371,16,"2024-01-01","2024-12-31",2024-03-20,80,2024-03-13,7,1,57076,32.950008,-87.396454,131,"AL",1212,"Quercus","montana","chestnut oak","Plantae","Breaking leaf buds",2024-04-10,101,2024-04-16,6,21
356895,371,17,"2025-01-01","2025-12-31",2025-04-21,111,2025-04-15,6,1,57076,32.950008,-87.396454,131,"AL",1212,"Quercus","montana","chestnut oak","Plantae","Breaking leaf buds",2025-04-21,111,2025-04-28,7,0
356896,371,13,"2021-01-01","2021-12-31",2021-03-30,89,2021-03-23,7,1,57076,32.950008,-87.396454,131,"AL",1212,"Quercus","montana","chestnut oak","Plantae","Breaking leaf buds",2021-03-30,89,2021-04-06,7,0
356896,371,14,"2022-01-01","2022-12-31",2022-03-28,87,2022-03-22,6,1,57076,32.950008,-87.396454,131,"AL",1212,"Quercus","montana","chestnut oak","Plantae","Breaking leaf buds",2022-04-13,103,2022-04-19,6,16
356896,371,15,"2023-01-01","2023-12-31",2023-03-08,67,2023-02-28,8,1,57076,32.950008,-87.396454,131,"AL",1212,"Quercus","montana","chestnut oak","Plantae","Breaking leaf buds",2023-04-19,109,2023-04-25,6,42
356896,371,16,"2024-01-01","2024-12-31",2024-03-20,80,2024-03-13,7,1,57076,32.950008,-87.396454,131,"AL",1212,"Quercus","montana","chestnut oak","Plantae","Breaking leaf buds",2024-04-03,94,2024-04-10,7,14
356896,371,17,"2025-01-01","2025-12-31",2025-04-28,118,2025-04-21,7,1,57076,32.950008,-87.396454,131,"AL",1212,"Quercus","montana","chestnut oak","Plantae","Breaking leaf buds",2025-04-28,118,2025-07-03,66,0
356896,501,13,"2021-01-01","2021-12-31",2021-04-06,96,2021-03-30,7,1,57076,32.950008,-87.396454,131,"AL",1212,"Quercus","montana","chestnut oak","Plantae","Open flowers",2021-04-06,96,2021-04-13,7,0
356896,501,14,"2022-01-01","2022-12-31",2022-04-13,103,2022-04-04,9,1,57076,32.950008,-87.396454,131,"AL",1212,"Quercus","montana","chestnut oak","Plantae","Open flowers",2022-04-19,109,2022-04-27,8,6
356896,501,16,"2024-01-01","2024-12-31",2024-04-03,94,2024-03-27,7,1,57076,32.950008,-87.396454,131,"AL",1212,"Quercus","montana","chestnut oak","Plantae","Open flowers",2024-04-10,101,2024-04-16,6,7
356896,501,17,"2025-01-01","2025-12-31",2025-04-09,99,2025-04-02,7,1,57076,32.950008,-87.396454,131,"AL",1212,"Quercus","montana","chestnut oak","Plantae","Open flowers",2025-04-21,111,2025-04-28,7,12
358092,371,10,"2018-01-01","2018-12-31",2018-04-02,92,2018-03-19,14,1,57092,33.402458,-97.570007,270,"TX",1755,"Quercus","stellata","post oak","Plantae","Breaking leaf buds",2018-04-10,100,2018-04-16,6,8
358092,371,11,"2019-01-01","2019-12-31",2019-03-26,85,2019-03-20,6,1,57092,33.402458,-97.570007,270,"TX",1755,"Quercus","stellata","post oak","Plantae","Breaking leaf buds",2019-04-01,91,2019-04-08,7,6
358092,371,13,"2021-01-01","2021-12-31",2021-04-01,91,2021-03-26,6,1,57092,33.402458,-97.570007,270,"TX",1755,"Quercus","stellata","post oak","Plantae","Breaking leaf buds",2021-04-08,98,2021-04-21,13,7
358092,371,14,"2022-01-01","2022-12-31",2022-03-09,68,2022-03-01,8,1,57092,33.402458,-97.570007,270,"TX",1755,"Quercus","stellata","post oak","Plantae","Breaking leaf buds",2022-05-02,122,2022-05-10,8,54
358092,371,15,"2023-01-01","2023-12-31",2023-03-06,65,2023-02-28,6,1,57092,33.402458,-97.570007,270,"TX",1755,"Quercus","stellata","post oak","Plantae","Breaking leaf buds",2023-04-17,107,2023-04-24,7,42
358092,371,16,"2024-01-01","2024-12-31",2024-03-18,78,2024-03-11,7,1,57092,33.402458,-97.570007,270,"TX",1755,"Quercus","stellata","post oak","Plantae","Breaking leaf buds",2024-04-09,100,2024-04-15,6,22
358092,371,17,"2025-01-01","2025-12-31",2025-04-07,97,2025-03-17,21,1,57092,33.402458,-97.570007,270,"TX",1755,"Quercus","stellata","post oak","Plantae","Breaking leaf buds",2025-04-21,111,2025-04-28,7,14
358092,501,10,"2018-01-01","2018-12-31",2018-04-10,100,2018-04-02,8,2,57092,33.402458,-97.570007,270,"TX",1755,"Quercus","stellata","post oak","Plantae","Open flowers",2018-09-24,267,2018-10-03,9,167
358092,501,11,"2019-01-01","2019-12-31",2019-04-08,98,2019-04-01,7,2,57092,33.402458,-97.570007,270,"TX",1755,"Quercus","stellata","post oak","Plantae","Open flowers",2019-05-14,134,2019-05-21,7,36
358092,501,13,"2021-01-01","2021-12-31",2021-04-01,91,2021-03-26,6,1,57092,33.402458,-97.570007,270,"TX",1755,"Quercus","stellata","post oak","Plantae","Open flowers",2021-04-08,98,2021-04-21,13,7
358092,501,14,"2022-01-01","2022-12-31",2022-04-04,94,2022-03-29,6,1,57092,33.402458,-97.570007,270,"TX",1755,"Quercus","stellata","post oak","Plantae","Open flowers",2022-04-18,108,2022-04-25,7,14
358092,501,15,"2023-01-01","2023-12-31",2023-04-03,93,2023-03-27,7,1,57092,33.402458,-97.570007,270,"TX",1755,"Quercus","stellata","post oak","Plantae","Open flowers",2023-04-10,100,2023-04-17,7,7
358092,501,17,"2025-01-01","2025-12-31",2025-04-07,97,2025-03-17,21,1,57092,33.402458,-97.570007,270,"TX",1755,"Quercus","stellata","post oak","Plantae","Open flowers",2025-04-14,104,2025-04-21,7,7
358093,371,10,"2018-01-01","2018-12-31",2018-03-26,85,2018-03-19,7,2,57092,33.402458,-97.570007,270,"TX",1755,"Quercus","stellata","post oak","Plantae","Breaking leaf buds",2018-09-05,248,2018-09-11,6,163
358093,371,11,"2019-01-01","2019-12-31",2019-03-26,85,2019-03-20,6,1,57092,33.402458,-97.570007,270,"TX",1755,"Quercus","stellata","post oak","Plantae","Breaking leaf buds",2019-04-08,98,2019-04-16,8,13
358093,371,13,"2021-01-01","2021-12-31",2021-04-08,98,2021-04-01,7,1,57092,33.402458,-97.570007,270,"TX",1755,"Quercus","stellata","post oak","Plantae","Breaking leaf buds",2021-04-08,98,2021-04-21,13,0
358093,371,14,"2022-01-01","2022-12-31",2022-03-01,60,2022-02-16,13,1,57092,33.402458,-97.570007,270,"TX",1755,"Quercus","stellata","post oak","Plantae","Breaking leaf buds",2022-05-02,122,2022-05-10,8,62
358093,371,15,"2023-01-01","2023-12-31",2023-03-06,65,2023-02-28,6,2,57092,33.402458,-97.570007,270,"TX",1755,"Quercus","stellata","post oak","Plantae","Breaking leaf buds",2023-04-24,114,2023-05-01,7,49
358093,371,16,"2024-01-01","2024-12-31",2024-03-25,85,2024-03-18,7,2,57092,33.402458,-97.570007,270,"TX",1755,"Quercus","stellata","post oak","Plantae","Breaking leaf buds",2024-04-29,120,2024-05-07,8,35
358093,371,17,"2025-01-01","2025-12-31",2025-04-07,97,2025-03-17,21,1,57092,33.402458,-97.570007,270,"TX",1755,"Quercus","stellata","post oak","Plantae","Breaking leaf buds",2025-04-21,111,2025-04-28,7,14
358093,501,10,"2018-01-01","2018-12-31",2018-04-16,106,2018-04-10,6,5,57092,33.402458,-97.570007,270,"TX",1755,"Quercus","stellata","post oak","Plantae","Open flowers",2018-09-24,267,2018-10-03,9,161
358093,501,11,"2019-01-01","2019-12-31",2019-04-08,98,2019-04-01,7,2,57092,33.402458,-97.570007,270,"TX",1755,"Quercus","stellata","post oak","Plantae","Open flowers",2019-05-14,134,2019-05-21,7,36
358093,501,13,"2021-01-01","2021-12-31",2021-04-08,98,2021-04-01,7,1,57092,33.402458,-97.570007,270,"TX",1755,"Quercus","stellata","post oak","Plantae","Open flowers",2021-04-08,98,2021-04-21,13,0
358093,501,14,"2022-01-01","2022-12-31",2022-04-18,108,2022-04-11,7,2,57092,33.402458,-97.570007,270,"TX",1755,"Quercus","stellata","post oak","Plantae","Open flowers",2022-05-02,122,2022-05-10,8,14
358093,501,15,"2023-01-01","2023-12-31",2023-04-03,93,2023-03-27,7,1,57092,33.402458,-97.570007,270,"TX",1755,"Quercus","stellata","post oak","Plantae","Open flowers",2023-04-10,100,2023-04-17,7,7
358093,501,17,"2025-01-01","2025-12-31",2025-04-07,97,2025-03-17,21,1,57092,33.402458,-97.570007,270,"TX",1755,"Quercus","stellata","post oak","Plantae","Open flowers",2025-04-14,104,2025-04-21,7,7
358094,371,10,"2018-01-01","2018-12-31",2018-03-26,85,2018-03-19,7,1,57092,33.402458,-97.570007,270,"TX",1755,"Quercus","stellata","post oak","Plantae","Breaking leaf buds",2018-04-10,100,2018-04-16,6,15
358094,371,11,"2019-01-01","2019-12-31",2019-03-26,85,2019-03-20,6,1,57092,33.402458,-97.570007,270,"TX",1755,"Quercus","stellata","post oak","Plantae","Breaking leaf buds",2019-04-08,98,2019-04-16,8,13
358094,371,12,"2020-01-01","2020-12-31",2020-03-02,62,2020-02-24,7,1,57092,33.402458,-97.570007,270,"TX",1755,"Quercus","stellata","post oak","Plantae","Breaking leaf buds",2020-03-02,62,2020-03-11,9,0
358094,371,13,"2021-01-01","2021-12-31",2021-04-01,91,2021-03-26,6,1,57092,33.402458,-97.570007,270,"TX",1755,"Quercus","stellata","post oak","Plantae","Breaking leaf buds",2021-04-08,98,2021-04-21,13,7
358094,371,14,"2022-01-01","2022-12-31",2022-03-09,68,2022-03-01,8,1,57092,33.402458,-97.570007,270,"TX",1755,"Quercus","stellata","post oak","Plantae","Breaking leaf buds",2022-05-02,122,2022-05-10,8,54
358094,371,15,"2023-01-01","2023-12-31",2023-03-06,65,2023-02-28,6,1,57092,33.402458,-97.570007,270,"TX",1755,"Quercus","stellata","post oak","Plantae","Breaking leaf buds",2023-04-17,107,2023-04-24,7,42
358094,371,16,"2024-01-01","2024-12-31",2024-03-25,85,2024-03-18,7,1,57092,33.402458,-97.570007,270,"TX",1755,"Quercus","stellata","post oak","Plantae","Breaking leaf buds",2024-04-09,100,2024-04-15,6,15
358094,371,17,"2025-01-01","2025-12-31",2025-04-07,97,2025-03-17,21,1,57092,33.402458,-97.570007,270,"TX",1755,"Quercus","stellata","post oak","Plantae","Breaking leaf buds",2025-04-21,111,2025-04-28,7,14
358094,501,10,"2018-01-01","2018-12-31",2018-04-16,106,2018-04-10,6,3,57092,33.402458,-97.570007,270,"TX",1755,"Quercus","stellata","post oak","Plantae","Open flowers",2018-09-24,267,2018-10-03,9,161
358094,501,11,"2019-01-01","2019-12-31",2019-04-08,98,2019-04-01,7,2,57092,33.402458,-97.570007,270,"TX",1755,"Quercus","stellata","post oak","Plantae","Open flowers",2019-05-14,134,2019-05-21,7,36
358094,501,13,"2021-01-01","2021-12-31",2021-04-08,98,2021-04-01,7,1,57092,33.402458,-97.570007,270,"TX",1755,"Quercus","stellata","post oak","Plantae","Open flowers",2021-04-08,98,2021-04-21,13,0
358094,501,15,"2023-01-01","2023-12-31",2023-04-03,93,2023-03-27,7,1,57092,33.402458,-97.570007,270,"TX",1755,"Quercus","stellata","post oak","Plantae","Open flowers",2023-04-10,100,2023-04-17,7,7
358094,501,17,"2025-01-01","2025-12-31",2025-04-07,97,2025-03-17,21,1,57092,33.402458,-97.570007,270,"TX",1755,"Quercus","stellata","post oak","Plantae","Open flowers",2025-04-14,104,2025-04-21,7,7
358095,371,11,"2019-01-01","2019-12-31",2019-04-01,91,2019-03-26,6,1,57091,33.398136,-97.569969,267,"TX",1755,"Quercus","stellata","post oak","Plantae","Breaking leaf buds",2019-04-08,98,2019-04-16,8,7
358095,371,12,"2020-01-01","2020-12-31",2020-03-11,71,2020-03-02,9,1,57091,33.398136,-97.569969,267,"TX",1755,"Quercus","stellata","post oak","Plantae","Breaking leaf buds",2020-03-11,71,2020-03-17,6,0
358095,371,13,"2021-01-01","2021-12-31",2021-04-01,91,2021-03-26,6,1,57091,33.398136,-97.569969,267,"TX",1755,"Quercus","stellata","post oak","Plantae","Breaking leaf buds",2021-04-08,98,2021-04-21,13,7
358095,371,14,"2022-01-01","2022-12-31",2022-03-09,68,2022-03-01,8,1,57091,33.398136,-97.569969,267,"TX",1755,"Quercus","stellata","post oak","Plantae","Breaking leaf buds",2022-05-02,122,2022-05-10,8,54
358095,371,15,"2023-01-01","2023-12-31",2023-02-28,59,2023-02-20,8,1,57091,33.398136,-97.569969,267,"TX",1755,"Quercus","stellata","post oak","Plantae","Breaking leaf buds",2023-04-24,114,2023-05-01,7,55
358095,371,16,"2024-01-01","2024-12-31",2024-03-25,85,2024-03-18,7,1,57091,33.398136,-97.569969,267,"TX",1755,"Quercus","stellata","post oak","Plantae","Breaking leaf buds",2024-04-01,92,2024-04-09,8,7
358095,371,17,"2025-01-01","2025-12-31",2025-04-07,97,2025-03-17,21,1,57091,33.398136,-97.569969,267,"TX",1755,"Quercus","stellata","post oak","Plantae","Breaking leaf buds",2025-04-21,111,2025-04-28,7,14
358095,501,10,"2018-01-01","2018-12-31",2018-06-18,169,2018-06-12,6,3,57091,33.398136,-97.569969,267,"TX",1755,"Quercus","stellata","post oak","Plantae","Open flowers",2018-09-17,260,2018-10-03,16,91
358095,501,11,"2019-01-01","2019-12-31",2019-04-08,98,2019-04-01,7,2,57091,33.398136,-97.569969,267,"TX",1755,"Quercus","stellata","post oak","Plantae","Open flowers",2019-05-14,134,2019-05-21,7,36
358095,501,13,"2021-01-01","2021-12-31",2021-04-08,98,2021-04-01,7,1,57091,33.398136,-97.569969,267,"TX",1755,"Quercus","stellata","post oak","Plantae","Open flowers",2021-04-08,98,2021-04-21,13,0
358095,501,14,"2022-01-01","2022-12-31",2022-04-04,94,2022-03-29,6,1,57091,33.398136,-97.569969,267,"TX",1755,"Quercus","stellata","post oak","Plantae","Open flowers",2022-05-02,122,2022-05-10,8,28
358095,501,15,"2023-01-01","2023-12-31",2023-03-27,86,2023-03-20,7,1,57091,33.398136,-97.569969,267,"TX",1755,"Quercus","stellata","post oak","Plantae","Open flowers",2023-04-17,107,2023-04-24,7,21
358095,501,17,"2025-01-01","2025-12-31",2025-04-07,97,2025-03-17,21,1,57091,33.398136,-97.569969,267,"TX",1755,"Quercus","stellata","post oak","Plantae","Open flowers",2025-04-14,104,2025-04-21,7,7
358096,371,11,"2019-01-01","2019-12-31",2019-03-26,85,2019-03-20,6,1,57091,33.398136,-97.569969,267,"TX",1755,"Quercus","stellata","post oak","Plantae","Breaking leaf buds",2019-04-08,98,2019-04-16,8,13
358096,371,12,"2020-01-01","2020-12-31",2020-03-11,71,2020-03-02,9,1,57091,33.398136,-97.569969,267,"TX",1755,"Quercus","stellata","post oak","Plantae","Breaking leaf buds",2020-03-11,71,2020-03-17,6,0
358096,371,13,"2021-01-01","2021-12-31",2021-04-08,98,2021-04-01,7,1,57091,33.398136,-97.569969,267,"TX",1755,"Quercus","stellata","post oak","Plantae","Breaking leaf buds",2021-04-21,111,2021-04-27,6,13
358096,371,14,"2022-01-01","2022-12-31",2022-03-09,68,2022-03-01,8,1,57091,33.398136,-97.569969,267,"TX",1755,"Quercus","stellata","post oak","Plantae","Breaking leaf buds",2022-05-02,122,NA,NA,54
358096,501,10,"2018-01-01","2018-12-31",2018-06-12,163,2018-06-06,6,2,57091,33.398136,-97.569969,267,"TX",1755,"Quercus","stellata","post oak","Plantae","Open flowers",2018-08-27,239,2018-09-11,15,76
358096,501,11,"2019-01-01","2019-12-31",2019-04-08,98,2019-04-01,7,2,57091,33.398136,-97.569969,267,"TX",1755,"Quercus","stellata","post oak","Plantae","Open flowers",2019-05-14,134,2019-05-21,7,36
358096,501,13,"2021-01-01","2021-12-31",2021-04-21,111,2021-04-08,13,1,57091,33.398136,-97.569969,267,"TX",1755,"Quercus","stellata","post oak","Plantae","Open flowers",2021-04-21,111,2021-04-27,6,0
358096,501,14,"2022-01-01","2022-12-31",2022-04-11,101,2022-04-04,7,1,57091,33.398136,-97.569969,267,"TX",1755,"Quercus","stellata","post oak","Plantae","Open flowers",2022-05-02,122,NA,NA,21
358104,371,11,"2019-01-01","2019-12-31",2019-03-26,85,2019-03-20,6,1,57091,33.398136,-97.569969,267,"TX",1755,"Quercus","stellata","post oak","Plantae","Breaking leaf buds",2019-04-08,98,2019-04-16,8,13
358104,371,12,"2020-01-01","2020-12-31",2020-03-11,71,2020-03-02,9,1,57091,33.398136,-97.569969,267,"TX",1755,"Quercus","stellata","post oak","Plantae","Breaking leaf buds",2020-03-11,71,2020-03-17,6,0
358104,371,13,"2021-01-01","2021-12-31",2021-04-01,91,2021-03-26,6,2,57091,33.398136,-97.569969,267,"TX",1755,"Quercus","stellata","post oak","Plantae","Breaking leaf buds",2021-05-25,145,2021-06-10,16,54
358104,371,14,"2022-01-01","2022-12-31",2022-03-09,68,2022-03-01,8,1,57091,33.398136,-97.569969,267,"TX",1755,"Quercus","stellata","post oak","Plantae","Breaking leaf buds",2022-05-02,122,NA,NA,54
358104,501,10,"2018-01-01","2018-12-31",2018-07-02,183,2018-06-26,6,2,57091,33.398136,-97.569969,267,"TX",1755,"Quercus","stellata","post oak","Plantae","Open flowers",2018-09-24,267,2018-10-03,9,84
358104,501,11,"2019-01-01","2019-12-31",2019-04-08,98,2019-04-01,7,2,57091,33.398136,-97.569969,267,"TX",1755,"Quercus","stellata","post oak","Plantae","Open flowers",2019-05-14,134,2019-05-21,7,36
358104,501,13,"2021-01-01","2021-12-31",2021-04-08,98,2021-04-01,7,1,57091,33.398136,-97.569969,267,"TX",1755,"Quercus","stellata","post oak","Plantae","Open flowers",2021-04-21,111,2021-04-27,6,13
358104,501,14,"2022-01-01","2022-12-31",2022-04-04,94,2022-03-29,6,1,57091,33.398136,-97.569969,267,"TX",1755,"Quercus","stellata","post oak","Plantae","Open flowers",2022-05-02,122,NA,NA,28
358107,371,11,"2019-01-01","2019-12-31",2019-03-26,85,2019-03-20,6,1,57091,33.398136,-97.569969,267,"TX",1755,"Quercus","stellata","post oak","Plantae","Breaking leaf buds",2019-04-01,91,2019-04-08,7,6
358107,371,12,"2020-01-01","2020-12-31",2020-03-11,71,2020-03-02,9,1,57091,33.398136,-97.569969,267,"TX",1755,"Quercus","stellata","post oak","Plantae","Breaking leaf buds",2020-03-11,71,2020-03-17,6,0
358107,371,13,"2021-01-01","2021-12-31",2021-04-01,91,2021-03-26,6,1,57091,33.398136,-97.569969,267,"TX",1755,"Quercus","stellata","post oak","Plantae","Breaking leaf buds",2021-04-21,111,2021-04-27,6,20
358107,371,14,"2022-01-01","2022-12-31",2022-03-09,68,2022-03-01,8,1,57091,33.398136,-97.569969,267,"TX",1755,"Quercus","stellata","post oak","Plantae","Breaking leaf buds",2022-05-02,122,NA,NA,54
358107,501,10,"2018-01-01","2018-12-31",2018-08-06,218,2018-07-31,6,1,57091,33.398136,-97.569969,267,"TX",1755,"Quercus","stellata","post oak","Plantae","Open flowers",2018-08-21,233,2018-09-11,21,15
358107,501,11,"2019-01-01","2019-12-31",2019-04-08,98,2019-04-01,7,2,57091,33.398136,-97.569969,267,"TX",1755,"Quercus","stellata","post oak","Plantae","Open flowers",2019-05-14,134,2019-05-21,7,36
358107,501,13,"2021-01-01","2021-12-31",2021-04-01,91,2021-03-26,6,1,57091,33.398136,-97.569969,267,"TX",1755,"Quercus","stellata","post oak","Plantae","Open flowers",2021-04-08,98,2021-04-21,13,7
358107,501,14,"2022-01-01","2022-12-31",2022-04-04,94,2022-03-29,6,2,57091,33.398136,-97.569969,267,"TX",1755,"Quercus","stellata","post oak","Plantae","Open flowers",2022-05-02,122,NA,NA,28
358108,371,11,"2019-01-01","2019-12-31",2019-03-26,85,2019-03-20,6,1,57091,33.398136,-97.569969,267,"TX",1755,"Quercus","stellata","post oak","Plantae","Breaking leaf buds",2019-04-08,98,2019-04-16,8,13
358108,371,12,"2020-01-01","2020-12-31",2020-03-11,71,2020-03-02,9,1,57091,33.398136,-97.569969,267,"TX",1755,"Quercus","stellata","post oak","Plantae","Breaking leaf buds",2020-03-17,77,2020-11-02,230,6
358108,371,13,"2021-01-01","2021-12-31",2021-04-01,91,2021-03-26,6,1,57091,33.398136,-97.569969,267,"TX",1755,"Quercus","stellata","post oak","Plantae","Breaking leaf buds",2021-04-08,98,2021-04-21,13,7
358108,371,14,"2022-01-01","2022-12-31",2022-03-01,60,2022-02-16,13,1,57091,33.398136,-97.569969,267,"TX",1755,"Quercus","stellata","post oak","Plantae","Breaking leaf buds",2022-05-02,122,NA,NA,62
358108,501,10,"2018-01-01","2018-12-31",2018-06-12,163,2018-06-06,6,1,57091,33.398136,-97.569969,267,"TX",1755,"Quercus","stellata","post oak","Plantae","Open flowers",2018-09-24,267,2018-10-03,9,104
358108,501,11,"2019-01-01","2019-12-31",2019-04-08,98,2019-04-01,7,2,57091,33.398136,-97.569969,267,"TX",1755,"Quercus","stellata","post oak","Plantae","Open flowers",2019-05-14,134,2019-05-21,7,36
358108,501,13,"2021-01-01","2021-12-31",2021-04-01,91,2021-03-26,6,1,57091,33.398136,-97.569969,267,"TX",1755,"Quercus","stellata","post oak","Plantae","Open flowers",2021-04-08,98,2021-04-21,13,7
358108,501,14,"2022-01-01","2022-12-31",2022-03-29,88,2022-03-23,6,1,57091,33.398136,-97.569969,267,"TX",1755,"Quercus","stellata","post oak","Plantae","Open flowers",2022-05-02,122,NA,NA,34
358109,371,11,"2019-01-01","2019-12-31",2019-04-01,91,2019-03-26,6,1,57091,33.398136,-97.569969,267,"TX",1755,"Quercus","stellata","post oak","Plantae","Breaking leaf buds",2019-04-08,98,2019-04-16,8,7
358109,371,12,"2020-01-01","2020-12-31",2020-03-11,71,2020-03-02,9,1,57091,33.398136,-97.569969,267,"TX",1755,"Quercus","stellata","post oak","Plantae","Breaking leaf buds",2020-03-11,71,2020-03-17,6,0
358109,371,13,"2021-01-01","2021-12-31",2021-04-08,98,2021-04-01,7,1,57091,33.398136,-97.569969,267,"TX",1755,"Quercus","stellata","post oak","Plantae","Breaking leaf buds",2021-04-21,111,2021-04-27,6,13
358109,371,14,"2022-01-01","2022-12-31",2022-03-15,74,2022-03-09,6,1,57091,33.398136,-97.569969,267,"TX",1755,"Quercus","stellata","post oak","Plantae","Breaking leaf buds",2022-05-02,122,NA,NA,48
358109,501,10,"2018-01-01","2018-12-31",2018-06-18,169,2018-06-12,6,4,57091,33.398136,-97.569969,267,"TX",1755,"Quercus","stellata","post oak","Plantae","Open flowers",2018-09-17,260,2018-10-03,16,91
358109,501,11,"2019-01-01","2019-12-31",2019-04-08,98,2019-04-01,7,2,57091,33.398136,-97.569969,267,"TX",1755,"Quercus","stellata","post oak","Plantae","Open flowers",2019-05-14,134,2019-05-21,7,36
358109,501,13,"2021-01-01","2021-12-31",2021-04-08,98,2021-04-01,7,1,57091,33.398136,-97.569969,267,"TX",1755,"Quercus","stellata","post oak","Plantae","Open flowers",2021-04-21,111,2021-04-27,6,13
358109,501,14,"2022-01-01","2022-12-31",2022-04-18,108,2022-04-11,7,1,57091,33.398136,-97.569969,267,"TX",1755,"Quercus","stellata","post oak","Plantae","Open flowers",2022-04-18,108,2022-04-25,7,0
358110,371,11,"2019-01-01","2019-12-31",2019-03-26,85,2019-03-20,6,1,57091,33.398136,-97.569969,267,"TX",1755,"Quercus","stellata","post oak","Plantae","Breaking leaf buds",2019-04-08,98,2019-04-16,8,13
358110,371,12,"2020-01-01","2020-12-31",2020-03-11,71,2020-03-02,9,1,57091,33.398136,-97.569969,267,"TX",1755,"Quercus","stellata","post oak","Plantae","Breaking leaf buds",2020-03-11,71,2020-03-17,6,0
358110,371,13,"2021-01-01","2021-12-31",2021-04-08,98,2021-04-01,7,2,57091,33.398136,-97.569969,267,"TX",1755,"Quercus","stellata","post oak","Plantae","Breaking leaf buds",2021-05-25,145,2021-06-10,16,47
358110,371,14,"2022-01-01","2022-12-31",2022-03-15,74,2022-03-09,6,1,57091,33.398136,-97.569969,267,"TX",1755,"Quercus","stellata","post oak","Plantae","Breaking leaf buds",2022-05-02,122,NA,NA,48
358110,501,10,"2018-01-01","2018-12-31",2018-06-12,163,2018-06-06,6,1,57091,33.398136,-97.569969,267,"TX",1755,"Quercus","stellata","post oak","Plantae","Open flowers",2018-09-17,260,2018-10-03,16,97
358110,501,11,"2019-01-01","2019-12-31",2019-04-08,98,2019-04-01,7,2,57091,33.398136,-97.569969,267,"TX",1755,"Quercus","stellata","post oak","Plantae","Open flowers",2019-05-14,134,2019-05-21,7,36
358110,501,13,"2021-01-01","2021-12-31",2021-04-08,98,2021-04-01,7,1,57091,33.398136,-97.569969,267,"TX",1755,"Quercus","stellata","post oak","Plantae","Open flowers",2021-04-08,98,2021-04-21,13,0
358110,501,14,"2022-01-01","2022-12-31",2022-04-04,94,2022-03-29,6,1,57091,33.398136,-97.569969,267,"TX",1755,"Quercus","stellata","post oak","Plantae","Open flowers",2022-05-02,122,NA,NA,28
358111,371,11,"2019-01-01","2019-12-31",2019-03-26,85,2019-03-20,6,1,57091,33.398136,-97.569969,267,"TX",1755,"Quercus","stellata","post oak","Plantae","Breaking leaf buds",2019-04-08,98,2019-04-16,8,13
358111,371,12,"2020-01-01","2020-12-31",2020-03-11,71,2020-03-02,9,1,57091,33.398136,-97.569969,267,"TX",1755,"Quercus","stellata","post oak","Plantae","Breaking leaf buds",2020-03-11,71,2020-03-17,6,0
358111,371,13,"2021-01-01","2021-12-31",2021-04-01,91,2021-03-26,6,1,57091,33.398136,-97.569969,267,"TX",1755,"Quercus","stellata","post oak","Plantae","Breaking leaf buds",2021-04-08,98,2021-04-21,13,7
358111,371,14,"2022-01-01","2022-12-31",2022-03-09,68,2022-03-01,8,1,57091,33.398136,-97.569969,267,"TX",1755,"Quercus","stellata","post oak","Plantae","Breaking leaf buds",2022-05-02,122,NA,NA,54
358111,501,11,"2019-01-01","2019-12-31",2019-04-08,98,2019-04-01,7,2,57091,33.398136,-97.569969,267,"TX",1755,"Quercus","stellata","post oak","Plantae","Open flowers",2019-05-14,134,2019-05-21,7,36
358111,501,13,"2021-01-01","2021-12-31",2021-04-08,98,2021-04-01,7,1,57091,33.398136,-97.569969,267,"TX",1755,"Quercus","stellata","post oak","Plantae","Open flowers",2021-04-21,111,2021-04-27,6,13
358111,501,14,"2022-01-01","2022-12-31",2022-04-11,101,2022-04-04,7,1,57091,33.398136,-97.569969,267,"TX",1755,"Quercus","stellata","post oak","Plantae","Open flowers",2022-04-11,101,2022-04-18,7,0
358112,371,11,"2019-01-01","2019-12-31",2019-03-26,85,2019-03-20,6,1,57091,33.398136,-97.569969,267,"TX",1755,"Quercus","stellata","post oak","Plantae","Breaking leaf buds",2019-04-01,91,2019-04-08,7,6
358112,371,12,"2020-01-01","2020-12-31",2020-03-11,71,2020-03-02,9,1,57091,33.398136,-97.569969,267,"TX",1755,"Quercus","stellata","post oak","Plantae","Breaking leaf buds",2020-03-11,71,2020-03-17,6,0
358112,371,13,"2021-01-01","2021-12-31",2021-04-01,91,2021-03-26,6,1,57091,33.398136,-97.569969,267,"TX",1755,"Quercus","stellata","post oak","Plantae","Breaking leaf buds",2021-04-08,98,2021-04-21,13,7
358112,371,14,"2022-01-01","2022-12-31",2022-03-09,68,2022-03-01,8,1,57091,33.398136,-97.569969,267,"TX",1755,"Quercus","stellata","post oak","Plantae","Breaking leaf buds",2022-05-02,122,2022-05-10,8,54
358112,371,15,"2023-01-01","2023-12-31",2023-02-28,59,2023-02-20,8,1,57091,33.398136,-97.569969,267,"TX",1755,"Quercus","stellata","post oak","Plantae","Breaking leaf buds",2023-04-10,100,2023-04-17,7,41
358112,371,16,"2024-01-01","2024-12-31",2024-03-18,78,2024-03-11,7,1,57091,33.398136,-97.569969,267,"TX",1755,"Quercus","stellata","post oak","Plantae","Breaking leaf buds",2024-04-01,92,2024-04-09,8,14
358112,371,17,"2025-01-01","2025-12-31",2025-04-07,97,2025-03-17,21,1,57091,33.398136,-97.569969,267,"TX",1755,"Quercus","stellata","post oak","Plantae","Breaking leaf buds",2025-04-14,104,2025-04-21,7,7
358112,501,10,"2018-01-01","2018-12-31",2018-08-06,218,2018-07-31,6,1,57091,33.398136,-97.569969,267,"TX",1755,"Quercus","stellata","post oak","Plantae","Open flowers",2018-08-21,233,2018-09-11,21,15
358112,501,11,"2019-01-01","2019-12-31",2019-04-08,98,2019-04-01,7,2,57091,33.398136,-97.569969,267,"TX",1755,"Quercus","stellata","post oak","Plantae","Open flowers",2019-05-14,134,2019-05-21,7,36
358112,501,13,"2021-01-01","2021-12-31",2021-04-01,91,2021-03-26,6,1,57091,33.398136,-97.569969,267,"TX",1755,"Quercus","stellata","post oak","Plantae","Open flowers",2021-04-08,98,2021-04-21,13,7
358112,501,14,"2022-01-01","2022-12-31",2022-04-04,94,2022-03-29,6,1,57091,33.398136,-97.569969,267,"TX",1755,"Quercus","stellata","post oak","Plantae","Open flowers",2022-05-02,122,2022-05-10,8,28
358112,501,15,"2023-01-01","2023-12-31",2023-03-27,86,2023-03-20,7,1,57091,33.398136,-97.569969,267,"TX",1755,"Quercus","stellata","post oak","Plantae","Open flowers",2023-04-10,100,2023-04-17,7,14
358112,501,16,"2024-01-01","2024-12-31",2024-04-01,92,2024-03-25,7,1,57091,33.398136,-97.569969,267,"TX",1755,"Quercus","stellata","post oak","Plantae","Open flowers",2024-04-01,92,2024-04-09,8,0
358112,501,17,"2025-01-01","2025-12-31",2025-04-07,97,2025-03-17,21,1,57091,33.398136,-97.569969,267,"TX",1755,"Quercus","stellata","post oak","Plantae","Open flowers",2025-04-14,104,2025-04-21,7,7
358123,371,11,"2019-01-01","2019-12-31",2019-03-26,85,2019-03-20,6,1,57091,33.398136,-97.569969,267,"TX",1755,"Quercus","stellata","post oak","Plantae","Breaking leaf buds",2019-04-01,91,2019-04-08,7,6
358123,371,13,"2021-01-01","2021-12-31",2021-04-08,98,2021-04-01,7,1,57091,33.398136,-97.569969,267,"TX",1755,"Quercus","stellata","post oak","Plantae","Breaking leaf buds",2021-04-08,98,2021-04-21,13,0
358123,371,14,"2022-01-01","2022-12-31",2022-03-09,68,2022-03-01,8,1,57091,33.398136,-97.569969,267,"TX",1755,"Quercus","stellata","post oak","Plantae","Breaking leaf buds",2022-05-02,122,NA,NA,54
358123,501,10,"2018-01-01","2018-12-31",2018-06-12,163,2018-06-06,6,2,57091,33.398136,-97.569969,267,"TX",1755,"Quercus","stellata","post oak","Plantae","Open flowers",2018-09-17,260,2018-09-24,7,97
358123,501,11,"2019-01-01","2019-12-31",2019-04-08,98,2019-04-01,7,2,57091,33.398136,-97.569969,267,"TX",1755,"Quercus","stellata","post oak","Plantae","Open flowers",2019-05-14,134,2019-05-21,7,36
358123,501,13,"2021-01-01","2021-12-31",2021-04-01,91,2021-03-26,6,1,57091,33.398136,-97.569969,267,"TX",1755,"Quercus","stellata","post oak","Plantae","Open flowers",2021-04-08,98,2021-04-21,13,7
358123,501,14,"2022-01-01","2022-12-31",2022-04-11,101,2022-04-04,7,1,57091,33.398136,-97.569969,267,"TX",1755,"Quercus","stellata","post oak","Plantae","Open flowers",2022-04-18,108,2022-04-25,7,7
358129,371,11,"2019-01-01","2019-12-31",2019-04-01,91,2019-03-26,6,1,57091,33.398136,-97.569969,267,"TX",1755,"Quercus","stellata","post oak","Plantae","Breaking leaf buds",2019-04-08,98,2019-04-16,8,7
358129,371,12,"2020-01-01","2020-12-31",2020-03-11,71,2020-03-02,9,1,57091,33.398136,-97.569969,267,"TX",1755,"Quercus","stellata","post oak","Plantae","Breaking leaf buds",2020-03-11,71,2020-03-17,6,0
358129,371,13,"2021-01-01","2021-12-31",2021-04-08,98,2021-04-01,7,1,57091,33.398136,-97.569969,267,"TX",1755,"Quercus","stellata","post oak","Plantae","Breaking leaf buds",2021-04-21,111,2021-04-27,6,13
358129,371,14,"2022-01-01","2022-12-31",2022-03-09,68,2022-03-01,8,1,57091,33.398136,-97.569969,267,"TX",1755,"Quercus","stellata","post oak","Plantae","Breaking leaf buds",2022-05-02,122,NA,NA,54
358129,501,10,"2018-01-01","2018-12-31",2018-06-18,169,2018-06-12,6,2,57091,33.398136,-97.569969,267,"TX",1755,"Quercus","stellata","post oak","Plantae","Open flowers",2018-09-24,267,2018-10-03,9,98
358129,501,11,"2019-01-01","2019-12-31",2019-04-08,98,2019-04-01,7,2,57091,33.398136,-97.569969,267,"TX",1755,"Quercus","stellata","post oak","Plantae","Open flowers",2019-05-14,134,2019-05-21,7,36
358129,501,13,"2021-01-01","2021-12-31",2021-04-08,98,2021-04-01,7,1,57091,33.398136,-97.569969,267,"TX",1755,"Quercus","stellata","post oak","Plantae","Open flowers",2021-04-21,111,2021-04-27,6,13
358129,501,14,"2022-01-01","2022-12-31",2022-04-18,108,2022-04-11,7,1,57091,33.398136,-97.569969,267,"TX",1755,"Quercus","stellata","post oak","Plantae","Open flowers",2022-05-02,122,NA,NA,14
358130,371,11,"2019-01-01","2019-12-31",2019-04-01,91,2019-03-26,6,1,57091,33.398136,-97.569969,267,"TX",1755,"Quercus","stellata","post oak","Plantae","Breaking leaf buds",2019-04-08,98,2019-04-16,8,7
358130,371,12,"2020-01-01","2020-12-31",2020-03-11,71,2020-03-02,9,1,57091,33.398136,-97.569969,267,"TX",1755,"Quercus","stellata","post oak","Plantae","Breaking leaf buds",2020-03-11,71,2020-03-17,6,0
358130,371,13,"2021-01-01","2021-12-31",2021-04-21,111,2021-04-08,13,1,57091,33.398136,-97.569969,267,"TX",1755,"Quercus","stellata","post oak","Plantae","Breaking leaf buds",2021-04-21,111,2021-04-27,6,0
358130,371,14,"2022-01-01","2022-12-31",2022-03-01,60,2022-02-16,13,1,57091,33.398136,-97.569969,267,"TX",1755,"Quercus","stellata","post oak","Plantae","Breaking leaf buds",2022-05-02,122,NA,NA,62
358130,501,11,"2019-01-01","2019-12-31",2019-05-07,127,2019-05-01,6,1,57091,33.398136,-97.569969,267,"TX",1755,"Quercus","stellata","post oak","Plantae","Open flowers",2019-05-14,134,2019-05-21,7,7
358130,501,14,"2022-01-01","2022-12-31",2022-05-02,122,2022-04-25,7,1,57091,33.398136,-97.569969,267,"TX",1755,"Quercus","stellata","post oak","Plantae","Open flowers",2022-05-02,122,NA,NA,0
358132,371,11,"2019-01-01","2019-12-31",2019-03-26,85,2019-03-20,6,1,57091,33.398136,-97.569969,267,"TX",1755,"Quercus","stellata","post oak","Plantae","Breaking leaf buds",2019-04-01,91,2019-04-08,7,6
358132,371,12,"2020-01-01","2020-12-31",2020-03-11,71,2020-03-02,9,1,57091,33.398136,-97.569969,267,"TX",1755,"Quercus","stellata","post oak","Plantae","Breaking leaf buds",2020-03-11,71,2020-03-17,6,0
358132,371,13,"2021-01-01","2021-12-31",2021-04-01,91,2021-03-26,6,2,57091,33.398136,-97.569969,267,"TX",1755,"Quercus","stellata","post oak","Plantae","Breaking leaf buds",2021-04-21,111,2021-04-27,6,20
358132,371,14,"2022-01-01","2022-12-31",2022-03-09,68,2022-03-01,8,1,57091,33.398136,-97.569969,267,"TX",1755,"Quercus","stellata","post oak","Plantae","Breaking leaf buds",2022-05-02,122,2022-05-10,8,54
358132,371,15,"2023-01-01","2023-12-31",2023-02-28,59,2023-02-20,8,1,57091,33.398136,-97.569969,267,"TX",1755,"Quercus","stellata","post oak","Plantae","Breaking leaf buds",2023-04-17,107,2023-04-24,7,48
358132,371,16,"2024-01-01","2024-12-31",2024-03-25,85,2024-03-18,7,1,57091,33.398136,-97.569969,267,"TX",1755,"Quercus","stellata","post oak","Plantae","Breaking leaf buds",2024-05-07,128,2024-05-13,6,43
358132,371,17,"2025-01-01","2025-12-31",2025-04-07,97,2025-03-17,21,1,57091,33.398136,-97.569969,267,"TX",1755,"Quercus","stellata","post oak","Plantae","Breaking leaf buds",2025-04-21,111,2025-04-28,7,14
358132,501,10,"2018-01-01","2018-12-31",2018-07-09,190,2018-07-02,7,2,57091,33.398136,-97.569969,267,"TX",1755,"Quercus","stellata","post oak","Plantae","Open flowers",2018-09-24,267,2018-10-03,9,77
358132,501,11,"2019-01-01","2019-12-31",2019-04-08,98,2019-04-01,7,2,57091,33.398136,-97.569969,267,"TX",1755,"Quercus","stellata","post oak","Plantae","Open flowers",2019-05-14,134,2019-05-21,7,36
358132,501,14,"2022-01-01","2022-12-31",2022-04-04,94,2022-03-29,6,2,57091,33.398136,-97.569969,267,"TX",1755,"Quercus","stellata","post oak","Plantae","Open flowers",2022-05-02,122,2022-05-10,8,28
358132,501,15,"2023-01-01","2023-12-31",2023-04-03,93,2023-03-27,7,1,57091,33.398136,-97.569969,267,"TX",1755,"Quercus","stellata","post oak","Plantae","Open flowers",2023-04-10,100,2023-04-17,7,7
358132,501,17,"2025-01-01","2025-12-31",2025-04-07,97,2025-03-17,21,1,57091,33.398136,-97.569969,267,"TX",1755,"Quercus","stellata","post oak","Plantae","Open flowers",2025-04-14,104,2025-04-21,7,7
358133,371,11,"2019-01-01","2019-12-31",2019-03-26,85,2019-03-20,6,1,57091,33.398136,-97.569969,267,"TX",1755,"Quercus","stellata","post oak","Plantae","Breaking leaf buds",2019-04-08,98,2019-04-16,8,13
358133,371,12,"2020-01-01","2020-12-31",2020-03-11,71,2020-03-02,9,1,57091,33.398136,-97.569969,267,"TX",1755,"Quercus","stellata","post oak","Plantae","Breaking leaf buds",2020-03-11,71,2020-03-17,6,0
358133,371,13,"2021-01-01","2021-12-31",2021-04-01,91,2021-03-26,6,1,57091,33.398136,-97.569969,267,"TX",1755,"Quercus","stellata","post oak","Plantae","Breaking leaf buds",2021-04-08,98,2021-04-21,13,7
358133,371,14,"2022-01-01","2022-12-31",2022-03-09,68,2022-03-01,8,1,57091,33.398136,-97.569969,267,"TX",1755,"Quercus","stellata","post oak","Plantae","Breaking leaf buds",2022-05-02,122,NA,NA,54
358133,501,10,"2018-01-01","2018-12-31",2018-08-06,218,2018-07-31,6,2,57091,33.398136,-97.569969,267,"TX",1755,"Quercus","stellata","post oak","Plantae","Open flowers",2018-08-21,233,2018-09-05,15,15
358133,501,11,"2019-01-01","2019-12-31",2019-04-08,98,2019-04-01,7,2,57091,33.398136,-97.569969,267,"TX",1755,"Quercus","stellata","post oak","Plantae","Open flowers",2019-05-14,134,2019-05-21,7,36
358133,501,13,"2021-01-01","2021-12-31",2021-04-08,98,2021-04-01,7,1,57091,33.398136,-97.569969,267,"TX",1755,"Quercus","stellata","post oak","Plantae","Open flowers",2021-04-21,111,2021-04-27,6,13
358133,501,14,"2022-01-01","2022-12-31",2022-04-11,101,2022-04-04,7,2,57091,33.398136,-97.569969,267,"TX",1755,"Quercus","stellata","post oak","Plantae","Open flowers",2022-05-02,122,NA,NA,21
358135,371,11,"2019-01-01","2019-12-31",2019-03-26,85,2019-03-20,6,1,57091,33.398136,-97.569969,267,"TX",1755,"Quercus","stellata","post oak","Plantae","Breaking leaf buds",2019-04-08,98,2019-04-16,8,13
358135,371,13,"2021-01-01","2021-12-31",2021-04-01,91,2021-03-26,6,1,57091,33.398136,-97.569969,267,"TX",1755,"Quercus","stellata","post oak","Plantae","Breaking leaf buds",2021-04-08,98,2021-04-21,13,7
358135,371,14,"2022-01-01","2022-12-31",2022-03-09,68,2022-03-01,8,1,57091,33.398136,-97.569969,267,"TX",1755,"Quercus","stellata","post oak","Plantae","Breaking leaf buds",2022-05-02,122,NA,NA,54
358135,501,10,"2018-01-01","2018-12-31",2018-08-06,218,2018-07-31,6,1,57091,33.398136,-97.569969,267,"TX",1755,"Quercus","stellata","post oak","Plantae","Open flowers",2018-09-11,254,2018-09-17,6,36
358135,501,11,"2019-01-01","2019-12-31",2019-04-08,98,2019-04-01,7,2,57091,33.398136,-97.569969,267,"TX",1755,"Quercus","stellata","post oak","Plantae","Open flowers",2019-05-14,134,2019-05-21,7,36
358135,501,13,"2021-01-01","2021-12-31",2021-04-01,91,2021-03-26,6,1,57091,33.398136,-97.569969,267,"TX",1755,"Quercus","stellata","post oak","Plantae","Open flowers",2021-04-08,98,2021-04-21,13,7
358135,501,14,"2022-01-01","2022-12-31",2022-04-04,94,2022-03-29,6,1,57091,33.398136,-97.569969,267,"TX",1755,"Quercus","stellata","post oak","Plantae","Open flowers",2022-04-18,108,2022-04-25,7,14
358137,371,10,"2018-01-01","2018-12-31",2018-05-30,150,2018-05-22,8,1,57091,33.398136,-97.569969,267,"TX",1755,"Quercus","stellata","post oak","Plantae","Breaking leaf buds",2018-05-30,150,2018-06-06,7,0
358137,371,11,"2019-01-01","2019-12-31",2019-03-26,85,2019-03-20,6,1,57091,33.398136,-97.569969,267,"TX",1755,"Quercus","stellata","post oak","Plantae","Breaking leaf buds",2019-04-08,98,2019-04-16,8,13
358137,371,12,"2020-01-01","2020-12-31",2020-03-11,71,2020-03-02,9,1,57091,33.398136,-97.569969,267,"TX",1755,"Quercus","stellata","post oak","Plantae","Breaking leaf buds",2020-03-11,71,2020-03-17,6,0
358137,371,13,"2021-01-01","2021-12-31",2021-04-08,98,2021-04-01,7,1,57091,33.398136,-97.569969,267,"TX",1755,"Quercus","stellata","post oak","Plantae","Breaking leaf buds",2021-04-21,111,2021-04-27,6,13
358137,371,14,"2022-01-01","2022-12-31",2022-03-09,68,2022-03-01,8,1,57091,33.398136,-97.569969,267,"TX",1755,"Quercus","stellata","post oak","Plantae","Breaking leaf buds",2022-05-02,122,NA,NA,54
358137,501,10,"2018-01-01","2018-12-31",2018-07-23,204,2018-07-16,7,2,57091,33.398136,-97.569969,267,"TX",1755,"Quercus","stellata","post oak","Plantae","Open flowers",2018-08-21,233,2018-09-11,21,29
358137,501,11,"2019-01-01","2019-12-31",2019-04-08,98,2019-04-01,7,2,57091,33.398136,-97.569969,267,"TX",1755,"Quercus","stellata","post oak","Plantae","Open flowers",2019-05-14,134,2019-05-21,7,36
358137,501,13,"2021-01-01","2021-12-31",2021-04-08,98,2021-04-01,7,1,57091,33.398136,-97.569969,267,"TX",1755,"Quercus","stellata","post oak","Plantae","Open flowers",2021-04-08,98,2021-04-21,13,0
358137,501,14,"2022-01-01","2022-12-31",2022-04-04,94,2022-03-29,6,1,57091,33.398136,-97.569969,267,"TX",1755,"Quercus","stellata","post oak","Plantae","Open flowers",2022-05-02,122,NA,NA,28
358139,371,11,"2019-01-01","2019-12-31",2019-04-01,91,2019-03-26,6,1,57091,33.398136,-97.569969,267,"TX",1755,"Quercus","stellata","post oak","Plantae","Breaking leaf buds",2019-04-01,91,2019-04-08,7,0
358139,371,12,"2020-01-01","2020-12-31",2020-03-11,71,2020-03-02,9,1,57091,33.398136,-97.569969,267,"TX",1755,"Quercus","stellata","post oak","Plantae","Breaking leaf buds",2020-03-11,71,2020-03-17,6,0
358139,371,13,"2021-01-01","2021-12-31",2021-04-01,91,2021-03-26,6,1,57091,33.398136,-97.569969,267,"TX",1755,"Quercus","stellata","post oak","Plantae","Breaking leaf buds",2021-04-21,111,2021-04-27,6,20
358139,371,14,"2022-01-01","2022-12-31",2022-03-09,68,2022-03-01,8,1,57091,33.398136,-97.569969,267,"TX",1755,"Quercus","stellata","post oak","Plantae","Breaking leaf buds",2022-05-02,122,NA,NA,54
358139,501,10,"2018-01-01","2018-12-31",2018-07-02,183,2018-06-26,6,2,57091,33.398136,-97.569969,267,"TX",1755,"Quercus","stellata","post oak","Plantae","Open flowers",2018-11-01,305,2018-11-07,6,122
358139,501,11,"2019-01-01","2019-12-31",2019-04-08,98,2019-04-01,7,2,57091,33.398136,-97.569969,267,"TX",1755,"Quercus","stellata","post oak","Plantae","Open flowers",2019-05-14,134,2019-05-21,7,36
358139,501,13,"2021-01-01","2021-12-31",2021-04-08,98,2021-04-01,7,1,57091,33.398136,-97.569969,267,"TX",1755,"Quercus","stellata","post oak","Plantae","Open flowers",2021-04-21,111,2021-04-27,6,13
358139,501,14,"2022-01-01","2022-12-31",2022-04-04,94,2022-03-29,6,1,57091,33.398136,-97.569969,267,"TX",1755,"Quercus","stellata","post oak","Plantae","Open flowers",2022-05-02,122,NA,NA,28
358140,371,11,"2019-01-01","2019-12-31",2019-04-01,91,2019-03-26,6,1,57091,33.398136,-97.569969,267,"TX",1755,"Quercus","stellata","post oak","Plantae","Breaking leaf buds",2019-04-01,91,2019-04-08,7,0
358140,371,12,"2020-01-01","2020-12-31",2020-03-11,71,2020-03-02,9,1,57091,33.398136,-97.569969,267,"TX",1755,"Quercus","stellata","post oak","Plantae","Breaking leaf buds",2020-03-11,71,2020-03-17,6,0
358140,371,13,"2021-01-01","2021-12-31",2021-04-08,98,2021-04-01,7,1,57091,33.398136,-97.569969,267,"TX",1755,"Quercus","stellata","post oak","Plantae","Breaking leaf buds",2021-04-08,98,2021-04-21,13,0
358140,371,14,"2022-01-01","2022-12-31",2022-03-15,74,2022-03-09,6,1,57091,33.398136,-97.569969,267,"TX",1755,"Quercus","stellata","post oak","Plantae","Breaking leaf buds",2022-05-02,122,NA,NA,48
358140,501,10,"2018-01-01","2018-12-31",2018-08-06,218,2018-07-31,6,1,57091,33.398136,-97.569969,267,"TX",1755,"Quercus","stellata","post oak","Plantae","Open flowers",2018-08-27,239,2018-09-11,15,21
358140,501,11,"2019-01-01","2019-12-31",2019-04-08,98,2019-04-01,7,2,57091,33.398136,-97.569969,267,"TX",1755,"Quercus","stellata","post oak","Plantae","Open flowers",2019-05-14,134,2019-05-21,7,36
358140,501,13,"2021-01-01","2021-12-31",2021-04-01,91,2021-03-26,6,1,57091,33.398136,-97.569969,267,"TX",1755,"Quercus","stellata","post oak","Plantae","Open flowers",2021-04-08,98,2021-04-21,13,7
358140,501,14,"2022-01-01","2022-12-31",2022-04-04,94,2022-03-29,6,2,57091,33.398136,-97.569969,267,"TX",1755,"Quercus","stellata","post oak","Plantae","Open flowers",2022-05-02,122,NA,NA,28
358141,371,11,"2019-01-01","2019-12-31",2019-03-26,85,2019-03-20,6,1,57091,33.398136,-97.569969,267,"TX",1755,"Quercus","stellata","post oak","Plantae","Breaking leaf buds",2019-04-08,98,2019-04-16,8,13
358141,371,12,"2020-01-01","2020-12-31",2020-03-11,71,2020-03-02,9,1,57091,33.398136,-97.569969,267,"TX",1755,"Quercus","stellata","post oak","Plantae","Breaking leaf buds",2020-03-11,71,2020-03-17,6,0
358141,371,13,"2021-01-01","2021-12-31",2021-04-01,91,2021-03-26,6,2,57091,33.398136,-97.569969,267,"TX",1755,"Quercus","stellata","post oak","Plantae","Breaking leaf buds",2021-05-25,145,2021-06-10,16,54
358141,371,14,"2022-01-01","2022-12-31",2022-03-01,60,2022-02-16,13,1,57091,33.398136,-97.569969,267,"TX",1755,"Quercus","stellata","post oak","Plantae","Breaking leaf buds",2022-05-02,122,NA,NA,62
358141,501,10,"2018-01-01","2018-12-31",2018-06-18,169,2018-06-12,6,2,57091,33.398136,-97.569969,267,"TX",1755,"Quercus","stellata","post oak","Plantae","Open flowers",2018-09-24,267,2018-10-03,9,98
358141,501,11,"2019-01-01","2019-12-31",2019-04-08,98,2019-04-01,7,2,57091,33.398136,-97.569969,267,"TX",1755,"Quercus","stellata","post oak","Plantae","Open flowers",2019-05-14,134,2019-05-21,7,36
358141,501,13,"2021-01-01","2021-12-31",2021-04-01,91,2021-03-26,6,1,57091,33.398136,-97.569969,267,"TX",1755,"Quercus","stellata","post oak","Plantae","Open flowers",2021-04-21,111,2021-04-27,6,20
358141,501,14,"2022-01-01","2022-12-31",2022-03-29,88,2022-03-23,6,1,57091,33.398136,-97.569969,267,"TX",1755,"Quercus","stellata","post oak","Plantae","Open flowers",2022-04-18,108,2022-04-25,7,20
358143,371,11,"2019-01-01","2019-12-31",2019-03-26,85,2019-03-20,6,1,57091,33.398136,-97.569969,267,"TX",1755,"Quercus","stellata","post oak","Plantae","Breaking leaf buds",2019-04-08,98,2019-04-16,8,13
358143,371,12,"2020-01-01","2020-12-31",2020-03-11,71,2020-03-02,9,1,57091,33.398136,-97.569969,267,"TX",1755,"Quercus","stellata","post oak","Plantae","Breaking leaf buds",2020-03-11,71,2020-03-17,6,0
358143,371,13,"2021-01-01","2021-12-31",2021-04-01,91,2021-03-26,6,2,57091,33.398136,-97.569969,267,"TX",1755,"Quercus","stellata","post oak","Plantae","Breaking leaf buds",2021-05-25,145,2021-06-10,16,54
358143,371,14,"2022-01-01","2022-12-31",2022-03-09,68,2022-03-01,8,1,57091,33.398136,-97.569969,267,"TX",1755,"Quercus","stellata","post oak","Plantae","Breaking leaf buds",2022-05-02,122,NA,NA,54
358143,501,10,"2018-01-01","2018-12-31",2018-08-06,218,2018-07-31,6,2,57091,33.398136,-97.569969,267,"TX",1755,"Quercus","stellata","post oak","Plantae","Open flowers",2018-09-24,267,2018-10-12,18,49
358143,501,11,"2019-01-01","2019-12-31",2019-04-08,98,2019-04-01,7,2,57091,33.398136,-97.569969,267,"TX",1755,"Quercus","stellata","post oak","Plantae","Open flowers",2019-05-14,134,2019-05-21,7,36
358143,501,13,"2021-01-01","2021-12-31",2021-04-01,91,2021-03-26,6,1,57091,33.398136,-97.569969,267,"TX",1755,"Quercus","stellata","post oak","Plantae","Open flowers",2021-04-21,111,2021-04-27,6,20
358143,501,14,"2022-01-01","2022-12-31",2022-04-11,101,2022-04-04,7,2,57091,33.398136,-97.569969,267,"TX",1755,"Quercus","stellata","post oak","Plantae","Open flowers",2022-05-02,122,NA,NA,21
358144,371,11,"2019-01-01","2019-12-31",2019-03-26,85,2019-03-20,6,1,57091,33.398136,-97.569969,267,"TX",1755,"Quercus","stellata","post oak","Plantae","Breaking leaf buds",2019-04-08,98,2019-04-16,8,13
358144,371,12,"2020-01-01","2020-12-31",2020-03-11,71,2020-03-02,9,1,57091,33.398136,-97.569969,267,"TX",1755,"Quercus","stellata","post oak","Plantae","Breaking leaf buds",2020-03-11,71,2020-03-17,6,0
358144,371,13,"2021-01-01","2021-12-31",2021-04-01,91,2021-03-26,6,1,57091,33.398136,-97.569969,267,"TX",1755,"Quercus","stellata","post oak","Plantae","Breaking leaf buds",2021-04-08,98,2021-04-21,13,7
358144,371,14,"2022-01-01","2022-12-31",2022-03-01,60,2022-02-16,13,1,57091,33.398136,-97.569969,267,"TX",1755,"Quercus","stellata","post oak","Plantae","Breaking leaf buds",2022-05-02,122,NA,NA,62
358144,501,10,"2018-01-01","2018-12-31",2018-06-18,169,2018-06-12,6,2,57091,33.398136,-97.569969,267,"TX",1755,"Quercus","stellata","post oak","Plantae","Open flowers",2018-09-24,267,2018-10-03,9,98
358144,501,11,"2019-01-01","2019-12-31",2019-04-08,98,2019-04-01,7,2,57091,33.398136,-97.569969,267,"TX",1755,"Quercus","stellata","post oak","Plantae","Open flowers",2019-05-14,134,2019-05-21,7,36
358144,501,13,"2021-01-01","2021-12-31",2021-04-08,98,2021-04-01,7,1,57091,33.398136,-97.569969,267,"TX",1755,"Quercus","stellata","post oak","Plantae","Open flowers",2021-04-08,98,2021-04-21,13,0
358144,501,14,"2022-01-01","2022-12-31",2022-04-04,94,2022-03-29,6,1,57091,33.398136,-97.569969,267,"TX",1755,"Quercus","stellata","post oak","Plantae","Open flowers",2022-04-18,108,2022-04-25,7,14
358145,371,11,"2019-01-01","2019-12-31",2019-03-26,85,2019-03-20,6,1,57091,33.398136,-97.569969,267,"TX",1755,"Quercus","stellata","post oak","Plantae","Breaking leaf buds",2019-04-01,91,2019-04-08,7,6
358145,371,12,"2020-01-01","2020-12-31",2020-03-11,71,2020-03-02,9,1,57091,33.398136,-97.569969,267,"TX",1755,"Quercus","stellata","post oak","Plantae","Breaking leaf buds",2020-03-11,71,2020-03-17,6,0
358145,371,13,"2021-01-01","2021-12-31",2021-04-08,98,2021-04-01,7,1,57091,33.398136,-97.569969,267,"TX",1755,"Quercus","stellata","post oak","Plantae","Breaking leaf buds",2021-04-08,98,2021-04-21,13,0
358145,371,14,"2022-01-01","2022-12-31",2022-03-01,60,2022-02-16,13,1,57091,33.398136,-97.569969,267,"TX",1755,"Quercus","stellata","post oak","Plantae","Breaking leaf buds",2022-05-02,122,NA,NA,62
358145,501,10,"2018-01-01","2018-12-31",2018-06-12,163,2018-06-06,6,2,57091,33.398136,-97.569969,267,"TX",1755,"Quercus","stellata","post oak","Plantae","Open flowers",2018-09-24,267,2018-10-03,9,104
358145,501,11,"2019-01-01","2019-12-31",2019-04-08,98,2019-04-01,7,2,57091,33.398136,-97.569969,267,"TX",1755,"Quercus","stellata","post oak","Plantae","Open flowers",2019-05-14,134,2019-05-21,7,36
358145,501,13,"2021-01-01","2021-12-31",2021-04-01,91,2021-03-26,6,1,57091,33.398136,-97.569969,267,"TX",1755,"Quercus","stellata","post oak","Plantae","Open flowers",2021-04-08,98,2021-04-21,13,7
358145,501,14,"2022-01-01","2022-12-31",2022-04-04,94,2022-03-29,6,2,57091,33.398136,-97.569969,267,"TX",1755,"Quercus","stellata","post oak","Plantae","Open flowers",2022-05-02,122,NA,NA,28
358148,371,11,"2019-01-01","2019-12-31",2019-04-01,91,2019-03-26,6,1,57091,33.398136,-97.569969,267,"TX",1755,"Quercus","stellata","post oak","Plantae","Breaking leaf buds",2019-04-16,106,2019-04-25,9,15
358148,371,12,"2020-01-01","2020-12-31",2020-03-11,71,2020-03-02,9,1,57091,33.398136,-97.569969,267,"TX",1755,"Quercus","stellata","post oak","Plantae","Breaking leaf buds",2020-03-11,71,2020-03-17,6,0
358148,371,13,"2021-01-01","2021-12-31",2021-04-08,98,2021-04-01,7,1,57091,33.398136,-97.569969,267,"TX",1755,"Quercus","stellata","post oak","Plantae","Breaking leaf buds",2021-04-21,111,2021-04-27,6,13
358148,371,14,"2022-01-01","2022-12-31",2022-03-01,60,2022-02-16,13,1,57091,33.398136,-97.569969,267,"TX",1755,"Quercus","stellata","post oak","Plantae","Breaking leaf buds",2022-05-02,122,NA,NA,62
358148,501,10,"2018-01-01","2018-12-31",2018-06-18,169,2018-06-12,6,2,57091,33.398136,-97.569969,267,"TX",1755,"Quercus","stellata","post oak","Plantae","Open flowers",2018-07-31,212,2018-08-06,6,43
358148,501,11,"2019-01-01","2019-12-31",2019-04-16,106,2019-04-08,8,2,57091,33.398136,-97.569969,267,"TX",1755,"Quercus","stellata","post oak","Plantae","Open flowers",2019-05-14,134,2019-05-21,7,28
358148,501,14,"2022-01-01","2022-12-31",2022-04-18,108,2022-04-11,7,1,57091,33.398136,-97.569969,267,"TX",1755,"Quercus","stellata","post oak","Plantae","Open flowers",2022-04-25,115,2022-05-02,7,7
358149,371,11,"2019-01-01","2019-12-31",2019-04-01,91,2019-03-26,6,2,57091,33.398136,-97.569969,267,"TX",1755,"Quercus","stellata","post oak","Plantae","Breaking leaf buds",2019-05-21,141,2019-05-28,7,50
358149,371,12,"2020-01-01","2020-12-31",2020-03-11,71,2020-03-02,9,1,57091,33.398136,-97.569969,267,"TX",1755,"Quercus","stellata","post oak","Plantae","Breaking leaf buds",2020-03-11,71,2020-03-17,6,0
358149,371,13,"2021-01-01","2021-12-31",2021-04-08,98,2021-04-01,7,1,57091,33.398136,-97.569969,267,"TX",1755,"Quercus","stellata","post oak","Plantae","Breaking leaf buds",2021-04-08,98,2021-04-21,13,0
358149,371,14,"2022-01-01","2022-12-31",2022-03-01,60,2022-02-16,13,1,57091,33.398136,-97.569969,267,"TX",1755,"Quercus","stellata","post oak","Plantae","Breaking leaf buds",2022-05-02,122,NA,NA,62
358149,501,11,"2019-01-01","2019-12-31",2019-05-28,148,2019-05-21,7,1,57091,33.398136,-97.569969,267,"TX",1755,"Quercus","stellata","post oak","Plantae","Open flowers",2019-05-28,148,2019-06-04,7,0
358152,371,11,"2019-01-01","2019-12-31",2019-03-26,85,2019-03-20,6,1,57091,33.398136,-97.569969,267,"TX",1755,"Quercus","stellata","post oak","Plantae","Breaking leaf buds",2019-04-01,91,2019-04-08,7,6
358152,371,13,"2021-01-01","2021-12-31",2021-04-08,98,2021-04-01,7,1,57091,33.398136,-97.569969,267,"TX",1755,"Quercus","stellata","post oak","Plantae","Breaking leaf buds",2021-04-21,111,2021-04-27,6,13
358152,371,14,"2022-01-01","2022-12-31",2022-03-09,68,2022-03-01,8,1,57091,33.398136,-97.569969,267,"TX",1755,"Quercus","stellata","post oak","Plantae","Breaking leaf buds",2022-05-02,122,NA,NA,54
358152,501,10,"2018-01-01","2018-12-31",2018-06-12,163,2018-06-06,6,1,57091,33.398136,-97.569969,267,"TX",1755,"Quercus","stellata","post oak","Plantae","Open flowers",2018-08-06,218,2018-08-15,9,55
358152,501,11,"2019-01-01","2019-12-31",2019-04-08,98,2019-04-01,7,2,57091,33.398136,-97.569969,267,"TX",1755,"Quercus","stellata","post oak","Plantae","Open flowers",2019-05-14,134,2019-05-21,7,36
358152,501,13,"2021-01-01","2021-12-31",2021-04-01,91,2021-03-26,6,1,57091,33.398136,-97.569969,267,"TX",1755,"Quercus","stellata","post oak","Plantae","Open flowers",2021-04-08,98,2021-04-21,13,7
358152,501,14,"2022-01-01","2022-12-31",2022-04-11,101,2022-04-04,7,1,57091,33.398136,-97.569969,267,"TX",1755,"Quercus","stellata","post oak","Plantae","Open flowers",2022-05-02,122,NA,NA,21
358158,371,11,"2019-01-01","2019-12-31",2019-03-26,85,2019-03-20,6,1,57091,33.398136,-97.569969,267,"TX",1755,"Quercus","stellata","post oak","Plantae","Breaking leaf buds",2019-04-08,98,2019-04-16,8,13
358158,371,12,"2020-01-01","2020-12-31",2020-03-11,71,2020-03-02,9,1,57091,33.398136,-97.569969,267,"TX",1755,"Quercus","stellata","post oak","Plantae","Breaking leaf buds",2020-03-11,71,2020-03-17,6,0
358158,371,13,"2021-01-01","2021-12-31",2021-04-01,91,2021-03-26,6,1,57091,33.398136,-97.569969,267,"TX",1755,"Quercus","stellata","post oak","Plantae","Breaking leaf buds",2021-04-21,111,2021-04-27,6,20
358158,371,14,"2022-01-01","2022-12-31",2022-03-09,68,2022-03-01,8,1,57091,33.398136,-97.569969,267,"TX",1755,"Quercus","stellata","post oak","Plantae","Breaking leaf buds",2022-05-02,122,2022-05-10,8,54
358158,371,15,"2023-01-01","2023-12-31",2023-03-14,73,2023-03-06,8,1,57091,33.398136,-97.569969,267,"TX",1755,"Quercus","stellata","post oak","Plantae","Breaking leaf buds",2023-05-08,128,2023-05-16,8,55
358158,501,13,"2021-01-01","2021-12-31",2021-04-01,91,2021-03-26,6,1,57091,33.398136,-97.569969,267,"TX",1755,"Quercus","stellata","post oak","Plantae","Open flowers",2021-04-01,91,2021-04-08,7,0
358161,371,11,"2019-01-01","2019-12-31",2019-03-26,85,2019-03-20,6,1,57091,33.398136,-97.569969,267,"TX",1755,"Quercus","stellata","post oak","Plantae","Breaking leaf buds",2019-04-08,98,2019-04-16,8,13
358161,371,12,"2020-01-01","2020-12-31",2020-03-11,71,2020-03-02,9,1,57091,33.398136,-97.569969,267,"TX",1755,"Quercus","stellata","post oak","Plantae","Breaking leaf buds",2020-03-11,71,2020-03-17,6,0
358161,371,13,"2021-01-01","2021-12-31",2021-04-01,91,2021-03-26,6,1,57091,33.398136,-97.569969,267,"TX",1755,"Quercus","stellata","post oak","Plantae","Breaking leaf buds",2021-04-21,111,2021-04-27,6,20
358161,371,14,"2022-01-01","2022-12-31",2022-03-09,68,2022-03-01,8,1,57091,33.398136,-97.569969,267,"TX",1755,"Quercus","stellata","post oak","Plantae","Breaking leaf buds",2022-05-02,122,2022-05-10,8,54
358161,371,15,"2023-01-01","2023-12-31",2023-02-06,37,2023-01-16,21,1,57091,33.398136,-97.569969,267,"TX",1755,"Quercus","stellata","post oak","Plantae","Breaking leaf buds",2023-04-17,107,2023-04-24,7,70
358161,371,16,"2024-01-01","2024-12-31",2024-03-18,78,2024-03-11,7,1,57091,33.398136,-97.569969,267,"TX",1755,"Quercus","stellata","post oak","Plantae","Breaking leaf buds",2024-04-22,113,2024-04-29,7,35
358161,371,17,"2025-01-01","2025-12-31",2025-04-07,97,2025-03-17,21,1,57091,33.398136,-97.569969,267,"TX",1755,"Quercus","stellata","post oak","Plantae","Breaking leaf buds",2025-04-21,111,2025-04-28,7,14
358161,501,10,"2018-01-01","2018-12-31",2018-06-12,163,2018-06-06,6,1,57091,33.398136,-97.569969,267,"TX",1755,"Quercus","stellata","post oak","Plantae","Open flowers",2018-09-24,267,2018-10-03,9,104
358161,501,11,"2019-01-01","2019-12-31",2019-05-07,127,2019-05-01,6,1,57091,33.398136,-97.569969,267,"TX",1755,"Quercus","stellata","post oak","Plantae","Open flowers",2019-05-14,134,2019-05-21,7,7
358161,501,13,"2021-01-01","2021-12-31",2021-04-08,98,2021-04-01,7,1,57091,33.398136,-97.569969,267,"TX",1755,"Quercus","stellata","post oak","Plantae","Open flowers",2021-04-21,111,2021-04-27,6,13
358161,501,14,"2022-01-01","2022-12-31",2022-04-18,108,2022-04-11,7,1,57091,33.398136,-97.569969,267,"TX",1755,"Quercus","stellata","post oak","Plantae","Open flowers",2022-05-02,122,2022-05-10,8,14
358161,501,15,"2023-01-01","2023-12-31",2023-04-03,93,2023-03-27,7,1,57091,33.398136,-97.569969,267,"TX",1755,"Quercus","stellata","post oak","Plantae","Open flowers",2023-04-24,114,2023-05-01,7,21
358161,501,17,"2025-01-01","2025-12-31",2025-04-07,97,2025-03-17,21,1,57091,33.398136,-97.569969,267,"TX",1755,"Quercus","stellata","post oak","Plantae","Open flowers",2025-04-14,104,2025-04-21,7,7
358162,371,11,"2019-01-01","2019-12-31",2019-04-01,91,2019-03-26,6,1,57091,33.398136,-97.569969,267,"TX",1755,"Quercus","stellata","post oak","Plantae","Breaking leaf buds",2019-04-16,106,2019-04-25,9,15
358162,371,12,"2020-01-01","2020-12-31",2020-03-11,71,2020-03-02,9,1,57091,33.398136,-97.569969,267,"TX",1755,"Quercus","stellata","post oak","Plantae","Breaking leaf buds",2020-03-11,71,2020-03-17,6,0
358162,371,13,"2021-01-01","2021-12-31",2021-04-21,111,2021-04-08,13,1,57091,33.398136,-97.569969,267,"TX",1755,"Quercus","stellata","post oak","Plantae","Breaking leaf buds",2021-04-21,111,2021-04-27,6,0
358162,371,14,"2022-01-01","2022-12-31",2022-03-01,60,2022-02-16,13,1,57091,33.398136,-97.569969,267,"TX",1755,"Quercus","stellata","post oak","Plantae","Breaking leaf buds",2022-05-02,122,NA,NA,62
358162,501,10,"2018-01-01","2018-12-31",2018-07-02,183,2018-06-26,6,1,57091,33.398136,-97.569969,267,"TX",1755,"Quercus","stellata","post oak","Plantae","Open flowers",2018-07-23,204,2018-07-31,8,21
358162,501,14,"2022-01-01","2022-12-31",2022-04-25,115,2022-04-18,7,1,57091,33.398136,-97.569969,267,"TX",1755,"Quercus","stellata","post oak","Plantae","Open flowers",2022-04-25,115,2022-05-02,7,0
358168,371,11,"2019-01-01","2019-12-31",2019-03-26,85,2019-03-20,6,1,57091,33.398136,-97.569969,267,"TX",1755,"Quercus","stellata","post oak","Plantae","Breaking leaf buds",2019-04-01,91,2019-04-08,7,6
358168,371,12,"2020-01-01","2020-12-31",2020-03-11,71,2020-03-02,9,1,57091,33.398136,-97.569969,267,"TX",1755,"Quercus","stellata","post oak","Plantae","Breaking leaf buds",2020-03-11,71,2020-03-17,6,0
358168,371,13,"2021-01-01","2021-12-31",2021-04-08,98,2021-04-01,7,2,57091,33.398136,-97.569969,267,"TX",1755,"Quercus","stellata","post oak","Plantae","Breaking leaf buds",2021-07-01,182,2021-07-08,7,84
358168,371,14,"2022-01-01","2022-12-31",2022-03-09,68,2022-03-01,8,1,57091,33.398136,-97.569969,267,"TX",1755,"Quercus","stellata","post oak","Plantae","Breaking leaf buds",2022-05-02,122,NA,NA,54
358168,501,10,"2018-01-01","2018-12-31",2018-08-15,227,2018-08-06,9,1,57091,33.398136,-97.569969,267,"TX",1755,"Quercus","stellata","post oak","Plantae","Open flowers",2018-08-21,233,2018-09-11,21,6
358168,501,11,"2019-01-01","2019-12-31",2019-04-08,98,2019-04-01,7,2,57091,33.398136,-97.569969,267,"TX",1755,"Quercus","stellata","post oak","Plantae","Open flowers",2019-05-14,134,2019-05-21,7,36
358168,501,13,"2021-01-01","2021-12-31",2021-04-08,98,2021-04-01,7,1,57091,33.398136,-97.569969,267,"TX",1755,"Quercus","stellata","post oak","Plantae","Open flowers",2021-04-08,98,2021-04-21,13,0
358168,501,14,"2022-01-01","2022-12-31",2022-04-04,94,2022-03-29,6,2,57091,33.398136,-97.569969,267,"TX",1755,"Quercus","stellata","post oak","Plantae","Open flowers",2022-05-02,122,NA,NA,28
358189,371,11,"2019-01-01","2019-12-31",2019-03-26,85,2019-03-20,6,1,57091,33.398136,-97.569969,267,"TX",1755,"Quercus","stellata","post oak","Plantae","Breaking leaf buds",2019-04-01,91,2019-04-08,7,6
358189,371,12,"2020-01-01","2020-12-31",2020-03-11,71,2020-03-02,9,1,57091,33.398136,-97.569969,267,"TX",1755,"Quercus","stellata","post oak","Plantae","Breaking leaf buds",2020-03-11,71,2020-03-17,6,0
358189,371,13,"2021-01-01","2021-12-31",2021-04-01,91,2021-03-26,6,1,57091,33.398136,-97.569969,267,"TX",1755,"Quercus","stellata","post oak","Plantae","Breaking leaf buds",2021-04-08,98,2021-04-21,13,7
358189,371,14,"2022-01-01","2022-12-31",2022-03-09,68,2022-03-01,8,1,57091,33.398136,-97.569969,267,"TX",1755,"Quercus","stellata","post oak","Plantae","Breaking leaf buds",2022-05-02,122,NA,NA,54
358189,501,11,"2019-01-01","2019-12-31",2019-04-08,98,2019-04-01,7,2,57091,33.398136,-97.569969,267,"TX",1755,"Quercus","stellata","post oak","Plantae","Open flowers",2019-05-14,134,2019-05-21,7,36
358189,501,13,"2021-01-01","2021-12-31",2021-04-01,91,2021-03-26,6,1,57091,33.398136,-97.569969,267,"TX",1755,"Quercus","stellata","post oak","Plantae","Open flowers",2021-04-01,91,2021-04-08,7,0
358189,501,14,"2022-01-01","2022-12-31",2022-04-04,94,2022-03-29,6,1,57091,33.398136,-97.569969,267,"TX",1755,"Quercus","stellata","post oak","Plantae","Open flowers",2022-05-02,122,NA,NA,28
358314,371,16,"2024-01-01","2024-12-31",2024-03-18,78,2024-03-11,7,1,57091,33.398136,-97.569969,267,"TX",1755,"Quercus","stellata","post oak","Plantae","Breaking leaf buds",2024-05-07,128,2024-05-13,6,50
358314,371,17,"2025-01-01","2025-12-31",2025-04-07,97,2025-03-17,21,1,57091,33.398136,-97.569969,267,"TX",1755,"Quercus","stellata","post oak","Plantae","Breaking leaf buds",2025-04-21,111,2025-04-28,7,14
362082,371,17,"2025-01-01","2025-12-31",2025-04-15,105,2025-04-12,3,1,57129,39.037086,-84.459587,257,NA,100,"Quercus","alba","white oak","Plantae","Breaking leaf buds",2025-05-02,122,2025-05-07,5,17
362082,371,18,"2026-01-01","2026-12-31",2026-04-15,105,2026-04-07,8,1,57129,39.037086,-84.459587,257,NA,100,"Quercus","alba","white oak","Plantae","Breaking leaf buds",2026-05-01,121,2026-05-11,10,16
362131,371,17,"2025-01-01","2025-12-31",2025-04-18,108,2025-04-08,10,1,57130,37.747749,-89.052528,131,"IL",2047,"Quercus","lyrata","overcup oak","Plantae","Breaking leaf buds",2025-04-18,108,2025-04-25,7,0
362131,501,17,"2025-01-01","2025-12-31",2025-04-08,98,2025-04-01,7,1,57130,37.747749,-89.052528,131,"IL",2047,"Quercus","lyrata","overcup oak","Plantae","Open flowers",2025-04-08,98,2025-04-18,10,0
362132,371,17,"2025-01-01","2025-12-31",2025-04-18,108,2025-04-08,10,1,57130,37.747749,-89.052528,131,"IL",2043,"Quercus","bicolor","swamp white oak","Plantae","Breaking leaf buds",2025-04-18,108,2025-04-25,7,0
362132,501,17,"2025-01-01","2025-12-31",2025-04-08,98,2025-04-01,7,1,57130,37.747749,-89.052528,131,"IL",2043,"Quercus","bicolor","swamp white oak","Plantae","Open flowers",2025-04-18,108,2025-04-25,7,10
362302,371,17,"2025-01-01","2025-12-31",2025-04-28,118,2025-04-23,5,1,33269,41.124557,-73.730301,154,"NY",1212,"Quercus","montana","chestnut oak","Plantae","Breaking leaf buds",2025-05-05,125,NA,NA,7
362302,501,17,"2025-01-01","2025-12-31",2025-04-23,113,2025-04-14,9,1,33269,41.124557,-73.730301,154,"NY",1212,"Quercus","montana","chestnut oak","Plantae","Open flowers",2025-04-28,118,2025-05-05,7,5
362303,371,17,"2025-01-01","2025-12-31",2025-04-28,118,2025-04-23,5,1,33269,41.124557,-73.730301,154,"NY",100,"Quercus","alba","white oak","Plantae","Breaking leaf buds",2025-05-05,125,NA,NA,7
362303,501,17,"2025-01-01","2025-12-31",2025-04-23,113,2025-04-14,9,1,33269,41.124557,-73.730301,154,"NY",100,"Quercus","alba","white oak","Plantae","Open flowers",2025-04-28,118,2025-05-05,7,5
362336,371,17,"2025-01-01","2025-12-31",2025-05-01,121,2025-04-10,21,1,57185,44.971527,-93.283791,264,"MN",101,"Quercus","macrocarpa","bur oak","Plantae","Breaking leaf buds",2025-05-01,121,NA,NA,0
362349,371,17,"2025-01-01","2025-12-31",2025-04-10,100,2025-04-01,9,1,57021,44.987099,-93.184799,285,NA,101,"Quercus","macrocarpa","bur oak","Plantae","Breaking leaf buds",2025-04-10,100,2025-04-23,13,0
362349,501,18,"2026-01-01","2026-12-31",2026-04-16,106,2026-04-09,7,1,57021,44.987099,-93.184799,285,NA,101,"Quercus","macrocarpa","bur oak","Plantae","Open flowers",2026-04-16,106,NA,NA,0
362889,371,17,"2025-01-01","2025-12-31",2025-05-14,134,2025-05-09,5,1,57139,46.556442,-87.401115,230,NA,100,"Quercus","alba","white oak","Plantae","Breaking leaf buds",2025-05-14,134,2025-05-16,2,0
362891,371,17,"2025-01-01","2025-12-31",2025-05-05,125,2025-05-02,3,2,57139,46.556442,-87.401115,230,NA,100,"Quercus","alba","white oak","Plantae","Breaking leaf buds",2025-05-14,134,2025-05-16,2,9
362909,371,17,"2025-01-01","2025-12-31",2025-03-20,79,2025-03-06,14,1,50056,30.353901,-89.136078,3,"MS",305,"Quercus","virginiana","live oak","Plantae","Breaking leaf buds",2025-04-24,114,2025-04-30,6,35
362909,371,18,"2026-01-01","2026-12-31",2026-03-10,69,2026-03-02,8,1,50056,30.353901,-89.136078,3,"MS",305,"Quercus","virginiana","live oak","Plantae","Breaking leaf buds",2026-03-16,75,2026-03-26,10,6
362909,501,18,"2026-01-01","2026-12-31",2026-03-26,85,2026-03-16,10,1,50056,30.353901,-89.136078,3,"MS",305,"Quercus","virginiana","live oak","Plantae","Open flowers",2026-03-26,85,2026-04-01,6,0
363254,371,17,"2025-01-01","2025-12-31",2025-04-17,107,2025-04-10,7,1,57295,44.971024,-93.284065,264,"MN",101,"Quercus","macrocarpa","bur oak","Plantae","Breaking leaf buds",2025-04-17,107,2025-05-01,14,0
363255,371,17,"2025-01-01","2025-12-31",2025-04-24,114,2025-04-10,14,1,57299,44.971668,-93.283569,264,"MN",101,"Quercus","macrocarpa","bur oak","Plantae","Breaking leaf buds",2025-04-24,114,NA,NA,0
364131,371,17,"2025-01-01","2025-12-31",2025-04-24,114,2025-04-17,7,1,56456,41.257023,-73.455482,170,"CT",100,"Quercus","alba","white oak","Plantae","Breaking leaf buds",2025-04-30,120,2025-05-07,7,6
364131,371,18,"2026-01-01","2026-12-31",2026-03-26,85,2026-03-23,3,2,56456,41.257023,-73.455482,170,"CT",100,"Quercus","alba","white oak","Plantae","Breaking leaf buds",2026-05-03,123,2026-05-06,3,38
364318,371,17,"2025-01-01","2025-12-31",2025-04-23,113,2025-04-22,1,1,57424,42.885025,-89.882797,312,"WI",100,"Quercus","alba","white oak","Plantae","Breaking leaf buds",2025-05-10,130,2025-05-11,1,17
364318,371,18,"2026-01-01","2026-12-31",2026-04-15,105,2026-04-05,10,1,57424,42.885025,-89.882797,312,"WI",100,"Quercus","alba","white oak","Plantae","Breaking leaf buds",2026-05-07,127,2026-05-20,13,22
364318,501,17,"2025-01-01","2025-12-31",2025-05-16,136,2025-05-14,2,1,57424,42.885025,-89.882797,312,"WI",100,"Quercus","alba","white oak","Plantae","Open flowers",2025-05-18,138,2025-06-24,37,2
364318,501,18,"2026-01-01","2026-12-31",2026-05-20,140,2026-05-07,13,1,57424,42.885025,-89.882797,312,"WI",100,"Quercus","alba","white oak","Plantae","Open flowers",2026-05-20,140,2026-07-29,70,0
364319,371,17,"2025-01-01","2025-12-31",2025-04-29,119,2025-04-28,1,1,57424,42.885025,-89.882797,312,"WI",100,"Quercus","alba","white oak","Plantae","Breaking leaf buds",2025-05-12,132,2025-05-13,1,13
364320,371,17,"2025-01-01","2025-12-31",2025-04-29,119,2025-04-28,1,1,57424,42.885025,-89.882797,312,"WI",100,"Quercus","alba","white oak","Plantae","Breaking leaf buds",2025-05-18,138,2025-06-24,37,19
364321,371,17,"2025-01-01","2025-12-31",2025-04-29,119,2025-04-28,1,1,57425,42.884689,-89.883125,312,"WI",100,"Quercus","alba","white oak","Plantae","Breaking leaf buds",2025-05-12,132,2025-05-13,1,13
364321,371,18,"2026-01-01","2026-12-31",2026-04-15,105,2026-04-05,10,1,57425,42.884689,-89.883125,312,"WI",100,"Quercus","alba","white oak","Plantae","Breaking leaf buds",2026-05-07,127,2026-05-20,13,22
364322,371,17,"2025-01-01","2025-12-31",2025-04-24,114,2025-04-23,1,1,57425,42.884689,-89.883125,312,"WI",100,"Quercus","alba","white oak","Plantae","Breaking leaf buds",2025-05-10,130,2025-05-11,1,16
364322,371,18,"2026-01-01","2026-12-31",2026-04-15,105,2026-04-05,10,1,57425,42.884689,-89.883125,312,"WI",100,"Quercus","alba","white oak","Plantae","Breaking leaf buds",2026-05-07,127,2026-05-20,13,22
364322,501,17,"2025-01-01","2025-12-31",2025-05-16,136,2025-05-14,2,1,57425,42.884689,-89.883125,312,"WI",100,"Quercus","alba","white oak","Plantae","Open flowers",2025-05-18,138,2025-06-24,37,2
364322,501,18,"2026-01-01","2026-12-31",2026-05-20,140,2026-05-07,13,1,57425,42.884689,-89.883125,312,"WI",100,"Quercus","alba","white oak","Plantae","Open flowers",2026-05-20,140,2026-07-29,70,0
365151,371,17,"2025-01-01","2025-12-31",2025-04-25,115,2025-04-18,7,1,56423,42.624886,-87.820358,179,NA,2043,"Quercus","bicolor","swamp white oak","Plantae","Breaking leaf buds",2025-05-06,126,NA,NA,11
365218,501,18,"2026-01-01","2026-12-31",2026-03-31,90,2026-03-29,2,1,263,40.58725,-104.963005,1527,"CO",101,"Quercus","macrocarpa","bur oak","Plantae","Open flowers",2026-03-31,90,2026-08-06,128,0
365847,371,17,"2025-01-01","2025-12-31",2025-04-07,97,2025-04-01,6,1,57066,35.685448,-83.503128,675,"TN",1212,"Quercus","montana","chestnut oak","Plantae","Breaking leaf buds",2025-04-14,104,NA,NA,7
366490,371,18,"2026-01-01","2026-12-31",2026-04-03,93,2026-03-24,10,1,48555,33.813538,-84.28347,307,"GA",100,"Quercus","alba","white oak","Plantae","Breaking leaf buds",2026-04-03,93,2026-04-20,17,0
367694,371,17,"2025-01-01","2025-12-31",2025-09-26,269,2025-09-25,1,5,58019,40.480484,-74.43766,32,"NJ",100,"Quercus","alba","white oak","Plantae","Breaking leaf buds",2025-11-07,311,2025-11-14,7,42
367694,501,18,"2026-01-01","2026-12-31",2026-04-16,106,2026-04-09,7,1,58019,40.480484,-74.43766,32,"NJ",100,"Quercus","alba","white oak","Plantae","Open flowers",2026-04-30,120,2026-05-06,6,14
367704,371,18,"2026-01-01","2026-12-31",2026-03-26,85,2026-03-23,3,1,58024,35.954514,-83.868134,280,"TN",100,"Quercus","alba","white oak","Plantae","Breaking leaf buds",2026-03-26,85,2026-05-14,49,0
367798,371,18,"2026-01-01","2026-12-31",2026-04-09,99,2026-04-02,7,1,58019,40.480484,-74.43766,32,"NJ",100,"Quercus","alba","white oak","Plantae","Breaking leaf buds",2026-04-09,99,2026-04-16,7,0
367798,501,18,"2026-01-01","2026-12-31",2026-04-16,106,2026-04-09,7,1,58019,40.480484,-74.43766,32,"NJ",100,"Quercus","alba","white oak","Plantae","Open flowers",2026-04-23,113,2026-04-30,7,7
367799,501,18,"2026-01-01","2026-12-31",2026-04-16,106,2026-04-09,7,1,58019,40.480484,-74.43766,32,"NJ",100,"Quercus","alba","white oak","Plantae","Open flowers",2026-04-30,120,2026-05-06,6,14
367801,371,17,"2025-01-01","2025-12-31",2025-09-26,269,2025-08-28,29,1,58019,40.480484,-74.43766,32,"NJ",100,"Quercus","alba","white oak","Plantae","Breaking leaf buds",2025-09-26,269,2025-10-02,6,0
367801,501,18,"2026-01-01","2026-12-31",2026-04-16,106,2026-04-02,14,1,58019,40.480484,-74.43766,32,"NJ",100,"Quercus","alba","white oak","Plantae","Open flowers",2026-04-30,120,2026-05-06,6,14
367802,371,18,"2026-01-01","2026-12-31",2026-04-09,99,2026-04-02,7,1,58019,40.480484,-74.43766,32,"NJ",100,"Quercus","alba","white oak","Plantae","Breaking leaf buds",2026-04-09,99,2026-04-16,7,0
367802,501,18,"2026-01-01","2026-12-31",2026-04-16,106,2026-04-09,7,1,58019,40.480484,-74.43766,32,"NJ",100,"Quercus","alba","white oak","Plantae","Open flowers",2026-04-23,113,2026-04-30,7,7
367803,371,17,"2025-01-01","2025-12-31",2025-09-17,260,2025-08-28,20,2,58019,40.480484,-74.43766,32,"NJ",100,"Quercus","alba","white oak","Plantae","Breaking leaf buds",2025-10-02,275,2025-10-07,5,15
367803,501,18,"2026-01-01","2026-12-31",2026-04-16,106,2026-04-09,7,1,58019,40.480484,-74.43766,32,"NJ",100,"Quercus","alba","white oak","Plantae","Open flowers",2026-04-30,120,2026-05-06,6,14
368780,371,17,"2025-01-01","2025-12-31",2025-10-24,297,2025-10-21,3,1,58282,37.226589,-80.422318,639,"VA",101,"Quercus","macrocarpa","bur oak","Plantae","Breaking leaf buds",2025-10-24,297,NA,NA,0
368791,371,17,"2025-01-01","2025-12-31",2025-11-07,311,2025-10-31,7,1,58319,35.577744,-77.54277,17,"NC",1212,"Quercus","montana","chestnut oak","Plantae","Breaking leaf buds",2025-11-07,311,2025-11-08,1,0
368920,371,17,"2025-01-01","2025-12-31",2025-10-15,288,2025-10-10,5,2,58355,37.56974,-77.535728,58,"VA",100,"Quercus","alba","white oak","Plantae","Breaking leaf buds",2025-11-03,307,NA,NA,19
369006,371,18,"2026-01-01","2026-12-31",2026-04-09,99,2026-04-02,7,1,58136,41.691967,-72.766533,42,"CT",100,"Quercus","alba","white oak","Plantae","Breaking leaf buds",2026-04-16,106,NA,NA,7
369259,371,17,"2025-01-01","2025-12-31",2025-10-06,279,2025-09-29,7,1,58487,38.015598,-84.504097,316,NA,100,"Quercus","alba","white oak","Plantae","Breaking leaf buds",2025-10-06,279,2025-10-13,7,0
369355,371,17,"2025-01-01","2025-12-31",2025-10-06,279,2025-09-29,7,1,58518,35.794659,-78.690636,137,NA,1212,"Quercus","montana","chestnut oak","Plantae","Breaking leaf buds",2025-10-13,286,NA,NA,7
369361,371,17,"2025-01-01","2025-12-31",2025-10-13,286,2025-09-29,14,1,58518,35.794659,-78.690636,137,NA,1212,"Quercus","montana","chestnut oak","Plantae","Breaking leaf buds",2025-10-13,286,NA,NA,0
370528,371,18,"2026-01-01","2026-12-31",2026-03-13,72,2026-03-01,12,1,58095,30.491096,-89.990852,9,"LA",305,"Quercus","virginiana","live oak","Plantae","Breaking leaf buds",2026-03-13,72,NA,NA,0
370713,501,18,"2026-01-01","2026-12-31",2026-04-11,101,2026-03-31,11,2,58741,40.015217,-105.280434,1631,NA,101,"Quercus","macrocarpa","bur oak","Plantae","Open flowers",2026-05-08,128,2026-05-15,7,27
370714,371,18,"2026-01-01","2026-12-31",2026-04-11,101,2026-03-31,11,1,58741,40.015217,-105.280434,1631,NA,2043,"Quercus","bicolor","swamp white oak","Plantae","Breaking leaf buds",2026-05-02,122,2026-05-08,6,21
370714,501,18,"2026-01-01","2026-12-31",2026-04-26,116,2026-04-18,8,1,58741,40.015217,-105.280434,1631,NA,2043,"Quercus","bicolor","swamp white oak","Plantae","Open flowers",2026-05-08,128,2026-05-15,7,12
370879,371,18,"2026-01-01","2026-12-31",2026-04-11,101,2026-03-31,11,1,58741,40.015217,-105.280434,1631,NA,101,"Quercus","macrocarpa","bur oak","Plantae","Breaking leaf buds",2026-05-02,122,2026-05-08,6,21
370879,501,18,"2026-01-01","2026-12-31",2026-04-11,101,2026-03-31,11,1,58741,40.015217,-105.280434,1631,NA,101,"Quercus","macrocarpa","bur oak","Plantae","Open flowers",2026-05-02,122,2026-05-08,6,21
370901,371,18,"2026-01-01","2026-12-31",2026-04-11,101,2026-03-31,11,1,58741,40.015217,-105.280434,1631,NA,2043,"Quercus","bicolor","swamp white oak","Plantae","Breaking leaf buds",2026-05-02,122,2026-05-08,6,21
370901,501,18,"2026-01-01","2026-12-31",2026-04-26,116,2026-04-18,8,1,58741,40.015217,-105.280434,1631,NA,2043,"Quercus","bicolor","swamp white oak","Plantae","Open flowers",2026-05-08,128,2026-05-15,7,12
371044,371,18,"2026-01-01","2026-12-31",2026-04-15,105,2026-04-06,9,1,54115,38.015823,-84.504768,315,"KY",100,"Quercus","alba","white oak","Plantae","Breaking leaf buds",2026-05-13,133,2026-05-18,5,28
371044,501,18,"2026-01-01","2026-12-31",2026-04-22,112,2026-04-20,2,1,54115,38.015823,-84.504768,315,"KY",100,"Quercus","alba","white oak","Plantae","Open flowers",2026-05-04,124,2026-05-11,7,12
371173,371,18,"2026-01-01","2026-12-31",2026-03-25,84,2026-03-24,1,6,58892,38.015095,-84.500648,313,"KY",2047,"Quercus","lyrata","overcup oak","Plantae","Breaking leaf buds",2026-06-21,172,2026-06-22,1,88
371173,501,18,"2026-01-01","2026-12-31",2026-04-05,95,2026-04-01,4,2,58892,38.015095,-84.500648,313,"KY",2047,"Quercus","lyrata","overcup oak","Plantae","Open flowers",2026-04-17,107,2026-04-18,1,12
371174,371,18,"2026-01-01","2026-12-31",2026-03-11,70,2026-03-10,1,6,58892,38.015095,-84.500648,313,"KY",2047,"Quercus","lyrata","overcup oak","Plantae","Breaking leaf buds",2026-06-21,172,2026-06-22,1,102
371174,501,18,"2026-01-01","2026-12-31",2026-04-02,92,2026-04-01,1,3,58892,38.015095,-84.500648,313,"KY",2047,"Quercus","lyrata","overcup oak","Plantae","Open flowers",2026-05-25,145,2026-05-31,6,53
371177,371,18,"2026-01-01","2026-12-31",2026-04-10,100,2026-04-05,5,2,58892,38.015095,-84.500648,313,"KY",1212,"Quercus","montana","chestnut oak","Plantae","Breaking leaf buds",2026-04-19,109,2026-04-21,2,9
371177,501,18,"2026-01-01","2026-12-31",2026-04-10,100,2026-04-05,5,3,58892,38.015095,-84.500648,313,"KY",1212,"Quercus","montana","chestnut oak","Plantae","Open flowers",2026-05-08,128,2026-05-10,2,28
371178,371,18,"2026-01-01","2026-12-31",2026-04-02,92,2026-04-01,1,2,58892,38.015095,-84.500648,313,"KY",1212,"Quercus","montana","chestnut oak","Plantae","Breaking leaf buds",2026-04-19,109,2026-04-21,2,17
371178,501,18,"2026-01-01","2026-12-31",2026-04-10,100,2026-04-05,5,3,58892,38.015095,-84.500648,313,"KY",1212,"Quercus","montana","chestnut oak","Plantae","Open flowers",2026-05-25,145,2026-05-31,6,45
371185,371,18,"2026-01-01","2026-12-31",2026-03-24,83,2026-03-22,2,3,58892,38.015095,-84.500648,313,"KY",101,"Quercus","macrocarpa","bur oak","Plantae","Breaking leaf buds",2026-04-19,109,2026-04-21,2,26
371185,501,18,"2026-01-01","2026-12-31",2026-04-05,95,2026-04-02,3,4,58892,38.015095,-84.500648,313,"KY",101,"Quercus","macrocarpa","bur oak","Plantae","Open flowers",2026-05-08,128,2026-05-10,2,33
371189,371,18,"2026-01-01","2026-12-31",2026-04-12,102,2026-04-10,2,2,58892,38.015095,-84.500648,313,"KY",101,"Quercus","macrocarpa","bur oak","Plantae","Breaking leaf buds",2026-04-30,120,2026-05-06,6,18
371189,501,18,"2026-01-01","2026-12-31",2026-04-17,107,2026-04-16,1,3,58892,38.015095,-84.500648,313,"KY",101,"Quercus","macrocarpa","bur oak","Plantae","Open flowers",2026-05-08,128,2026-05-10,2,21
371543,371,18,"2026-01-01","2026-12-31",2026-03-13,72,2026-03-06,7,1,58860,35.745899,-77.537201,14,NA,100,"Quercus","alba","white oak","Plantae","Breaking leaf buds",2026-04-06,96,NA,NA,24
371543,501,18,"2026-01-01","2026-12-31",2026-03-13,72,2026-03-06,7,2,58860,35.745899,-77.537201,14,NA,100,"Quercus","alba","white oak","Plantae","Open flowers",2026-04-06,96,NA,NA,24
371547,371,18,"2026-01-01","2026-12-31",2026-04-17,107,2026-04-06,11,1,59004,35.59433,-82.497726,NA,"NC",100,"Quercus","alba","white oak","Plantae","Breaking leaf buds",2026-04-17,107,2026-05-11,24,0
371547,501,18,"2026-01-01","2026-12-31",2026-04-10,100,2026-04-06,4,1,59004,35.59433,-82.497726,NA,"NC",100,"Quercus","alba","white oak","Plantae","Open flowers",2026-05-11,131,NA,NA,31
371563,371,18,"2026-01-01","2026-12-31",2026-05-01,121,2026-04-29,2,1,59018,40.407188,-87.067108,NA,"IN",2050,"Quercus","muehlenbergii","chinquapin oak","Plantae","Breaking leaf buds",2026-05-06,126,2026-05-13,7,5
371564,371,18,"2026-01-01","2026-12-31",2026-05-01,121,2026-04-29,2,1,59018,40.407188,-87.067108,NA,"IN",2050,"Quercus","muehlenbergii","chinquapin oak","Plantae","Breaking leaf buds",2026-05-06,126,2026-05-13,7,5
371565,371,18,"2026-01-01","2026-12-31",2026-05-01,121,2026-04-29,2,1,59018,40.407188,-87.067108,NA,"IN",2050,"Quercus","muehlenbergii","chinquapin oak","Plantae","Breaking leaf buds",2026-05-01,121,2026-05-06,5,0
371566,371,18,"2026-01-01","2026-12-31",2026-05-01,121,2026-04-29,2,1,59018,40.407188,-87.067108,NA,"IN",2050,"Quercus","muehlenbergii","chinquapin oak","Plantae","Breaking leaf buds",2026-05-01,121,2026-05-06,5,0
371567,371,18,"2026-01-01","2026-12-31",2026-05-01,121,2026-04-29,2,1,59018,40.407188,-87.067108,NA,"IN",2050,"Quercus","muehlenbergii","chinquapin oak","Plantae","Breaking leaf buds",2026-05-01,121,2026-05-06,5,0
371568,371,18,"2026-01-01","2026-12-31",2026-05-01,121,2026-04-29,2,1,59018,40.407188,-87.067108,NA,"IN",2050,"Quercus","muehlenbergii","chinquapin oak","Plantae","Breaking leaf buds",2026-05-01,121,2026-05-06,5,0
371569,371,18,"2026-01-01","2026-12-31",2026-05-01,121,2026-04-29,2,1,59018,40.407188,-87.067108,NA,"IN",2050,"Quercus","muehlenbergii","chinquapin oak","Plantae","Breaking leaf buds",2026-05-01,121,2026-05-06,5,0
371570,371,18,"2026-01-01","2026-12-31",2026-05-01,121,2026-04-29,2,1,59018,40.407188,-87.067108,NA,"IN",2050,"Quercus","muehlenbergii","chinquapin oak","Plantae","Breaking leaf buds",2026-05-01,121,2026-05-06,5,0
371571,371,18,"2026-01-01","2026-12-31",2026-05-01,121,2026-04-29,2,1,59018,40.407188,-87.067108,NA,"IN",2050,"Quercus","muehlenbergii","chinquapin oak","Plantae","Breaking leaf buds",2026-05-01,121,2026-05-06,5,0
371572,371,18,"2026-01-01","2026-12-31",2026-05-01,121,2026-04-29,2,1,59018,40.407188,-87.067108,NA,"IN",2050,"Quercus","muehlenbergii","chinquapin oak","Plantae","Breaking leaf buds",2026-05-01,121,2026-05-06,5,0
371573,371,18,"2026-01-01","2026-12-31",2026-04-29,119,2026-04-21,8,1,59018,40.407188,-87.067108,NA,"IN",2050,"Quercus","muehlenbergii","chinquapin oak","Plantae","Breaking leaf buds",2026-05-01,121,2026-05-06,5,2
371574,371,18,"2026-01-01","2026-12-31",2026-04-29,119,2026-04-21,8,1,59018,40.407188,-87.067108,NA,"IN",2050,"Quercus","muehlenbergii","chinquapin oak","Plantae","Breaking leaf buds",2026-05-01,121,2026-05-06,5,2
371575,371,18,"2026-01-01","2026-12-31",2026-04-29,119,2026-04-21,8,1,59018,40.407188,-87.067108,NA,"IN",2050,"Quercus","muehlenbergii","chinquapin oak","Plantae","Breaking leaf buds",2026-05-01,121,2026-05-06,5,2
371576,371,18,"2026-01-01","2026-12-31",2026-04-29,119,2026-04-21,8,1,59018,40.407188,-87.067108,NA,"IN",2050,"Quercus","muehlenbergii","chinquapin oak","Plantae","Breaking leaf buds",2026-05-01,121,2026-05-06,5,2
371577,371,18,"2026-01-01","2026-12-31",2026-04-29,119,2026-04-21,8,1,59018,40.407188,-87.067108,NA,"IN",2050,"Quercus","muehlenbergii","chinquapin oak","Plantae","Breaking leaf buds",2026-05-01,121,2026-05-06,5,2
371578,371,18,"2026-01-01","2026-12-31",2026-04-29,119,2026-04-21,8,1,59018,40.407188,-87.067108,NA,"IN",2050,"Quercus","muehlenbergii","chinquapin oak","Plantae","Breaking leaf buds",2026-05-01,121,2026-05-06,5,2
371579,371,18,"2026-01-01","2026-12-31",2026-04-29,119,2026-04-21,8,1,59018,40.407188,-87.067108,NA,"IN",2050,"Quercus","muehlenbergii","chinquapin oak","Plantae","Breaking leaf buds",2026-05-01,121,2026-05-06,5,2
371580,371,18,"2026-01-01","2026-12-31",2026-04-29,119,2026-04-21,8,1,59018,40.407188,-87.067108,NA,"IN",2050,"Quercus","muehlenbergii","chinquapin oak","Plantae","Breaking leaf buds",2026-05-01,121,2026-05-06,5,2
371581,371,18,"2026-01-01","2026-12-31",2026-05-01,121,2026-04-29,2,1,59018,40.407188,-87.067108,NA,"IN",2050,"Quercus","muehlenbergii","chinquapin oak","Plantae","Breaking leaf buds",2026-05-01,121,2026-05-06,5,0
371582,371,18,"2026-01-01","2026-12-31",2026-04-29,119,2026-04-21,8,1,59018,40.407188,-87.067108,NA,"IN",2050,"Quercus","muehlenbergii","chinquapin oak","Plantae","Breaking leaf buds",2026-05-01,121,2026-05-06,5,2
371666,371,18,"2026-01-01","2026-12-31",2026-04-17,107,2026-04-10,7,1,59004,35.59433,-82.497726,NA,"NC",100,"Quercus","alba","white oak","Plantae","Breaking leaf buds",2026-04-17,107,NA,NA,0
371666,501,18,"2026-01-01","2026-12-31",2026-04-10,100,2026-04-06,4,1,59004,35.59433,-82.497726,NA,"NC",100,"Quercus","alba","white oak","Plantae","Open flowers",2026-05-11,131,NA,NA,31
371711,371,18,"2026-01-01","2026-12-31",2026-04-13,103,2026-04-05,8,1,58184,38.799782,-90.199806,157,"MO",100,"Quercus","alba","white oak","Plantae","Breaking leaf buds",2026-04-13,103,2026-04-18,5,0
371711,501,18,"2026-01-01","2026-12-31",2026-04-18,108,2026-04-13,5,1,58184,38.799782,-90.199806,157,"MO",100,"Quercus","alba","white oak","Plantae","Open flowers",2026-04-18,108,2026-05-12,24,0
371719,371,18,"2026-01-01","2026-12-31",2026-03-07,66,2026-03-01,6,2,59031,29.919109,-90.087677,0,"LA",305,"Quercus","virginiana","live oak","Plantae","Breaking leaf buds",2026-05-13,133,2026-05-25,12,67
371719,501,18,"2026-01-01","2026-12-31",2026-03-07,66,2026-03-01,6,1,59031,29.919109,-90.087677,0,"LA",305,"Quercus","virginiana","live oak","Plantae","Open flowers",2026-03-14,73,2026-03-21,7,7
371727,371,18,"2026-01-01","2026-12-31",2026-04-04,94,2026-03-19,16,2,55653,40.489239,-86.810364,184,"IN",2053,"Quercus","prinoides","dwarf chinquapin oak","Plantae","Breaking leaf buds",2026-04-19,109,2026-04-29,10,15
371796,371,18,"2026-01-01","2026-12-31",2026-03-15,74,2026-03-06,9,1,59035,35.645657,-77.474365,23,"NC",305,"Quercus","virginiana","live oak","Plantae","Breaking leaf buds",2026-03-15,74,NA,NA,0
371796,501,18,"2026-01-01","2026-12-31",2026-03-14,73,2026-03-06,8,1,59035,35.645657,-77.474365,23,"NC",305,"Quercus","virginiana","live oak","Plantae","Open flowers",2026-03-15,74,NA,NA,1
372037,371,18,"2026-01-01","2026-12-31",2026-03-07,66,2026-03-06,1,2,59076,29.957638,-97.153717,119,NA,1755,"Quercus","stellata","post oak","Plantae","Breaking leaf buds",2026-03-30,89,2026-04-13,14,23
372037,501,18,"2026-01-01","2026-12-31",2026-03-30,89,2026-03-14,16,1,59076,29.957638,-97.153717,119,NA,1755,"Quercus","stellata","post oak","Plantae","Open flowers",2026-04-13,103,2026-05-05,22,14
372040,371,18,"2026-01-01","2026-12-31",2026-03-07,66,2026-03-06,1,2,59076,29.957638,-97.153717,119,NA,1755,"Quercus","stellata","post oak","Plantae","Breaking leaf buds",2026-03-30,89,2026-04-13,14,23
372040,501,18,"2026-01-01","2026-12-31",2026-03-24,83,2026-03-14,10,1,59076,29.957638,-97.153717,119,NA,1755,"Quercus","stellata","post oak","Plantae","Open flowers",2026-03-30,89,2026-04-13,14,6
372183,371,18,"2026-01-01","2026-12-31",2026-04-26,116,2026-04-16,10,1,59050,46.849468,-96.828613,277,NA,101,"Quercus","macrocarpa","bur oak","Plantae","Breaking leaf buds",2026-04-26,116,2026-05-31,35,0
372183,501,18,"2026-01-01","2026-12-31",2026-05-06,126,2026-04-26,10,1,59050,46.849468,-96.828613,277,NA,101,"Quercus","macrocarpa","bur oak","Plantae","Open flowers",2026-05-31,151,2026-06-18,18,25
372348,371,18,"2026-01-01","2026-12-31",2026-04-09,99,2026-04-02,7,1,59253,38.830898,-77.310699,124,NA,2043,"Quercus","bicolor","swamp white oak","Plantae","Breaking leaf buds",2026-04-09,99,NA,NA,0
372763,371,18,"2026-01-01","2026-12-31",2026-03-10,69,2026-02-17,21,1,59309,41.692047,-72.765182,NA,"CT",100,"Quercus","alba","white oak","Plantae","Breaking leaf buds",2026-04-07,97,NA,NA,28
372825,371,18,"2026-01-01","2026-12-31",2026-05-06,126,2026-04-29,7,1,44360,42.461346,-71.158623,34,"MA",2053,"Quercus","prinoides","dwarf chinquapin oak","Plantae","Breaking leaf buds",2026-05-13,133,2026-05-20,7,7
372825,501,18,"2026-01-01","2026-12-31",2026-05-06,126,2026-04-29,7,1,44360,42.461346,-71.158623,34,"MA",2053,"Quercus","prinoides","dwarf chinquapin oak","Plantae","Open flowers",2026-05-27,147,2026-06-03,7,21
372835,371,18,"2026-01-01","2026-12-31",2026-03-10,69,2026-02-19,19,1,59334,33.32568,-111.879463,364,NA,305,"Quercus","virginiana","live oak","Plantae","Breaking leaf buds",2026-03-10,69,NA,NA,0
372835,501,18,"2026-01-01","2026-12-31",2026-03-10,69,2026-02-19,19,1,59334,33.32568,-111.879463,364,NA,305,"Quercus","virginiana","live oak","Plantae","Open flowers",2026-03-10,69,NA,NA,0
372929,371,18,"2026-01-01","2026-12-31",2026-03-15,74,2026-03-06,9,1,59035,35.645657,-77.474365,23,"NC",100,"Quercus","alba","white oak","Plantae","Breaking leaf buds",2026-03-15,74,NA,NA,0
372929,501,18,"2026-01-01","2026-12-31",2026-03-15,74,2026-03-06,9,1,59035,35.645657,-77.474365,23,"NC",100,"Quercus","alba","white oak","Plantae","Open flowers",2026-03-25,84,NA,NA,10
373171,371,18,"2026-01-01","2026-12-31",2026-06-02,153,2026-05-09,24,1,59374,53.93327,-116.576508,1254,NA,100,"Quercus","alba","white oak","Plantae","Breaking leaf buds",2026-06-02,153,2026-07-03,31,0
373171,501,18,"2026-01-01","2026-12-31",2026-04-14,104,2026-04-07,7,1,59374,53.93327,-116.576508,1254,NA,100,"Quercus","alba","white oak","Plantae","Open flowers",2026-05-09,129,2026-06-02,24,25
373172,371,18,"2026-01-01","2026-12-31",2026-04-07,97,2026-04-04,3,1,59374,53.93327,-116.576508,1254,NA,2043,"Quercus","bicolor","swamp white oak","Plantae","Breaking leaf buds",2026-04-22,112,2026-04-26,4,15
373172,501,18,"2026-01-01","2026-12-31",2026-04-14,104,2026-04-07,7,1,59374,53.93327,-116.576508,1254,NA,2043,"Quercus","bicolor","swamp white oak","Plantae","Open flowers",2026-04-26,116,2026-05-01,5,12
373173,371,18,"2026-01-01","2026-12-31",2026-04-07,97,2026-04-04,3,1,59374,53.93327,-116.576508,1254,NA,100,"Quercus","alba","white oak","Plantae","Breaking leaf buds",2026-04-22,112,2026-04-26,4,15
373173,501,18,"2026-01-01","2026-12-31",2026-04-10,100,2026-04-07,3,1,59374,53.93327,-116.576508,1254,NA,100,"Quercus","alba","white oak","Plantae","Open flowers",2026-05-01,121,2026-05-09,8,21
373175,371,18,"2026-01-01","2026-12-31",2026-04-10,100,2026-04-07,3,1,59374,53.93327,-116.576508,1254,NA,2043,"Quercus","bicolor","swamp white oak","Plantae","Breaking leaf buds",2026-04-17,107,2026-04-26,9,7
373175,501,18,"2026-01-01","2026-12-31",2026-04-17,107,2026-04-07,10,1,59374,53.93327,-116.576508,1254,NA,2043,"Quercus","bicolor","swamp white oak","Plantae","Open flowers",2026-05-01,121,2026-05-09,8,14
373196,371,18,"2026-01-01","2026-12-31",2026-04-10,100,2026-04-04,6,1,59374,53.93327,-116.576508,1254,NA,100,"Quercus","alba","white oak","Plantae","Breaking leaf buds",2026-04-14,104,2026-04-17,3,4
373196,501,18,"2026-01-01","2026-12-31",2026-04-17,107,2026-04-07,10,1,59374,53.93327,-116.576508,1254,NA,100,"Quercus","alba","white oak","Plantae","Open flowers",2026-05-01,121,2026-05-09,8,14
373268,371,18,"2026-01-01","2026-12-31",2026-04-27,117,2026-04-21,6,1,59492,44.254402,-88.392937,NA,"WI",101,"Quercus","macrocarpa","bur oak","Plantae","Breaking leaf buds",2026-04-27,117,2026-05-04,7,0
373269,371,18,"2026-01-01","2026-12-31",2026-04-27,117,2026-04-21,6,1,59492,44.254402,-88.392937,NA,"WI",100,"Quercus","alba","white oak","Plantae","Breaking leaf buds",2026-04-27,117,2026-05-04,7,0
373269,501,18,"2026-01-01","2026-12-31",2026-04-27,117,2026-04-21,6,1,59492,44.254402,-88.392937,NA,"WI",100,"Quercus","alba","white oak","Plantae","Open flowers",2026-05-04,124,2026-05-11,7,7
373463,371,18,"2026-01-01","2026-12-31",2026-03-14,73,2026-03-05,9,1,59435,38.9151,-94.731598,301,NA,101,"Quercus","macrocarpa","bur oak","Plantae","Breaking leaf buds",2026-04-28,118,NA,NA,45
373521,371,18,"2026-01-01","2026-12-31",2026-03-31,90,2026-03-29,2,1,59375,38.996689,-77.112503,NA,"MD",2043,"Quercus","bicolor","swamp white oak","Plantae","Breaking leaf buds",2026-04-14,104,2026-04-16,2,14
373651,371,18,"2026-01-01","2026-12-31",2026-03-28,87,2026-03-20,8,1,59557,38.976524,-94.683777,319,"KS",2043,"Quercus","bicolor","swamp white oak","Plantae","Breaking leaf buds",2026-04-26,116,2026-05-03,7,29
373755,371,18,"2026-01-01","2026-12-31",2026-04-20,110,2026-04-13,7,1,43327,42.386902,-71.146004,6,"MA",100,"Quercus","alba","white oak","Plantae","Breaking leaf buds",2026-05-04,124,2026-05-11,7,14
373755,501,18,"2026-01-01","2026-12-31",2026-05-11,131,2026-04-20,21,1,43327,42.386902,-71.146004,6,"MA",100,"Quercus","alba","white oak","Plantae","Open flowers",2026-05-11,131,2026-05-18,7,0
374061,371,18,"2026-01-01","2026-12-31",2026-04-15,105,2026-04-05,10,1,59676,42.883854,-89.883324,NA,"WI",100,"Quercus","alba","white oak","Plantae","Breaking leaf buds",2026-05-07,127,2026-05-20,13,22
374061,501,18,"2026-01-01","2026-12-31",2026-05-07,127,2026-05-03,4,1,59676,42.883854,-89.883324,NA,"WI",100,"Quercus","alba","white oak","Plantae","Open flowers",2026-05-20,140,2026-07-29,70,13
374062,371,18,"2026-01-01","2026-12-31",2026-04-15,105,2026-04-05,10,1,59676,42.883854,-89.883324,NA,"WI",100,"Quercus","alba","white oak","Plantae","Breaking leaf buds",2026-05-07,127,2026-05-20,13,22
374062,501,18,"2026-01-01","2026-12-31",2026-05-20,140,2026-05-07,13,1,59676,42.883854,-89.883324,NA,"WI",100,"Quercus","alba","white oak","Plantae","Open flowers",2026-05-20,140,2026-07-29,70,0
374063,371,18,"2026-01-01","2026-12-31",2026-04-15,105,2026-04-05,10,1,59676,42.883854,-89.883324,NA,"WI",100,"Quercus","alba","white oak","Plantae","Breaking leaf buds",2026-05-07,127,2026-05-20,13,22
374063,501,18,"2026-01-01","2026-12-31",2026-05-07,127,2026-05-03,4,1,59676,42.883854,-89.883324,NA,"WI",100,"Quercus","alba","white oak","Plantae","Open flowers",2026-05-20,140,2026-07-29,70,13
374064,371,18,"2026-01-01","2026-12-31",2026-04-15,105,2026-04-05,10,1,59676,42.883854,-89.883324,NA,"WI",100,"Quercus","alba","white oak","Plantae","Breaking leaf buds",2026-05-07,127,2026-05-20,13,22
374064,501,18,"2026-01-01","2026-12-31",2026-05-20,140,2026-05-07,13,1,59676,42.883854,-89.883324,NA,"WI",100,"Quercus","alba","white oak","Plantae","Open flowers",2026-05-20,140,2026-07-29,70,0
374111,371,18,"2026-01-01","2026-12-31",2026-04-01,91,2026-03-30,2,2,53900,35.910019,-86.393036,170,"TN",101,"Quercus","macrocarpa","bur oak","Plantae","Breaking leaf buds",2026-05-24,144,2026-05-27,3,53
374124,371,18,"2026-01-01","2026-12-31",2026-04-23,113,2026-04-09,14,1,58973,40.828594,-73.438011,NA,"NY",100,"Quercus","alba","white oak","Plantae","Breaking leaf buds",2026-04-29,119,NA,NA,6
374125,371,18,"2026-01-01","2026-12-31",2026-04-23,113,2026-04-09,14,1,58973,40.828594,-73.438011,NA,"NY",100,"Quercus","alba","white oak","Plantae","Breaking leaf buds",2026-05-16,136,NA,NA,23
374445,371,18,"2026-01-01","2026-12-31",2026-04-06,96,2026-04-03,3,1,59800,38.058327,-78.459404,NA,"VA",100,"Quercus","alba","white oak","Plantae","Breaking leaf buds",2026-06-05,156,NA,NA,60
374668,371,18,"2026-01-01","2026-12-31",2026-04-15,105,2026-04-12,3,3,60021,42.393852,-71.167053,0,"MA",2043,"Quercus","bicolor","swamp white oak","Plantae","Breaking leaf buds",2026-05-25,145,2026-05-31,6,40
374671,371,18,"2026-01-01","2026-12-31",2026-04-17,107,2026-04-11,6,3,60022,42.393902,-71.167,0,NA,2043,"Quercus","bicolor","swamp white oak","Plantae","Breaking leaf buds",2026-06-14,165,2026-06-21,7,58
374674,371,18,"2026-01-01","2026-12-31",2026-04-20,110,2026-04-11,9,2,60023,42.393902,-71.167,1,NA,2043,"Quercus","bicolor","swamp white oak","Plantae","Breaking leaf buds",2026-06-07,158,2026-06-14,7,48
374721,371,18,"2026-01-01","2026-12-31",2026-04-17,107,2026-04-14,3,1,59374,53.93327,-116.576508,1254,NA,2043,"Quercus","bicolor","swamp white oak","Plantae","Breaking leaf buds",2026-05-09,129,2026-06-02,24,22
374721,501,18,"2026-01-01","2026-12-31",2026-04-22,112,2026-04-17,5,1,59374,53.93327,-116.576508,1254,NA,2043,"Quercus","bicolor","swamp white oak","Plantae","Open flowers",2026-05-09,129,2026-06-02,24,17
374794,371,18,"2026-01-01","2026-12-31",2026-04-15,105,2026-04-06,9,1,54344,44.073566,-91.676826,198,"MN",2043,"Quercus","bicolor","swamp white oak","Plantae","Breaking leaf buds",2026-04-15,105,2026-05-05,20,0
374794,501,18,"2026-01-01","2026-12-31",2026-05-05,125,2026-04-15,20,1,54344,44.073566,-91.676826,198,"MN",2043,"Quercus","bicolor","swamp white oak","Plantae","Open flowers",2026-05-12,132,2026-05-19,7,7
374795,371,18,"2026-01-01","2026-12-31",2026-04-15,105,2026-04-06,9,1,54344,44.073566,-91.676826,198,"MN",101,"Quercus","macrocarpa","bur oak","Plantae","Breaking leaf buds",2026-04-15,105,2026-05-05,20,0
374795,501,18,"2026-01-01","2026-12-31",2026-05-05,125,2026-04-15,20,1,54344,44.073566,-91.676826,198,"MN",101,"Quercus","macrocarpa","bur oak","Plantae","Open flowers",2026-05-12,132,2026-05-19,7,7
374837,371,18,"2026-01-01","2026-12-31",2026-05-13,133,2026-05-11,2,1,59878,44.988308,-93.116768,284,"MN",101,"Quercus","macrocarpa","bur oak","Plantae","Breaking leaf buds",2026-05-19,139,2026-06-05,17,6
374837,501,18,"2026-01-01","2026-12-31",2026-05-13,133,2026-05-11,2,1,59878,44.988308,-93.116768,284,"MN",101,"Quercus","macrocarpa","bur oak","Plantae","Open flowers",2026-05-19,139,2026-06-05,17,6
374999,501,18,"2026-01-01","2026-12-31",2026-05-07,127,2026-04-29,8,1,59916,40.899601,-73.128014,NA,NA,100,"Quercus","alba","white oak","Plantae","Open flowers",2026-05-07,127,2026-05-16,9,0
375006,501,18,"2026-01-01","2026-12-31",2026-05-07,127,2026-04-29,8,1,59917,40.900574,-73.124382,NA,"NY",100,"Quercus","alba","white oak","Plantae","Open flowers",2026-05-07,127,2026-05-16,9,0
375010,371,18,"2026-01-01","2026-12-31",2026-04-29,119,2026-04-12,17,1,59918,40.903744,-73.125008,NA,"NY",100,"Quercus","alba","white oak","Plantae","Breaking leaf buds",2026-04-29,119,2026-05-07,8,0
375470,371,18,"2026-01-01","2026-12-31",2026-06-11,162,2026-06-10,1,1,60012,30.05015,-99.148643,NA,"TX",305,"Quercus","virginiana","live oak","Plantae","Breaking leaf buds",2026-07-08,189,2026-07-27,19,27
375658,371,18,"2026-01-01","2026-12-31",2026-04-20,110,2026-04-14,6,1,60082,41.691452,-72.765015,NA,"CT",100,"Quercus","alba","white oak","Plantae","Breaking leaf buds",2026-04-28,118,NA,NA,8
376645,371,18,"2026-01-01","2026-12-31",2026-07-02,183,2026-06-30,2,1,60006,32.790691,-79.925728,0,"SC",305,"Quercus","virginiana","live oak","Plantae","Breaking leaf buds",2026-07-02,183,2026-07-15,13,0
